nAcid,ALogP,ALogp2,AMR,apol,naAromAtom,nN,nO,nS,nF,nCl,nBr,nI,nX,ATS0m,ATS0s,AATS0m,AATS1m,AATS5m,AATS6m,AATS8m,AATS0v,AATS5v,AATS6v,AATS7v,AATS8v,AATS0e,AATS3e,AATS4e,AATS5e,AATS6e,AATS7e,AATS8e,AATS0p,AATS6p,AATS7p,AATS8p,AATS0i,AATS1i,AATS2i,AATS3i,AATS4i,AATS5i,AATS6i,AATS7i,AATS8i,AATS0s,AATS1s,AATS2s,AATS3s,AATS5s,AATS6s,AATS7s,AATS8s,ATSC2c,ATSC3c,ATSC4c,ATSC5c,ATSC6c,ATSC7c,ATSC8c,ATSC1m,ATSC2m,ATSC3m,ATSC4m,ATSC5m,ATSC6m,ATSC7m,ATSC8m,ATSC1v,ATSC2v,ATSC3v,ATSC4v,ATSC5v,ATSC6v,ATSC7v,ATSC8v,ATSC1e,ATSC2e,ATSC3e,ATSC4e,ATSC5e,ATSC6e,ATSC7e,ATSC8e,ATSC1p,ATSC3p,ATSC4p,ATSC6p,ATSC7p,ATSC8p,ATSC1i,ATSC2i,ATSC3i,ATSC4i,ATSC5i,ATSC6i,ATSC7i,ATSC8i,ATSC1s,ATSC3s,ATSC4s,ATSC6s,ATSC7s,ATSC8s,AATSC1m,AATSC0v,AATSC6v,AATSC1s,AATSC4s,AATSC5s,AATSC7s,AATSC8s,GATS1c,GATS2c,GATS3c,GATS4c,GATS5c,GATS6c,GATS7c,GATS8c,GATS4m,GATS5m,GATS6m,GATS7m,GATS8m,GATS2v,GATS2e,GATS3e,GATS4e,GATS5e,GATS6e,GATS7e,GATS8e,GATS5p,GATS8p,GATS1i,GATS2i,GATS3i,GATS5i,GATS6i,GATS7i,GATS8i,GATS2s,GATS3s,GATS4s,GATS5s,GATS6s,GATS7s,GATS8s,SM1_DzZ,VE1_DzZ,VE3_DzZ,VR1_DzZ,VE1_Dzv,VE3_Dzv,VE3_Dze,VE3_Dzp,SpMAD_Dzs,SM1_Dzs,VE1_Dzs,VE3_Dzs,nBase,BCUTp-1l,BCUTp-1h,nBondsT,SpMax1_Bhm,SpMax2_Bhm,SpMax3_Bhm,SpMax4_Bhm,SpMax5_Bhm,SpMax6_Bhm,SpMax7_Bhm,SpMax8_Bhm,SpMin4_Bhm,SpMin5_Bhm,SpMin6_Bhm,SpMin7_Bhm,SpMin8_Bhm,SpMax4_Bhv,SpMax5_Bhv,SpMax6_Bhv,SpMax7_Bhv,SpMax8_Bhv,SpMax1_Bhs,SpMax2_Bhs,SpMax3_Bhs,SpMax4_Bhs,SpMax5_Bhs,SpMax6_Bhs,C1SP2,C2SP2,C3SP2,C1SP3,C2SP3,C3SP3,C4SP3,SCH-3,SCH-4,SCH-5,SCH-6,SC-3,SC-4,SC-5,SC-6,VC-3,VC-4,VC-5,SPC-4,VPC-4,CrippenLogP,SpMAD_Dt,EE_Dt,VE1_Dt,VE3_Dt,VR1_Dt,ECCEN,nHBd,nwHBd,nwHBa,nHBint2,nHBint3,nHBint4,nHBint5,nHBint6,nHBint7,nHBint8,nHBint9,nHBint10,nHsOH,nHsNH2,nHssNH,nHaaNH,nHaaCH,nHCsats,nHCsatu,nHother,nsCH3,nssCH2,nsssCH,naaaC,nssssC,ndsN,naaN,nsssN,naasN,ndO,nssO,naaO,nsOm,nssS,naaS,nddssS,SwHBa,SHBint4,SHBint7,SssCH2,SsssCH,SdssC,SaasC,SssssC,SssS,SsCl,minHBd,minHBa,minwHBa,minHBint2,minHBint3,minHBint4,minHBint5,minHBint6,minHBint7,minHBint8,minHBint9,minHBint10,minHsOH,minHsNH2,minHssNH,minHCsats,minHCsatu,minsCH3,minssCH2,minaaCH,minsssCH,minaasC,minssNH,mindsN,minaaN,minsssN,minsOH,mindO,minssO,minsF,minddssS,minsCl,maxHBd,maxHBa,maxwHBa,maxHBint2,maxHBint3,maxHBint4,maxHBint5,maxHBint6,maxHBint7,maxHBint8,maxHBint9,maxHBint10,maxHssNH,maxHCsats,maxHother,maxssCH2,maxsssCH,maxdO,maxsCl,hmax,hmin,gmin,LipoaffinityIndex,ETA_Beta,ETA_BetaP,ETA_Beta_ns_d,ETA_EtaP,ETA_EtaP_F,HybRatio,IC0,IC1,IC2,IC3,MIC0,MIC1,ZMIC1,ZMIC3,nAtomP,nAtomLAC,MLogP,MDEC-11,MDEC-12,MDEC-22,MDEC-23,MDEC-33,MDEC-44,MDEO-11,MDEO-12,MDEO-22,MDEN-12,MDEN-13,MDEN-22,MDEN-23,MDEN-33,MLFER_A,MLFER_BH,MLFER_S,MLFER_E,R_TpiPCTPC,nRing,n4Ring,n5Ring,n6Ring,n7Ring,nFRing,nF6Ring,nF8Ring,nF9Ring,nF10Ring,nF11Ring,nF12Ring,nFG12Ring,nHeteroRing,n4HeteroRing,n6HeteroRing,LipinskiFailures,VE1_D,VE3_D,VR1_D,SRW5,XLogP,Residual,Leverage
1.0,1.2369273710815936,7.80140761,0.1513816793687685,99.678341,17.0,2.0,5.0,2.0,1.0,2.0,0.0,0.0,3.0,11400.57399,446.8829351,139.0313901,117.8143328,75.80241631,72.2219343,66.02969466,232.6009625,202.3485879,199.3418338,182.8714351,160.9960194,7.831963366,7.785429655,7.719710667,7.671926107,7.665768012,7.571779345,7.675343602,1.716529835,1.510997104,1.443326675,1.286797744,161.3467788,142.6785502,150.3037045,153.280748,161.7752267,155.6312178,155.1426962,155.8544848,163.3650881,5.449791892,2.722117547,3.062582436,2.929239151,2.786865874,2.978314205,2.797367202,2.810317869,0.158548119,-0.06295569,-0.172563568,0.223890622,-0.043202349,0.042841224,-0.371880008,483.8287254,1113.290876,-3219.649441,570.1482929,-351.5817631,-836.3576924,-612.9312025,2077.075696,211.1906755,703.9354383,-2561.86454,1667.774651,588.9528218,-987.1819297,-2267.688237,3077.29244,0.139815319,2.207509166,-1.711557186,-3.277095952,0.870116679,-0.556072923,0.328052257,-2.732644799,0.847430247,-19.82852974,14.07457708,-0.783696346,-11.96234693,16.42939991,-2.968502773,-3.77944205,-81.59027087,62.15079362,28.32788447,1.448076924,-97.88178522,30.54227645,-18.10337798,-17.25668914,-93.47348517,5.179839837,28.37961926,-66.65036386,5.625915412,53.55686804,-2.95563452,-0.210504395,-0.327977141,0.006300412,0.072582146,-0.158691343,1.410217627,0.769996496,0.997198146,1.036893398,0.798344509,0.825903603,0.72046554,0.93441108,0.770659049,0.861043713,0.798614017,0.896768028,0.993555083,0.900747533,0.511235982,0.937440156,1.072346824,0.729480085,0.802278523,0.741506146,1.099965293,1.036288517,0.891447441,1.110228876,1.053262115,1.271921533,0.94748598,0.966335866,1.143111841,0.928291944,0.48712423,0.912030301,1.188985672,0.803967954,0.832198473,0.748692367,1.118901276,4.413165266,0.369113549,-4.484929324,1806.458481,0.250275323,-6.233371542,-4.49103714,-6.799106815,20.36650241,-2.054368224,1.319594927,1.247961671,0.0,4.179831947,14.35660449,0.0,4.725100657,4.221163122,4.024288707,3.964191108,3.794082053,3.626493236,3.392612218,3.333499453,1.820205571,1.64237078,1.632489283,1.434071807,1.372874417,3.776357989,3.680447554,3.560096101,3.198899264,3.105500412,5.174703772,5.106266817,4.952456403,4.850864338,4.137313433,3.933356859,4.0,11.0,2.0,5.0,7.0,3.0,1.0,0.288675135,0.166666667,0.11785113,0.527361768,5.747323291,0.571114263,2.671315186,1.21721681,4.138818592,0.467056891,1.016428209,11.61483797,6.42239037,8.2539,20.20887678,454.6997275,0.295449586,-5.486656784,557.0475756,1115.0,1.0,0.0,17.0,1.0,0.0,1.0,0.0,0.0,0.0,0.0,2.0,0.0,1.0,0.0,0.0,0.0,8.0,13.0,1.0,8.0,4.0,6.0,4.0,0.0,2.0,0.0,1.0,1.0,0.0,4.0,0.0,0.0,0.0,0.0,1.0,1.0,19.97699355,-1.073635013,0.0,2.720879267,-1.045435862,-0.944096508,5.38530228,-1.693159722,0.0,0.998938876,0.568462747,-1.888663801,-0.862858843,6.479086104,0.0,-1.073635013,0.0,0.0,0.0,0.0,1.085475919,0.0,0.568462747,0.0,0.0,0.418995357,0.729679664,1.773204424,0.001459537,1.584746201,-0.497137642,-0.263611422,0.0,0.0,4.651502144,1.909493496,9.350318617,11.39755619,0.0,15.30030136,-5.48626613,0.355029275,0.568462747,15.30030136,2.208751803,6.479086104,0.0,0.0,0.0,0.0,0.0,0.0,8.589726636,0.0,0.0,0.83757312,0.542728233,0.870810034,0.091537354,15.11044775,0.643909601,1.241590882,-0.421079778,-5.48626613,10.3179059,52.25,1.16111,1.5,1.39219,1.14179,0.484848485,1.762132237,3.906182373,5.093032682,5.503416639,22.84971423,44.90801253,62.11540218,37.92742068,6.0,3.0,3.77,1.5,7.855602628,16.9091139,40.19305475,17.4658596,0.166666667,1.405199246,0.0,0.0,0.0,0.0,0.0,0.2,0.0,0.591,2.457,4.097,3.155,3.255210752,5.0,0.0,1.0,3.0,0.0,0.0,0.0,0.0,0.0,0.0,0.0,0.0,0.0,2.0,0.0,1.0,2.0,0.389962199,-4.237674616,1215.220387,3.931825633,6.896,-1.4284480928957626,0.02179571134034115
1.0,-0.1992613790399294,0.18207289,-0.9193229161520116,63.682239,12.0,1.0,3.0,0.0,0.0,2.0,0.0,0.0,2.0,6818.949307,231.6494818,131.1336405,103.2292351,68.20687982,61.45521508,62.5517804,237.6200631,200.6001653,184.6068454,171.7393374,151.3111857,7.737780269,7.612089652,7.646759804,7.634888545,7.541094219,7.52758258,7.65943369,1.6733694,1.405960399,1.342815741,1.213498231,159.1017108,142.5452481,148.9391528,155.6102886,158.3859752,154.3861239,155.7675741,157.461903,162.5322626,4.454797727,2.854788627,2.843228968,2.452331962,3.146926051,2.617691187,2.634651059,2.737887027,0.184329323,-0.023793478,-0.342196986,0.346031117,-0.024156715,-0.144187018,0.092630779,26.61798269,-16.86059619,-544.2285934,-314.0972239,-247.1560042,-373.3840447,451.1927176,224.936311,124.218728,-503.7302813,-370.4093647,459.530976,-416.5241377,-608.659081,-387.4717145,15.09627603,-0.176263905,1.125434343,-1.019438414,-1.690387633,1.634771361,-0.305742249,-0.621460166,0.284819763,0.602713366,-1.840644814,3.117887061,-3.161189443,-0.519026255,-3.00513851,-0.992897531,-13.22402771,-17.52257979,25.37848951,3.027337033,-7.751174244,-28.20448525,-19.89972368,-1.906178175,-17.89720589,-24.91223746,-15.11268053,-13.70452557,-0.73281946,0.483963322,53.18885757,-3.17009938,-0.034657785,-0.162825081,0.272730832,-0.071007905,-0.004362021,1.442217548,0.658673501,0.90362525,1.207568212,0.73728529,0.812652449,0.88815666,0.989087032,0.794050061,0.708023463,0.829035459,0.842568489,1.255173866,1.033614185,0.480866626,0.902393004,1.038437921,0.720205775,0.81712633,0.903826111,1.149772908,0.927484934,1.127695215,1.138442544,1.203511982,1.13053324,1.028116852,1.021591655,1.05738338,0.971032109,0.40807595,0.859934284,1.090694248,0.831161557,0.939782738,0.979879868,1.088972585,2.18697479,0.159609839,-5.321566548,2443.027124,0.213493898,-4.478026378,-5.938240883,-3.05252322,10.39427953,1.357499953,0.228517018,-4.280819325,0.0,4.14280817,12.91521503,0.0,4.009418007,3.950383421,3.783989976,3.624634456,3.431555222,3.285907932,3.22264692,2.922697715,1.578771847,1.425724696,1.372874417,1.099957687,1.082250302,3.570882403,3.215663293,2.930673767,2.851073215,2.716927071,4.960957309,4.854522627,3.956398596,3.929807199,3.88824148,3.628381263,2.0,10.0,2.0,1.0,5.0,3.0,0.0,0.288675135,0.204124145,0.0,0.348110351,2.265449433,0.0,0.389111245,0.0,1.319804448,0.0,0.164702425,4.284672931,2.231338229,5.44429,17.40457927,252.3663994,0.029766044,-10.19172226,482.359403,523.0,1.0,0.0,14.0,1.0,0.0,0.0,2.0,0.0,0.0,0.0,1.0,0.0,1.0,0.0,0.0,0.0,8.0,9.0,2.0,8.0,0.0,5.0,4.0,0.0,0.0,0.0,0.0,1.0,0.0,2.0,0.0,0.0,0.0,0.0,0.0,0.0,21.72381959,0.0,0.0,3.618825253,0.253323897,-0.854698174,5.148682461,0.0,0.0,1.598451683,0.547251178,0.780354458,-0.88327354,6.28295207,0.0,0.0,1.112614108,0.0,0.0,0.0,0.427049896,0.0,0.547251178,0.0,0.0,0.356797249,0.715066728,0.0,-0.077544984,2.107684135,-0.438327176,1.182934776,0.0,0.0,0.0,2.033095868,9.418755146,11.48092928,0.0,0.0,0.0,0.780354458,0.547251178,13.39749064,2.270050494,6.28295207,0.0,0.0,7.331792526,0.0,0.0,0.0,0.427049896,0.0,0.0,0.727671625,0.411406644,1.168946392,0.56581893,13.39749064,0.818097225,0.727671625,-0.158115237,-0.88327354,8.704430786,34.0,1.17241,1.0,1.01099,0.9193,0.391304348,1.568925536,3.468557864,4.474008228,4.964580824,18.42576976,35.78070879,55.92261308,34.80475297,6.0,2.0,3.33,0.0,0.0,17.23463684,34.95470449,12.70469421,0.0,0.814325285,0.0,0.0,0.0,0.0,0.0,0.0,0.0,0.591,1.292,2.389,2.342,3.522913081,4.0,0.0,0.0,3.0,0.0,0.0,0.0,0.0,0.0,0.0,0.0,0.0,0.0,1.0,0.0,1.0,1.0,0.028876942,-10.27966443,979.2960195,3.713572067,5.2,1.5860542991323276,0.009243052095446404
0.0,0.3958126023216973,1.98021184,-0.9463797374829314,76.455825,23.0,5.0,3.0,0.0,0.0,2.0,0.0,0.0,2.0,8182.822115,226.0105929,131.9810019,110.7234035,84.85043717,78.67818933,66.5411433,243.3183076,226.9855417,205.8828683,198.2089684,179.0646206,7.851130806,7.891302548,7.909174901,7.757248402,7.950278783,7.905455089,7.522611196,1.67580701,1.467739838,1.450464249,1.387452252,161.2139023,146.063559,156.0713006,154.493822,159.3240683,153.6287908,159.4989041,159.6051155,157.322699,3.645332144,3.168973687,3.045121818,3.033577199,3.025576477,3.202789209,3.18332111,2.421215606,0.129118055,-0.291509488,0.501714187,-0.235344115,-0.136552341,0.159720294,-0.115343451,117.2802634,968.4844676,-390.7039386,-274.1545353,-48.95960972,-1610.125355,-1428.640949,674.6339324,-132.8664114,1336.066019,-255.5338715,475.5146291,-791.8722979,-877.7381632,-1565.268731,-1045.757453,-0.198544483,0.904630231,-0.462139908,1.252519607,-0.947425091,-2.854403438,-1.163294576,1.370308924,-1.81933928,-3.22518324,3.392911525,-2.342290699,-0.412687216,-6.006089977,-30.44785938,23.29560336,-26.77989743,66.12136223,-59.03407551,3.646421698,41.18839586,-53.13271165,-3.118013437,8.528788662,4.16271357,-23.66449756,-39.10706956,3.699362709,1.776973687,49.99568551,-4.240280982,-0.047242628,0.025695763,0.017613054,-0.193599354,0.018134131,1.58177479,1.094311569,1.302073637,0.890308701,1.189626215,1.269926971,0.982318217,0.741420808,0.792517626,0.648347632,1.023885129,0.935735843,0.899580155,0.658627007,0.867303323,0.900484013,0.844971702,0.834683238,1.323770793,1.175819672,0.63288085,1.010697535,1.139439165,1.448187464,0.969482404,1.245728369,1.302435617,1.034075193,0.911140199,1.097317038,0.661670921,0.760030796,1.021465364,1.067171199,1.753690478,1.833067307,0.613953668,2.758403361,0.021096505,-14.27699713,423.2638556,0.098003828,-8.594170334,-11.12554007,-5.307831626,9.690343584,2.031153827,0.260272538,-4.9802961,0.0,4.689334173,13.22397511,0.0,4.120307233,3.973041685,3.950412056,3.751153597,3.458528653,3.321300093,3.247894297,3.121502966,1.745878998,1.44083108,1.423201682,1.408311448,1.377918564,3.58228469,3.285736594,3.029353651,2.959806497,2.869325576,4.662277225,4.098815869,3.893996031,3.828076233,3.767672948,3.375970235,4.0,12.0,3.0,3.0,2.0,0.0,0.0,0.0,0.0,0.14271745,0.621481844,2.86506893,0.0,0.776399973,0.0,1.509656992,0.0,0.271032874,7.019100305,2.880884093,7.6611,22.31832641,412.8890386,0.021837955,-14.14919138,423.0566962,864.0,0.0,0.0,20.0,0.0,0.0,0.0,0.0,0.0,0.0,0.0,0.0,0.0,0.0,0.0,0.0,0.0,8.0,3.0,0.0,8.0,5.0,0.0,2.0,0.0,0.0,0.0,3.0,1.0,1.0,1.0,2.0,0.0,0.0,0.0,0.0,0.0,25.27889129,0.0,0.0,0.0,-0.299553707,-0.107413724,8.735818278,0.0,0.0,1.467418383,0.0,0.696601785,-0.107413724,0.0,0.0,0.0,0.0,0.0,0.0,0.0,0.0,0.0,0.0,0.0,0.0,0.513451318,0.0,1.510538845,0.0,1.64462291,-0.313267703,0.207280694,0.0,0.0,4.302214105,1.923534554,0.0,14.17477841,5.188428995,0.0,0.0,0.696601785,0.0,14.17477841,2.160560469,0.0,0.0,0.0,0.0,0.0,0.0,0.0,0.0,0.0,0.0,0.699011266,0.714511518,0.0,0.013713997,14.17477841,0.770816598,0.974303373,-0.115380024,-0.313267703,11.08791122,51.75,1.39865,2.0,0.98276,1.24299,0.259259259,1.714794774,3.826885984,4.777814101,5.018081794,19.87172876,41.54266182,56.69456956,37.22980364,22.0,0.0,3.33,1.367924615,5.469217687,6.173634416,25.52192294,23.68574879,0.0,0.0,0.251976315,0.25,0.0,0.0,0.944940787,1.465795435,0.333333333,0.003,2.135,3.49,3.511,8.643331653,5.0,0.0,2.0,3.0,0.0,1.0,0.0,1.0,0.0,0.0,0.0,0.0,0.0,3.0,0.0,1.0,1.0,0.151032483,-6.993963275,472.7256823,3.044522438,5.546,-1.339507384627189,0.008945321499896821
0.0,-0.1263716440460168,0.29899024,-1.113567471049691,71.123653,23.0,6.0,2.0,0.0,1.0,2.0,0.0,0.0,3.0,8191.396989,281.7605929,143.7087191,116.9045248,86.58990636,85.10289434,76.12378666,251.1988367,229.3611625,214.6915437,195.6307692,188.1235911,8.029213018,8.037914375,7.960733877,7.842235043,7.961065956,7.991868825,7.623151356,1.709137333,1.507835813,1.410368861,1.435604255,163.7078133,148.2476252,155.7418456,158.3484387,159.1920382,155.0034318,159.6638519,162.7694491,156.8207447,4.943168296,3.425993389,3.386571577,3.388953189,3.19295555,3.385203274,3.649781174,2.87508869,0.159657385,-0.372334879,0.59713868,-0.224353084,-0.248783219,0.03778814,0.210495463,47.076475,748.4896374,-142.2901407,-320.4957206,-484.0652755,-987.9565404,-475.5764696,647.7897465,-11.17123688,799.9090793,48.98062266,189.4073433,-789.6496841,-949.8054496,-341.8556761,-1679.602642,-0.463569184,0.60067852,-0.473092496,0.858818771,-1.09769925,-2.294298941,-0.224448909,2.956220129,-0.772930703,-1.201602819,1.509642886,-3.71906903,4.654374321,-9.744359406,-22.5595244,5.056379843,-8.326848174,44.91725322,-36.86030172,-2.512375683,45.46870134,-78.21250957,-8.226570071,-1.762468306,0.056986887,-27.65833307,-11.79923994,22.38272157,0.771745492,47.8687206,-5.218711262,-0.134861804,0.00039,-0.03089488,-0.062429841,0.128636331,1.56880019,0.979704672,1.240889638,0.783119995,1.106865176,1.171751895,0.963083027,0.583167014,0.789364349,0.682785766,0.870813798,0.879844248,0.920526493,0.716606092,0.736450576,0.934297604,0.793128995,0.772575163,0.986616019,1.075849978,0.546710562,0.977147172,1.260427305,1.239940632,0.98911546,1.090815257,1.026898288,0.927536246,0.816844194,1.094342068,0.55652101,0.847448941,0.829363564,0.727479675,1.021256686,1.240978057,0.587768489,2.984593838,0.090960379,-8.63039254,381.1138609,0.066317539,-9.767883165,-7.633496332,-10.43796525,9.288327372,2.96487287,0.251776639,-4.965166575,0.0,4.597931148,13.06387151,0.0,4.120238416,3.986983345,3.951283895,3.749758479,3.442243969,3.286036974,3.224967116,3.072832488,1.749457965,1.423585121,1.410091021,1.33909956,1.249629723,3.583074861,3.287519838,3.007058247,2.84687392,2.822536058,4.8856062,4.688882414,4.124185316,3.901738645,3.794445611,3.684985011,4.0,13.0,2.0,2.0,2.0,0.0,0.0,0.0,0.0,0.14271745,0.621481844,2.927230948,0.0,0.85703623,0.0,1.421451153,0.0,0.272362035,7.143792236,2.748455629,7.69626,22.01745279,396.3141502,0.008081614,-17.34538915,786.523597,823.0,1.0,0.0,20.0,0.0,0.0,1.0,0.0,1.0,0.0,0.0,2.0,0.0,0.0,1.0,0.0,0.0,8.0,3.0,0.0,8.0,3.0,0.0,2.0,0.0,0.0,0.0,3.0,1.0,1.0,1.0,1.0,0.0,0.0,0.0,0.0,0.0,20.37650056,3.308052332,0.0,0.0,-0.478541251,-0.237745671,5.860599853,0.0,0.0,1.053088996,0.604078604,0.322943083,-0.243795796,0.0,0.0,3.308052332,0.0,1.232219996,0.0,0.0,1.043947008,0.0,0.0,0.604078604,0.0,0.519675173,0.0,1.50821519,0.0,1.435403399,-0.433735705,-0.243795796,0.0,0.0,4.145289769,1.728164184,0.0,13.9674116,5.476195166,14.15357273,0.0,0.322943083,0.604078604,14.15357273,2.094400752,0.0,0.0,3.308052332,0.0,1.232219996,0.0,0.0,8.437414501,0.0,0.0,0.706198766,0.704442073,0.0,0.0,13.9674116,0.730145913,0.998742778,-0.089299974,-0.433735705,10.08863056,51.75,1.4375,2.5,0.91119,1.28453,0.2,1.835612021,4.140607211,4.873749059,5.196667865,22.16675213,44.83920259,52.9386516,34.0732904,22.0,0.0,3.0,0.650697637,3.316278154,6.50674658,26.03983708,22.73664397,0.0,0.0,0.142857143,0.0,1.040041912,0.272165527,0.944940787,1.465795435,0.333333333,0.25,2.086,3.991,4.008,8.64398833,5.0,0.0,2.0,3.0,0.0,1.0,0.0,1.0,0.0,0.0,0.0,0.0,0.0,3.0,0.0,1.0,0.0,0.039759475,-11.60966557,1075.962654,3.044522438,4.807,-1.745293228607279,0.017935217040638832
0.0,0.4633008498764274,2.30553856,-0.495618159551996,91.916962,23.0,4.0,3.0,0.0,0.0,2.0,0.0,0.0,2.0,8861.355368,279.3439262,116.5967812,100.5524152,76.20416424,76.03555616,61.81497102,232.4115264,215.4130058,209.2854396,196.5491669,177.9540274,7.661549289,7.762370636,7.692226882,7.733732873,7.783319134,7.723886543,7.523469687,1.62401251,1.514710998,1.455583966,1.38186457,160.6453537,144.9563909,153.6969884,155.0782188,156.9965901,155.4851911,156.4099474,156.2248996,155.990137,3.675577977,2.956764403,2.784435626,2.904204078,2.957320251,3.115068371,2.931739257,2.572543679,0.011222402,-0.063800873,0.230472657,-0.429988748,0.456158955,-0.150850823,-0.083309415,116.0389832,1270.355433,-442.2594211,675.2921065,-569.3184461,-1089.318865,-1296.13311,-537.3073291,-11.9217508,1446.642968,-44.69083523,872.9304714,-86.07031866,-1054.438866,-1920.66106,-3272.347601,-0.107884191,0.828888363,-0.63024262,0.439426628,-2.201289206,0.731362784,-1.413658143,0.362104283,-0.85686712,-1.105553885,2.919680315,-4.393543134,-3.734705115,-14.94438473,-19.26701202,6.079180962,5.157448232,1.379900016,-14.47647032,23.31597995,-11.12581822,-108.9956791,-5.771651539,2.53078514,3.856645693,12.65211639,-47.15753436,-16.79666032,1.45048729,52.24898116,-4.151334117,-0.072145644,0.018277942,-0.083850495,-0.175306819,-0.059774592,1.50715022,1.115244209,1.286478968,1.110696789,1.418451154,1.141915655,1.205323946,0.876819282,0.732466311,0.837559227,0.964636877,0.898877935,0.933448818,0.74251817,0.759653544,1.023677171,0.953331593,1.164074912,1.070705901,1.22129973,0.814515074,0.935401914,1.195158296,1.331359494,1.082133532,1.101425027,1.136381358,1.019258587,1.063029699,1.247810861,0.551428765,0.844812336,1.077494796,1.332615274,1.177300036,1.520377318,0.940941664,2.615546218,0.223606654,-6.291040471,652.2978942,0.19321967,-6.904495703,-6.798675837,-6.321910291,11.01477799,1.651534568,0.012714415,-18.33307925,0.0,5.251189696,13.59111041,0.0,4.126576817,3.980577885,3.964086576,3.796988771,3.507803462,3.419809487,3.349693316,3.263192923,1.804166956,1.765996864,1.433401941,1.425190889,1.400990393,3.682589188,3.388797275,3.287928478,3.090527291,2.978818396,4.670541276,4.661763323,4.041597031,3.879873369,3.830060343,3.694647743,3.0,15.0,5.0,6.0,3.0,0.0,0.0,0.0,0.0,0.14271745,0.606189892,3.676680359,0.0,0.980281514,0.0,2.036599542,0.0,0.337107257,8.20494092,3.521721492,9.02872,23.61917499,496.0026748,0.072865991,-11.00035971,425.0989503,1051.0,1.0,0.0,23.0,1.0,0.0,0.0,0.0,2.0,0.0,0.0,2.0,0.0,0.0,0.0,1.0,0.0,9.0,6.0,0.0,9.0,7.0,0.0,3.0,0.0,0.0,0.0,1.0,1.0,1.0,2.0,1.0,0.0,0.0,0.0,0.0,0.0,28.69433914,0.0,0.0,0.0,-0.357347369,-0.277352256,10.56607958,0.0,0.0,1.432082226,0.336428273,0.680168608,-0.164082403,4.365711279,0.0,0.0,0.0,0.727900796,0.0,0.0,0.654802412,0.0,0.0,0.0,0.336428273,0.425475714,0.0,1.613798135,0.0,1.759980239,-0.342660738,0.443641319,2.970570034,0.0,5.06239808,1.946335863,0.0,12.97664802,5.769760657,0.0,0.0,0.680168608,0.336428273,14.4692193,2.243394131,4.365711279,0.0,0.0,0.0,1.941110611,0.0,0.0,4.867854455,0.0,0.336428273,0.688054279,0.572536209,0.0,0.00275573,14.4692193,0.751913618,0.967060719,-0.203093554,-0.342660738,13.94691213,54.5,1.29762,1.5,1.16093,1.24197,0.303030303,1.587485013,3.670919125,4.750380967,5.125766822,17.69840959,38.02639235,66.71444389,39.94878166,24.0,0.0,4.1,2.585335342,8.733422245,6.360994725,31.88442354,31.50140558,0.0,0.111111111,0.3086067,0.0,0.0,0.0,0.166666667,0.942809042,0.333333333,0.371,2.004,3.847,3.811,8.592353952,5.0,0.0,2.0,3.0,0.0,1.0,0.0,1.0,0.0,0.0,0.0,0.0,0.0,2.0,0.0,0.0,1.0,0.242944856,-5.942667331,1221.115948,3.044522438,7.555,-1.364232517991498,0.018545086248941963
0.0,-0.1333510941078818,0.28654609,-1.0339772518422403,73.932446,23.0,6.0,3.0,0.0,1.0,1.0,0.0,0.0,2.0,7480.206796,323.4497409,124.6701133,113.157208,89.74136695,83.7745453,66.58600437,248.4811843,233.3975266,213.6157395,200.2840224,185.4798942,8.012345483,7.99820284,8.043753039,7.956777844,8.018457579,7.998523316,7.662787558,1.655567415,1.475892076,1.417911553,1.366805097,163.1190597,146.7914395,156.3511833,156.4129826,160.8883301,155.7477973,160.0692812,160.9889551,159.2266924,5.390829015,3.596675669,3.428402683,3.616545723,3.765099431,3.617511371,3.658606793,3.106140351,-0.015776037,-0.150092488,0.490104299,-0.379142234,-0.04816202,0.292719889,-0.23726733,107.8062221,732.620465,589.2537791,-23.65302989,-743.65982,-700.2456994,-1419.012601,79.4810767,-134.5117268,1089.185771,63.75697082,547.5451928,-1168.519603,-536.8669189,-1298.85898,-794.8482766,-0.312871012,0.545013103,1.028368016,0.527211046,-1.276968244,-1.674661197,-1.861108673,-0.290956214,-1.823648119,-2.23339873,3.832525694,-0.778572573,-0.817048107,-5.87889206,-31.39497413,11.6642643,-22.11293715,49.61035568,-54.99795531,10.61986298,22.32973447,-57.92604603,-2.385383918,9.538393019,-18.51673807,-15.07329855,-60.25740854,4.408317563,1.68447222,46.94515384,-2.825615363,-0.037271624,-0.120238559,0.03504061,-0.312214552,0.023201671,1.472094577,1.110851893,1.15688626,0.885805615,1.183362548,1.127332439,0.888449896,0.848363103,0.81940835,0.858737508,0.967966312,1.038784835,0.986452452,0.679991965,0.830962331,0.775400473,0.921822708,0.96590604,1.088045674,1.167971252,0.83725224,1.094178298,1.166236112,1.273652552,0.93581664,1.149447971,1.239347564,0.929629829,0.924836658,1.107845842,0.577065494,0.753320114,1.029768459,0.968877338,0.9758366,1.327967784,0.813269083,2.587535014,0.050036582,-11.38100346,414.3551383,0.084330828,-9.397429596,-10.36900524,-6.471958186,9.91923249,3.676073235,0.228807744,-5.604518057,0.0,4.291829823,13.02297539,1.0,4.118652281,3.988122426,3.840772604,3.717954298,3.427358938,3.228425593,3.1724367,3.106932261,1.747216643,1.448340406,1.440494377,1.409946307,1.339399799,3.588241983,3.293143005,3.084709756,2.983195727,2.854293051,4.812278042,4.628162107,4.522248435,4.085430288,3.83781721,3.720872055,4.0,12.0,3.0,2.0,2.0,0.0,0.0,0.0,0.0,0.14271745,0.621481844,2.684292895,0.0,0.894825112,0.0,1.281597262,0.0,0.276893304,7.377622804,2.688626917,6.93575,22.56241102,428.6858094,0.013839955,-16.26474333,571.3024326,927.0,0.0,0.0,21.0,0.0,0.0,0.0,0.0,0.0,0.0,0.0,0.0,0.0,0.0,0.0,0.0,0.0,8.0,3.0,0.0,8.0,4.0,0.0,2.0,0.0,0.0,0.0,3.0,1.0,1.0,1.0,2.0,0.0,0.0,0.0,0.0,0.0,19.03564327,0.0,0.0,0.0,-0.821523817,-0.418947932,3.733651192,0.0,0.0,0.280724493,0.0,0.280724493,-0.418947932,0.0,0.0,0.0,0.0,0.0,0.0,0.0,0.0,0.0,0.0,0.0,0.0,0.545481213,0.0,1.459171284,0.0,1.547305289,-0.68057027,-0.407675333,0.0,0.0,4.226859731,1.462476983,0.0,14.00386087,5.135925533,15.46931544,0.0,0.280724493,0.0,15.46931544,2.118673801,0.0,0.0,0.0,0.0,0.0,0.0,0.0,0.0,0.0,0.0,0.738926437,0.739056143,0.0,0.0,14.00386087,0.280724493,1.069286296,-0.075790108,-0.68057027,9.974153633,55.5,1.46053,2.0,0.90464,1.33958,0.230769231,1.794321918,4.078401581,4.929040021,5.189898095,20.17684666,44.25005646,52.00471907,33.36260418,22.0,0.0,3.22,0.99656935,4.294188031,8.099811503,27.04497819,23.9734319,0.0,0.0,0.251976315,0.25,0.275160604,0.267261242,0.944940787,1.465795435,0.333333333,0.003,2.321,3.821,3.402,8.862169145,5.0,0.0,2.0,3.0,0.0,1.0,0.0,1.0,0.0,0.0,0.0,0.0,0.0,3.0,0.0,1.0,0.0,0.12378619,-7.938958004,567.9879143,3.044522438,4.645,-1.6327676065691383,0.008686256912858693
0.0,-0.7764922445912228,0.27499536,-0.3378989063837836,84.333962,12.0,3.0,3.0,0.0,1.0,2.0,0.0,0.0,3.0,8449.042159,335.8578151,117.3478078,97.56987605,70.41677714,75.65502925,54.61075445,220.8741421,192.9961019,192.7290938,172.9805438,165.5238469,7.748806194,7.670503604,7.587019444,7.81137415,7.847387725,7.752491979,7.655738878,1.546799997,1.393637949,1.30468601,1.297195835,163.8081022,146.1292038,151.2366248,156.9423944,164.1447834,161.244246,159.6587703,162.2230558,161.3094025,4.664691877,2.825651126,2.645326175,2.689321036,3.152115484,3.758605457,3.029781433,2.68950921,0.039868301,0.047314017,0.13575191,-0.577868438,0.393414936,0.16116293,-0.209247082,27.76344,595.5042557,-567.5855513,2186.000666,46.67075877,535.3428244,-364.7990771,-2497.707445,271.2357285,404.7019462,-1398.045663,2637.339589,982.5007325,-832.8593018,-852.5709971,-2117.444881,-0.422082765,0.767884938,0.085581654,0.080834383,-2.251576704,3.859897864,-0.854964506,-3.533614025,1.437088098,-7.470443716,9.669566974,-3.346083777,-1.944951771,-6.376978665,4.761097593,-9.865195425,-47.63431877,12.67490316,18.21243618,-13.05031514,-3.985379941,-29.58504456,-7.252915275,-18.77709291,-11.2132808,93.75587064,-31.87129291,-58.2121495,0.365308421,52.05593737,-3.178852297,-0.095433096,-0.04329452,-0.128792529,-0.111438087,-0.21480498,1.454298406,0.841168172,0.991276794,1.011593212,1.509637021,1.097211636,0.98815254,0.914281555,0.642192268,0.800052192,0.79495143,0.989200472,1.189994823,0.945473058,0.563420959,0.823981347,0.888118829,1.182734671,0.953212761,1.119804638,1.152412814,0.84567547,1.098890066,1.11079209,1.109519941,1.151270461,1.035965566,1.137672101,1.040977792,1.081868781,0.537677834,0.867638087,0.975808816,1.301758084,1.111196801,1.242721103,1.151153374,2.806022409,0.550798979,-2.266264389,526.6767241,0.676470155,-1.485294404,-2.388814065,-1.160491747,12.20434831,2.832629819,0.462906036,-2.926878532,1.0,4.853698562,14.95783034,0.0,4.08216473,3.983986542,3.78920042,3.664681074,3.500152327,3.445790019,3.276745808,3.085028264,1.86431022,1.603075514,1.569177633,1.372874417,1.337250079,3.606233258,3.447769956,3.204051711,2.944707911,2.798118292,5.198715548,4.940472518,4.926822878,4.310899342,3.955469361,3.803243897,2.0,10.0,2.0,3.0,9.0,1.0,2.0,0.0,0.0,0.136082763,0.667497306,4.392259457,0.409108946,1.010906101,0.108260467,3.151348873,0.395220057,0.394994267,8.009614069,4.236004183,5.90259,21.9132128,416.3510431,0.341799165,-4.079421419,379.4949705,878.0,4.0,0.0,14.0,2.0,3.0,4.0,3.0,7.0,4.0,2.0,1.0,0.0,1.0,0.0,3.0,0.0,6.0,13.0,1.0,6.0,3.0,5.0,5.0,0.0,2.0,0.0,0.0,0.0,0.0,2.0,0.0,0.0,0.0,0.0,0.0,0.0,14.81273528,2.189977716,5.393177535,3.363744243,-2.202681226,-0.36066292,3.630431257,-1.258323281,0.0,0.958308483,0.055369583,0.313402096,-0.292336253,2.679617149,0.177344176,0.17396003,0.885300887,0.017352943,0.035708198,0.550336977,0.123211328,0.0,0.371236914,0.0,0.055369583,0.368681198,0.882710923,2.132410581,0.642542926,1.763028972,-0.773912632,-0.292336253,3.141797722,0.0,0.0,0.0,9.939337576,14.02551404,0.0,15.98893902,0.0,0.313402096,0.371236914,15.98893902,2.066302932,4.122267459,0.776586864,1.041388318,1.898940698,4.632596247,5.206788553,1.334317099,0.123211328,0.0,0.289737564,0.882710923,0.48649761,0.707772127,0.0,14.22759065,0.644906387,0.882710923,-0.203652653,-1.120680333,9.853472303,40.5,1.06579,1.5,1.34679,0.98577,0.517241379,1.650967217,3.750785203,4.808629606,5.318755383,19.23692488,38.20549224,58.27042152,33.46545626,9.0,3.0,3.66,1.5,4.631909246,10.10090251,31.94392258,20.97946342,0.333333333,0.388067491,0.0,0.0,0.0,0.0,0.721124785,0.0,0.0,0.871,2.237,3.366,2.927,3.226804124,5.0,0.0,2.0,3.0,0.0,1.0,0.0,0.0,1.0,0.0,0.0,0.0,0.0,2.0,0.0,0.0,1.0,0.433343692,-3.177651659,508.8078841,3.044522438,5.424,-1.493595495706317,0.007511331025009813
1.0,0.9089539090440384,5.07465729,1.7665542038703967,92.497204,0.0,3.0,5.0,0.0,1.0,2.0,0.0,0.0,3.0,9820.466503,414.8786485,132.7090068,112.1616605,77.23041659,83.77620742,78.76101766,252.5718748,211.9072383,210.625679,204.3412606,204.1907691,7.966889054,7.876455979,7.857333489,7.834976093,7.854685207,7.805740957,7.89114246,1.712455815,1.491088189,1.465469207,1.476437793,159.6803534,143.9920682,149.4028198,154.5748759,155.1443609,156.9206629,157.3100584,158.4453952,157.9350041,5.606468222,3.283500514,3.325676073,3.142115121,3.266664274,3.779822297,3.172437169,3.550498242,0.049893471,0.15753424,0.018197198,-0.623000758,0.668648619,-0.345333896,0.066889356,52.81377747,234.2409487,-240.4979331,-852.9713524,-539.2179952,1150.462323,1121.141383,-1197.845917,139.5090982,77.60301578,-222.4319907,-906.3529093,-1.677670742,-148.3340016,739.6401397,67.24155233,-0.449460254,0.706165636,-0.677342045,-2.440011015,-2.652147687,5.335191538,-0.941088295,-1.118750733,0.341440741,-2.021891305,-4.240376574,-0.622976204,2.526599027,1.316650023,-8.412082513,-13.24924916,-8.236870963,-32.66213558,-9.395819328,6.672771603,7.655839917,9.946583704,-7.768254637,-10.85223946,-43.17018006,82.92864597,-31.11778296,25.31670763,0.660172218,49.33896888,-0.539396369,-0.097103183,-0.193588251,-0.189842131,-0.111134939,0.09699888,1.423206514,0.938066102,0.977946156,1.004205135,1.135766158,0.726801215,0.937145138,0.908156588,0.828165095,0.827449689,0.749654705,0.887849295,1.193650563,0.868341462,0.646447927,0.882701034,0.990248778,1.00428649,0.725914347,0.961987698,1.076269567,0.921619204,0.999332034,1.068873093,1.066813186,1.035676072,1.051479852,1.050607103,1.039273061,0.944721688,0.487815866,0.794460385,1.071041646,1.097385389,0.892786988,0.972548484,0.913588071,3.306022409,0.30900678,-5.402203479,1135.845379,0.236187693,-6.638391017,-5.615116458,-8.844087401,13.31754814,3.460726898,0.16751405,-8.218765019,1.0,4.162560786,15.15929781,0.0,4.080228908,3.960732315,3.880201976,3.797769923,3.733401277,3.547362421,3.319867417,3.233069085,1.843976266,1.664275107,1.628765819,1.567583822,1.390876813,3.765522528,3.602423183,3.286855601,3.149346671,3.051917592,4.953206748,4.839115461,4.745779931,4.725905878,3.909056594,3.851045957,3.0,20.0,4.0,4.0,1.0,3.0,0.0,0.0,0.0,0.202164357,0.96710094,3.59117023,0.055555556,1.351884866,0.10316315,1.833184365,0.032274861,0.489640256,9.72376697,4.329129826,7.71008,27.01478933,621.3401546,0.148035561,-8.787392672,4058.122787,1221.0,2.0,0.0,27.0,2.0,1.0,1.0,0.0,4.0,1.0,2.0,1.0,0.0,1.0,0.0,1.0,0.0,0.0,6.0,3.0,14.0,1.0,3.0,3.0,0.0,1.0,0.0,0.0,2.0,0.0,3.0,1.0,0.0,0.0,0.0,0.0,0.0,29.27256403,0.18679912,0.079003119,1.077076375,-2.018620761,3.982080299,0.0,-1.349032619,0.0,0.830823362,0.319926293,0.246941625,-1.053680972,4.68704095,0.677972215,0.18679912,0.0,0.53002157,0.079003119,1.8557227,1.254315004,0.0,0.591894978,0.0,0.319926293,0.452480064,0.846251055,1.9205973,0.255631419,0.0,-0.814896463,0.0,3.144240632,0.0,0.0,1.656699001,9.437833251,11.5306279,5.800469485,16.37338784,0.0,0.246941625,0.591894978,16.37338784,2.029832465,6.824920742,0.677972215,0.18679912,0.0,5.238277276,0.079003119,8.678263633,1.254315004,0.0,0.319926293,0.98460719,0.594634353,0.503552793,0.0,14.66183015,0.583881738,0.98460719,-0.261106348,-1.349032619,9.17850106,52.75,1.14674,0.0,1.22043,1.21932,0.228571429,1.716272671,3.923841706,4.999079968,5.864726676,20.00971425,41.31257652,78.12517451,30.79814803,12.0,2.0,4.1,0.0,2.193828309,23.07377624,53.17386067,26.86133913,0.0,0.866025404,0.366997283,0.0,0.0,0.0,0.0,0.471404521,0.333333333,0.425,2.437,4.234,4.346,3.131821777,7.0,0.0,3.0,4.0,0.0,2.0,0.0,1.0,1.0,0.0,0.0,0.0,0.0,3.0,0.0,0.0,0.0,0.346656836,-4.8733317,927.8622039,3.433987204,1.575,-1.7409727148790903,0.015864793885012593
0.0,0.3455605618762687,1.75403536,1.629226602589316,98.824892,0.0,3.0,3.0,0.0,0.0,1.0,0.0,0.0,1.0,7707.145701,240.9219631,89.61797327,87.84058012,49.27252428,49.74858804,51.9364908,210.1611875,167.7699176,166.2168605,164.2551294,155.5215337,7.468211128,7.580416727,7.398173461,7.401312643,7.436300614,7.404597202,7.482194688,1.482400928,1.280008343,1.27822984,1.204571028,162.004798,145.040868,155.5400763,155.6242666,158.7713973,158.7041334,158.6147491,158.7194668,163.856934,2.801418176,2.641586648,2.399352605,2.386826599,2.348605476,2.394451793,2.308947097,2.208618666,-0.099816706,0.051294352,-0.12327946,-0.0476174,0.010680264,0.177542442,-0.002219498,208.7297536,622.7049705,-763.4631329,121.6178463,614.3528241,288.3383724,619.7222746,1466.594323,-76.24592418,1138.52054,-667.3241057,310.7449148,826.8782146,199.1928411,-562.2965399,1861.288036,0.105762512,-0.294048048,-0.695707342,-0.360353301,0.18145705,0.988908608,1.485171315,-0.294781954,-1.631245874,-1.955792485,-0.169548782,1.352946808,-3.505495895,9.047466074,-26.42627424,29.00609401,-12.35541095,6.152386177,26.54774559,9.882089156,-46.97935985,46.25451156,-1.044124536,-4.671927876,10.75921104,6.225613453,16.35841084,1.986142651,2.319219484,52.75460715,0.711403004,-0.011601384,0.040296671,0.032472228,0.062199281,0.00775837,1.364077684,1.423236207,1.176014975,1.002303111,0.992656296,0.980866822,0.85167616,1.229824447,0.855754671,0.755795308,0.852749798,0.85027606,0.913554676,0.855032788,1.10454293,1.189049243,0.84323867,0.925150747,0.980556247,0.768761927,1.191468298,0.921246527,0.814461009,1.438737102,1.021537645,1.13422192,0.93883226,0.966981655,1.142801977,0.865036554,0.663876295,1.031839148,0.846857861,1.149054917,1.284963107,0.864797247,1.092910178,1.825630252,0.556749134,-2.459690216,641.4538624,0.545609452,-2.544577766,-2.502177254,-3.047789167,14.56083461,1.068928415,0.781447464,-1.035750895,1.0,5.116920522,12.97766128,0.0,3.992175239,3.883075779,3.789907288,3.680641612,3.50023752,3.319950781,3.313782036,3.244340654,1.843699631,1.735948536,1.653557637,1.520931956,1.465700136,3.672212605,3.371237892,3.266816952,3.196640494,3.039701575,4.734510599,3.956857087,3.868441544,3.820151269,3.628735194,3.47104919,1.0,15.0,3.0,3.0,8.0,1.0,0.0,0.0,0.0,0.0,0.350916477,3.230757077,0.0,0.707969001,0.0,1.916412807,0.0,0.326152031,7.009796793,3.614849359,8.04118,25.91579078,544.2316063,0.045350504,-12.99200271,414.2928651,1350.0,0.0,0.0,19.0,0.0,0.0,0.0,0.0,0.0,0.0,0.0,0.0,0.0,0.0,0.0,0.0,0.0,0.0,10.0,2.0,10.0,6.0,6.0,4.0,0.0,0.0,0.0,0.0,3.0,0.0,1.0,2.0,0.0,0.0,0.0,0.0,0.0,29.46803386,0.0,0.0,6.499665766,1.201617519,8.098851029,0.0,0.0,0.0,0.791386627,0.0,0.791386627,0.085605779,0.0,0.0,0.0,0.0,0.0,0.0,0.0,0.0,0.0,0.0,0.0,0.0,0.344317561,0.786701617,1.654028679,0.320865849,0.0,-0.247815631,0.0,0.0,0.0,0.0,1.976582015,0.0,13.87440548,5.669985103,0.0,0.0,0.791386627,0.0,13.87440548,2.189158485,0.0,0.0,0.0,0.0,0.0,0.0,0.0,0.0,0.0,0.0,0.649058609,0.53315782,1.279526417,0.722054499,13.87440548,0.791386627,0.915740679,-0.297197264,-0.247815631,14.03320848,41.75,0.99405,0.0,1.30044,0.91666,0.457142857,1.434989501,3.345775528,4.867970935,5.420109813,14.51177866,33.33137895,68.31896214,32.29120164,10.0,3.0,4.54,1.504867688,11.44971597,21.96839524,41.48772477,15.74383628,0.0,0.0,0.3086067,0.333333333,0.0,0.0,0.0,0.0,0.434126811,0.003,1.856,3.352,3.263,4.150387597,5.0,0.0,0.0,5.0,0.0,1.0,0.0,0.0,0.0,1.0,0.0,0.0,0.0,1.0,0.0,1.0,0.0,0.445422313,-3.396676201,573.7157787,0.0,4.6,-1.7534537272126673,0.017602060604848337
0.0,-0.7406846312303499,0.21659716,-0.8480495468968283,73.802239,23.0,7.0,3.0,0.0,0.0,2.0,0.0,0.0,2.0,8284.653843,272.7605929,138.077564,114.6179742,91.66287705,86.90987789,74.65080332,244.3860354,229.6127353,215.0189785,192.0880514,189.2377565,7.977590367,8.009601254,7.985456329,7.988940918,7.980166429,7.985002549,7.703750796,1.664216814,1.502087689,1.383846069,1.428766724,163.2386342,149.1233417,157.9226982,156.8000771,159.1950354,156.4586513,159.5469359,162.4306187,157.5692974,4.546009882,3.364358282,3.280722619,3.378355138,3.553982087,3.536336802,3.433157831,2.874164786,0.137829146,-0.15232684,0.377544952,-0.450839439,0.224104056,0.078141524,-0.137371877,70.12035825,928.1081298,-487.5694766,96.58605337,-863.3616961,-653.4873308,-715.780763,-322.1484949,-76.35636059,1246.048125,-241.8301047,447.6713755,-930.0239018,-860.6644155,-461.0728967,-2079.767287,-0.489420516,0.757646418,-0.239812871,0.585038969,-0.988991511,-0.824784018,-2.02617136,0.03154176,-1.352590198,-2.896106224,2.802294305,-3.900671806,4.159917593,-10.04253009,-31.99769696,26.25698549,-4.76788655,32.49866028,-46.20914936,11.5573886,33.48845867,-80.24441861,-7.971832885,7.5483331,-12.32168011,-2.100195484,-54.97032503,-10.47911897,1.095630598,47.94778431,-4.506096416,-0.124559889,-0.077985317,0.077722751,-0.269462378,-0.056339349,1.602735976,1.033461338,1.165943201,0.942473521,1.241122301,1.034003034,0.996320208,0.821611546,0.749824178,0.831704981,0.841812706,0.893294545,0.988054967,0.648943954,0.780390562,0.912058782,0.945601917,1.009217927,1.018140999,1.267236035,0.797581853,1.044981482,1.240307449,1.508452744,0.981760999,1.133467312,1.254089966,1.030096323,0.881512541,1.224204051,0.554255194,0.791694679,1.208232842,1.003491348,1.125768187,1.622797757,0.851439485,3.044117647,0.018116692,-14.84040973,394.7848213,0.010453334,-16.87508681,-11.50351327,-12.42915956,9.373155494,3.039634775,0.207433262,-5.819898789,0.0,5.130082164,13.01930936,0.0,4.134671901,4.032829304,3.951758943,3.748488,3.517816642,3.389519746,3.260704126,3.086801545,1.749480186,1.428740727,1.423526641,1.406332742,1.298204586,3.584766963,3.287380252,3.009831822,2.958097114,2.847878441,4.761407809,4.677808493,4.124085878,3.897775607,3.794444241,3.629457152,6.0,10.0,2.0,2.0,2.0,0.0,0.0,0.0,0.0,0.14271745,0.608996017,3.142070009,0.0,0.894825112,0.0,1.556972614,0.0,0.271902502,7.482641589,2.856434528,5.31293,22.35741561,413.6121889,0.021891533,-14.14012476,1265.993156,814.0,1.0,0.0,18.0,0.0,0.0,1.0,0.0,1.0,0.0,0.0,2.0,0.0,0.0,1.0,0.0,0.0,7.0,3.0,0.0,7.0,4.0,0.0,2.0,0.0,0.0,0.0,3.0,1.0,2.0,2.0,1.0,0.0,0.0,0.0,0.0,0.0,19.13557736,3.307656807,0.0,0.0,-0.603515898,-0.319512489,5.997445545,0.0,0.0,1.247663189,0.603000299,0.531897129,-0.319512489,0.0,0.0,3.307656807,0.0,1.215599189,0.0,0.0,0.968439317,0.0,0.0,0.603000299,0.0,0.525796997,0.0,1.504887647,0.0,1.56337291,-0.531292395,0.082623123,0.0,0.0,4.14978068,1.606034554,0.0,13.30177647,5.485331951,0.0,0.0,0.531897129,0.603000299,14.09160802,2.078963247,0.0,0.0,3.307656807,0.0,1.215599189,0.0,0.0,8.497243853,0.0,0.0,0.714636266,0.706195402,0.0,0.0,14.09160802,0.71576606,1.028130533,-0.09497186,-0.531292395,8.539271707,54.5,1.47297,2.5,0.92646,1.33437,0.24,1.797812234,4.138992782,5.096404088,5.289898095,21.08933865,44.37659785,51.56814115,32.40867003,23.0,0.0,2.89,0.887842357,4.060963467,4.671809732,22.5440543,23.68574879,0.0,0.2,0.239045722,0.0,1.040041912,0.346680637,0.944940787,1.727854282,0.793700526,0.25,3.198,4.266,3.684,8.758320644,5.0,0.0,2.0,3.0,0.0,1.0,0.0,1.0,0.0,0.0,0.0,0.0,0.0,4.0,0.0,2.0,0.0,0.101598552,-8.460886184,1678.004129,3.044522438,3.071,-1.3475310445503723,0.01883141740961192
0.0,0.2417791739998401,1.33033156,-0.9139154483798188,77.148032,23.0,5.0,4.0,0.0,1.0,2.0,0.0,0.0,3.0,8798.713376,299.5105929,139.6621171,115.8789734,87.12488739,84.16605674,76.71800222,245.207716,227.867381,209.6538838,205.0559852,186.9466221,8.085767651,8.069244237,8.036235963,7.869825854,8.001614038,8.093360154,7.752279019,1.657283726,1.454833418,1.446016329,1.377162151,163.4817387,147.211203,157.8822258,156.572366,160.786583,154.83942,160.2599268,160.2636903,158.959245,4.754136395,3.399038757,3.339036893,3.388538333,3.174527211,3.261331711,3.810378086,2.937965875,-0.044165274,-0.134135813,0.431770986,-0.213135655,-0.428611396,0.504931576,-0.009919335,110.0849842,657.5557894,-81.13516678,-379.0790713,-407.4300158,-312.8584936,-827.1552853,1019.867069,-172.0992066,1297.78111,-214.5575685,623.9093544,-956.0413135,91.15610878,-1491.43471,-858.733165,-0.43058243,-0.549976837,-0.075909832,-0.009238535,-0.645736953,-2.308825272,1.747235109,1.732338394,-2.254470617,-3.024937956,4.452173237,1.002456435,-1.568986378,-6.897939414,-35.11688495,17.03489285,-25.71796747,62.53002815,-39.73541398,4.81766147,19.29028191,-54.44210045,-4.023382508,3.681019326,-7.867353419,-28.1886086,8.641687307,26.6286225,1.643059466,48.0986535,0.438250523,-0.060050485,-0.04856391,-0.010711099,0.041546574,0.12560671,1.459660785,1.222733412,1.128694933,0.883916525,1.067766184,1.205067726,0.892595624,0.841249768,0.807251049,0.67533797,0.822059493,0.869031079,0.864721915,0.647993291,0.97923993,0.855397839,0.863131401,0.703165372,0.98729469,0.940834213,0.722081708,1.015996878,1.131226047,1.343508343,0.927248966,1.197617228,1.071651732,0.908562274,0.939103163,1.024730708,0.687983406,0.844741382,0.886964265,0.716175165,1.01667757,1.180794552,0.611399257,3.341736695,0.065117748,-10.65307676,437.0997106,0.02872425,-13.84505285,-9.20917878,-8.053057087,10.11173417,3.360403689,0.218036958,-5.940053726,0.0,4.598989943,13.13264788,0.0,4.121205336,3.9873884,3.951544798,3.753979682,3.468392435,3.290466916,3.274906474,3.142532236,1.737534338,1.451465292,1.440281273,1.413420451,1.39235769,3.583599887,3.321191853,3.046658978,2.879493221,2.835767305,4.891541572,4.693574631,4.111983498,3.894174341,3.783555538,3.68634977,4.0,13.0,2.0,2.0,2.0,0.0,0.0,0.0,0.0,0.14271745,0.621481844,2.745048886,0.0,0.824492539,0.0,1.328916251,0.0,0.253455859,7.26070259,2.751066971,7.24837,22.41538946,437.1000945,0.036141014,-12.94927511,496.7591365,944.0,0.0,0.0,20.0,0.0,0.0,0.0,0.0,0.0,0.0,0.0,0.0,0.0,0.0,0.0,0.0,0.0,8.0,3.0,0.0,8.0,4.0,1.0,2.0,0.0,0.0,0.0,3.0,1.0,1.0,1.0,3.0,0.0,0.0,0.0,0.0,0.0,20.13225536,0.0,0.0,0.37379275,-0.690651065,-0.263640576,5.680729056,0.0,0.0,1.017678447,0.0,0.305237808,-0.263640576,0.0,0.0,0.0,0.0,0.0,0.0,0.0,0.0,0.0,0.0,0.0,0.0,0.588348012,0.0,1.479213745,0.37379275,1.429534819,-0.48802016,-0.255192587,0.0,0.0,4.278082586,1.716440828,0.0,14.14035389,5.177508655,14.25011764,0.0,0.305237808,0.0,14.25011764,2.087166956,0.0,0.0,0.0,0.0,0.0,0.0,0.0,0.0,0.0,0.0,0.825122377,0.737091946,0.37379275,0.0,14.14035389,0.712440639,1.032693396,-0.09917632,-0.48802016,10.5893572,54.0,1.38462,2.5,0.95424,1.30826,0.259259259,1.849808447,3.990593265,4.902826202,5.357921987,22.25057736,44.62945985,56.92892705,33.5477104,22.0,3.0,3.11,0.823417487,4.627074996,7.615868387,29.09693424,22.73664397,0.0,0.0,0.394132025,0.474957126,0.0,0.0,0.944940787,1.465795435,0.333333333,0.003,2.324,3.707,3.399,8.419856057,5.0,0.0,2.0,3.0,0.0,1.0,0.0,1.0,0.0,0.0,0.0,0.0,0.0,3.0,0.0,1.0,0.0,0.074738289,-10.11567473,536.4668231,3.044522438,4.78,-1.5407847177102862,0.013104166856785258
0.0,1.1227071535474191,6.78550401,1.1953498319534586,89.654548,0.0,2.0,5.0,2.0,0.0,2.0,0.0,0.0,2.0,10317.29799,388.206752,137.5639733,124.1503432,71.62725724,70.34229199,62.77075465,223.3008889,192.3950307,191.3594928,176.5653512,148.6653435,7.757332693,7.749148683,7.712393585,7.70878225,7.661556616,7.541376713,7.683250632,1.680747794,1.479490409,1.433061647,1.218184273,161.4398996,142.9862101,150.808921,153.8041479,161.9050847,156.9913701,156.1603395,155.3153044,163.6687912,5.176090027,2.328845494,3.3424372,2.847625336,3.171011672,2.948139898,2.709452324,2.849809076,0.2441216,-0.109628143,-0.244392072,0.262038851,-0.115729717,0.074612374,-0.122490253,847.094772,340.205464,-2808.59448,-207.287496,-44.32426611,-573.5823563,-378.4333297,1294.741138,236.033576,475.305464,-2201.13191,1402.697903,599.4157702,-236.5650724,-2557.919801,1484.810611,0.652320311,2.85966999,-2.621963756,-3.115587035,0.913822337,-0.912304931,-0.342024601,-2.37007349,-0.461333187,-13.99988436,9.392261669,4.356385517,-13.64411888,5.421017079,-1.027469986,3.236033038,-64.34400001,53.03116555,31.88750931,40.12660501,-110.124542,2.857097862,-35.94495275,-34.2803182,-79.24404237,-4.591869984,14.73076791,-93.6299498,10.86018938,54.14774957,-0.743915322,-0.460832728,-0.293496453,0.094540359,0.040248,-0.239462787,1.485180358,0.774230595,1.16942273,1.282088259,0.98798657,1.047000542,0.82368957,1.001714397,0.832357709,0.762133002,0.814700242,0.924129491,1.039219046,0.947217147,0.505505942,1.063318446,1.197429338,0.895249554,0.9117166,0.762206856,1.217987275,0.883360939,0.984713971,1.277982886,1.135340234,1.314500185,0.975982371,0.95404165,1.235369826,0.921361942,0.467085917,1.01131127,1.275603535,0.996456443,0.935499426,0.781585313,1.310671921,4.079831933,0.091700167,-9.318001224,526.7437875,0.195624895,-6.363069395,-8.103756633,-6.863070122,21.22093161,-5.356022853,1.219690029,0.774527331,0.0,6.225125597,14.39619078,0.0,4.72515308,4.699662763,3.988872777,3.929206663,3.782912178,3.617351677,3.349131596,3.286296183,1.804638354,1.638058039,1.427812154,1.372874417,1.273578734,3.740357292,3.672168349,3.46509046,3.111386046,3.073013241,5.180395451,5.154477741,4.828657224,4.111888112,4.111888112,3.920130894,1.0,10.0,2.0,6.0,5.0,3.0,1.0,0.288675135,0.166666667,0.0,0.375987053,6.308757496,0.924667653,2.504648519,1.21721681,3.936393227,0.50869754,0.980713923,10.44127112,5.77689975,6.029,17.96501635,350.3178189,0.321755984,-4.422451152,545.1335515,733.0,1.0,0.0,13.0,2.0,0.0,0.0,2.0,0.0,0.0,0.0,3.0,0.0,0.0,1.0,0.0,0.0,0.0,13.0,2.0,8.0,4.0,5.0,4.0,0.0,2.0,0.0,0.0,1.0,0.0,5.0,0.0,0.0,0.0,0.0,0.0,2.0,21.03485689,0.0,0.0,1.799408686,-0.912489401,4.297472038,0.0,-2.021649098,0.0,1.359393212,0.410068924,0.656477596,-0.259541131,5.165733632,0.0,0.0,0.756451311,0.0,0.0,0.0,0.269201062,0.0,0.0,0.410068924,0.0,0.405466633,0.674217635,1.735657924,-0.321330061,0.0,-0.466284224,0.0,0.0,0.0,0.0,1.84469309,0.0,12.59723263,0.0,0.0,-5.659478575,0.656477596,0.410068924,14.59609015,2.180731199,5.165733632,0.0,0.0,5.985402983,0.0,0.0,0.0,5.630503542,0.0,0.0,0.780374867,0.402520665,0.875157457,0.101413223,14.59609015,0.702915615,1.223918641,-0.342714583,-5.659478575,7.517786577,39.25,1.00641,0.0,1.50046,0.97052,0.535714286,1.717713646,3.549267755,4.63483369,5.184768524,22.33286899,39.53421921,67.04846754,40.18189436,6.0,2.0,3.33,1.5,7.530458633,16.64389152,32.21019261,11.17242382,0.166666667,1.830934239,0.0,0.0,0.0,0.2,0.0,0.0,0.0,0.359,1.951,4.122,2.947,2.69775475,4.0,0.0,0.0,3.0,0.0,0.0,0.0,0.0,0.0,0.0,0.0,0.0,0.0,1.0,0.0,1.0,0.0,0.064432285,-10.69434778,681.3361763,3.713572067,2.708,-1.3686463134158862,0.019238666973980974
0.0,0.1661583498512846,1.05842944,-0.6970236045178956,85.72979,23.0,4.0,3.0,0.0,0.0,2.0,0.0,0.0,2.0,8568.76287,268.5383707,122.4108981,104.4486299,79.61893472,75.04495682,63.67071421,238.4558175,222.5946329,203.8134088,200.3651001,180.3049372,7.718897971,7.799738911,7.781342249,7.693248644,7.785472921,7.761071339,7.624331306,1.658124274,1.477823525,1.471544056,1.380416102,160.2255366,144.9024021,154.7857191,152.8680402,157.6390434,153.5543826,157.7920344,155.7042916,158.4011935,3.836262438,3.041847403,2.849729938,3.071235089,2.961086018,3.094744908,3.017550743,2.649351188,-0.090950045,0.089034182,0.099439355,-0.385663377,0.404687215,0.06764877,-0.397685003,124.1239256,1074.513672,-542.8334744,-144.8662886,-122.8445212,-687.4172972,-937.2019006,-633.0403843,-90.44950133,1608.085336,-539.2950016,694.9739716,-636.151266,-413.4022846,-2007.810996,-1491.828773,-0.07672593,0.316143504,-0.325540627,-0.774401456,-1.061641131,0.747202895,-0.756119687,-1.29353479,-1.415372563,-4.284496391,3.799360459,-1.299319905,-5.971356295,-4.140245693,-26.67012976,29.83362025,-20.25660161,19.49162534,-39.99137249,34.78690594,-39.27162545,-16.97051482,-4.685075928,12.13801833,-19.37915702,7.104992123,-33.73305074,-25.1518174,1.677350346,51.68567696,-1.729716672,-0.063311837,-0.10041014,-0.015402199,-0.142936656,-0.101418619,1.459389965,1.265257864,1.17183686,1.162002913,1.304670389,1.074624137,1.147548399,1.106472132,0.802367435,0.681058676,0.940513415,0.878176578,0.975303463,0.669282216,0.843405322,0.963109973,1.127024276,0.887433492,1.04455176,1.153143677,1.036857684,0.971254557,1.039615604,1.391042762,0.967820609,1.188512268,1.23067521,0.952851635,1.135329757,1.031267363,0.589354807,0.792124327,1.389678481,0.935845124,1.191250119,1.380413201,1.034036957,2.615546218,0.085363494,-9.843346939,651.3546984,0.052080073,-11.81989151,-11.38604491,-9.758905256,10.66092306,1.491622862,0.106077942,-8.974324631,0.0,5.248737626,13.27673634,0.0,4.124511916,3.978766786,3.952265939,3.798743276,3.498728091,3.395432755,3.317628131,3.247749134,1.794590138,1.642061808,1.424203526,1.416509196,1.386562417,3.675321602,3.315225343,3.272037947,3.0129123,2.954043892,4.638269393,4.625351838,4.028299365,3.865257579,3.815225904,3.68077845,3.0,16.0,4.0,3.0,2.0,0.0,0.0,0.0,0.0,0.14271745,0.621481844,3.353394874,0.0,1.065075108,0.0,1.834697859,0.0,0.335725125,8.216572939,3.356218174,8.5643,22.98125347,459.6250694,0.071863221,-10.53196267,388.3150394,939.0,0.0,0.0,23.0,0.0,0.0,0.0,0.0,0.0,0.0,0.0,0.0,0.0,0.0,0.0,0.0,0.0,10.0,3.0,0.0,10.0,6.0,0.0,2.0,0.0,0.0,0.0,1.0,2.0,1.0,2.0,1.0,0.0,0.0,0.0,0.0,0.0,29.51618569,0.0,0.0,0.0,-0.342583568,-0.224766806,9.359404742,0.0,0.0,1.44387513,0.0,0.684830158,-0.115661446,0.0,0.0,0.0,0.0,0.0,0.0,0.0,0.0,0.0,0.0,0.0,0.0,0.506208664,0.0,1.610046849,0.0,1.761230239,-0.334172318,0.441700733,0.0,0.0,5.023451714,1.547849758,0.0,12.86555987,5.736833308,0.0,0.0,0.684830158,0.0,14.32928745,2.159588247,0.0,0.0,0.0,0.0,0.0,0.0,0.0,0.0,0.0,0.0,0.688054279,0.579511518,0.0,0.0,14.32928745,0.759044972,0.967060719,-0.180987663,-0.334172318,13.18952954,53.75,1.34375,1.5,1.05212,1.28566,0.258064516,1.621544574,3.688181248,4.797020432,5.175083195,18.31671355,39.11923835,64.98687006,37.79923017,24.0,0.0,3.88,2.041895738,8.24520604,8.356788414,32.71262821,26.31334828,0.0,0.111111111,0.3086067,0.0,0.0,0.0,0.0,0.908560296,0.550321208,0.003,2.109,3.893,3.796,8.760190491,5.0,0.0,2.0,3.0,0.0,1.0,0.0,1.0,0.0,0.0,0.0,0.0,0.0,2.0,0.0,0.0,1.0,0.146647341,-7.678898454,579.129885,3.044522438,6.491,-2.1985820355184735,0.012196614356978218
0.0,0.3886510796495226,1.94714116,-0.6820524087162599,79.024618,23.0,6.0,4.0,0.0,0.0,2.0,0.0,0.0,2.0,8636.002229,278.7883707,132.8615728,112.0606625,81.71038663,82.63171953,71.07548182,239.6388272,221.4451649,210.7051492,196.1502499,180.4623549,7.954491169,7.968267362,7.971690287,7.862943194,7.904573728,8.026266206,7.63151709,1.6338131,1.481759829,1.411151626,1.369547246,162.7210914,147.7502145,158.0020796,153.6467844,160.1800343,156.4047483,157.8823247,161.5797876,158.4704694,4.289051857,3.277569034,3.155790711,3.31751452,2.982698813,3.227941034,3.561617671,2.657194231,-0.118292409,0.14763633,0.093636041,-0.045867188,-0.088678482,-0.065483921,-0.004186633,130.5565962,1197.479457,29.00171,16.84242229,-1823.428883,-466.0662434,-1814.821703,803.1232242,-174.8086371,1788.041921,-555.6633411,684.1425792,-1134.185371,-861.2945016,-1433.277226,-1652.400153,-0.125355308,0.739775897,1.403857796,-0.334297956,-1.548093461,-1.614147686,-2.813602786,2.157815148,-2.083805723,-5.360869755,5.633978071,-4.857895721,1.916764461,-9.731892521,-30.09501133,27.39153401,-24.40334607,47.95825885,-19.44543079,-36.23172449,42.45121769,-76.86144139,-4.032028059,10.29985913,-14.42887707,-7.797696898,-37.22186328,8.326501679,1.892124582,48.80153141,-4.043636158,-0.058435189,-0.082924581,-0.027694632,-0.166914185,0.037506764,1.510929305,1.174234789,0.968266774,0.941752188,0.993152892,1.09464567,1.034491796,0.770745231,0.762338609,1.00992362,0.824775381,0.952959638,0.869639782,0.59971593,0.847003381,0.723496774,0.952751496,0.878885189,1.015220408,1.262045819,0.620111008,1.083775513,1.185787042,1.477523171,0.966949051,1.241963425,1.163669003,1.168575208,0.921830066,1.189720299,0.60297001,0.789024009,1.111912567,0.784608897,1.045058924,1.661227285,0.595501274,3.151260504,0.02896707,-13.81222294,426.7646839,0.100848286,-8.947138247,-11.39692946,-5.67812261,9.858750281,2.940860476,0.225754626,-5.804395713,0.0,4.687227318,13.30228719,0.0,4.138013158,4.060525081,3.968331845,3.754534787,3.451653077,3.361671249,3.293855076,3.146860105,1.748028145,1.444934015,1.438663847,1.423911917,1.395600361,3.598192371,3.306627067,3.029466912,2.941307213,2.904831892,4.747224299,4.681600699,4.117942206,3.890657382,3.77782832,3.634164002,5.0,10.0,3.0,3.0,1.0,1.0,0.0,0.0,0.0,0.14271745,0.593704066,3.240248406,0.0,1.0485655,0.0,1.686651575,0.0,0.34012693,8.227474847,3.249271275,5.20266,22.6441564,441.5610498,0.056796798,-11.18627379,582.6347044,950.0,0.0,0.0,18.0,0.0,0.0,0.0,0.0,0.0,0.0,0.0,0.0,0.0,0.0,0.0,0.0,0.0,6.0,3.0,0.0,6.0,6.0,0.0,2.0,0.0,0.0,0.0,3.0,1.0,2.0,2.0,2.0,0.0,0.0,0.0,0.0,0.0,19.31634542,0.0,0.0,0.0,-0.422269651,-0.219683187,7.902647592,0.0,0.0,1.084215848,0.0,0.357136574,-0.219683187,0.0,0.0,0.0,0.0,0.0,0.0,0.0,0.0,0.0,0.0,0.0,0.0,0.514715539,0.0,1.491237117,0.0,1.597544912,-0.420765814,0.176134242,0.0,0.0,4.282822155,1.789275295,0.0,12.53623309,5.181751576,0.0,0.0,0.357136574,0.0,14.2426998,2.193662846,0.0,0.0,0.0,0.0,0.0,0.0,0.0,0.0,0.0,0.0,0.680695294,0.733456204,0.0,0.0,14.2426998,0.727079274,0.997660799,-0.10708339,-0.420765814,9.986776408,55.25,1.41667,2.5,1.01823,1.30437,0.296296296,1.774626732,3.950010515,5.15268589,5.29491839,20.65708836,43.93552598,52.64975662,33.55492939,23.0,0.0,3.11,1.89299585,5.412183791,3.208329585,21.55338331,26.61888221,0.0,0.142857143,0.394364246,0.25,0.0,0.0,0.944940787,1.989385987,0.685006711,0.003,3.079,3.766,3.041,8.717141727,5.0,0.0,2.0,3.0,0.0,1.0,0.0,1.0,0.0,0.0,0.0,0.0,0.0,4.0,0.0,2.0,0.0,0.13114104,-7.922779394,990.9810993,3.044522438,3.876,-1.6938822421599529,0.014878994118697881
1.0,1.5530054225789267,10.98193321,1.6291746493361006,88.907204,0.0,5.0,3.0,0.0,3.0,0.0,2.0,0.0,5.0,20101.6382,449.1634945,279.1894194,127.074261,81.83710992,85.40479112,91.73804496,247.2647352,220.1032386,211.8619505,205.8352971,183.4529708,8.078614417,7.891235903,7.681524421,7.634099005,7.671920625,7.553166629,7.487270439,1.755839171,1.543651878,1.559970356,1.462548553,165.4259318,147.6632549,158.5446943,155.9982389,160.415714,155.0368018,157.5936943,155.2301263,158.5349354,6.238381868,3.370898311,4.686467236,4.240909091,2.564942749,2.587088018,2.494226266,2.272236547,-0.268912495,0.291007225,-0.049219796,-0.033740598,0.153254895,-0.216552728,-0.021495797,16.05240227,767.1614819,-1561.916312,-838.1191096,840.5372093,-15.87200737,832.0798373,1719.597561,-53.39557682,582.2116738,-834.5888313,1337.064854,181.4385593,120.4253976,-1270.608607,-973.8599943,-0.318960099,4.443125235,5.922440148,-0.500891358,0.205939012,0.023448247,0.29180516,2.173154148,-0.88973532,-3.405425003,6.344144758,1.17347112,-1.753156397,-2.24852476,-21.2606696,101.7888623,4.251370801,54.36940486,-8.284095957,42.93898199,-14.25590491,9.206585064,-16.23974481,183.945501,12.81087579,21.74109294,14.97085948,18.51829262,0.211215819,50.81431952,0.537613382,-0.213680853,0.067425662,0.120586729,0.064529567,0.078136256,1.588908516,1.121602175,0.609617387,0.655328401,0.613458812,0.595929666,0.599011682,0.476489106,0.674857178,0.303167294,0.561630745,0.590427044,0.936292149,0.779916292,0.585038027,0.423110602,0.587269945,0.407953126,0.442343338,0.368493458,0.302015824,0.699496887,0.99523964,1.077675549,0.718269934,0.835343665,0.740520257,0.634941117,0.72260142,0.634546872,0.371241634,0.167032459,0.275751023,0.126555324,0.138501912,0.143560748,0.151843702,4.121428571,0.265999884,-5.826741389,6001685.688,0.560634608,-2.546217993,-6.653032026,-2.182347546,9.968735422,3.460149241,0.23422409,-6.386498681,1.0,2.675375,13.77643792,0.0,6.879516345,6.879516115,3.996653267,3.741698546,3.656513883,3.637073851,3.602928743,3.445249673,1.810745864,1.615679746,1.493758618,1.318498378,1.292421141,3.565690093,3.382144843,3.332249949,3.237085757,3.033986885,5.363297089,4.717289621,4.502269289,4.502269289,4.045756428,3.886452067,1.0,16.0,4.0,3.0,3.0,0.0,0.0,0.0,0.0,0.11785113,0.468480722,4.154046249,0.288675135,1.424292593,0.288675135,1.918433389,0.013498731,0.209702256,8.426612942,3.102411649,7.82987,28.0374904,602.6054979,0.098471666,-10.1991403,13131.98075,1510719392.0,1.0,0.0,23.0,1.0,3.0,0.0,0.0,0.0,0.0,0.0,0.0,0.0,1.0,0.0,0.0,0.0,0.0,3.0,2.0,13.0,2.0,3.0,2.0,0.0,1.0,2.0,0.0,3.0,0.0,1.0,1.0,0.0,0.0,0.0,0.0,0.0,36.41087633,0.0,0.0,2.883971561,-0.290709809,8.029839263,0.0,-5.083333317,0.0,0.0,1.022916685,2.111626296,-2.756944439,9.099696215,10.82113237,0.0,0.0,0.0,0.0,0.0,0.0,0.0,1.022916685,0.0,0.0,0.515644677,0.956979411,2.12858728,0.857271793,0.0,-0.204316072,0.0,0.0,4.807377986,0.0,2.111626296,7.124999898,8.895833206,6.861773917,10.57870355,0.0,0.0,1.022916685,10.57870355,2.286379955,9.099696215,10.82113237,0.0,0.0,0.0,0.0,0.0,0.0,0.0,0.0,0.683118224,0.705719669,1.019486169,0.0,8.895833206,0.0,1.437499994,-0.504979274,-5.083333317,13.44804196,48.0,1.09091,0.0,1.09314,0.88858,0.258064516,1.84623835,3.959048297,4.763199828,5.275000175,28.57574196,49.44807701,76.14873836,45.89348525,15.0,3.0,3.44,0.5,4.110286005,22.62879749,9.230725985,0.794582782,0.0,0.5,2e-09,0.0,0.0,0.0,0.5,2.126895542,0.825481812,0.945,1.983,3.57,3.851,4.576752768,6.0,0.0,1.0,5.0,0.0,6.0,0.0,0.0,1.0,2.0,0.0,0.0,3.0,3.0,0.0,2.0,0.0,2.430333922,3.907326123,383.7476063,2.397895273,4.202,-0.17527607880743368,0.7109901623179713
0.0,-0.1263716440460168,0.29899024,-1.113567471049691,71.123653,23.0,6.0,2.0,0.0,1.0,2.0,0.0,0.0,3.0,8191.396989,281.7605929,143.7087191,116.9045248,91.06415316,87.87203256,76.02370212,251.1988367,232.8183244,216.016649,196.0988772,189.3092837,8.029213018,8.044536375,8.013697822,7.963637876,8.010485209,8.00441418,7.678824,1.709137333,1.506508645,1.409477277,1.433622694,163.7078133,148.2476252,155.7418456,158.3763941,159.7819479,156.4301245,160.2746605,162.9969011,157.5734777,4.943168296,3.427814882,3.360681609,3.434960134,3.702272321,3.623298512,3.499281468,2.924873469,0.094215214,-0.254669192,0.570104592,-0.438002878,0.019923118,0.122088479,-0.006102742,47.076475,748.4896374,91.56711045,-221.2356614,-595.9750571,-816.8787917,-695.6405744,131.0169265,-11.17123688,799.9090793,126.4654542,287.1231269,-784.2081833,-929.1009183,-363.6155727,-1803.989087,-0.463569184,0.60067852,0.374523504,0.662093999,-1.375495179,-1.229455713,-1.818107295,0.749068971,-0.772930703,-1.249165916,1.40826216,-3.695285736,4.61852874,-9.691159196,-22.5595244,5.056379843,-4.748561776,33.77475923,-50.33605181,11.38549023,39.82247018,-93.14092979,-8.11545896,5.341134322,-3.081883953,-9.226631385,-51.17610804,-5.396139159,0.771745492,47.8687206,-5.1049501,-0.133040311,-0.021108794,0.08986439,-0.270773058,-0.031012294,1.565405287,1.020416802,1.203021447,0.84908253,1.241292095,1.106217727,0.963408683,0.70529709,0.780997759,0.701632611,0.857429917,0.900740639,0.974682903,0.716606092,0.736450576,0.869335148,0.897196644,0.995464444,1.002098291,1.193659161,0.785494163,0.9851778,1.263673902,1.239940632,0.98911546,1.076969877,1.232674972,0.947861623,0.859635641,1.228061194,0.572190881,0.813824009,0.99771853,1.006712803,1.084626749,1.427071594,0.879971865,2.984593838,0.041987312,-11.41339607,374.1859448,0.013980213,-15.37240432,-9.456546653,-18.11230932,9.255845514,2.96487287,0.246173831,-5.046182508,0.0,5.130364446,13.0553403,0.0,4.121926909,3.987958526,3.951176404,3.74813391,3.442335741,3.286834935,3.220477994,3.064548766,1.749463506,1.423586536,1.410374113,1.348672753,1.249629723,3.582108309,3.285555882,3.00331854,2.846680792,2.819226881,4.885089513,4.686414768,4.124130282,3.899500039,3.794444893,3.690744648,4.0,13.0,2.0,2.0,2.0,0.0,0.0,0.0,0.0,0.14271745,0.621481844,2.853394874,0.0,0.894825112,0.0,1.404156363,0.0,0.276893304,7.197549784,2.750745339,7.69626,22.20424909,399.6764836,0.010641689,-16.35471374,450.3483717,789.0,1.0,0.0,20.0,0.0,0.0,1.0,0.0,1.0,0.0,0.0,2.0,0.0,0.0,1.0,0.0,0.0,8.0,3.0,0.0,8.0,3.0,0.0,2.0,0.0,0.0,0.0,3.0,1.0,1.0,1.0,1.0,0.0,0.0,0.0,0.0,0.0,19.63472822,3.310337618,0.0,0.0,-0.632391927,-0.35025323,5.043862899,0.0,0.0,1.034116754,0.60555132,0.322943083,-0.351590959,0.0,0.0,3.310337618,0.0,1.208383646,0.0,0.0,0.934689386,0.0,0.0,0.60555132,0.0,0.525796997,0.0,1.497943202,0.0,1.55337291,-0.552773876,-0.351590959,0.0,0.0,4.134571773,1.543534554,0.0,13.96178943,5.466650821,15.4307589,0.0,0.322943083,0.60555132,15.4307589,2.063338247,0.0,0.0,3.310337618,0.0,1.208383646,0.0,0.0,8.454580012,0.0,0.0,0.714636266,0.708261518,0.0,0.0,13.96178943,0.711173671,1.028130533,-0.08325311,-0.552773876,10.07698988,51.75,1.4375,2.5,0.91654,1.29482,0.2,1.835612021,4.140607211,4.873749059,5.218511944,22.16675213,44.83920259,52.9386516,32.68868579,22.0,0.0,3.0,0.650697637,3.222970712,6.420678927,25.02611124,23.9734319,0.0,0.0,0.142857143,0.0,1.040041912,0.272165527,0.944940787,1.465795435,0.333333333,0.25,2.163,3.948,4.008,8.60255973,5.0,0.0,2.0,3.0,0.0,1.0,0.0,1.0,0.0,0.0,0.0,0.0,0.0,3.0,0.0,1.0,0.0,0.097296669,-8.387965891,1376.835351,3.044522438,4.807,-1.3585099733110004,0.017361289288779332
0.0,-0.2929073916091278,0.07420176,-0.5985700249554053,80.559618,23.0,8.0,3.0,0.0,1.0,1.0,0.0,0.0,2.0,8020.927271,374.9775187,119.7153324,110.1299422,90.73425722,84.47110053,68.98920633,237.9604669,229.5115701,211.9597447,198.0741868,184.5755782,7.993408552,8.011303649,8.018598831,8.028595968,8.020924095,8.049038137,7.780155855,1.586886515,1.455100585,1.387292045,1.33574074,165.3147563,149.0445103,160.7334604,156.3268764,163.5743758,156.7453294,160.8984495,161.719554,162.7786791,5.596679383,3.535501072,3.342845578,3.763610833,3.740807474,3.621928277,3.99847793,3.456799476,-0.034636158,-0.071236548,0.301429909,-0.282842561,-0.002600602,0.273334249,-0.25118336,134.3858304,1132.343988,-131.0779009,671.7799218,-1219.487563,-271.3115923,-1160.915102,107.9183868,-227.2777944,1903.11044,-591.2855008,1414.587576,-1609.068476,-174.2904413,-1574.267676,-320.4212503,-0.357040536,0.36201546,-0.057049101,0.165014235,-0.963570645,-1.434383102,-0.563567056,-0.043627205,-2.585301034,-5.493892956,8.13669139,-0.380116678,-3.149233822,-2.716993774,-49.11343791,41.32076544,-49.25565495,68.41487705,-46.55070959,14.31146754,-15.75602979,-31.30434134,-3.794081786,8.599310024,-8.078864629,-13.34982965,-28.06363504,31.40496729,1.892758175,47.00188305,-0.829954483,-0.053437772,-0.044146801,-0.043606568,-0.128144452,0.142749851,1.477891631,1.171121274,1.15563212,0.9831036,1.205313057,1.165689789,0.985627907,0.957751975,0.766381874,1.031014858,0.916079618,0.990054667,0.962729128,0.577556998,0.808242216,0.88295096,0.975198593,0.99505686,1.092965761,1.162555691,0.906459298,1.177558039,1.058603635,1.457535141,0.860088074,1.265716175,1.16768251,0.941557184,1.028129193,1.07949628,0.53347317,0.779242883,1.012553708,0.937633653,0.919421135,1.24929018,0.828662176,2.8732493,0.044385653,-12.77083987,483.0021441,0.147390952,-7.850133419,-14.20458113,-6.762869714,10.33885191,4.134551049,0.113009552,-8.939160022,0.0,4.280043887,12.9853221,1.0,4.133300579,4.033046567,3.871399747,3.742030096,3.520200338,3.373542854,3.244061951,3.154899013,1.764827618,1.601184572,1.449677153,1.425121138,1.40054216,3.608075597,3.301194174,3.177773622,3.055270664,2.958766632,4.835195908,4.714954693,4.628169676,4.500523342,4.081304622,3.805786244,6.0,9.0,3.0,2.0,2.0,0.0,0.0,0.0,0.0,0.14271745,0.593704066,3.467088667,0.0,1.179342909,0.0,1.705306764,0.0,0.332372381,8.739242121,3.135132989,5.15411,23.01162118,471.7382343,0.034484657,-13.80568717,604.3554666,1008.0,0.0,0.0,19.0,0.0,0.0,0.0,0.0,0.0,0.0,0.0,0.0,0.0,0.0,0.0,0.0,0.0,6.0,3.0,0.0,6.0,6.0,0.0,2.0,0.0,0.0,0.0,3.0,2.0,2.0,2.0,1.0,0.0,0.0,0.0,0.0,0.0,13.48891297,0.0,0.0,0.0,-1.108786168,-0.493014447,2.881852209,0.0,0.0,0.431995524,0.0,0.431995524,-0.720465588,0.0,0.0,0.0,0.0,0.0,0.0,0.0,0.0,0.0,0.0,0.0,0.0,0.557826892,0.0,1.494292892,0.0,1.238184996,-0.89307027,-0.720465588,0.0,0.0,4.433246324,1.38664365,0.0,13.35421511,5.591999517,15.00036706,0.0,0.431995524,0.0,15.00036706,1.835968353,0.0,0.0,0.0,0.0,0.0,0.0,0.0,0.0,0.0,0.0,0.754551437,0.708240028,0.0,0.0,14.1811795,0.431995524,1.123113457,-0.097712939,-0.89307027,9.953398738,60.25,1.46951,2.5,0.96063,1.42282,0.296296296,1.803816683,4.122611587,5.09901475,5.371621653,20.06854832,45.16714746,49.77810268,32.66145917,23.0,0.0,3.11,2.05618031,5.188669279,4.281402897,23.57725804,26.60758695,0.0,0.2,0.239045722,0.0,0.275160604,0.425090085,0.944940787,2.670619991,1.049115063,0.003,3.378,4.421,3.558,8.971599387,5.0,0.0,2.0,3.0,0.0,1.0,0.0,1.0,0.0,0.0,0.0,0.0,0.0,4.0,0.0,2.0,0.0,0.182142036,-6.982170753,571.5243025,3.044522438,2.911,-1.4486391894414545,0.01725343717561675
0.0,-0.6318659011353579,0.08185321,-0.5841811385335618,73.719618,12.0,3.0,3.0,0.0,1.0,2.0,0.0,0.0,3.0,8008.121284,317.8647596,131.2806768,106.5140248,75.50181059,79.92195987,60.99293758,235.7986488,201.1843469,191.6522153,180.143982,170.1752044,7.89417682,7.838978451,7.739965333,7.921693546,7.948855028,7.844201387,7.764891636,1.630262238,1.371658636,1.346829359,1.339561256,162.8599848,145.8674302,150.0689954,157.493881,160.1298831,159.8340031,161.8580478,162.5877518,162.0124766,5.210897698,2.937807863,2.860163752,2.941497776,3.401473132,4.136097425,3.037549014,2.58375696,0.087399097,-0.05982958,0.34181992,-0.828617873,0.593851488,0.183590078,-0.40227601,7.994309278,413.2396199,-541.2567052,1089.423363,-921.51215,774.4340866,488.0975664,-2763.886824,306.5349853,-15.36642202,-410.0531341,1184.125392,-490.9545517,-251.7684022,-119.2443451,-1672.26809,-0.500100496,0.741483451,-1.051952451,0.084547501,-3.388314228,4.275346465,-0.849877182,-3.700407459,1.692155508,-1.457663465,3.424472383,0.189714819,1.957096611,-6.820340152,7.236076804,-25.3061375,-6.62189784,-2.338835888,-24.65398056,9.3249909,0.712778131,-14.48916552,-6.81421948,-31.60866457,-12.09294382,104.6115657,-56.08372774,-42.42606348,0.121125898,51.03674783,-1.154900927,-0.10324575,-0.0601639,-0.248749093,-0.264545886,-0.226877345,1.428021384,0.818054746,1.132214169,0.944088289,1.445153643,0.960041515,0.855192426,0.936644692,0.66843534,0.843320342,0.777039063,0.995515582,1.518795674,0.947461643,0.560818092,0.956563535,0.865050191,1.213070349,0.914849696,1.163718432,1.230114409,0.941620522,1.21355938,1.024051475,1.14745306,1.021473796,1.124382823,1.054329175,1.074674934,1.035881425,0.53238006,0.978234288,0.979802798,1.349291397,1.045923509,1.319830077,1.009393675,2.806022409,0.550136754,-2.091559358,473.922753,0.7063405,-1.216802519,-2.219269048,-0.888281146,10.97935036,2.985599712,0.447671897,-2.812931407,1.0,5.125751511,14.94355433,0.0,4.097181902,3.984429795,3.834172845,3.744625438,3.466254227,3.427136159,3.2663262,3.021783471,1.854912524,1.596295987,1.385270421,1.312082465,1.101650641,3.664435315,3.339027955,3.173156389,2.859917888,2.745256314,5.244801519,4.977744938,4.964732796,4.367718011,3.976188705,3.81991828,2.0,10.0,2.0,1.0,7.0,3.0,1.0,0.0,0.321114263,0.731092502,1.288218858,4.118794926,0.38650087,1.204216388,0.230257185,2.43233716,0.210387791,0.543515706,8.95631384,4.859254544,4.63039,21.22033965,371.3559439,0.315285836,-4.039964729,356.7406971,764.0,4.0,0.0,14.0,2.0,3.0,6.0,1.0,8.0,5.0,0.0,1.0,4.0,1.0,0.0,3.0,0.0,6.0,9.0,1.0,6.0,1.0,5.0,3.0,0.0,3.0,0.0,0.0,0.0,0.0,2.0,0.0,0.0,0.0,0.0,0.0,0.0,14.87305075,5.969164622,2.133424714,3.447169003,-1.551984696,-0.3581492,3.694258481,-2.4383305,0.0,0.979834693,0.07165777,0.323165275,-0.287008852,3.280909852,0.221362966,0.200947289,1.134515103,0.023157303,0.047055466,0.0,0.156262871,1.024858416,0.327240559,0.0,0.07165777,0.425978826,0.887494086,1.766350336,0.491062313,1.758453919,-0.75386728,-0.287008852,3.089169081,0.0,0.0,0.0,10.1613034,13.78749249,0.0,15.83240882,0.0,0.323165275,0.327240559,15.83240882,2.067618229,4.309549265,0.98798096,2.418011865,1.134515103,4.844872547,1.182439861,0.0,0.156262871,5.181006312,0.306009818,0.887494086,0.494170871,0.952738852,0.0,14.08304246,0.656669419,0.887494086,-0.164952045,-1.064809706,7.876359827,39.5,1.12857,1.5,1.19139,1.00443,0.461538462,1.735120283,3.94083442,4.824443183,5.393771969,20.73284274,40.69997623,54.38496347,30.59094274,9.0,0.0,3.33,0.0,1.477979948,10.88391157,28.90370165,16.60866738,0.81982765,0.421716333,0.0,0.0,0.0,0.0,0.721124785,0.0,0.0,0.871,2.238,3.515,3.144,3.189647047,6.0,2.0,2.0,2.0,0.0,1.0,0.0,0.0,1.0,0.0,0.0,0.0,0.0,2.0,0.0,0.0,0.0,0.416699362,-3.063865955,502.5292797,3.044522438,3.519,-1.3983729740116067,0.012042251351841326
0.0,-0.1533790812419295,0.25230529,-0.630077508311797,79.989411,23.0,7.0,3.0,0.0,0.0,2.0,0.0,0.0,2.0,8577.246341,272.7605929,129.9582779,110.2347274,89.92606737,82.79385489,68.82272889,236.8868319,228.7763871,208.9509569,194.4485923,178.9537311,7.888035,7.949764767,7.950871441,7.946709209,7.9700809,7.957012111,7.665340185,1.624382734,1.464869486,1.407846431,1.354664096,163.448142,148.4951935,160.3152654,155.5667787,162.4774037,155.2500703,160.322961,160.4009952,161.3432012,4.132736256,3.199794239,3.057290072,3.283330515,3.468005246,3.367338098,3.37514289,2.666333257,0.007063394,-0.0069531,0.236746,-0.331087229,0.121494444,0.205921251,-0.274547312,134.342523,1150.866467,-411.8701,357.6798422,-961.0700297,-542.4828368,-1276.561913,441.2799894,-227.9852563,1845.430417,-651.2328384,1368.103496,-1444.873271,-319.0298423,-1739.269931,-421.8043025,-0.270251093,0.546350869,0.2401236,0.066445418,-0.551131811,-1.45369402,-1.689396463,-0.392206039,-2.552756765,-5.698143787,7.849395575,-0.398213295,-2.333138284,-1.733204446,-47.56362847,48.91791314,-36.57542959,72.43458507,-62.37054387,27.18162009,-11.17884943,-26.37275365,-4.569207703,12.64166309,-17.61017023,-1.101685484,-50.8498293,-8.815569808,1.9191789,49.11430868,-1.526458575,-0.065274396,-0.098380839,0.091548451,-0.235415876,-0.040812823,1.570918984,1.226680325,1.19555435,1.051276823,1.301480889,1.21299812,1.02488547,0.932244576,0.753047966,0.844765304,0.854011869,0.924968195,0.92338114,0.584219986,0.853850602,0.876601332,1.031097263,0.993291651,1.186013143,1.26845359,0.847959054,1.122737991,1.028288934,1.646408736,0.890755486,1.289861761,1.331073761,0.980135977,1.051780778,1.046979521,0.586451132,0.791998137,1.291692511,1.050836403,1.189934695,1.724966084,0.837326362,3.044117647,0.062390078,-10.81996117,527.0672929,0.126072773,-8.076494304,-12.83284889,-6.678645908,10.0245589,2.486180283,0.144440526,-7.546061031,0.0,5.208674461,13.0291342,0.0,4.135059502,4.033557778,3.952513317,3.764683454,3.5223752,3.402994072,3.261356986,3.238283735,1.763768188,1.601184129,1.427780976,1.423242975,1.400538433,3.59882733,3.291914012,3.174190002,2.958941355,2.927904622,4.735720214,4.650404909,4.091174706,3.873599712,3.759522065,3.61684817,6.0,10.0,2.0,2.0,2.0,0.0,0.0,0.0,0.0,0.14271745,0.608996017,3.353394874,0.0,1.061491779,0.0,1.767565744,0.0,0.316623861,8.130664807,3.131856969,5.79673,22.56758692,440.0679449,0.043977583,-12.18389352,583.8771395,918.0,0.0,0.0,18.0,0.0,0.0,0.0,0.0,0.0,0.0,0.0,0.0,0.0,0.0,0.0,0.0,0.0,7.0,3.0,0.0,7.0,6.0,0.0,2.0,0.0,0.0,0.0,3.0,2.0,2.0,2.0,1.0,0.0,0.0,0.0,0.0,0.0,20.08051617,0.0,0.0,0.0,-0.577368779,-0.301487798,6.714431066,0.0,0.0,1.256438979,0.0,0.536285024,-0.301487798,0.0,0.0,0.0,0.0,0.0,0.0,0.0,0.0,0.0,0.0,0.0,0.0,0.525796997,0.0,1.560443202,0.0,1.68837291,-0.51993437,0.321330362,0.0,0.0,4.497002902,1.626034554,0.0,13.3646312,5.648665284,0.0,0.0,0.536285024,0.0,14.19425265,2.092852136,0.0,0.0,0.0,0.0,0.0,0.0,0.0,0.0,0.0,0.0,0.714636266,0.686195402,0.0,0.0,14.19425265,0.720153955,1.028130533,-0.11840936,-0.51993437,10.41350892,56.0,1.4359,2.5,0.98117,1.33526,0.296296296,1.753935073,3.893419129,4.947369453,5.248495256,20.25707263,42.6927524,55.12777829,33.63634705,23.0,0.0,3.11,2.05618031,5.341139698,4.671809732,22.5440543,23.68574879,0.0,0.2,0.239045722,0.0,0.0,0.0,0.944940787,2.670619991,1.049115063,0.003,3.258,4.028,3.659,8.82650726,5.0,0.0,2.0,3.0,0.0,1.0,0.0,1.0,0.0,0.0,0.0,0.0,0.0,4.0,0.0,2.0,0.0,0.185230959,-6.575992043,503.8428528,3.044522438,3.7,-2.626352498878325,0.012000522430037228
1.0,0.7233005373984274,3.79003024,-0.1370887591109798,98.648134,18.0,2.0,5.0,1.0,0.0,2.0,0.0,0.0,2.0,10157.07125,390.4350613,123.8667225,109.7015443,69.04151867,66.64472905,56.11675813,228.7080284,196.950035,194.8963075,178.8264133,155.7930564,7.70409911,7.682999333,7.68656218,7.581488743,7.625662466,7.475858602,7.611742885,1.649618419,1.476936053,1.406949275,1.238648515,160.1373671,142.4135696,149.805361,152.6507712,161.3932364,155.5760265,155.2819703,155.0057092,162.6525113,4.761403187,2.689243588,3.025617284,2.836804397,2.704699467,2.910415092,2.601477975,2.867889131,0.152051757,0.049346143,-0.304266542,0.260325374,-0.092460055,-0.131718096,0.251658117,459.5953654,765.2726415,-2616.358313,-368.2402565,378.7375189,-1061.185355,-447.8560957,733.8617302,190.3833704,530.1998161,-2357.644597,1254.794808,786.1949026,-799.4898048,-2516.197432,2335.536149,0.200193766,2.148237072,-1.612384608,-3.736391202,0.772571073,-0.961740259,0.308885305,-0.505977759,0.31351317,-17.62159264,12.51877063,1.370475822,-16.01082767,14.89694122,-4.25376019,-0.307483533,-78.07033489,63.90040919,20.01828059,27.87808266,-116.034688,69.41706634,-18.81607556,1.842994701,-90.06500374,-4.831972436,23.32826676,-20.97880426,5.344132155,53.42323522,-2.330874067,-0.218791576,-0.311643612,0.03531294,0.058466834,-0.049361892,1.426760201,0.754186262,0.985127772,1.170908714,0.831168942,0.908439037,0.780147927,0.797847008,0.828703923,0.774064713,0.850734136,0.900205731,1.01596606,0.923548056,0.510144223,0.938760525,1.288377503,0.74905059,0.917854952,0.689680232,1.119972861,0.965464085,0.861324219,1.213928377,1.124588536,1.358016262,1.016960196,0.981584091,1.216677003,0.820274331,0.474543632,0.84878992,1.441427301,0.82205423,0.977762044,0.710713168,1.181322231,3.454831933,0.377272541,-4.289064701,705.1718885,0.136002235,-8.778369406,-6.864718327,-7.00362065,19.74381605,-1.512762659,1.446065854,1.622925327,0.0,4.258636607,14.25552736,0.0,4.725100199,4.013440811,3.950416755,3.86217107,3.767565224,3.622446958,3.38090349,3.286296561,1.837553243,1.773196134,1.63239031,1.418751837,1.372874417,3.771899443,3.68040743,3.566069659,3.166293177,3.09670304,5.110840349,4.893814334,4.784382173,4.056818182,3.936597868,3.910579056,3.0,13.0,3.0,5.0,6.0,3.0,1.0,0.288675135,0.166666667,0.0,0.459320386,5.452221469,0.571114263,2.671315186,1.21721681,3.821648021,0.467056891,0.995928438,11.34029701,5.934810068,8.1244,20.26109002,445.7439804,0.339013407,-4.759548741,585.1401289,1015.0,1.0,0.0,19.0,1.0,0.0,0.0,0.0,0.0,0.0,2.0,0.0,0.0,1.0,0.0,0.0,0.0,11.0,13.0,0.0,11.0,4.0,5.0,4.0,0.0,2.0,0.0,1.0,1.0,0.0,4.0,0.0,0.0,0.0,0.0,0.0,1.0,26.09905336,0.0,0.0,2.716640203,-0.619583546,-1.091983612,5.471716946,-1.708759961,0.0,1.396803614,0.536778271,0.680614329,-1.03476013,6.318109884,0.0,0.0,0.0,0.0,0.0,1.072185013,0.0,0.0,0.536778271,0.0,0.0,0.413051805,0.0,1.799680297,0.065727658,1.463788982,-0.396787236,0.138916509,0.0,0.0,4.49183166,1.997444885,9.636012552,11.77042779,0.0,0.0,-5.431992822,0.680614329,0.536778271,15.09374148,2.258274744,6.318109884,0.0,0.0,0.0,0.0,0.0,8.101992458,0.0,0.0,0.0,0.79327639,0.606064139,0.914534004,0.148559913,15.09374148,0.716189285,1.229372657,-0.413885848,-5.431992822,11.98086852,52.0,1.18182,1.0,1.35239,1.15305,0.441176471,1.625788315,3.720486774,4.884769615,5.369031882,19.65174084,39.95880155,69.22551938,40.82160806,9.0,3.0,4.1,1.5,8.822274305,22.19807915,42.96587076,15.38692143,0.166666667,1.485502048,0.0,0.0,0.0,0.0,0.0,0.2,0.0,0.591,2.416,4.189,3.293,3.352404543,5.0,0.0,0.0,4.0,0.0,0.0,0.0,0.0,0.0,0.0,0.0,0.0,0.0,2.0,0.0,2.0,1.0,0.259754953,-5.93127296,1221.135751,3.713572067,7.622,-1.425294732247731,0.016342032868512962
1.0,0.2762515882184433,1.46458404,1.2025366986482864,83.321618,0.0,3.0,4.0,0.0,1.0,2.0,0.0,0.0,3.0,8985.40989,381.3508707,134.1105954,111.3917579,78.18191191,78.50577045,65.07647188,249.5178039,214.4519352,199.6787924,180.4371093,177.4163499,7.94924003,7.805711527,7.863835163,7.827907743,7.844420367,7.804151888,7.757624954,1.70199553,1.427528694,1.33515645,1.35372133,160.5057036,144.1924744,149.5889041,155.9353691,156.7349893,155.8343559,158.0814465,161.5326286,161.7261925,5.69180404,3.131461751,3.160984489,2.990837537,3.262915861,3.700897207,3.287102014,2.879108769,0.058352879,0.089676041,0.019762286,-0.370195672,0.298890876,0.201686612,-0.330846483,43.35663032,126.732404,368.2028907,-485.851109,-719.7183837,710.360561,531.9914191,-1388.026266,181.7410448,-281.6615057,302.4300669,-78.16284098,-593.7863322,-1009.948283,-10.98916022,15.20971163,-0.388410178,1.164772298,0.137615773,-2.275433937,-1.730680198,4.200675899,-0.412987683,-4.130732977,0.750018887,-0.917852814,-0.101531082,-5.092182635,2.436610604,2.260320343,-5.525708421,-22.51916531,-11.89852517,5.572350765,-17.85974401,-23.49539536,-2.147116389,5.963471233,-3.693973516,2.776823607,-39.06831106,69.8822554,-25.0656019,-60.59608843,0.593926443,49.8383488,-3.568721849,-0.050602377,-0.181713075,-0.147201819,-0.08794948,-0.253540119,1.439948398,0.874052327,0.953693397,1.071232423,1.09528371,0.86778068,0.816428334,0.877494422,0.783756959,0.800640712,0.759436481,0.932227716,1.289363704,0.938126756,0.533261327,0.775832666,1.00887713,0.968700835,0.80677269,1.038797058,1.189729688,0.964674956,1.018627936,1.065318417,1.113926922,1.041711278,1.055500736,1.069197408,1.026443686,0.993458772,0.444515749,0.72233241,1.041746559,1.066379768,0.935590496,1.105010758,1.063729758,3.056022409,0.348360596,-4.323520278,693.3641787,0.428190517,-3.477566898,-4.549709481,-3.042426835,12.01471455,3.226504126,0.115044893,-8.865974704,1.0,4.283928787,15.09428459,0.0,4.075783526,3.960672753,3.87030039,3.78120404,3.642254273,3.543829677,3.321858547,3.21784955,1.79608949,1.618406454,1.459574238,1.372874417,1.261543294,3.700722356,3.586057026,3.296029213,3.063527297,2.973524481,5.105982705,4.960276056,4.866646046,4.849402987,3.928944647,3.904328367,3.0,15.0,3.0,2.0,4.0,4.0,0.0,0.288675135,0.204124145,0.123596937,0.851639926,3.387046085,0.055555556,1.351884866,0.10316315,1.851415998,0.032274861,0.489640256,9.047115087,4.151831598,6.74999,26.31363863,539.4295919,0.259477052,-5.531256741,621.9233144,982.0,2.0,0.0,21.0,2.0,1.0,1.0,1.0,3.0,2.0,0.0,1.0,0.0,1.0,0.0,1.0,0.0,0.0,9.0,2.0,10.0,0.0,5.0,4.0,0.0,1.0,0.0,0.0,2.0,0.0,3.0,0.0,0.0,0.0,0.0,0.0,0.0,20.61775635,0.191434744,8.279971885,3.83911309,-1.212173389,2.697425351,0.0,-1.209509279,0.0,0.90545822,0.307386098,0.282675519,-1.062628556,4.438107112,0.695920129,0.191434744,0.921696471,0.506346345,0.086890525,0.0,1.266775464,0.0,0.559531405,0.0,0.307386098,0.403018521,0.892515699,0.0,0.39528858,0.0,-0.730786145,0.0,3.158983743,0.0,0.0,1.647264949,9.587096957,11.71529584,0.0,16.2137728,0.0,0.282675519,0.559531405,16.2137728,2.060271592,6.55507594,0.695920129,0.191434744,0.921696471,4.983888357,8.19308136,0.0,1.266775464,0.0,0.307386098,0.937080578,0.591855924,1.0804134,0.443294525,14.64275515,0.622782701,0.937080578,-0.310360214,-1.209509279,8.175567298,45.25,1.10366,0.0,1.24874,1.08882,0.322580645,1.729575671,3.928009999,4.939463169,5.707880235,20.4083759,41.26998481,66.61612438,30.67951868,12.0,0.0,3.77,0.0,0.0,18.97843618,47.47674647,25.62213728,0.0,0.932089182,0.0,0.0,0.0,0.0,0.0,0.471404521,0.25,0.425,2.186,3.758,3.893,2.818564133,7.0,0.0,2.0,4.0,0.0,2.0,0.0,0.0,2.0,0.0,0.0,0.0,0.0,3.0,0.0,1.0,0.0,0.376281821,-4.00740926,531.8573415,4.110873864,1.549,-1.570795946969767,0.010408128947237779
0.0,-0.3170016670400881,0.05414929,-0.781079638783006,75.931032,23.0,6.0,4.0,0.0,0.0,2.0,0.0,0.0,2.0,8489.70598,274.0105929,136.9307416,114.5412636,92.4463489,85.80537725,72.91297853,243.4006351,231.6262311,212.6143641,196.4458682,184.3627698,8.001040032,8.011791407,8.037790198,7.985142035,8.016462242,8.004409561,7.723220343,1.653543963,1.480047646,1.409297318,1.382065912,162.5845368,147.7425391,158.6980847,155.4570379,160.1513224,155.3924121,159.6981728,160.5378067,159.4238682,4.419525692,3.325539344,3.248661641,3.376787075,3.545338852,3.484547117,3.458687142,2.800983082,0.05873123,-0.058038655,0.283245336,-0.387083205,0.193262661,0.162294869,-0.266676281,116.46181,974.2316013,-340.8268292,-16.66011363,-941.5247137,-606.3751323,-1105.524225,183.6473678,-199.1375114,1534.240136,-324.4140535,687.9941178,-1277.949313,-491.0959695,-1325.751593,-1076.732597,-0.367685831,0.615715778,0.013091576,0.274068666,-0.771651209,-1.209842139,-2.011401893,-0.296233043,-2.383265699,-4.045152483,4.749732626,-1.157749853,-0.471307079,-5.490672167,-40.67678903,30.95564625,-19.15963192,50.77238861,-54.18275105,15.41398659,9.147140449,-45.58405886,-4.42433016,12.2951393,-17.66286678,-2.705099077,-55.32013803,-9.671599562,1.764572878,48.21040283,-2.480282674,-0.067035305,-0.109030042,0.086220069,-0.269854332,-0.048846462,1.557915729,1.13539943,1.169279234,0.987519825,1.218504284,1.08526086,0.968043083,0.909861005,0.767069443,0.831536814,0.848390009,0.913133497,0.950350339,0.604993296,0.869492597,0.848051084,0.957867941,0.915630868,1.06839195,1.193085405,0.832236837,1.093202692,1.119109611,1.578405582,0.949686346,1.214824494,1.310403325,1.013333125,0.982830637,1.10660359,0.616624713,0.77982913,1.275767412,1.015516665,1.153628353,1.681852773,0.846040052,3.151260504,0.014318276,-16.13563043,426.1534117,0.079131065,-9.639269054,-16.89424634,-6.332243334,9.659556848,2.922135968,0.20646313,-5.995007031,0.0,4.688932742,13.01938175,0.0,4.134759535,4.032991211,3.951924215,3.752120712,3.518751338,3.392019277,3.260741674,3.128111546,1.745883001,1.443576589,1.426480988,1.422716576,1.396630152,3.583924149,3.287518483,3.031099119,2.958311358,2.878920788,4.747992419,4.663501087,4.103982643,3.882620647,3.773127843,3.622810617,6.0,10.0,2.0,2.0,2.0,0.0,0.0,0.0,0.0,0.14271745,0.608996017,3.057519019,0.0,0.894825112,0.0,1.540062416,0.0,0.271902502,7.57816362,2.879041151,5.33414,22.48093675,427.1377982,0.001883249,-23.84407559,927.9114085,891.0,0.0,0.0,18.0,0.0,0.0,0.0,0.0,0.0,0.0,0.0,0.0,0.0,0.0,0.0,0.0,0.0,7.0,3.0,0.0,7.0,5.0,0.0,2.0,0.0,0.0,0.0,3.0,1.0,2.0,2.0,2.0,0.0,0.0,0.0,0.0,0.0,19.3285785,0.0,0.0,0.0,-0.604427678,-0.316672983,6.135125025,0.0,0.0,1.246949043,0.0,0.531540056,-0.316672983,0.0,0.0,0.0,0.0,0.0,0.0,0.0,0.0,0.0,0.0,0.0,0.0,0.531969837,0.0,1.485028641,0.0,1.59462291,-0.531786222,0.170586086,0.0,0.0,4.267836235,1.611034554,0.0,13.33024525,5.166496258,0.0,0.0,0.531540056,0.0,14.13793034,2.082435469,0.0,0.0,0.0,0.0,0.0,0.0,0.0,0.0,0.0,0.0,0.722448766,0.727445402,0.0,0.0,14.13793034,0.715408987,1.034303373,-0.096486529,-0.531786222,9.235460393,55.25,1.45395,2.5,0.94604,1.33071,0.269230769,1.796771993,3.950038758,4.996388601,5.215898931,21.07809427,43.66331855,54.56498329,33.31566748,23.0,0.0,3.0,1.314723226,4.691235692,4.671809732,22.5440543,23.68574879,0.0,0.2,0.428972589,0.25,0.0,0.0,0.944940787,1.727854282,0.793700526,0.003,3.225,3.797,3.061,8.794837027,5.0,0.0,2.0,3.0,0.0,1.0,0.0,1.0,0.0,0.0,0.0,0.0,0.0,4.0,0.0,2.0,0.0,0.155804543,-7.064781353,553.2252281,3.044522438,3.657,-2.2215996209130395,0.013280929239179031
1.0,0.9656998725905066,5.50465444,1.4112026107510691,82.720032,0.0,5.0,3.0,0.0,3.0,0.0,2.0,0.0,5.0,19809.0457,449.1634945,300.137056,132.5251895,87.75499874,89.83076686,92.94551435,255.0256387,232.0902886,220.0347271,200.9347799,176.0658653,8.177353788,7.935947059,7.811372172,7.699847566,7.701572951,7.560291064,7.439026958,1.804002556,1.598739851,1.533795715,1.434268523,165.4152692,148.1662528,156.154553,157.3991873,158.630776,154.168581,155.3468043,156.4416487,158.1918455,6.805507493,3.531261023,5.018989328,4.43627451,2.701146384,2.745183088,2.566638608,2.326385266,-0.194288321,0.308641633,-0.056652752,-0.087728602,0.248307641,-0.353424884,0.106335111,-46.15122365,420.6397604,-1024.138411,-2067.607974,443.8573331,-747.5337302,1083.907521,2330.745963,96.17965358,-81.74433676,64.07658015,425.6191331,-1.411700857,-1159.941945,-1119.612976,-1089.71199,-0.533263537,4.64456638,5.97181643,-1.368149686,-0.199334116,0.306148926,0.455559636,3.69229319,0.299547422,0.441993928,2.891485943,-4.908566618,-0.530447354,-4.420429827,-5.862673523,79.8812627,19.68769481,47.82735809,6.408444047,11.16352379,2.675671801,-20.72389487,-20.42997719,185.9560819,1.733333046,24.78317834,23.0198829,32.32493974,-0.659303195,49.71261618,-5.63078614,-0.291856817,0.010633945,0.128953246,0.104635831,0.15176028,1.620921202,0.960103117,0.598184285,0.690574956,0.630081151,0.526614221,0.590984812,0.428392842,0.72570453,0.301786168,0.568823522,0.58317073,0.957795028,0.864342307,0.538622563,0.421017073,0.639462421,0.424996981,0.414539951,0.373264613,0.244377157,0.669749735,1.055937396,0.97215156,0.765494799,0.76348484,0.697716066,0.675412747,0.654644064,0.63709001,0.396984157,0.17639709,0.308917244,0.134545671,0.14593954,0.162506126,0.172783678,4.121428571,0.029797838,-14.75594164,6003409.84,0.20703498,-6.614443559,-14.24112026,-5.791835059,8.969449668,4.013084678,0.025102263,-15.4761485,1.0,2.675375,13.73714031,0.0,6.879516345,6.879516115,3.996573488,3.741602387,3.656316326,3.637073851,3.601407118,3.347493212,1.774774337,1.564606374,1.325094251,1.318498378,1.228337286,3.56326674,3.332249949,3.30560219,3.236740992,2.927830549,5.396227592,4.746908031,4.541598695,4.541598695,4.055624889,3.896691616,1.0,16.0,4.0,3.0,3.0,0.0,0.0,0.0,0.0,0.11785113,0.468480722,3.745797958,0.288675135,1.424292593,0.288675135,1.602205623,0.013498731,0.209702256,8.137937808,2.878804851,6.60428,27.45402484,562.3270439,0.055202338,-12.16634986,21323.18768,1805686692.0,2.0,0.0,23.0,1.0,3.0,1.0,0.0,1.0,0.0,1.0,0.0,0.0,1.0,1.0,0.0,0.0,0.0,3.0,2.0,13.0,0.0,3.0,2.0,0.0,1.0,2.0,0.0,2.0,0.0,1.0,1.0,0.0,0.0,0.0,0.0,0.0,35.9092212,0.941789927,0.0,2.25036045,-0.320287998,7.806182556,0.0,-5.083333317,0.0,0.0,0.408891443,2.070809969,-2.756944438,9.099696212,10.82113237,0.941789927,0.0,0.846736476,0.0,2.78335781,0.0,0.0,1.022916684,0.408891443,0.0,0.515644677,0.956979411,0.0,0.618324711,0.0,-0.219105167,0.0,0.0,4.73898766,0.0,2.070809969,7.124999904,8.895833214,6.807082559,10.57870356,0.0,0.0,1.022916684,10.57870356,2.26985103,9.099696212,10.82113237,0.941789927,0.0,0.846736476,0.0,2.78335781,0.0,0.0,0.0,0.683118224,0.711892508,0.859763946,0.0,8.895833214,0.0,1.437499994,-0.484979274,-5.083333317,11.24120697,46.5,1.10714,0.0,1.04925,0.87855,0.206896552,1.892273447,4.076513,4.74478143,5.305011064,29.89611151,50.76250581,74.67144221,45.42137224,15.0,3.0,3.22,0.0,0.0,22.62879749,9.230725985,0.794582782,0.0,0.5,2e-09,0.0,0.3086067,0.40824829,0.5,2.149139864,0.5,1.122,1.797,3.572,3.924,4.675582728,6.0,0.0,1.0,5.0,0.0,6.0,0.0,0.0,1.0,2.0,0.0,0.0,3.0,3.0,0.0,2.0,0.0,2.312471423,3.520930698,357.1139556,2.397895273,3.573,-0.12017537758239882,0.7977003497636774
0.0,-0.3301108949823738,0.04456321,-0.7608525055310568,77.575825,23.0,8.0,3.0,0.0,0.0,1.0,0.0,0.0,1.0,7514.707762,309.4497409,117.4173088,109.0689249,89.6491953,80.49452488,63.01786086,239.2454161,230.7614428,208.1145787,196.047622,177.7144573,7.895303016,7.909666761,7.968999743,7.920870398,7.955140478,7.997623569,7.596048154,1.605900541,1.44851299,1.398348417,1.324958036,163.4503547,148.8886728,158.0709919,155.0866967,163.6077903,154.9993095,159.7147676,162.2598525,160.0634151,4.835152201,3.467622852,3.242283951,3.461021272,3.638012065,3.454087587,3.555263052,2.905201409,-0.117606092,0.278368953,-0.135770071,0.014020042,-0.156312535,0.301372005,-0.300247542,121.5766226,910.4302022,38.82755122,246.2093752,-271.4892061,-605.2582246,-1747.635504,444.0099018,-127.5225058,1393.482718,-676.5382856,1509.35582,-1087.010187,-694.2274831,-1320.082307,-501.2008063,-0.148983647,0.634255786,1.429515671,-0.748929773,0.114729246,-2.331310004,-2.061741833,0.106052551,-1.659169271,-5.518896957,8.341781581,-2.832748014,0.745380426,-5.22913994,-29.11432283,28.46596228,-40.564593,82.6226464,-42.80409519,-23.79202935,44.51629673,-69.05779774,-2.174431797,10.47969742,-21.18455778,-14.7669619,-55.11561709,7.625294859,1.787891508,47.42402809,-3.453868075,-0.031976938,-0.123886303,0.047395268,-0.270174594,0.036660071,1.487780218,1.159152939,0.90896229,1.094428792,1.090390568,1.177708436,0.963383464,0.87875805,0.817910095,0.805349356,0.966292121,1.072280624,0.934027374,0.659104267,0.819420749,0.742642404,1.083591716,0.945913421,1.277492886,1.334247466,0.775776762,1.106087857,1.138934754,1.441576391,0.959458257,1.26563963,1.223562521,1.092339119,0.886748782,1.13161001,0.527408045,0.734161751,1.048979483,0.976442114,1.038836281,1.389151625,0.759369748,2.539915966,0.016367929,-16.0384824,487.0944246,0.19248658,-6.426142483,-13.8068079,-5.025637603,10.2198948,3.524948897,0.180945796,-6.667275266,0.0,4.29073943,12.95310312,1.0,4.129797876,4.020650923,3.846163947,3.724821552,3.504376607,3.350016233,3.242774793,3.155111547,1.769992431,1.596057505,1.453353593,1.40776035,1.337377787,3.610506225,3.303718252,3.169206425,3.054570949,2.933582957,4.713605105,4.620077918,4.522248197,4.088807235,3.823635881,3.714061916,5.0,10.0,3.0,2.0,1.0,1.0,0.0,0.0,0.0,0.14271745,0.621481844,3.076393795,0.0,0.94306664,0.0,1.568681131,0.0,0.293678895,7.656152481,2.863433864,4.51331,22.64101465,441.4997856,0.052261876,-11.51080366,771.5901664,956.0,1.0,0.0,19.0,1.0,2.0,0.0,1.0,0.0,1.0,0.0,0.0,1.0,0.0,0.0,0.0,1.0,7.0,3.0,0.0,7.0,5.0,0.0,2.0,0.0,0.0,0.0,3.0,2.0,1.0,2.0,1.0,0.0,0.0,0.0,0.0,0.0,19.36216848,0.0,0.799003594,0.0,-0.704152418,-0.383762746,5.490284147,0.0,0.0,0.490439454,0.477098288,0.490439454,-0.383762746,6.199840381,0.233987824,0.0,6.714715688,0.0,0.799003594,0.0,0.0,2.673566901,0.0,0.0,0.0,0.527155596,0.0,1.525658441,0.0,1.629851585,-0.632514715,0.242709987,0.0,0.0,4.452658629,1.516226983,0.0,12.99489128,5.603807368,0.0,0.0,0.490439454,0.477098288,14.07407207,2.134642192,6.199840381,0.723389298,0.0,6.714715688,0.0,0.799003594,0.0,0.0,2.673566901,0.0,0.696391715,0.709958921,0.0,0.0,14.07407207,0.490439454,1.050960679,-0.067415889,-0.632514715,8.88284901,57.75,1.48077,2.0,0.92428,1.35806,0.269230769,1.730730394,4.207062606,5.103373781,5.222274414,18.67697933,44.623365,46.88865052,33.68153184,23.0,0.0,3.11,1.711776812,4.620111566,6.285551704,24.72397345,24.07185594,0.0,0.2,0.239045722,0.0,0.374894217,0.312822796,1.159491882,3.190927551,0.531329285,0.45,3.128,4.278,3.67,9.139099171,5.0,0.0,2.0,3.0,0.0,1.0,0.0,1.0,0.0,0.0,0.0,0.0,0.0,4.0,0.0,2.0,0.0,0.154574795,-7.28160103,502.0743958,3.044522438,2.709,-1.7867553840966908,0.01995438250510993
0.0,-0.0278703618685644,0.50282281,-1.013349645596754,74.327032,23.0,6.0,2.0,0.0,0.0,2.0,0.0,0.0,2.0,7977.769978,224.7605929,132.962833,110.6808059,83.96419882,79.48353587,67.82642136,244.3009637,224.9615852,207.9436727,193.7948812,183.4561297,7.822684167,7.888213224,7.853584949,7.757033227,7.91329986,7.885266109,7.491212,1.687221962,1.488357306,1.424837941,1.433030311,161.8223119,147.3918934,155.1995183,155.8296731,158.3468381,154.6286192,159.3474984,161.5215382,155.3947604,3.746009882,3.202899949,3.069713444,3.032583994,3.02506547,3.242386831,3.156040784,2.468374914,0.208215971,-0.385797669,0.596013935,-0.299097207,-0.105664547,0.076003248,0.016799888,71.46741547,927.236706,-539.5291201,-166.2638035,29.24939343,-1652.253795,-1065.750758,199.5739614,-10.8223419,1050.012392,-174.2784653,235.4351423,-444.6045765,-1241.903653,-712.0482343,-2036.439713,-0.318846049,0.990367534,-0.708504304,1.486549136,-1.176989684,-2.516055678,-1.198588723,1.64190552,-0.79228754,-2.060839928,1.414980336,-5.106333395,4.254628486,-10.63175961,-21.36313148,18.48610556,-11.8549635,47.13077529,-50.18330938,-0.74249469,66.96981495,-88.82693131,-6.43993988,4.028168491,9.244472154,-22.97213564,-38.96013606,3.981470177,1.116678367,49.79859641,-6.209518266,-0.100624061,0.058509317,0.009838634,-0.193831523,0.020736824,1.639038402,0.965766872,1.306884191,0.83343796,1.220595464,1.216776668,1.024234816,0.617026666,0.775415359,0.645976732,1.022106521,0.915277059,0.932674972,0.703089497,0.762207999,0.98884674,0.819029596,0.940452191,1.310029416,1.271063229,0.558151607,0.963299016,1.257083368,1.374785912,1.000575643,1.161008984,1.244283475,1.047407205,0.807947398,1.209369838,0.564523184,0.786052252,0.930619039,1.049885216,1.689868804,1.75481415,0.605507196,2.651260504,0.056061256,-10.3727172,373.2539788,0.005329789,-18.84399721,-8.865416943,-9.133864444,9.416934038,2.140084686,0.262727527,-4.81189609,0.0,5.131684743,13.22390272,0.0,4.120172257,3.97282892,3.950316405,3.747546811,3.455809745,3.32072533,3.247847062,3.072229183,1.749477017,1.423587759,1.410656876,1.380145946,1.346226561,3.583119894,3.285604083,3.009157515,2.953341286,2.846431626,4.675142918,4.118259304,3.906237106,3.834549102,3.788972891,3.413210278,4.0,12.0,3.0,3.0,2.0,0.0,0.0,0.0,0.0,0.14271745,0.621481844,2.949619919,0.0,0.776399973,0.0,1.52656719,0.0,0.271032874,6.923578274,2.858277471,7.63989,22.19615652,399.5308173,0.009817775,-16.64481863,421.3994223,789.0,1.0,0.0,20.0,0.0,0.0,1.0,0.0,1.0,0.0,0.0,2.0,0.0,0.0,1.0,0.0,0.0,8.0,3.0,0.0,8.0,4.0,0.0,2.0,0.0,0.0,0.0,3.0,1.0,1.0,1.0,1.0,0.0,0.0,0.0,0.0,0.0,25.08143174,3.291404267,0.0,0.0,-0.298641927,-0.11025323,8.596638962,0.0,0.0,1.468132529,0.59667558,0.696958858,-0.11025323,0.0,0.0,3.291404267,0.0,1.263734336,0.0,0.0,1.144742718,0.0,0.0,0.59667558,0.0,0.507278479,0.0,1.539609869,0.0,1.61337291,-0.312773876,0.119317731,0.0,0.0,4.184158549,1.918534554,0.0,14.1284561,5.516237598,0.0,0.0,0.696958858,0.59667558,14.1284561,2.157088247,0.0,0.0,3.291404267,0.0,1.263734336,0.0,0.0,8.430104734,0.0,0.0,0.691198766,0.693261518,0.0,0.014131949,14.1284561,0.771173671,0.968130533,-0.113865355,-0.312773876,10.37934148,51.0,1.41667,2.0,0.96353,1.24562,0.230769231,1.710885467,4.011734915,4.870543771,5.085487054,19.79396163,42.19864809,53.69460135,36.39808739,22.0,0.0,3.22,0.936881783,4.793838417,6.173634416,25.52192294,23.68574879,0.0,0.0,0.142857143,0.0,1.040041912,0.272165527,0.944940787,1.465795435,0.333333333,0.25,2.108,3.959,4.134,8.601526331,5.0,0.0,2.0,3.0,0.0,1.0,0.0,1.0,0.0,0.0,0.0,0.0,0.0,3.0,0.0,1.0,0.0,0.096458028,-8.419130311,1091.915159,3.044522438,4.96,-1.7886949209845584,0.018450251283338392
0.0,-0.4696392053495722,0.000353,-1.579966978198529,14.831172,0.0,0.0,2.0,0.0,0.0,0.0,0.0,0.0,0.0,1381.584984,123.5555556,115.132082,108.195088,86.000043,0.0,0.0,258.1848285,92.85275528,0.0,0.0,0.0,8.235032,8.143797143,8.321658,8.929548,0.0,0.0,0.0,1.649854968,0.0,0.0,0.0,155.944943,139.9952487,144.3955462,158.5385321,169.1457715,185.09553,0.0,0.0,0.0,10.2962963,4.388888889,5.111111111,5.306878307,17.0,0.0,0.0,0.0,0.049563622,0.021242269,-0.174293031,0.09259339,0.0,0.0,0.0,8.53e-14,-54.108054,-176.874081,-149.820054,176.874081,0.0,0.0,0.0,-4.26e-14,-214.5359973,-162.8995054,-55.63150676,162.8995054,0.0,0.0,0.0,-4.72e-16,-0.06,-0.781896,-0.751896,0.781896,0.0,0.0,0.0,0.0,-0.700708609,-0.012187289,0.0,0.0,0.0,8.44e-15,-8.246277075,-4.123394827,-0.000256,4.123394827,0.0,0.0,0.0,-2.740740741,-22.18518519,-26.66666667,0.0,0.0,0.0,7.11e-15,45.02791735,0.0,-0.228395062,-2.222222222,8.308641975,0.0,0.0,1.112811655,0.647143014,0.935536197,1.77928548,0.0,0.0,0.0,0.0,1.590115025,0.0,0.0,0.0,0.0,1.096385357,0.656272889,1.290168762,1.765590667,0.0,0.0,0.0,0.0,0.0,0.0,0.916652422,1.22220323,1.047627187,0.0,0.0,0.0,0.0,0.625952381,1.261632653,1.811071429,0.0,0.0,0.0,0.0,0.5,1.94e-16,-28.94174783,40.3148575,1.11e-16,-29.38944046,-29.06506837,-28.4163242,2.757270621,1.415873016,3.05e-16,-28.58015973,0.0,4.38775,7.024131645,0.0,3.774574052,3.012573446,2.78450423,2.033170937,0.989437981,0.86540559,0.078647793,0.138895985,0.286367597,0.138895985,0.078647793,0.86540559,0.989437981,1.744267537,0.985397903,0.926790609,0.023385207,0.12318978,4.58013206,4.441154246,3.161233088,2.895648988,1.631116651,1.180500031,0.0,6.0,0.0,0.0,0.0,0.0,0.0,0.0,0.0,0.0,0.083333333,0.577350269,0.0,0.0,0.0,0.136082763,0.0,0.0,0.816496581,0.15713484,0.33687,7.675381755,30.70152702,0.094421893,-1.887985849,23.37145629,58.0,0.0,0.0,6.0,0.0,0.0,0.0,0.0,0.0,0.0,0.0,0.0,0.0,0.0,0.0,0.0,0.0,0.0,0.0,0.0,4.0,0.0,0.0,0.0,0.0,0.0,0.0,0.0,0.0,0.0,2.0,0.0,0.0,0.0,0.0,0.0,0.0,4.767777778,0.0,0.0,0.0,0.0,-0.241481481,0.0,0.0,0.0,0.0,0.0,10.28277778,-0.120740741,0.0,0.0,0.0,0.0,0.0,0.0,0.0,0.0,0.0,0.0,0.0,0.0,0.0,0.0,0.0,0.0,0.0,0.0,0.0,0.0,0.0,0.0,0.0,0.0,10.28277778,0.0,0.0,0.0,0.0,0.0,10.28277778,1.252314815,0.0,0.0,0.0,0.0,0.0,0.0,0.0,0.0,0.0,0.0,0.0,0.623611111,0.0,0.0,10.28277778,0.0,0.623611111,0.54,-0.120740741,1.436641481,10.5,1.3125,0.0,0.35224,0.69705,0.0,1.459147917,1.918295834,1.918295834,1.918295834,13.42349738,18.93327238,26.85614168,26.85614168,8.0,0.0,1.9,0.0,0.0,3.301927249,5.656854249,0.333333333,0.0,0.2,0.0,0.0,0.0,0.0,0.0,0.0,0.0,0.003,0.732,1.008,0.798,2.935483871,1.0,0.0,0.0,1.0,0.0,0.0,0.0,0.0,0.0,0.0,0.0,0.0,0.0,0.0,0.0,0.0,0.0,0.0,0.0,32.54481954,0.0,-0.228,0.13875212877102605,0.994362430843204
1.0,-0.1992613790399294,0.18207289,-0.9193229161520116,63.682239,12.0,1.0,3.0,0.0,0.0,2.0,0.0,0.0,2.0,6818.949307,231.6494818,131.1336405,103.2292351,68.20687982,61.45521508,62.5517804,237.6200631,200.6001653,184.6068454,171.7393374,151.3111857,7.737780269,7.612089652,7.646759804,7.634888545,7.541094219,7.52758258,7.65943369,1.6733694,1.405960399,1.342815741,1.213498231,159.1017108,142.5452481,148.9391528,155.6102886,158.3859752,154.3861239,155.7675741,157.461903,162.5322626,4.454797727,2.854788627,2.843228968,2.452331962,3.146926051,2.617691187,2.634651059,2.737887027,0.184329323,-0.023793478,-0.342196986,0.346031117,-0.024156715,-0.144187018,0.092630779,26.61798269,-16.86059619,-544.2285934,-314.0972239,-247.1560042,-373.3840447,451.1927176,224.936311,124.218728,-503.7302813,-370.4093647,459.530976,-416.5241377,-608.659081,-387.4717145,15.09627603,-0.176263905,1.125434343,-1.019438414,-1.690387633,1.634771361,-0.305742249,-0.621460166,0.284819763,0.602713366,-1.840644814,3.117887061,-3.161189443,-0.519026255,-3.00513851,-0.992897531,-13.22402771,-17.52257979,25.37848951,3.027337033,-7.751174244,-28.20448525,-19.89972368,-1.906178175,-17.89720589,-24.91223746,-15.11268053,-13.70452557,-0.73281946,0.483963322,53.18885757,-3.17009938,-0.034657785,-0.162825081,0.272730832,-0.071007905,-0.004362021,1.442217548,0.658673501,0.90362525,1.207568212,0.73728529,0.812652449,0.88815666,0.989087032,0.794050061,0.708023463,0.829035459,0.842568489,1.255173866,1.033614185,0.480866626,0.902393004,1.038437921,0.720205775,0.81712633,0.903826111,1.149772908,0.927484934,1.127695215,1.138442544,1.203511982,1.13053324,1.028116852,1.021591655,1.05738338,0.971032109,0.40807595,0.859934284,1.090694248,0.831161557,0.939782738,0.979879868,1.088972585,2.18697479,0.159609839,-5.321566548,2443.027124,0.213493898,-4.478026378,-5.938240883,-3.05252322,10.39427953,1.357499953,0.228517018,-4.280819325,0.0,4.14280817,12.91521503,0.0,4.009418007,3.950383421,3.783989976,3.624634456,3.431555222,3.285907932,3.22264692,2.922697715,1.578771847,1.425724696,1.372874417,1.099957687,1.082250302,3.570882403,3.215663293,2.930673767,2.851073215,2.716927071,4.960957309,4.854522627,3.956398596,3.929807199,3.88824148,3.628381263,2.0,10.0,2.0,1.0,5.0,3.0,0.0,0.288675135,0.204124145,0.0,0.348110351,2.265449433,0.0,0.389111245,0.0,1.319804448,0.0,0.164702425,4.284672931,2.231338229,5.44429,17.40457927,252.3663994,0.029766044,-10.19172226,482.359403,523.0,1.0,0.0,14.0,1.0,0.0,0.0,2.0,0.0,0.0,0.0,1.0,0.0,1.0,0.0,0.0,0.0,8.0,9.0,2.0,8.0,0.0,5.0,4.0,0.0,0.0,0.0,0.0,1.0,0.0,2.0,0.0,0.0,0.0,0.0,0.0,0.0,21.72381959,0.0,0.0,3.618825253,0.253323897,-0.854698174,5.148682461,0.0,0.0,1.598451683,0.547251178,0.780354458,-0.88327354,6.28295207,0.0,0.0,1.112614108,0.0,0.0,0.0,0.427049896,0.0,0.547251178,0.0,0.0,0.356797249,0.715066728,0.0,-0.077544984,2.107684135,-0.438327176,1.182934776,0.0,0.0,0.0,2.033095868,9.418755146,11.48092928,0.0,0.0,0.0,0.780354458,0.547251178,13.39749064,2.270050494,6.28295207,0.0,0.0,7.331792526,0.0,0.0,0.0,0.427049896,0.0,0.0,0.727671625,0.411406644,1.168946392,0.56581893,13.39749064,0.818097225,0.727671625,-0.158115237,-0.88327354,8.704430786,34.0,1.17241,1.0,1.01099,0.9193,0.391304348,1.568925536,3.468557864,4.474008228,4.964580824,18.42576976,35.78070879,55.92261308,34.80475297,6.0,2.0,3.33,0.0,0.0,17.23463684,34.95470449,12.70469421,0.0,0.814325285,0.0,0.0,0.0,0.0,0.0,0.0,0.0,0.591,1.292,2.389,2.342,3.522913081,4.0,0.0,0.0,3.0,0.0,0.0,0.0,0.0,0.0,0.0,0.0,0.0,0.0,1.0,0.0,1.0,1.0,0.028876942,-10.27966443,979.2960195,3.713572067,5.2,-1.4139457008676724,0.009243052095446404
1.0,1.6613386257130935,12.19685776,1.329707438925712,86.779376,0.0,2.0,4.0,0.0,2.0,2.0,0.0,0.0,4.0,9156.249549,419.6355929,125.428076,102.7551342,68.67272338,67.51260372,66.73388389,230.656509,189.7152433,183.6101938,169.3686612,179.6823402,7.92751,7.791946085,7.664777224,7.812932211,7.790751254,7.78656592,7.921894409,1.586323657,1.353068419,1.259366682,1.336237048,163.776739,145.4921859,151.6673469,153.6830238,162.2160069,161.7020553,160.6692092,164.2670528,163.2365377,5.748432779,3.250724226,3.212771021,3.144340743,3.380381141,3.378236756,3.461016434,3.551813718,0.01902383,0.266377371,-0.44678272,0.213050968,0.123149086,-0.073800986,-0.26787634,12.9457357,931.6406104,-1024.011945,1613.221332,35.45204741,-594.3001068,744.9688663,-2478.353521,164.8944938,1071.19268,-2074.920235,1488.901065,281.8642902,-1629.117985,1211.530707,-1554.846458,-0.446905562,0.903149536,0.328007063,-0.244129885,0.503352196,-0.348629497,1.199291013,-4.106606489,0.737803829,-10.67494082,3.31003454,-4.730058402,2.952934661,-2.725456127,1.218264322,3.21103579,-59.79436703,-27.37234044,17.06358333,-29.73750374,13.42079334,14.89731829,-10.26231319,-7.548948119,-15.78108518,-16.52161119,52.96892661,-61.03845374,0.170338628,51.19840473,-5.736330933,-0.135030437,-0.063124341,-0.019259502,0.1759765,-0.235669706,1.474298982,0.870155037,0.798082412,0.998480423,0.997629391,0.933094701,0.905713698,0.98869698,0.683121507,0.748552709,0.860353211,1.020220144,1.229719721,0.817974479,0.612297986,0.745568819,0.827643409,0.91461279,0.936694006,0.971423701,1.286651844,0.892438168,1.047654373,1.022299715,0.964906531,1.186961941,1.076568015,1.12864547,0.964788411,1.123699166,0.48411232,0.754894247,0.867753831,1.001851141,1.039371679,0.962229964,1.297924305,3.246498599,0.292909691,-5.034352857,444.5324906,0.450948262,-3.265250921,-5.28342649,-2.560724291,13.33945023,3.508246546,0.050361845,-12.25293789,1.0,4.204178304,14.43587578,0.0,4.032040755,3.954109534,3.853377432,3.755426117,3.496300577,3.408479709,3.307301931,3.227974268,1.841264305,1.606535249,1.577093456,1.42396776,1.278449238,3.611890569,3.451742912,3.2014871,3.024530269,2.850330838,4.960230909,4.956656079,4.842874908,4.736660631,3.855787272,3.79752365,2.0,15.0,3.0,4.0,3.0,1.0,2.0,0.0,0.0,0.068041382,0.43812918,4.809029825,0.449778435,1.256107771,0.119471247,3.297008642,0.436886724,0.517195748,8.953664852,4.537212122,8.03529,20.42328175,418.6772758,0.072628158,-10.75185058,449.4254381,1002.0,3.0,0.0,20.0,2.0,4.0,0.0,3.0,6.0,3.0,1.0,4.0,0.0,1.0,0.0,2.0,0.0,0.0,8.0,2.0,9.0,5.0,1.0,3.0,0.0,2.0,0.0,0.0,0.0,0.0,2.0,1.0,0.0,0.0,0.0,0.0,0.0,15.26872772,0.0,5.832410178,0.604932507,-2.029345491,0.568710507,0.0,-1.159791329,0.0,0.743935366,0.081153904,0.260168837,-1.123279529,5.07337324,0.233798006,0.0,1.286056709,0.021113717,0.039259542,8.548548626,0.173991423,0.0,0.606020891,0.0,0.081153904,0.378720915,0.874238355,1.38879835,0.604932507,0.0,-0.922332626,0.0,2.880921254,0.0,0.0,0.0,9.373505823,11.46271299,5.371417983,15.84713304,0.0,0.260168837,0.606020891,15.96326395,1.917823281,6.94664354,1.931883672,0.0,3.255191513,5.741345967,5.699578338,8.548548626,2.123539405,0.0,0.359659903,0.937205325,0.659792989,0.604932507,0.0,14.10602959,0.483766529,0.937205325,-0.158245114,-1.123279529,11.90884698,41.75,1.01829,0.0,1.39656,1.05186,0.35483871,1.702426126,3.922739464,4.877310346,5.428881065,20.15887324,40.70618288,63.00629491,34.80198402,13.0,3.0,3.77,1.959557192,7.575551596,8.170705429,30.3870853,21.54943249,0.333333333,0.595275394,0.6,0.0,0.0,0.0,0.333333333,0.0,0.0,0.666,1.827,3.162,2.678,3.164640884,4.0,0.0,1.0,3.0,0.0,0.0,0.0,0.0,0.0,0.0,0.0,0.0,0.0,1.0,0.0,0.0,0.0,0.388676453,-3.874532889,429.8455261,2.397895273,4.409,-1.5995479488902848,0.02592076592719124
0.0,-0.1095602730274374,0.33005025,-0.8589662242287612,76.895825,23.0,7.0,3.0,0.0,0.0,2.0,0.0,0.0,2.0,8430.950092,258.7605929,133.8246046,112.3581876,90.9621891,82.98686285,69.39971763,240.4578812,229.1503866,207.8782616,196.7329616,176.6733446,7.930680413,7.979157942,7.955639653,7.918178263,8.008270587,7.981380657,7.651199647,1.643351343,1.458192319,1.420781198,1.340617939,163.3483764,148.6092814,159.2105667,156.4110398,162.4061576,154.8382555,160.9600538,160.5911852,161.3453548,4.107310998,3.313217861,3.174842972,3.258782132,3.499776602,3.383678316,3.388213255,2.646705802,0.088701487,-0.072520895,0.187513313,-0.158293822,0.067549831,0.065687296,-0.16769048,87.03737944,1007.864492,-420.2731913,268.076202,-167.3975044,-925.284669,-1275.804276,907.4062891,-144.9675344,1494.477738,-507.8417712,1251.22613,-1178.608151,-500.0478226,-1706.401404,-135.4792801,-0.474290848,0.626944735,0.083996408,0.34050976,0.129919683,-1.949570544,-1.570283211,0.217838367,-1.800364289,-4.722640137,6.783133895,-0.881068868,-2.314059018,-1.356846295,-40.59306255,36.18233344,-30.53330735,75.36797321,-69.64965358,26.58853045,-2.762231994,-37.80975567,-7.114547369,9.992578659,-8.50048793,-8.685008116,-44.90211413,-2.326950044,1.299065365,48.58320011,-2.487800112,-0.106187274,-0.050901125,0.104861153,-0.223393603,-0.011406618,1.578869537,1.085630337,1.138263214,1.012381914,1.18972159,1.17204098,1.016699575,0.867633962,0.7173259,0.659728843,0.917437034,0.930923665,0.902461259,0.619636615,0.824409348,0.873616927,0.937663226,0.887018912,1.223985794,1.228260371,0.805812292,1.071815238,1.039355346,1.575715919,0.942558961,1.265363446,1.35239555,0.966151222,1.028462773,1.055041158,0.585636671,0.747163592,1.089616297,1.033408872,1.283169953,1.660035934,0.789128342,3.044117647,0.042068161,-12.04016356,669.9705592,0.124906235,-7.904729392,-16.04287947,-6.500791143,9.822102517,2.79393084,0.169250408,-6.750228642,0.0,5.209181914,13.09366505,0.0,4.119979001,3.966967428,3.949542999,3.76337869,3.464450487,3.303087322,3.242507513,3.230537026,1.763734616,1.600839124,1.423419768,1.40787677,1.30230438,3.58908323,3.285449736,3.17352694,2.915918708,2.823104441,4.675778729,4.209156185,4.096150884,3.876870654,3.764418166,3.594739517,6.0,10.0,2.0,2.0,2.0,0.0,0.0,0.0,0.0,0.14271745,0.621481844,3.160944784,0.0,0.94306664,0.0,1.642822753,0.0,0.291396379,7.571601492,2.913903214,7.14156,22.40258929,425.6491964,0.060565714,-10.65530003,408.0315814,891.0,1.0,0.0,19.0,0.0,1.0,0.0,2.0,1.0,0.0,0.0,1.0,1.0,1.0,0.0,0.0,0.0,7.0,3.0,0.0,7.0,5.0,0.0,2.0,0.0,0.0,0.0,4.0,2.0,1.0,1.0,1.0,0.0,0.0,0.0,0.0,0.0,19.73177562,0.0,0.0,0.0,-0.550619807,-0.292228539,6.543931253,0.0,0.0,1.253297208,0.397765606,0.527735642,-0.292228539,0.0,0.64678062,0.0,0.209915087,0.818098197,0.0,0.0,0.288603436,2.24270138,0.397765606,0.0,0.0,0.525796997,0.0,1.560443202,0.0,1.649267769,-0.501415851,-0.176972632,0.0,0.0,4.159723273,1.626034554,10.74409009,14.09221184,5.638248617,0.0,0.0,0.527735642,0.397765606,14.09221184,2.092852136,0.0,0.64678062,0.0,5.605397186,0.818098197,0.0,0.0,0.288603436,2.24270138,0.0,0.714636266,0.688261518,0.0,0.0,14.09221184,0.725561566,1.028130533,-0.10669061,-0.501415851,9.586061751,53.75,1.41447,2.5,0.96443,1.302,0.269230769,1.775467076,4.028899079,5.034675511,5.218955519,20.65960656,43.60555857,53.27154736,33.68878867,23.0,0.0,3.0,1.711776812,4.203393794,4.671809732,22.5440543,23.68574879,0.0,0.2,0.239045722,0.0,0.0,0.0,1.159491882,2.907949681,0.550321208,0.546,2.786,4.173,4.252,8.679912072,5.0,0.0,2.0,3.0,0.0,1.0,0.0,1.0,0.0,0.0,0.0,0.0,0.0,4.0,0.0,2.0,0.0,0.179770663,-6.521078677,488.9772866,3.044522438,3.618,-1.7119127496184552,0.017689246058583054
0.0,-0.6017025386940801,0.05588496,-0.4009268614098705,81.240376,12.0,3.0,3.0,0.0,1.0,2.0,0.0,0.0,3.0,8302.74591,331.6078151,120.3296509,99.27167511,74.11702409,76.8814897,55.37271043,223.4384615,201.2563915,193.7045045,173.2245359,165.5625505,7.781689884,7.702392199,7.608323358,7.867983502,7.854436016,7.762090043,7.679455402,1.560745999,1.399558364,1.305823412,1.292717853,163.7326623,146.2024662,151.1132245,156.9116604,164.3029609,160.1501338,159.4916466,162.2801301,161.512088,4.805910364,2.869855967,2.694221284,2.750124122,3.255836763,3.886736834,2.976814977,2.731252858,0.036494653,0.014502901,0.295664269,-0.888961978,0.699132429,0.122009721,-0.40253099,21.07963514,597.6017658,-729.5981231,2466.68973,-465.2860361,632.1194608,-467.2788835,-2465.92562,268.6600816,448.8290937,-1616.172431,3066.474007,444.5623923,-910.0346708,-876.8385172,-2047.677483,-0.440445058,0.727837138,-0.065327486,0.619685031,-3.090180122,4.935360912,-1.458485127,-4.046123903,1.437272709,-8.384525194,11.67930664,-3.79623261,-1.884208482,-6.569590477,4.799825541,-8.121365384,-52.32648226,26.55219285,8.584712612,-15.88983606,-1.138508508,-34.17069796,-7.651209313,-22.37550148,-4.504514165,121.506236,-55.80918886,-65.75419191,0.288762125,51.87920761,-3.554822933,-0.104811086,-0.018537095,-0.189065918,-0.200032935,-0.25193177,1.448962042,0.842082902,1.01178711,0.952521952,1.614467392,0.962574174,0.971333575,0.983785359,0.616598178,0.82698449,0.775799275,0.989137953,1.193770253,0.927050799,0.565346184,0.838155371,0.860263484,1.23307844,0.87194497,1.123747635,1.183714106,0.879167343,1.103552814,1.098916938,1.097769668,1.167738234,1.076147895,1.136251879,1.025707134,1.084373003,0.539547321,0.88417483,0.960954179,1.347891434,1.006664201,1.257543544,1.169757858,2.806022409,0.47126878,-2.78360875,525.2202129,0.628871451,-1.716165131,-2.932483552,-1.295364973,11.79132454,2.822024785,0.383487684,-3.546256757,1.0,4.859659039,14.94833966,0.0,4.082192377,3.983989647,3.790807742,3.676819352,3.50010953,3.437420042,3.269340447,3.0597413,1.746399365,1.689155513,1.581476595,1.542132355,1.249629723,3.606351481,3.445277222,3.188685432,2.886639019,2.79200209,5.184234145,4.928836095,4.914969544,4.304841108,3.951455545,3.799058143,2.0,10.0,2.0,3.0,8.0,1.0,2.0,0.0,0.0,0.253933894,0.785348436,4.392259457,0.409108946,1.010906101,0.108260467,3.151348873,0.395220057,0.394994267,7.945670153,4.20052395,5.51249,21.41185738,396.1193615,0.361486071,-3.764867542,368.7873992,790.0,4.0,0.0,14.0,2.0,3.0,6.0,1.0,8.0,5.0,0.0,1.0,4.0,1.0,0.0,3.0,0.0,6.0,12.0,1.0,6.0,3.0,4.0,5.0,0.0,2.0,0.0,0.0,0.0,0.0,2.0,0.0,0.0,0.0,0.0,0.0,0.0,14.67029788,5.677968505,2.151906243,2.507894889,-2.423771342,-0.40398689,3.583199197,-1.269746998,0.0,0.952681388,0.064821744,0.30991246,-0.301132634,3.022768803,0.202495943,0.189314607,1.033138627,0.020089066,0.041665403,0.0,0.139586371,1.142216274,0.365018337,0.0,0.064821744,0.369708483,0.887494086,2.125049223,0.512170275,1.75147777,-0.791604431,-0.301132634,3.123889178,0.0,0.0,0.0,10.01664627,13.91928057,0.0,15.93814931,0.0,0.30991246,0.365018337,15.93814931,2.058941574,4.177535757,0.902272035,2.175256523,1.033138627,5.080792641,1.302364031,0.0,0.139586371,5.817716751,0.294529805,0.887494086,0.489004185,0.707772127,0.0,14.18374538,0.642768928,0.887494086,-0.193652079,-1.128189335,9.307114512,40.0,1.08108,1.5,1.3158,1.00014,0.5,1.672064851,3.8094401,4.879626087,5.423246015,19.61401871,38.92845519,55.96467496,31.52504887,9.0,3.0,3.55,1.5,4.356041078,8.396031463,30.02653824,21.49215403,0.333333333,0.421716333,0.0,0.0,0.0,0.0,0.721124785,0.0,0.0,0.871,2.237,3.366,2.927,3.246272029,5.0,0.0,3.0,2.0,0.0,1.0,0.0,0.0,1.0,0.0,0.0,0.0,0.0,2.0,0.0,0.0,1.0,0.357541081,-3.80546854,597.8149162,3.433987204,5.066,1.3432277156819898,0.00923289926475562
0.0,0.5190757595012448,2.59306609,-0.4899617491081449,81.033583,20.0,7.0,3.0,0.0,1.0,1.0,0.0,0.0,2.0,7685.547421,294.6719631,109.7935346,102.9526298,70.1093138,79.23301737,64.17339025,220.4562705,186.1939493,210.9095699,190.9941618,179.5830081,7.877264871,7.719314378,7.635977308,7.789048686,7.77695839,7.811612845,7.739175843,1.493508015,1.491110465,1.374440143,1.328290436,166.6091787,149.1889742,158.3434488,161.015056,165.7069102,166.4245993,157.3015942,163.8609446,160.5263048,4.209599473,3.013607682,2.90474593,2.612006451,2.849743807,2.838245885,2.771893348,2.726953112,0.089542567,0.139625002,-0.477531569,0.433697297,-0.082793223,-0.133591988,0.099218356,182.356007,334.8374689,-92.00204756,1437.574989,1430.792262,-2.764356414,29.57092963,-1167.103708,-76.77137135,393.3095159,-511.8000778,1382.202843,2381.862986,-1195.986085,420.7232609,-2719.631049,0.071368352,0.869212893,0.959535426,0.174479908,2.61369668,0.248378496,-1.272252055,0.990121772,-1.505039194,-2.855170024,4.062951122,-7.580666565,4.417612095,-13.92379132,-31.24127397,12.55116337,-20.43408945,-30.28130369,100.604988,-77.18790258,57.01496622,-66.56194314,2.32572347,12.50418471,6.436035541,1.16142784,-17.39977355,0.351363701,2.431413427,48.63796716,-5.979930427,0.031009646,0.030942479,0.168817804,-0.0728024,0.001383322,1.565860298,1.056460921,0.858323386,1.03858341,0.890148442,0.973510747,1.012546202,0.855940155,0.683417912,0.719232808,0.784091878,0.891255978,1.033026092,0.904948303,0.800243066,0.715182605,0.72833152,0.742391002,0.70885249,0.956207163,0.826630267,0.685252579,1.253717066,1.398728764,1.047134218,1.044267703,0.774843874,1.300842352,0.962337902,1.169805814,0.659285925,0.607420382,0.639835643,0.674908349,0.677623184,0.931099877,0.826694034,2.730392157,0.57647189,-2.148231928,662.0810893,0.558188924,-2.273925425,-2.236886334,-1.605273616,9.453283039,4.437944086,1.004190821,0.016310049,0.0,3.881569467,12.36090284,0.0,4.180450443,3.968276169,3.914640734,3.67961767,3.651988626,3.370858273,3.247732323,3.097395037,1.743798921,1.68534128,1.585130363,1.475426529,1.383101783,3.658325029,3.561870397,3.197395295,3.010193643,2.962003379,5.209846101,5.074806287,4.30360877,3.990925161,3.936296706,3.705663129,3.0,7.0,1.0,4.0,7.0,2.0,0.0,0.0,0.0,0.292643595,0.801586007,2.763049193,0.0,0.476804606,0.0,1.565602029,0.0,0.159478002,6.319312927,2.957557615,6.36934,24.38099007,475.4293063,0.108811862,-8.6507262,1230.86819,913.0,1.0,1.0,12.0,2.0,0.0,0.0,0.0,1.0,1.0,1.0,0.0,2.0,0.0,0.0,0.0,1.0,4.0,13.0,0.0,4.0,2.0,8.0,4.0,2.0,0.0,0.0,4.0,1.0,1.0,1.0,1.0,1.0,0.0,0.0,0.0,0.0,13.35450537,0.0,1.245763676,6.181005598,0.859035507,0.0,4.158266419,0.0,0.0,0.635301205,0.60497242,0.635301205,0.235579885,2.886613151,0.0,0.0,0.0,1.358866854,1.245763676,0.384339707,0.0,3.413441267,0.0,0.0,0.0,0.305024277,0.0,1.67783404,-0.478380107,1.808484452,-0.312622037,0.235579885,0.0,0.0,3.874638498,2.059207388,0.0,11.74093074,5.642308899,14.30619062,0.0,0.635301205,0.60497242,14.30619062,2.105013945,7.102939282,0.0,0.0,0.0,1.358866854,1.245763676,0.384339707,0.0,8.654850757,0.0,0.832437224,0.655722041,1.205581396,0.740639361,11.74093074,0.635301205,0.832437224,-0.172709829,-0.64912704,10.86379886,50.0,1.28205,1.0,1.09446,1.05986,0.518518519,1.752591301,3.853128043,5.176010789,5.422000517,19.37822797,41.61269794,50.22732206,31.67503443,22.0,0.0,3.11,0.083333333,3.649312119,12.7696573,33.79422214,17.9161534,0.0,0.0,0.40824829,0.090909091,0.0,0.0,2.330408294,2.203576907,0.5,0.5,2.249,3.359,3.553,13.98759631,6.0,0.0,3.0,3.0,0.0,1.0,0.0,0.0,1.0,0.0,0.0,0.0,0.0,5.0,0.0,2.0,0.0,0.035517293,-13.01716874,428.686001,3.433987204,4.881,-1.522737415283233,0.01354007937012024
0.0,0.8005600150397686,4.30189081,-1.004775194097292,64.970446,17.0,3.0,2.0,0.0,1.0,2.0,0.0,0.0,3.0,7315.296664,263.4550373,138.0244654,109.1769413,78.79345813,77.2364425,65.95204831,240.989455,215.0804714,196.7005682,185.7068762,165.2050642,7.899955962,7.875858476,7.849383634,7.834974287,7.799958292,7.939843491,7.634444255,1.672785677,1.416998848,1.370538151,1.310266688,162.8104549,146.0416974,153.3657342,157.4142387,158.9897859,156.948992,158.9542701,161.7838393,160.921292,4.970849761,3.144088036,2.950512304,3.146858057,3.394740226,3.304283997,3.54763434,2.714503055,-0.258849271,0.196416295,0.06332215,-0.182107275,0.122059141,-0.072829867,0.04294594,38.44624657,678.4599094,330.8706077,2.232829648,-1090.727922,315.0431405,-888.4280427,188.4106654,42.31248924,695.8097762,225.9993422,393.9400985,-803.0770873,-313.2551602,-808.6594123,-1780.659484,-0.080078419,-0.009026781,1.402150839,-0.408636278,-0.955168832,-0.046828178,-2.374480548,0.773528859,0.099593507,-0.150705605,1.79987583,-3.115455544,2.878346533,-7.455280113,-4.368635753,-15.77334577,1.710753177,18.6588687,-11.82664873,-28.17042858,7.474760206,-53.86695404,-6.589061622,5.193599877,-1.050115983,6.887732938,-53.72978723,-26.95939077,0.686540117,51.06689473,-1.759860451,-0.117661815,-0.007395183,0.121062793,-0.310576805,-0.163390247,1.291788367,1.112047728,0.855493607,0.955496878,1.095215644,1.021202684,1.184880095,0.6914327,0.743037345,0.853455673,0.761794259,0.909393616,0.97771989,0.780197685,0.692802541,0.751278979,0.889675752,0.944814914,0.904891515,1.303162933,0.891232299,1.010751124,1.19546103,1.090456192,1.094285867,1.032990585,1.102712293,1.015205488,0.951531533,1.232438217,0.621979406,0.774437211,0.871537065,0.904219114,1.006171627,1.594923027,1.026861503,2.556022409,0.088466666,-7.517901314,564.915728,0.004629923,-16.66316645,-8.885637659,-9.515500507,9.0514094,1.911899855,0.031851122,-10.68471626,0.0,4.323418029,13.23865003,0.0,4.086316132,3.976113938,3.924743704,3.491577916,3.326889328,3.222818783,3.200321327,2.897923848,1.640950548,1.43817685,1.391656087,1.325288828,1.249629723,3.305692794,3.181686631,2.945906886,2.831299602,2.781599595,4.958626132,4.74468877,4.150113921,3.948363549,3.832772043,3.714492804,1.0,12.0,3.0,5.0,1.0,1.0,0.0,0.0,0.0,0.14271745,0.548343145,2.49767257,0.0,0.86745322,0.0,1.418860846,0.0,0.303899244,6.341245084,2.767450866,6.2569,20.31526647,314.8866303,0.006145303,-15.78540855,1418.585532,568.0,1.0,0.0,16.0,0.0,1.0,0.0,0.0,0.0,2.0,0.0,0.0,1.0,1.0,0.0,0.0,0.0,6.0,5.0,0.0,6.0,3.0,2.0,2.0,0.0,0.0,0.0,1.0,1.0,1.0,1.0,0.0,0.0,0.0,0.0,0.0,0.0,17.45891298,0.0,7.689149004,0.265090707,-0.354526333,-0.288207322,6.137164835,0.0,0.0,1.094855296,0.504358087,0.354547255,-0.317275685,0.0,0.880616457,0.0,0.0,0.0,0.800906092,0.0,0.0,7.69852573,0.504358087,0.0,0.0,0.449063996,0.0,2.050894474,-0.059701616,1.686494436,-0.445831374,-0.317275685,0.0,0.0,4.59485761,1.587971151,9.540513142,13.65744516,0.0,15.26400772,0.0,0.354547255,0.504358087,15.26400772,2.159923966,0.0,0.880616457,0.0,0.0,0.0,6.888242913,0.0,0.0,7.69852573,0.0,0.704742851,0.56738055,0.324792323,0.091305041,13.65744516,0.740308041,0.951397532,-0.036165525,-0.445831374,9.809081962,39.75,1.28226,1.5,1.01251,1.09637,0.304347826,1.748593887,3.833999767,4.826515973,5.104910077,21.23202132,41.6109296,48.80760592,31.34532948,14.0,2.0,3.11,0.650697637,4.029765865,5.805236368,23.48428498,21.52254612,0.0,0.142857143,0.0,0.0,0.0,0.0,0.0,1.154700538,0.25,0.348,1.127,2.533,2.703,5.79028799,4.0,0.0,2.0,2.0,0.0,1.0,0.0,1.0,0.0,0.0,0.0,0.0,0.0,2.0,0.0,0.0,0.0,0.002190841,-18.98275622,1720.760391,3.044522438,4.794,-1.8499592684649064,0.02870677989674982
0.0,1.9550824370124584,15.81175696,-0.4645349610968653,52.753067,6.0,1.0,2.0,5.0,0.0,0.0,0.0,0.0,0.0,7742.08884,90.76714678,193.552221,187.3976017,97.16033346,82.49225924,42.41377383,243.9073194,192.9800474,179.276357,143.9773058,119.2678602,7.657545925,7.752906705,7.600561282,7.746142857,7.622738093,7.451766563,7.478862701,2.23124383,1.705759392,1.484921591,1.237252909,157.0138422,141.8892384,157.7372771,143.9993978,152.4981064,153.3197454,152.2650803,155.4266106,164.4455547,2.269178669,2.469696209,2.141549089,2.250685871,1.870590829,1.664503288,1.506652283,1.537037037,-0.322888393,0.144795142,0.078298241,-0.106971054,0.045470145,0.135408913,-0.081125813,1891.233768,2440.128469,2007.422799,1465.591348,-870.778873,-3288.861141,-3834.677757,-1673.817855,91.84385213,2044.495362,387.0874418,542.7086566,-503.6844805,-1942.968186,-2147.423073,47.92576866,0.141169756,-0.914894306,1.058709639,0.578235304,-0.71419207,-0.200699148,0.018089654,-0.898251092,7.441827872,9.02022769,3.424594452,-19.50910647,-23.0730945,-4.550318781,-3.422353082,79.88443231,16.78033732,-0.234272392,-19.9691497,-52.10569896,-71.76322855,3.614878355,3.78053005,3.930520833,-3.141361668,-5.71210841,4.671524134,3.977339892,46.12765288,61.23299423,-18.15858118,0.09220805,-0.030498657,-0.129984905,0.045354603,0.051653765,1.262632244,1.930043775,0.899216709,0.950900893,1.270047077,0.816850823,0.52401576,1.049090966,0.630931266,1.072680656,1.478414299,1.600157867,1.369877285,0.40740406,1.509033876,0.677825609,0.902396601,1.364074409,0.890327389,0.69393191,1.260806775,1.082259825,1.218874249,1.050738678,0.361930588,0.848664683,1.076088421,1.328146831,1.417648948,0.967982576,1.12732671,0.843210715,1.057235781,1.52408768,1.035130973,0.666877544,0.881952524,3.767857143,0.638717887,-0.941414069,180.2126735,0.510044681,-1.413839589,-1.770386881,-1.408188356,15.77699243,-7.695238095,1.375268516,0.669162893,1.0,5.573464701,15.63227357,0.0,4.531598005,3.883547204,3.834210363,3.4027292,3.218007385,3.061807355,2.8603203,2.701814026,1.423045324,1.38691679,1.249629723,1.238186114,0.808155831,3.019673963,2.806471984,2.72114172,2.624217269,2.490827901,3.921419856,3.478990959,3.316920368,3.264921552,2.936023339,2.820712802,0.0,4.0,2.0,2.0,1.0,0.0,0.0,0.0,0.0,0.0,0.037037037,1.281112198,0.0,0.379357062,0.0,0.896677656,0.0,0.224243203,3.171543633,2.146490451,5.44882,18.38327562,193.024394,0.064586959,-5.753459798,165.5263567,295.0,0.0,0.0,6.0,0.0,0.0,0.0,0.0,0.0,0.0,0.0,0.0,0.0,0.0,0.0,0.0,0.0,0.0,2.0,0.0,0.0,5.0,2.0,0.0,0.0,0.0,0.0,0.0,1.0,0.0,0.0,2.0,0.0,0.0,5.0,0.0,0.0,9.475158205,0.0,0.0,2.441910457,0.0,0.0,9.475158205,0.0,-1.106904249,0.0,0.0,-0.549937064,1.105664105,0.0,0.0,0.0,0.0,0.0,0.0,0.0,0.0,0.0,0.0,0.0,0.0,0.438954921,0.0,1.838697037,1.188354251,0.0,0.0,1.105664105,0.0,0.0,0.0,2.334301488,0.0,0.0,5.798945946,0.0,0.0,0.0,0.0,5.884912263,2.0406893,0.0,0.0,0.0,0.0,0.0,0.0,0.0,0.0,0.0,0.0,0.453297325,0.0,1.253556206,0.0,0.0,0.0,0.568993003,-0.116003585,-0.549937064,6.949223182,19.75,0.94048,1.0,1.33574,0.39786,0.538461538,1.761278606,2.835290338,4.077567157,4.177567157,24.14700088,39.45912845,49.81054816,35.36416491,8.0,2.0,2.01,1.749042051,2.669405622,1.0,4.326341831,9.125465128,0.0,0.0,0.0,0.333333333,0.0,0.0,0.0,0.0,0.0,0.003,1.782,2.321,2.706,3.448274014,2.0,0.0,0.0,1.0,1.0,1.0,0.0,0.0,0.0,0.0,1.0,0.0,0.0,1.0,0.0,0.0,0.0,0.282306714,-2.655998437,629.0180411,0.0,2.363,-0.20117258902407364,0.5044330097679918
0.0,1.1329032197247526,6.87331089,-1.0057190115307093,78.307411,23.0,3.0,2.0,0.0,0.0,2.0,0.0,0.0,2.0,7825.022386,205.7605929,124.2067045,104.4773603,76.20243997,74.98501621,58.95860337,242.7288451,218.9562438,209.3375846,196.0944801,170.494924,7.643382254,7.734576889,7.737164372,7.662136528,7.717497303,7.734819333,7.416946965,1.703235816,1.529093787,1.471043266,1.365278056,158.9008658,143.7285011,151.2407656,152.0398566,156.6603575,154.857724,154.7561185,156.2230297,156.5023213,3.266041157,2.945058657,2.711579395,2.808456219,2.766236344,2.958866614,2.927510844,2.290839148,-0.190477568,0.124558012,0.108959207,-0.18294058,0.099548349,-0.110312837,0.129154138,112.6063392,948.0372336,-359.5644876,-21.56208304,-463.5513802,-1182.454065,-1768.312414,173.4862159,0.376618518,1092.241328,-457.5734379,385.0747404,120.0682337,-1379.240198,-2141.079718,-2290.842074,0.177931856,0.240017789,0.413922621,-0.082479086,-1.462500066,-1.067763092,-2.095076157,1.784089237,-0.539015378,-3.843801495,2.100759177,-7.350985301,-2.686155557,-10.31614827,-6.758141149,-5.042328312,-31.30788698,27.30048586,16.13450624,-26.94381343,-7.267641119,-62.80666838,-2.650422625,7.86216532,3.269468765,-4.459525611,-43.63263279,-9.519639527,1.680691629,52.70329495,-6.326789901,-0.039558547,0.019008539,0.005152749,-0.196543391,-0.041389737,1.350700442,1.299331181,1.04090754,1.17730638,1.335282026,1.234436365,1.240628318,0.578786894,0.765110986,0.802573968,0.963026348,0.939117265,0.904042069,0.736132322,0.828195615,0.902772411,1.016600523,1.039394468,1.20137033,1.401066277,0.588479266,0.892322226,1.165678908,1.17440775,1.106452249,1.231799625,1.025083038,1.117793315,1.046867296,1.135445961,0.635799045,0.788342007,1.013489681,1.129773478,1.691448083,2.140877612,0.799638121,2.222689076,0.062916159,-9.957428087,372.4572165,0.014305845,-15.28951347,-8.54810392,-9.911135605,9.808346088,0.680383443,0.225900991,-5.355570488,0.0,5.161487287,13.58560489,0.0,4.125249252,3.977437349,3.963924018,3.74325359,3.451540791,3.350315675,3.259287193,3.050405582,1.801478372,1.438341706,1.419828969,1.395240782,1.381182498,3.660616673,3.296251355,3.007690265,2.958469856,2.923837825,4.639609815,4.058865633,3.874811947,3.820626573,3.69973927,3.260984794,1.0,17.0,4.0,4.0,1.0,1.0,0.0,0.0,0.0,0.14271745,0.621481844,2.866063142,0.0,0.862430384,0.0,1.644036282,0.0,0.321708429,7.018886216,3.14816338,8.73102,22.47278978,404.510216,0.001975586,-22.41680435,820.2263964,738.0,0.0,0.0,22.0,0.0,0.0,0.0,0.0,0.0,0.0,0.0,0.0,0.0,0.0,0.0,0.0,0.0,10.0,3.0,0.0,10.0,5.0,0.0,2.0,0.0,0.0,0.0,1.0,1.0,1.0,1.0,1.0,0.0,0.0,0.0,0.0,0.0,32.32718963,0.0,0.0,0.0,-0.086168434,-0.041764578,11.29531315,0.0,0.0,1.513027446,0.0,0.720641217,-0.041764578,0.0,0.0,0.0,0.0,0.0,0.0,0.0,0.0,0.0,0.0,0.0,0.0,0.468544698,0.0,1.671369128,0.0,1.93772679,-0.232669998,0.533287667,0.0,0.0,4.98642696,1.994002661,0.0,14.23689095,5.678130602,0.0,0.0,0.720641217,0.0,14.23689095,2.274012186,0.0,0.0,0.0,0.0,0.0,0.0,0.0,0.0,0.0,0.0,0.620886266,0.542232743,0.0,0.146501564,14.23689095,0.792386228,0.929396753,-0.129347215,-0.232669998,13.4316525,48.75,1.35417,1.5,1.04865,1.17991,0.24137931,1.564291052,3.534019127,4.59642725,5.048243019,17.69235863,37.12720963,64.68573509,38.01135658,21.0,0.0,3.88,1.454088081,7.767404156,8.227196505,30.28631509,26.07241756,0.0,0.0,0.142857143,0.0,0.0,0.0,0.0,1.154700538,0.25,0.003,1.438,3.094,3.513,8.367937786,5.0,0.0,2.0,3.0,0.0,1.0,0.0,1.0,0.0,0.0,0.0,0.0,0.0,2.0,0.0,0.0,1.0,0.08474399,-8.885233618,505.6779826,3.044522438,7.544,-1.8859135281815576,0.01573678560779022
0.0,-0.0597330686727311,0.43112356,-0.9596840997438988,76.650446,23.0,6.0,2.0,0.0,1.0,1.0,0.0,0.0,2.0,7512.767037,346.6997409,123.1601154,111.7931038,86.6557642,85.47006041,62.02937826,254.7461326,230.3743278,223.9730021,205.3188738,181.3890826,7.909345,7.949766561,7.8638252,7.909512,7.936580601,7.856236058,7.586405563,1.709321982,1.553235986,1.473541782,1.361506077,161.5619837,145.0997626,152.8045934,156.7441475,156.900915,157.3529876,157.329945,156.9358242,159.3867342,5.68360231,3.60416271,3.250916573,3.599846049,3.72297203,3.606041707,3.56387547,3.129457364,-0.26778005,0.117434677,0.200355957,-0.152187136,-0.300632001,0.424552957,-0.018780497,89.66479107,569.9552683,284.5856026,188.0122489,-481.4257607,-780.1984195,-1292.681907,70.90627833,-68.16610124,650.7842549,113.1611026,107.3938134,-309.8794215,-803.0992214,-1939.359857,-764.3247374,-0.172364698,-0.122594071,1.118335068,0.197400405,-0.94861797,-1.55928181,-0.720353448,0.425390304,-1.123726008,-0.17969078,-0.482722359,-2.715469476,-4.94487295,-4.711809747,-22.65074957,-15.24381215,13.82918717,-16.89820216,2.810889368,7.736525944,-21.11092371,-39.95655724,1.536743296,-0.117141714,-8.092813618,-13.47853568,-42.63125965,5.632433101,1.379458324,47.46679145,-4.161135862,0.023642205,-0.050580085,0.023674522,-0.205948114,0.026197363,1.274750145,1.189942351,1.05519346,0.960351227,1.165251029,1.255711396,0.859263339,0.706304855,0.78935893,0.855659669,0.963584693,1.007577032,0.9916577,0.77182039,0.805228329,0.838816957,0.908886364,1.032182407,1.11304807,1.123411575,0.794340014,0.946907176,1.12693626,1.160958879,1.039418863,0.987763524,1.038910751,0.933756859,0.989568707,1.01754685,0.538430442,0.770890636,0.88826684,0.910365451,0.898239649,1.122730414,0.804162618,2.337535014,0.007629142,-19.01554142,467.5145439,0.038300067,-12.72298414,-18.64398412,-11.41297428,10.47655195,3.317178171,0.129391575,-7.97515683,0.0,4.082177696,13.06089619,2.0,4.120997467,3.990157894,3.848083816,3.733795761,3.439562337,3.320776429,3.228422187,3.16183491,1.787770089,1.511325621,1.448313878,1.404568544,1.331703924,3.650660969,3.306621309,3.2458769,3.070007719,2.916934954,4.786947743,4.607861216,4.505050157,4.489484936,4.04012005,3.803275994,3.0,15.0,3.0,2.0,3.0,0.0,0.0,0.0,0.0,0.14271745,0.621481844,2.684292895,0.0,0.894825112,0.0,1.345341544,0.0,0.280727493,7.321804687,2.792134449,8.00342,22.95866376,447.6939434,0.002855948,-22.8475709,506.0953833,952.0,0.0,0.0,23.0,0.0,0.0,0.0,0.0,0.0,0.0,0.0,0.0,0.0,0.0,0.0,0.0,0.0,9.0,3.0,1.0,9.0,3.0,1.0,2.0,0.0,0.0,0.0,2.0,1.0,1.0,1.0,1.0,0.0,0.0,0.0,0.0,0.0,23.68370394,0.0,0.0,0.107349392,-0.824551736,-0.417212372,4.518191217,0.0,0.0,0.275449772,0.0,0.275449772,-0.417212372,0.0,0.0,0.0,0.0,0.0,0.0,0.0,0.0,0.0,0.0,0.0,0.0,0.53671271,0.803057183,1.525472862,0.107349392,1.547015956,-0.684043044,-0.410708068,0.0,0.0,4.302933191,1.465589399,0.0,14.06870168,5.581854134,15.50998782,0.0,0.275449772,0.0,15.50998782,2.120229382,0.0,0.0,0.0,0.0,0.0,0.0,0.0,0.0,0.0,0.0,0.72588592,0.69979433,0.107349392,0.0,14.06870168,0.275449772,1.060517793,-0.117313634,-0.684043044,10.36599726,57.75,1.48077,1.5,0.91052,1.35677,0.222222222,1.725840297,4.14983502,5.073939592,5.369021559,19.09585377,44.75771895,52.19121134,32.44343447,21.0,2.0,3.55,0.650697637,4.935290348,11.55486175,34.53539746,24.42287801,0.0,0.0,0.142857143,0.0,0.528717905,0.505520154,0.2,1.016265496,0.333333333,0.003,2.161,4.306,3.554,9.036213461,5.0,0.0,2.0,3.0,0.0,1.0,0.0,1.0,0.0,0.0,0.0,0.0,0.0,3.0,0.0,1.0,0.0,0.108389925,-8.665878551,526.1829195,3.044522438,4.75,-1.33150635613576,0.017458879595014604
0.0,0.2760088247380306,1.46361604,0.4257143388172153,100.129927,12.0,4.0,4.0,0.0,1.0,2.0,0.0,0.0,3.0,9771.871255,416.9133707,114.9631912,99.76058283,73.61005111,72.58021958,61.36360216,224.2254508,204.9750772,191.3719786,181.4151601,173.9313315,7.7682684,7.737530945,7.741671116,7.798320888,7.75413296,7.743829303,7.763676011,1.555050215,1.393678238,1.346164752,1.321102685,163.2497541,145.3752276,153.9502678,157.3454677,161.0343409,157.6348639,158.7663161,160.6708676,160.8986329,4.904863184,2.777466875,2.62539805,2.855070703,3.074677408,3.231775426,3.097405642,3.162671982,0.020783544,0.150068757,0.033168844,-0.585297343,0.410225512,-0.047328564,0.0408499,146.5320638,666.9807085,124.0578687,1181.288074,-384.770763,999.555087,361.0722682,-2912.731724,110.2150301,494.6478783,-388.0824617,2171.473093,176.5337034,-579.8432403,-453.9049943,-3078.32567,-0.155035156,1.261810934,0.202649343,-1.210564249,-2.346771509,3.367701329,0.431263702,-2.018563612,-0.161259277,-4.421030171,9.693629882,-2.964958095,-2.089244672,-11.3460196,-17.71069961,-1.879635768,-16.2510508,26.83487174,7.323313121,-21.75974703,-24.97317707,-52.08937311,-0.870765367,-16.08328969,-23.28268183,46.69085435,16.86838292,3.378916028,1.61024246,51.48584331,-1.656694972,-0.00956885,-0.08169362,-0.157206619,0.045223547,0.009206856,1.434412274,1.001372448,1.118355007,1.173025915,1.467985116,1.034035484,1.056752425,1.039999949,0.728004084,0.810557225,0.802046455,0.970004547,1.20377541,0.91520899,0.570703287,0.866447693,1.05882478,1.06459049,0.880669799,1.02829314,1.171152471,0.910175112,1.130227683,1.264411007,1.085008474,1.083233094,1.007195167,1.076173065,1.069929299,1.137122878,0.498589193,0.8834415,1.190466879,1.147819238,0.986875006,1.024843234,1.110279034,3.198879552,0.597567153,-2.368487615,749.7294565,0.761696364,-1.252153464,-2.459082384,-0.955737372,13.49637683,3.519821507,0.508250179,-3.113194784,1.0,5.030232543,15.66285085,0.0,4.103372619,3.970541103,3.819896368,3.786528976,3.727191707,3.587329108,3.493988174,3.377296677,1.853935911,1.60917604,1.55931825,1.43279603,1.409575433,3.696642186,3.624564613,3.527308699,3.409147733,3.170558619,5.245661421,5.014394672,4.967681979,4.961770743,4.913911734,3.968747794,4.0,10.0,2.0,7.0,7.0,3.0,2.0,0.577350269,0.333333333,0.123596937,0.90501148,5.024680656,0.409108946,1.455789937,0.101051772,3.552477884,0.395220057,0.524984238,10.16341929,5.026729958,5.82179,23.60519004,542.9193709,0.236892575,-6.624683155,539.2194234,1221.0,1.0,0.0,16.0,0.0,2.0,2.0,0.0,4.0,1.0,1.0,0.0,0.0,0.0,0.0,1.0,0.0,6.0,17.0,3.0,6.0,3.0,9.0,5.0,0.0,2.0,0.0,0.0,3.0,0.0,4.0,0.0,0.0,0.0,0.0,0.0,0.0,14.10729779,0.362127209,0.004626317,5.763743123,-2.009027669,-0.469195505,3.219753408,-1.594568798,0.0,0.778571547,0.021760558,0.212601022,-0.354057469,0.0,0.039816507,0.029691582,0.0,0.012315835,0.004626317,0.277812137,0.0,0.0,0.0,0.0,0.021760558,0.395367179,0.552468589,2.108803156,0.42776689,1.507468592,-0.766068297,-0.354057469,3.68789693,0.0,0.0,1.364467836,0.0,12.76677425,0.0,15.70972693,0.0,0.212601022,0.021760558,15.70972693,2.097605326,0.0,0.320471236,0.332435627,0.0,0.34185243,0.004626317,0.277812137,0.0,0.0,0.021760558,0.908674996,0.558679152,0.945657639,0.132928203,15.27698052,0.565970525,0.908674996,-0.407299575,-1.352949782,10.76365349,50.0,1.08696,1.5,1.40601,1.10271,0.542857143,1.660501617,3.537167813,4.70623616,5.170753142,18.95298729,37.65448784,71.94883332,42.37923478,11.0,3.0,4.1,1.5,5.821338792,16.83101071,43.06632212,24.38484746,0.333333333,0.789821041,0.0,0.0,0.0,0.0,0.0,0.721124785,0.550321208,0.169,3.362,3.741,3.6,2.993270879,7.0,0.0,2.0,3.0,0.0,1.0,0.0,0.0,1.0,0.0,0.0,0.0,0.0,3.0,0.0,1.0,1.0,0.537936982,-2.852063755,805.1449325,4.615120517,5.046,-1.8821192549937722,0.025140756886120805
0.0,0.1005515192697529,0.84768849,-0.7734728166246851,76.895825,23.0,7.0,3.0,0.0,0.0,2.0,0.0,0.0,2.0,8430.950092,269.0105929,133.8246046,112.3876813,91.69542203,83.22311919,70.15176933,240.4578812,232.1245677,207.9404456,196.4992049,175.8913664,7.930680413,7.9529574,7.990304084,7.923390775,7.9821617,8.021250428,7.638339412,1.643351343,1.455334377,1.417360222,1.334947998,163.3483764,148.9551713,158.3567551,155.5705603,163.5927685,154.5674158,160.0313327,162.215774,160.6329005,4.270009411,3.266783367,3.143370907,3.289564962,3.565034849,3.404423868,3.43073726,2.669894295,-0.087164045,0.268341403,-0.150000921,0.026690578,-0.111371193,0.08897386,-0.027350223,106.5440713,988.0083944,-297.5608945,-32.65581487,-227.4890136,-664.9228451,-1488.267609,1113.522279,-127.5093635,1406.270024,-706.7735562,1496.080564,-1058.371543,-706.1592615,-1270.41335,-501.9913322,-0.177424943,0.556062975,1.069474984,-0.931971288,0.231084535,-2.266922404,-2.340544544,1.358958367,-1.629420862,-5.760592369,8.02156992,-2.966036018,1.720193819,-4.537172342,-29.06910051,26.07356878,-37.36443275,85.26801327,-45.99518845,-19.08338939,32.31843417,-58.23827905,-4.279474474,10.81561775,-12.55533601,-8.99152973,-46.17784129,-1.616343304,1.590210019,48.58320011,-3.530796307,-0.063872753,-0.075181653,0.109250612,-0.229740504,-0.007923251,1.533666845,1.18565358,0.943138241,1.124428846,1.113618318,1.210962352,1.04905756,0.803066543,0.78885368,0.66286074,0.863455469,0.954482628,0.882667157,0.647240153,0.811475731,0.78994681,1.062789308,0.880913011,1.220899678,1.303313686,0.727989395,1.047608958,1.109377543,1.480840674,0.990217763,1.274033259,1.273440015,1.105461404,0.933151686,1.111637463,0.58088304,0.800457756,1.095821684,1.043040844,1.215438567,1.584611369,0.816740736,3.044117647,0.030444398,-13.26904242,651.9967438,0.185054612,-6.410996338,-22.47860007,-5.066401127,9.824384376,2.717007763,0.192206932,-6.266894325,0.0,5.102487544,12.98554039,0.0,4.132549814,4.020755508,3.954025284,3.760945922,3.508569196,3.38426132,3.254683805,3.238619663,1.768288098,1.596056443,1.428937871,1.407103461,1.317978708,3.604253759,3.295080329,3.165683876,2.939570302,2.876465392,4.755145467,4.664397769,4.107274593,3.875833057,3.761090348,3.617321235,5.0,11.0,2.0,2.0,1.0,1.0,0.0,0.0,0.0,0.14271745,0.621481844,3.160944784,0.0,0.94306664,0.0,1.674330034,0.0,0.293678895,7.571601492,2.94815891,5.29503,22.40258929,425.6491964,0.060565714,-10.65530003,408.0315814,891.0,1.0,0.0,18.0,1.0,2.0,0.0,1.0,0.0,1.0,0.0,1.0,1.0,0.0,0.0,0.0,1.0,7.0,3.0,0.0,7.0,5.0,0.0,2.0,0.0,0.0,0.0,3.0,2.0,1.0,2.0,1.0,0.0,0.0,0.0,0.0,0.0,20.05450933,0.0,0.808670374,0.0,-0.515932307,-0.312228539,6.896040958,0.0,0.0,1.253955644,0.467719143,0.532300971,-0.312228539,6.079492945,0.248967354,0.0,6.584701141,0.0,0.808670374,0.0,0.337531705,2.631676193,0.0,0.0,0.0,0.513644219,0.0,1.552896906,0.0,1.667169206,-0.505212148,0.314244195,0.0,0.0,4.478426226,1.602284554,0.0,12.99817003,5.626616386,0.0,0.0,0.532300971,0.467719143,14.07832295,2.087496174,6.079492945,0.749419158,0.0,6.584701141,0.0,0.808670374,0.0,0.337531705,2.631676193,0.0,0.679914044,0.700414296,0.0,0.0,14.07832295,0.721654673,1.015977756,-0.071968388,-0.505212148,9.673269631,54.75,1.44079,2.5,0.95574,1.31069,0.269230769,1.775467076,4.092391142,5.034675511,5.218955519,20.65960656,44.49499925,50.62507631,33.68878867,23.0,0.0,3.0,1.711776812,4.203393794,4.671809732,22.71059946,24.07185594,0.0,0.2,0.239045722,0.0,0.0,0.0,1.159491882,3.190927551,0.531329285,0.45,2.997,3.936,3.653,8.921611086,5.0,0.0,2.0,3.0,0.0,1.0,0.0,1.0,0.0,0.0,0.0,0.0,0.0,4.0,0.0,2.0,0.0,0.179770663,-6.521078677,488.9772866,3.044522438,3.457,-1.4395371539087352,0.02624112542600609
1.0,0.5834080818106099,2.94568569,1.2646316598353764,85.809169,0.0,3.0,4.0,0.0,1.0,1.0,0.0,0.0,2.0,7735.819838,360.5469631,105.9701348,97.48059274,62.88299888,59.94181657,54.57126036,225.0864125,186.6015773,180.1468662,163.2248606,169.8533929,7.774694589,7.677268373,7.553424733,7.657204614,7.649812573,7.658955664,7.667722425,1.539638231,1.334496695,1.225853792,1.290449436,162.7417298,145.976085,151.3985234,153.5647631,161.1427239,159.8375392,159.0534309,163.7504616,161.17943,4.938999495,3.134827107,3.096568892,2.879284473,2.891422426,2.981040828,3.101090604,3.099726711,0.043936289,0.179405705,-0.287974103,0.038780217,0.346849752,-0.289447479,-0.193267952,47.63691891,620.584879,-1376.464884,1371.111999,105.2756995,-725.3057782,265.7572,-1511.491727,222.9944727,833.0474498,-2118.253748,1405.469532,277.8483463,-1656.087367,599.3659631,-1132.68137,-0.459971833,0.759419968,-0.431325782,0.06612073,0.723255992,0.671639883,-0.362835777,-1.772619717,0.974697904,-9.397650579,3.519771697,-8.123745166,4.128487081,-2.082990012,1.843132238,6.290714561,-46.30433489,-12.20231564,7.380662533,-47.09314263,38.95676957,6.417269402,-9.007765261,-8.224708987,3.957728239,-0.539419167,4.823478154,-19.34933846,0.618661285,50.94001727,-5.935797014,-0.116983964,0.015767842,0.053325249,0.016186168,-0.07470787,1.497507012,0.883794718,0.814113694,0.960230634,1.047344858,0.884032714,1.008753135,0.889227353,0.729358154,0.819696726,0.907427906,0.931497928,1.141382169,0.863333127,0.645171951,0.77291691,0.735553192,0.761975447,0.804518961,1.009465634,1.069417096,0.913306053,1.0317926,1.085277841,1.013946438,1.186316444,0.968785924,1.098566137,0.943963376,1.014150212,0.455627512,0.736923455,0.694537695,0.737298715,0.888528051,1.055355144,1.080828586,2.408963585,0.253153651,-5.495034628,457.4668556,0.421239795,-3.458212097,-5.687792662,-2.602233556,13.13967042,3.3247148,0.071789771,-10.53605314,1.0,4.204086883,14.69356221,0.0,4.036839059,3.870780586,3.826762038,3.681189553,3.487506874,3.45023917,3.263874536,3.038350699,1.844717902,1.632935681,1.580266802,1.423972935,1.291782025,3.601495367,3.445811402,3.219183427,3.060443503,2.855681189,4.973829395,4.852692635,4.746986208,3.950803986,3.860215457,3.807046033,2.0,15.0,3.0,4.0,3.0,1.0,2.0,0.0,0.0,0.151374715,0.647568447,4.484654309,0.421594772,0.904661685,0.084478929,3.046233241,0.412478956,0.396415053,7.887870161,4.108206866,7.24848,22.28170941,445.6341882,0.166182048,-7.178685671,501.5030695,1001.0,4.0,0.0,20.0,2.0,4.0,3.0,1.0,8.0,3.0,1.0,5.0,0.0,1.0,0.0,3.0,0.0,0.0,8.0,2.0,10.0,4.0,2.0,3.0,0.0,2.0,0.0,0.0,0.0,0.0,2.0,1.0,0.0,0.0,0.0,0.0,0.0,20.68920407,0.945154753,7.60793097,1.41266999,-1.150468605,3.23153728,0.0,-0.547934003,0.0,0.72026692,0.056714498,0.72026692,-1.08560701,4.911051859,0.168995566,0.120659446,3.275251113,0.306863508,0.040849577,8.556095109,0.250256772,0.0,0.605331749,0.0,0.056714498,0.362215892,0.812726009,1.431375667,0.616511891,0.0,-0.691573024,0.0,2.979759516,0.0,0.0,0.0,9.383461074,11.4675662,5.410671291,14.69420356,0.0,0.72026692,0.605331749,14.69420356,2.200812894,6.941681898,1.87993797,0.618441882,3.275251113,3.984406363,5.10550165,8.556095109,2.234727061,0.0,0.347450043,0.897891196,0.652063166,0.796158099,0.0,14.13455536,0.72026692,0.897891196,-0.158733859,-1.08560701,10.1776254,41.75,1.04375,0.0,1.29772,1.02728,0.35483871,1.630920736,3.961619632,5.066355128,5.559151956,17.7165309,38.9491012,59.31422832,31.08230134,13.0,3.0,3.88,1.279204298,6.835811841,12.63165275,34.85113734,18.23958407,0.333333333,0.595275394,0.6,0.0,0.0,0.0,0.721124785,0.0,0.0,0.94,2.215,3.458,3.069,3.045745654,5.0,0.0,2.0,3.0,0.0,1.0,0.0,0.0,1.0,0.0,0.0,0.0,0.0,2.0,0.0,0.0,0.0,0.385130635,-3.816690763,423.0580446,3.044522438,3.265,1.356907939436513,0.017608446398869947
0.0,-0.653835996112707,0.10387729,-0.15496933709269,86.709169,12.0,4.0,4.0,1.0,1.0,2.0,0.0,0.0,3.0,9783.769624,402.7128391,134.0242414,116.2173294,72.21727587,74.89517023,60.40332478,226.0934216,196.1680033,186.6977136,173.4933403,167.1286114,7.889757082,7.805565517,7.64798554,7.905250329,7.820281331,7.795023723,7.749411123,1.621908094,1.364796677,1.306828243,1.301948023,164.1985275,146.3802154,152.7695263,157.8654346,162.7343121,160.5880068,160.8506632,162.8249635,162.0960431,5.516614235,2.702314147,3.245721759,2.912091518,3.299852665,3.730829021,3.015745848,3.104352643,0.202423141,-0.118112373,0.329624478,-0.941340836,0.822789253,-0.085335936,-0.295421369,441.4582796,262.9534309,-1281.481182,1942.399262,-1305.555161,1110.855427,-196.5555769,-2189.264799,243.3735622,355.5532523,-1429.671315,2567.746713,-252.5562575,-361.1305923,-683.8732217,-2031.40363,0.021128013,2.181795494,-1.550359995,0.421766382,-4.531849842,5.535375115,-1.939877477,-2.410531717,0.06939591,-5.320563396,7.14926038,-1.609563021,-1.131012746,-7.040823226,-2.628415285,-14.17105437,-21.60578276,11.53483781,-3.884047881,-5.66541672,1.906414258,-46.09287069,-20.91457095,-49.30167311,-4.812001719,116.0176462,-74.0729789,-6.888083443,5.73322441,51.68000346,-1.327686001,-0.271617805,-0.019403233,-0.328315058,-0.262670138,-0.026492629,1.530568986,0.839171235,1.093210645,0.924562966,1.607395045,0.926903362,1.091108823,1.025552438,0.670993255,0.81323042,0.696307371,0.900607354,1.106403245,0.934301841,0.521616014,0.929319307,0.815989235,1.222899162,0.75591089,1.072736242,1.074289219,0.841033982,1.030101055,1.198692129,1.132718285,1.083296606,1.06557315,1.066261563,1.000120573,1.103517156,0.465907271,0.944888075,0.855649748,1.262661001,0.802549227,1.101267974,0.94792177,3.823879552,0.521822652,-2.601709982,447.6485294,0.792724017,-0.929120566,-1.929460797,-0.95976202,15.34748434,-0.316568761,0.990651355,-0.037570472,1.0,5.654485662,14.94771678,0.0,4.698577336,4.082230004,3.983993372,3.79185284,3.673184971,3.500039147,3.424299187,3.261498986,1.864291389,1.594045143,1.56480752,1.458359468,1.249629723,3.621750858,3.565447794,3.437644604,3.17405745,2.862122402,5.21001765,5.138336604,4.891966394,4.877348217,4.170212766,3.938663787,2.0,10.0,2.0,3.0,7.0,1.0,2.0,0.0,0.166666667,0.371785024,0.794464253,5.86836864,0.762662337,1.010906101,0.108260467,3.569428407,0.446219229,0.394994267,8.498529673,4.444664168,5.76009,21.82061136,436.4122272,0.357170415,-4.118169029,1453.399526,1003.0,4.0,0.0,14.0,4.0,3.0,6.0,1.0,10.0,5.0,0.0,3.0,4.0,0.0,0.0,4.0,0.0,6.0,11.0,1.0,6.0,4.0,3.0,5.0,0.0,2.0,0.0,0.0,0.0,0.0,4.0,0.0,0.0,0.0,0.0,0.0,1.0,14.26617703,3.81296,1.306569956,1.629090309,-2.372845688,-0.490257181,3.402121587,-1.349240828,0.0,0.899852225,0.066468012,0.28050287,-0.33348333,3.110383571,0.205277294,0.18287559,1.063668801,0.018644468,0.04116692,0.0,0.139133961,0.805855328,0.0,0.0,0.066468012,0.376799822,0.902367165,1.268263554,0.514554534,1.724711114,-0.847924702,-0.33348333,2.729210482,0.0,0.0,0.0,0.0,11.75008662,0.0,16.00271725,-4.853299531,0.28050287,0.295270494,16.00271725,2.038011212,4.202767246,0.930816118,1.046463438,1.063668801,4.725130235,0.93815995,0.0,0.781004897,4.236103992,0.295270494,0.902367165,0.493922315,0.59998124,0.0,14.23361739,0.619349355,1.047128273,-0.203933332,-4.853299531,9.334142956,44.25,1.10625,1.5,1.31212,1.06756,0.5,1.818989713,3.870288429,4.986899387,5.394768394,23.06592787,42.26044921,58.21452801,35.13393315,9.0,3.0,3.22,1.176696811,4.979572286,6.914485124,27.9746027,21.49215403,0.333333333,0.866025404,0.0,0.0,0.0,0.0,1.15010148,0.0,0.0,0.882,2.159,3.858,3.034,3.183037646,5.0,1.0,2.0,2.0,0.0,1.0,0.0,0.0,1.0,0.0,0.0,0.0,0.0,2.0,0.0,0.0,0.0,0.606403997,-2.000835411,447.0077032,3.044522438,4.625,1.47220279189614,0.01745944941433876
0.0,-0.3170016670400881,0.05414929,-0.781079638783006,75.931032,23.0,6.0,4.0,0.0,0.0,2.0,0.0,0.0,2.0,8489.70598,274.0105929,136.9307416,114.5412636,85.99216016,83.68437788,72.98626786,243.4006351,226.9333578,211.1750535,195.9358896,183.1314975,8.001040032,8.014001941,8.001787086,7.894503711,7.982199333,7.99568562,7.686318525,1.653543963,1.478545346,1.408285051,1.379921461,162.5845368,147.7425391,158.6980847,155.4568104,160.1485967,155.3856764,159.6952943,160.5367316,159.4204768,4.419525692,3.325539344,3.250591791,3.35511355,3.128725707,3.295994929,3.577928335,2.763966829,0.033471339,-0.136530544,0.42028179,-0.230639066,-0.138736819,0.092546854,0.011956387,116.46181,974.2316013,-19.37481618,-108.185488,-1386.628298,-757.7445787,-926.5568315,601.0412972,-199.1375114,1534.240136,-261.8326645,567.2579505,-1451.692382,-520.8298816,-1302.672417,-937.6501052,-0.367685831,0.615715778,0.311513576,0.413910085,-1.521217661,-2.02155272,-0.813637183,1.355725086,-2.383265699,-3.899128923,4.619109719,-1.13423678,-0.518337599,-5.433820681,-40.67678903,30.95564625,-19.1903457,50.82842914,-54.10400832,15.34164833,9.17554515,-45.50915117,-4.42433016,8.193320636,-13.32130299,-19.46030948,-22.05649804,12.98444717,1.764572878,48.21040283,-2.630453947,-0.067035305,-0.082230265,-0.03132209,-0.107592673,0.065578016,1.55156689,1.144801825,1.16885604,0.872476503,1.091205779,1.143177674,0.951031737,0.785999086,0.778337726,0.879618584,0.862856022,0.898556587,0.91555082,0.604993296,0.869492597,0.825061568,0.906461964,0.861364581,1.076312958,1.115556399,0.693396075,1.105417056,1.121682884,1.578405582,0.949686346,1.214967633,1.30978936,1.013448491,0.982688169,1.106193826,0.615173304,0.802934823,1.131595605,0.812513071,1.115439256,1.510877186,0.607395315,3.151260504,0.025387484,-13.95929614,427.9277014,0.03896917,-12.33094096,-11.35391706,-7.303698637,9.718644625,2.922135968,0.219688867,-5.759063311,0.0,4.688800847,12.95291322,0.0,4.135074621,4.057488477,3.952230115,3.756720022,3.450337608,3.349967592,3.263982935,3.135505111,1.745887753,1.443976488,1.427055159,1.422768525,1.396562823,3.588425115,3.297323096,3.045354557,2.904571316,2.876561308,4.739404351,4.673382807,4.104093152,3.885549935,3.773261763,3.629919784,6.0,10.0,2.0,2.0,2.0,0.0,0.0,0.0,0.0,0.14271745,0.608996017,3.035130048,0.0,0.96253509,0.0,1.524729474,0.0,0.292880778,7.783002179,2.952074304,5.33414,22.31620571,424.0079085,0.018434571,-15.1754045,712.7715577,927.0,0.0,0.0,18.0,0.0,0.0,0.0,0.0,0.0,0.0,0.0,0.0,0.0,0.0,0.0,0.0,0.0,7.0,3.0,0.0,7.0,5.0,0.0,2.0,0.0,0.0,0.0,3.0,1.0,2.0,2.0,2.0,0.0,0.0,0.0,0.0,0.0,19.72557759,0.0,0.0,0.0,-0.475793838,-0.223757261,6.40105272,0.0,0.0,1.090238843,0.0,0.35891317,-0.223757261,0.0,0.0,0.0,0.0,0.0,0.0,0.0,0.0,0.0,0.0,0.0,0.0,0.526868316,0.0,1.49051669,0.0,1.608540282,-0.432339888,0.179629804,0.0,0.0,4.276206929,1.760941962,0.0,12.48133597,5.171036627,0.0,0.0,0.35891317,0.0,14.13139973,2.107872974,0.0,0.0,0.0,0.0,0.0,0.0,0.0,0.0,0.0,0.0,0.715417516,0.724389846,0.0,0.0,14.13139973,0.731325673,1.009813577,-0.100517771,-0.432339888,9.315535985,55.25,1.45395,2.5,0.94377,1.32011,0.269230769,1.796771993,3.950038758,4.996388601,5.215898931,21.07809427,43.66331855,54.56498329,33.31566748,23.0,0.0,3.0,1.314723226,4.805063888,5.010900656,23.06764724,22.73664397,0.0,0.142857143,0.394364246,0.25,0.0,0.0,0.944940787,1.727854282,0.793700526,0.003,3.225,3.797,3.061,8.818459431,5.0,0.0,2.0,3.0,0.0,1.0,0.0,1.0,0.0,0.0,0.0,0.0,0.0,4.0,0.0,2.0,0.0,0.105448287,-8.548231546,764.6679975,3.044522438,3.654,-1.5277920564076908,0.010043248523605969
1.0,0.5286649169775465,2.64420121,1.2673981705691078,85.699376,0.0,3.0,4.0,0.0,2.0,1.0,0.0,0.0,3.0,8095.743098,422.3247409,110.9005904,100.286862,67.42075936,65.36331163,59.71707136,227.0858681,189.9210454,183.7474265,166.0834497,173.8716969,7.901838918,7.766548705,7.643256255,7.764534126,7.794387427,7.772087047,7.785472541,1.53779763,1.330294192,1.222164318,1.285636524,164.3668847,146.5353501,152.0271863,154.5793809,162.2790033,161.1440267,160.8471903,165.201066,162.5786233,5.785270423,3.26758324,3.234443994,3.34977958,3.157607903,3.497866794,3.366098061,3.435832658,-0.031503899,0.286673426,-0.351503388,-0.073498296,0.552439823,-0.367522003,-0.25003637,34.57068331,680.3541741,-1051.527778,1281.806574,246.8528146,-656.5234224,0.807820336,-1316.778776,221.1924784,882.2320719,-2017.283564,1410.317566,380.8466999,-1703.465652,559.9889027,-911.8745413,-0.541388,0.670303,1.156541,-0.645444,0.620895,1.882457,-1.860306,-2.602713,0.973362377,-9.439429999,3.490430347,-8.022712598,4.119914785,-2.329607351,1.176714614,0.799952632,-39.12276214,-18.8608443,0.093079335,-31.08277427,30.29681671,-20.4550345,-9.979714692,37.70456669,-10.7943174,23.82529055,-25.14218318,-26.16187634,0.448969913,50.13331889,-6.105611657,-0.129606684,-0.043005249,0.008521594,-0.084369742,-0.101011106,1.471941003,0.912317608,0.779503074,0.970916487,1.081400175,0.859656391,1.026933611,0.937151959,0.744666164,0.810253988,0.908791994,0.957601257,1.124562961,0.852493796,0.630388587,0.696796274,0.790934671,0.807953323,0.853477253,1.068448017,1.105195189,0.915799667,1.03611769,1.031214072,0.982915617,1.119450917,0.988498925,1.101522746,0.973394554,1.078243092,0.482031781,0.644989543,0.765527205,0.815150574,0.939769969,1.102363313,1.095258838,2.742296919,0.279820655,-5.221786241,471.2310685,0.442879591,-3.33927513,-5.399617617,-2.599420915,13.05011769,4.159683056,0.050997584,-12.2015058,1.0,4.204040993,14.68218731,0.0,4.040153855,3.882118848,3.837190301,3.700478747,3.488052999,3.45032398,3.263883096,3.03902618,1.841612428,1.631624368,1.580062748,1.423972668,1.291716936,3.603046228,3.446565393,3.219183468,3.060488521,2.855901842,5.08566493,4.886276378,4.872544035,4.767126514,3.950816045,3.869792675,2.0,15.0,3.0,4.0,3.0,1.0,2.0,0.0,0.0,0.151374715,0.632276495,4.593547622,0.421594772,1.110483056,0.084478929,3.072147482,0.412478956,0.418751882,8.682621418,4.216696364,7.38758,22.55079556,462.2913089,0.13944494,-8.077350361,494.4210357,1024.0,4.0,0.0,20.0,2.0,4.0,3.0,2.0,10.0,3.0,1.0,5.0,0.0,1.0,0.0,3.0,0.0,0.0,8.0,2.0,9.0,4.0,2.0,3.0,0.0,2.0,0.0,0.0,0.0,0.0,2.0,1.0,0.0,0.0,0.0,0.0,0.0,14.80694447,1.089477994,8.24301181,1.122053966,-1.94778342,0.250193569,0.0,-0.895766699,0.0,0.657838936,0.084492276,0.657838936,-1.12683367,5.195410957,0.243065173,0.123626766,1.324289915,0.453705485,0.055582309,8.59113155,0.241991451,0.0,0.608290328,0.0,0.084492276,0.38073441,0.906476009,1.385122223,0.449289669,0.0,-0.937406358,0.0,2.876773878,0.0,0.0,0.0,9.373941569,11.46396385,5.369786517,14.73124059,0.0,0.657838936,0.608290328,15.67350267,2.113865615,6.973418337,1.975320034,0.6675779,3.266389204,5.765626571,5.419007734,8.59113155,2.16082666,0.0,0.367858206,0.957891196,0.664563166,0.672764297,0.0,14.12340645,0.657838936,0.957891196,-0.153631818,-1.12683367,11.24553074,42.5,1.03659,0.0,1.32161,1.06285,0.35483871,1.692085201,4.035317055,5.113544764,5.559151956,18.81074064,40.46098945,58.26351091,31.76063828,13.0,3.0,3.77,1.279204298,6.300268908,10.26003301,33.95324997,21.54943249,0.333333333,0.595275394,0.6,0.0,0.0,0.0,0.721124785,0.0,0.0,0.94,2.235,3.466,2.951,3.070459519,5.0,0.0,2.0,3.0,0.0,1.0,0.0,0.0,1.0,0.0,0.0,0.0,0.0,2.0,0.0,0.0,0.0,0.408478977,-3.670790805,435.3299186,3.044522438,3.17,1.2781931906600414,0.020352592396767216
0.0,-0.1263716440460168,0.29899024,-1.113567471049691,71.123653,23.0,6.0,2.0,0.0,1.0,2.0,0.0,0.0,3.0,8191.396989,281.7605929,143.7087191,116.9045248,86.58990636,85.10289434,76.12378666,251.1988367,229.3611625,214.6915437,195.6307692,188.1235911,8.029213018,8.037914375,7.960733877,7.842235043,7.961065956,7.991868825,7.623151356,1.709137333,1.507835813,1.410368861,1.435604255,163.7078133,148.2476252,155.7418456,158.3484387,159.1920382,155.0034318,159.6638519,162.7694491,156.8207447,4.943168296,3.425993389,3.386571577,3.388953189,3.19295555,3.385203274,3.649781174,2.87508869,0.159657385,-0.372334879,0.59713868,-0.224353084,-0.248783219,0.03778814,0.210495463,47.076475,748.4896374,-142.2901407,-320.4957206,-484.0652755,-987.9565404,-475.5764696,647.7897465,-11.17123688,799.9090793,48.98062266,189.4073433,-789.6496841,-949.8054496,-341.8556761,-1679.602642,-0.463569184,0.60067852,-0.473092496,0.858818771,-1.09769925,-2.294298941,-0.224448909,2.956220129,-0.772930703,-1.201602819,1.509642886,-3.71906903,4.654374321,-9.744359406,-22.5595244,5.056379843,-8.326848174,44.91725322,-36.86030172,-2.512375683,45.46870134,-78.21250957,-8.226570071,-1.762468306,0.056986887,-27.65833307,-11.79923994,22.38272157,0.771745492,47.8687206,-5.218711262,-0.134861804,0.00039,-0.03089488,-0.062429841,0.128636331,1.56880019,0.979704672,1.240889638,0.783119995,1.106865176,1.171751895,0.963083027,0.583167014,0.789364349,0.682785766,0.870813798,0.879844248,0.920526493,0.716606092,0.736450576,0.934297604,0.793128995,0.772575163,0.986616019,1.075849978,0.546710562,0.977147172,1.260427305,1.239940632,0.98911546,1.090815257,1.026898288,0.927536246,0.816844194,1.094342068,0.55652101,0.847448941,0.829363564,0.727479675,1.021256686,1.240978057,0.587768489,2.984593838,0.090960379,-8.63039254,381.1138609,0.066317539,-9.767883165,-7.633496332,-10.43796525,9.288327372,2.96487287,0.251776639,-4.965166575,0.0,4.597931148,13.06387151,0.0,4.120238416,3.986983345,3.951283895,3.749758479,3.442243969,3.286036974,3.224967116,3.072832488,1.749457965,1.423585121,1.410091021,1.33909956,1.249629723,3.583074861,3.287519838,3.007058247,2.84687392,2.822536058,4.8856062,4.688882414,4.124185316,3.901738645,3.794445611,3.684985011,4.0,13.0,2.0,2.0,2.0,0.0,0.0,0.0,0.0,0.14271745,0.621481844,2.927230948,0.0,0.85703623,0.0,1.421451153,0.0,0.272362035,7.143792236,2.748455629,7.69626,22.01745279,396.3141502,0.008081614,-17.34538915,786.523597,823.0,1.0,0.0,20.0,0.0,0.0,1.0,0.0,1.0,0.0,0.0,2.0,0.0,0.0,1.0,0.0,0.0,8.0,3.0,0.0,8.0,3.0,0.0,2.0,0.0,0.0,0.0,3.0,1.0,1.0,1.0,1.0,0.0,0.0,0.0,0.0,0.0,20.37650056,3.308052332,0.0,0.0,-0.478541251,-0.237745671,5.860599853,0.0,0.0,1.053088996,0.604078604,0.322943083,-0.243795796,0.0,0.0,3.308052332,0.0,1.232219996,0.0,0.0,1.043947008,0.0,0.0,0.604078604,0.0,0.519675173,0.0,1.50821519,0.0,1.435403399,-0.433735705,-0.243795796,0.0,0.0,4.145289769,1.728164184,0.0,13.9674116,5.476195166,14.15357273,0.0,0.322943083,0.604078604,14.15357273,2.094400752,0.0,0.0,3.308052332,0.0,1.232219996,0.0,0.0,8.437414501,0.0,0.0,0.706198766,0.704442073,0.0,0.0,13.9674116,0.730145913,0.998742778,-0.089299974,-0.433735705,10.08863056,51.75,1.4375,2.5,0.91119,1.28453,0.2,1.835612021,4.140607211,4.873749059,5.196667865,22.16675213,44.83920259,52.9386516,34.0732904,22.0,0.0,3.0,0.650697637,3.316278154,6.50674658,26.03983708,22.73664397,0.0,0.0,0.142857143,0.0,1.040041912,0.272165527,0.944940787,1.465795435,0.333333333,0.25,2.086,3.991,4.008,8.64398833,5.0,0.0,2.0,3.0,0.0,1.0,0.0,1.0,0.0,0.0,0.0,0.0,0.0,3.0,0.0,1.0,0.0,0.039759475,-11.60966557,1075.962654,3.044522438,4.807,1.4073008493927208,0.017935217040638832
0.0,0.8390380266851813,4.56890625,1.71146427299188,101.825513,0.0,2.0,5.0,0.0,1.0,2.0,0.0,0.0,3.0,9781.743407,385.1147596,112.4338323,97.13996409,59.89634179,56.36956801,63.26727304,221.547243,178.3171276,165.9795058,182.0630555,167.8446772,7.749755195,7.809396176,7.699493993,7.730482492,7.708058759,7.722766935,7.725427795,1.5411563,1.227552341,1.350322755,1.272004723,162.4808037,144.6667287,153.8351166,155.1050681,160.0042879,159.0774779,163.9477621,159.6341714,161.6143221,4.426606432,2.906893004,2.856575009,2.901350139,3.347827555,3.029928179,2.973185797,2.913971957,0.121657895,-0.086100567,-0.075100266,0.115729864,0.169640335,-0.438646533,0.352613961,115.3729913,1101.233682,-1108.885971,371.6145952,-376.6942261,393.0265673,-629.4001214,259.1289182,33.01614297,1257.052949,-939.7048787,639.6653649,-884.7877064,1303.984901,-874.8966399,-727.0133582,-0.233253813,1.002596804,-2.201796151,0.448183834,-0.466429376,-1.621242782,-2.778747524,2.208385108,-0.598350125,-4.271253327,0.496390933,7.449673582,-0.31716373,-3.455486277,-15.08484576,16.97072851,-31.59588267,-3.090630543,-46.39357907,59.04141272,-11.06142338,6.560501325,-9.394181878,-22.5097902,13.5125044,-40.95053612,-59.91523249,-7.441400258,1.267835069,52.12799578,4.126534498,-0.103232768,0.047412296,0.060390977,-0.217084176,-0.026294701,1.497741929,1.049723896,1.262748279,1.244528234,1.149128079,0.997184018,1.12842536,0.895869478,0.788032214,0.740623934,0.812627752,0.887376484,1.030938898,0.823754049,0.765730857,1.144341719,0.98969756,1.100273417,1.22186071,1.212759689,1.025922025,0.969488465,1.050118189,1.224881258,0.994952977,1.121923778,1.170569453,1.085508788,1.237680041,1.048524003,0.562326057,0.969088833,1.051303065,1.318147259,1.51417349,1.485867605,1.204196586,3.163165266,0.550819544,-2.743200938,609.7166288,0.66235802,-1.894965649,-2.867456023,-1.102410028,15.9397515,2.854326626,0.635565673,-2.084903322,1.0,4.710889573,13.43455953,0.0,4.037632384,3.937794952,3.898693444,3.729022785,3.597292997,3.475582853,3.354647751,3.29758019,1.833593211,1.808781892,1.659748569,1.488566116,1.465669329,3.64052529,3.493595981,3.369191449,3.18501396,3.0758152,5.016704935,4.789331678,4.784046224,4.214846744,3.9084152,3.853003966,2.0,13.0,5.0,8.0,4.0,3.0,0.0,0.0,0.0,0.055555556,0.543112271,5.188802379,0.539445903,1.154690678,0.202330059,2.985331123,0.272589465,0.412875352,9.846526053,4.529678108,6.0329,24.23496646,557.4042285,0.147091316,-8.816827751,462.3171243,1495.0,1.0,0.0,20.0,0.0,0.0,0.0,2.0,2.0,1.0,2.0,0.0,0.0,1.0,0.0,0.0,0.0,0.0,10.0,2.0,10.0,5.0,7.0,1.0,0.0,3.0,0.0,0.0,2.0,0.0,2.0,2.0,0.0,0.0,0.0,0.0,0.0,22.8018275,0.0,-0.263465139,3.237339603,-0.177432604,3.679281841,0.0,-3.369318288,0.0,1.388471845,-0.042266064,0.661931912,-0.576827646,0.0,0.0,0.0,-0.705633865,-0.608073438,-0.263465139,-0.524754085,0.0,0.0,-0.042266064,0.0,0.0,0.438517472,0.733806828,1.521895195,0.190779556,0.0,-0.177432604,0.0,0.0,0.0,0.0,1.623944345,12.21647579,12.41549439,5.492000935,16.69504542,0.0,0.661931912,0.0,16.69504542,2.066454224,0.0,0.0,0.0,0.0,0.0,0.0,0.0,0.0,0.0,0.0,0.611928939,0.576871025,0.622995857,0.0,14.38680055,0.726539933,0.987266029,-0.43742156,-1.466690301,12.07884933,45.5,0.98913,0.0,1.42354,1.02058,0.444444444,1.599419672,3.633746171,4.777793824,5.330368927,18.15951964,38.1017006,72.13679349,39.92978066,9.0,3.0,4.32,1.382333872,9.439741307,23.51080219,37.85187901,11.46591821,0.373066976,0.360562393,0.934869121,0.076923077,0.0,0.0,0.0,0.0,0.111111111,0.348,2.735,3.503,3.069,3.785437312,5.0,0.0,1.0,4.0,0.0,1.0,0.0,0.0,1.0,0.0,0.0,0.0,0.0,2.0,0.0,1.0,1.0,0.443289274,-3.742250572,738.9679906,2.397895273,3.324,-1.8249613749515783,0.028284290339260085
0.0,-0.1953771633533263,0.18757561,-1.8645733934703648,46.385516,21.0,2.0,2.0,1.0,0.0,0.0,0.0,0.0,0.0,4541.118646,151.2492379,129.746247,116.3352504,89.84345319,96.41741595,77.27489421,271.7856086,219.7303312,226.5278032,217.6014297,210.9031083,7.777183114,7.743752921,7.843668347,7.856033391,7.814586316,7.783514667,7.78621217,1.932913225,1.688557516,1.600909228,1.571728128,154.3435068,141.4660663,145.6484144,151.5395385,154.043549,155.591757,151.964505,154.3894732,154.3441005,4.321406798,3.394520251,3.577057613,3.173760017,3.349406572,3.247852141,3.296013879,3.253217757,0.183564032,-0.161553022,0.04685986,0.000585,0.072510931,-0.057884227,0.013150204,-110.2980305,84.75776487,193.8289429,-109.5786467,-24.37182247,-221.6519312,-227.1972914,-256.0529935,-57.75742793,-374.5901575,54.87290898,-193.9787874,242.982635,-314.4164558,-71.96320291,-50.37638382,-0.105313184,0.992731184,-0.423414796,-0.000753,-0.050269653,-0.204249061,-0.706698408,-0.772650449,-1.302384323,0.626229094,-0.016301123,-3.939365784,0.272890699,0.681817233,-10.87111307,-18.18564307,-1.702626379,-2.822177505,13.56256463,-15.4660994,3.700486499,7.498307523,-2.487807421,0.383064148,4.350947466,-9.394910339,-6.593383724,-6.27399516,-2.90257975,49.02455025,-5.516078173,-0.065468616,0.058012633,-0.056098027,-0.129282034,-0.133489259,1.623931616,0.827474768,1.193541453,1.15501463,1.256531149,1.011701001,1.224397363,1.090486971,0.980113176,1.167617274,1.397278552,1.088229116,1.164368533,0.903417069,0.639721805,1.01673868,1.183884071,1.218471934,1.109731347,1.329473632,1.495080002,0.990466961,0.977318206,1.11622089,1.156541158,0.993211321,0.930823938,1.213519999,0.956350958,0.860829406,0.546694221,0.75619621,1.065923261,1.387583062,1.464172001,1.343317749,1.431254517,1.410714286,0.065298852,-6.276195902,276.3857236,0.061654887,-6.408266399,-5.786482819,-8.026843587,6.256641321,0.997178131,0.135664049,-4.594419452,0.0,4.865436548,11.02504127,0.0,4.173262677,3.993891258,3.675228781,3.495774924,3.157079306,2.919238683,2.738885029,2.619181914,1.395833931,1.135987925,1.122188984,1.082250302,0.832447038,3.314278707,2.859658878,2.712642039,2.645815032,2.589383166,4.664435699,4.037783288,3.899514269,3.692723434,3.166564536,2.987838938,2.0,13.0,2.0,0.0,0.0,0.0,0.0,0.0,0.0,0.096225045,0.448287117,1.410236714,0.0,0.411866187,0.0,0.593893472,0.0,0.110550293,3.640176595,1.26906821,3.34663,20.02041812,230.2348084,0.157355329,-4.253272211,235.6643541,471.0,1.0,0.0,17.0,1.0,0.0,0.0,0.0,2.0,0.0,0.0,0.0,0.0,0.0,0.0,0.0,0.0,11.0,0.0,0.0,11.0,0.0,0.0,0.0,2.0,0.0,0.0,1.0,0.0,1.0,1.0,0.0,1.0,0.0,0.0,0.0,0.0,26.02540842,0.0,0.0,0.0,0.0,0.0,3.229218632,0.0,0.0,0.0,0.580546114,2.045941953,0.503717089,1.187763651,0.0,0.0,0.0,3.142255849,0.0,0.0,0.0,0.0,0.0,0.0,0.0,0.0,0.0,0.0,0.0,1.795342389,0.0,0.503717089,0.0,0.0,4.611544277,0.0,0.0,12.2901307,0.0,0.0,0.0,0.0,0.580546114,12.2901307,2.031446497,1.187763651,0.0,0.0,0.0,7.13498762,0.0,0.0,0.0,0.0,0.0,0.0,0.619344136,0.0,0.0,12.2901307,0.0,0.720433813,0.024377441,-0.352773824,7.631852523,38.5,1.67391,1.0,0.55614,1.09275,0.0,1.641334445,3.03576791,3.791313833,4.626150432,18.21806744,33.73444076,51.75137872,27.92456563,22.0,0.0,2.89,0.0,0.0,12.46562428,19.46325587,7.413369361,0.0,0.0,0.5,0.0,0.0,0.0,0.0,0.5,0.0,0.003,1.961,3.888,2.86,22.7407435,4.0,0.0,1.0,3.0,0.0,1.0,0.0,0.0,0.0,1.0,0.0,0.0,0.0,2.0,0.0,1.0,1.0,0.052336409,-6.785144905,318.1646005,2.397895273,5.682,1.7995777627953107,0.0621716602593307
1.0,1.353817986900308,8.91440449,1.780973396356616,92.930411,0.0,4.0,5.0,0.0,1.0,2.0,0.0,0.0,3.0,10015.64649,384.9064262,135.3465742,115.4220468,81.90632911,88.86154732,83.99980763,255.4398535,217.4464698,219.4041582,206.1855671,210.7533239,8.013958946,7.950466133,7.90831115,7.938000139,7.886024113,7.878107157,7.91867718,1.722798884,1.529608925,1.462804138,1.513907645,160.0360617,144.825016,150.0770199,155.27538,156.2633692,158.1958456,156.6200933,159.4499578,157.5101552,5.201438192,3.293374994,3.34612821,3.147385776,3.261451928,3.526535549,3.217320767,3.187231195,-0.070521109,0.343128466,-0.226098925,-0.319582381,0.347602509,-0.099799138,0.113180982,72.8489144,248.660507,-135.1605344,-789.315683,-787.3743945,1118.755674,1304.446026,-1164.302439,130.9391379,163.5420135,-131.6920789,-896.0693899,27.58440266,-522.0977531,1228.016511,-177.4805936,-0.3645214,0.227307509,-0.212858722,-2.947766267,-1.854349946,4.620066395,0.312911245,-1.178106103,0.216045864,-1.646545925,-5.109816327,-4.784516824,6.229809921,-0.741067755,-3.490808778,-21.30522306,-12.4183236,-47.26912713,29.18107389,-20.27508565,15.44028928,7.127882221,-7.662198629,-2.701070271,-35.57646782,54.9853249,-1.560716596,-8.177429459,0.899369314,48.32667545,-1.851410472,-0.094595045,-0.157417999,-0.12259159,-0.005219788,-0.030742216,1.387630365,1.018225234,0.919322322,1.059716935,1.078553074,0.78778426,0.908932679,0.929164953,0.816511964,0.839031486,0.728657058,0.873371221,1.219765512,0.839883983,0.741603242,0.883284242,0.991415075,1.001989508,0.717355418,0.9773147,1.045660365,0.873406762,1.039877979,1.033867274,1.089789285,1.053045425,0.988690559,1.107702336,1.044487742,0.946597325,0.505658925,0.753791581,0.970311451,1.031179732,0.818831361,0.917731436,0.839444915,3.448879552,0.04415877,-14.6638295,1624.138708,0.031917625,-16.18960551,-14.19869224,-15.70245128,12.70803817,3.686015337,0.056069707,-13.54145009,1.0,4.248640989,15.33776184,0.0,4.080486595,3.962318948,3.937492811,3.806252182,3.719632107,3.516974936,3.338955541,3.270696109,1.8450297,1.721375493,1.638724914,1.54434411,1.29347723,3.766035866,3.549009192,3.302783151,3.151370139,3.103349342,4.975032605,4.856428943,4.758213037,4.022358168,3.911129583,3.853903783,3.0,19.0,5.0,4.0,2.0,2.0,0.0,0.0,0.0,0.202164357,1.004741949,3.670885667,0.055555556,1.365639449,0.10316315,1.856825528,0.032274861,0.484173846,10.00869116,4.354785257,8.40937,36.97777331,709.7827129,0.114417428,-10.18913877,8280.225305,1248.0,2.0,0.0,27.0,2.0,1.0,1.0,1.0,3.0,2.0,1.0,1.0,0.0,1.0,0.0,1.0,0.0,0.0,6.0,2.0,13.0,1.0,3.0,3.0,0.0,1.0,1.0,0.0,2.0,0.0,2.0,2.0,0.0,0.0,0.0,0.0,0.0,29.88800674,0.191488266,3.732289758,1.107565963,-1.616308255,5.652098587,0.0,-1.306954833,0.0,0.870294047,0.320882664,0.273539258,-1.055840151,4.765633498,0.700514602,0.191488266,0.571201952,1.001116817,0.087774006,1.871458648,1.227756569,0.0,0.562394841,0.0,0.320882664,0.4563173,0.865448586,1.937168336,0.2241075,0.0,-0.694420903,0.0,3.205357436,4.940725566,0.0,1.78009602,9.692897789,11.84427678,5.832221121,16.5842685,0.0,0.273539258,0.562394841,16.5842685,2.064862168,6.661160153,0.700514602,0.191488266,0.571201952,5.321604249,3.644515753,1.871458648,1.227756569,0.0,0.320882664,1.017701326,0.65447921,0.52035592,0.0,14.85163906,0.596754789,1.017701326,-0.414569979,-1.306954833,8.891902012,54.0,1.14894,0.0,1.24484,1.21136,0.228571429,1.756527573,4.074509174,5.123367165,5.891753703,20.57085641,43.47977525,74.12480992,31.18784821,13.0,2.0,3.99,0.0,2.10165032,20.14304406,52.53185526,30.38759582,0.0,0.481411137,0.682656693,0.125,0.0,0.0,0.166666667,1.437216448,0.333333333,0.425,2.56,4.192,4.483,3.525935653,8.0,0.0,3.0,5.0,0.0,7.0,0.0,0.0,4.0,0.0,0.0,1.0,2.0,4.0,0.0,1.0,0.0,0.074266756,-12.22043175,12659.38868,3.433987204,2.677,-1.6504912516422934,0.0271718716335391
0.0,0.9632115469162764,5.48543241,0.4323643552288149,66.775825,0.0,1.0,3.0,0.0,0.0,2.0,0.0,0.0,2.0,6965.245556,213.8994818,126.6408283,101.5511412,66.50550522,61.49048315,62.12562387,233.4895941,197.3043278,184.8608525,169.1987384,155.7346652,7.6971276,7.608559348,7.678879686,7.601524287,7.52749794,7.545216279,7.632711,1.64896972,1.40736726,1.320535902,1.244064763,159.4530659,142.5433679,150.78714,155.1448108,158.226769,154.931796,155.3488573,158.6380643,161.3198774,3.889081487,2.755977721,2.618542491,2.436797712,2.888368573,2.555622095,2.5287868,2.512768633,0.094127741,0.060544506,-0.395289832,0.306538816,0.064634485,-0.198208399,0.13004304,76.60201514,53.30440236,-483.6610936,-684.850784,-10.80444997,-368.6195729,387.2786525,39.01673104,40.52149717,-173.2667716,-384.4086335,141.4375893,-77.16396469,-823.9825265,-83.7332578,-291.8156874,-0.024980628,0.753472132,-0.882781521,-2.180510198,1.776453025,-0.100320992,-1.196934215,0.313107405,-0.258724437,-2.363537151,2.402094371,-4.81856325,1.861929414,-4.26503248,-6.520822873,-2.820890057,-20.59493039,22.776026,9.697585847,-20.97017485,-9.814999977,-24.67105225,1.084329075,-9.47397028,-33.66463645,-7.139451946,-19.08645376,2.039618658,1.320724399,53.48178851,-4.099415555,0.018695329,-0.211727273,0.215585613,-0.091761797,0.011331215,1.409259111,0.928645441,0.997740077,1.395005123,0.810981306,0.84295368,1.035728706,0.932961738,0.839260161,0.69698458,0.827865775,0.849076448,1.239984107,0.971354501,0.676856354,0.910993081,1.1803111,0.714930432,0.805834662,1.010906919,1.127277938,0.9040785,1.138335917,1.220811409,1.119671946,1.153767666,1.002139423,1.076479687,0.99975691,0.997954724,0.536754572,0.901536545,1.475422187,0.882869714,1.003182008,1.148979216,1.000480571,2.18697479,0.201948385,-4.799229396,743207.5947,0.299438264,-3.617541042,-5.265239416,-2.24716838,10.96877063,1.091700646,0.22724095,-4.44523311,0.0,4.457178699,12.93486407,0.0,3.989539174,3.92919003,3.784386179,3.628118639,3.457863919,3.28645617,3.251518006,2.930086361,1.584949762,1.476791304,1.372874417,1.357900179,1.111109651,3.568881508,3.244364772,2.964236179,2.889670893,2.744063043,4.854270225,4.819925935,3.920168631,3.848181817,3.621168086,3.364464927,2.0,10.0,2.0,1.0,5.0,3.0,0.0,0.288675135,0.204124145,0.0,0.348110351,2.145876277,0.0,0.389111245,0.0,1.31418029,0.0,0.164702425,4.504312471,2.287016685,5.2988,17.5356712,263.0350679,0.04590579,-9.243492066,479.8482066,564.0,0.0,0.0,14.0,0.0,0.0,0.0,0.0,0.0,0.0,0.0,0.0,0.0,0.0,0.0,0.0,0.0,0.0,9.0,4.0,8.0,1.0,5.0,4.0,0.0,0.0,0.0,0.0,1.0,0.0,2.0,1.0,0.0,0.0,0.0,0.0,0.0,22.77487744,0.0,0.0,4.046400445,0.510182021,5.099324545,0.0,0.0,0.0,1.631533461,0.0,0.799946847,-0.295310577,0.0,0.0,0.0,0.0,0.0,0.0,0.0,0.0,0.0,0.0,0.0,0.0,0.356797249,0.637466774,1.402877138,0.168982794,0.0,-0.308743843,0.0,0.0,0.0,0.0,2.102540312,0.0,12.07120706,4.91609758,0.0,0.0,0.799946847,0.0,13.5689759,2.309112994,0.0,0.0,0.0,0.0,0.0,0.0,0.0,0.0,0.0,0.0,0.727671625,0.408906644,1.194810589,0.596650977,13.5689759,0.831586614,0.727671625,-0.168319318,-0.308743843,7.50426612,30.75,1.025,0.0,1.13187,0.82166,0.416666667,1.546988945,3.376964153,4.535371986,5.07191335,17.99890346,35.64001614,56.62040312,33.01878133,6.0,2.0,3.44,0.0,1.666267604,17.23463684,34.95470449,12.70469421,0.0,0.2,0.632455532,0.0,0.0,0.0,0.0,0.0,0.0,0.003,1.305,2.439,2.27,2.915632754,4.0,0.0,0.0,3.0,0.0,0.0,0.0,0.0,0.0,0.0,0.0,0.0,0.0,1.0,0.0,1.0,0.0,0.048171291,-9.098976196,1485.015393,3.713572067,2.713,0.04739373157097049,0.4977911154118107
0.0,0.785447988384078,4.19922064,-0.827274739767231,79.549411,23.0,5.0,3.0,0.0,0.0,2.0,0.0,0.0,2.0,8329.118364,230.7883707,128.1402825,108.3510569,81.10764608,77.92584907,64.4555039,239.5602994,220.2322535,205.8306949,199.7362631,179.3010901,7.811500831,7.870208908,7.863054851,7.744070457,7.916686757,7.904087273,7.494896167,1.655048622,1.468413619,1.461595581,1.401991697,161.413717,145.9889035,156.2816906,153.6497984,158.4069275,154.8475857,159.32845,159.1119126,155.8433621,3.550590318,3.119759051,2.972818757,3.003750401,2.898780055,3.149547696,3.184970071,2.399592087,0.130960471,-0.307045047,0.534051407,-0.273571278,-0.091679344,0.131356173,-0.144040414,126.4017844,1177.576711,-443.4144158,-28.81719015,-462.3178348,-1448.865656,-1937.123034,80.04208001,-131.7280686,1624.422854,-329.6731675,340.1196841,-692.5289458,-729.7396011,-1901.660607,-2454.151128,-0.167629239,1.063972777,-0.421706193,1.578295906,-1.298154158,-2.640643304,-1.826420838,1.387922991,-1.836084709,-3.509383439,2.921443597,-2.090925555,-0.765142301,-11.65714211,-30.58782219,28.83274716,-26.76239155,53.90193788,-51.40958802,6.193840385,48.54808855,-84.4857999,-3.309363146,7.881932813,5.152314159,-15.02060835,-48.52555183,-4.600010714,1.831909918,50.48459039,-3.28711532,-0.047961785,0.029611001,0.014816817,-0.22057069,-0.020175486,1.58998863,1.08733068,1.313163115,0.865775849,1.195863038,1.300415363,1.020174524,0.72345406,0.761720414,0.792553575,0.996024865,0.956050456,0.907334837,0.638279259,0.852577659,0.895440215,0.806124606,0.890948475,1.296852561,1.248884337,0.594826755,1.033149897,1.217861785,1.449665463,0.94426206,1.254226441,1.253006695,1.039418226,0.912649826,1.188308657,0.644409526,0.763920166,0.995042287,1.032435765,1.664138427,2.051321799,0.629469175,2.758403361,0.002749668,-22.40584511,424.7160113,0.124770226,-7.908869411,-13.25980921,-4.992440248,9.783133519,2.046676652,0.251590266,-5.243823083,0.0,4.689948076,13.53834926,0.0,4.122674586,3.973827979,3.963492,3.751156226,3.462237439,3.350439425,3.263314591,3.124933812,1.746682571,1.44087392,1.432787454,1.410416396,1.389406308,3.585505692,3.285852346,3.031000955,2.961357789,2.937635872,4.670457994,4.102232847,3.900235763,3.833023734,3.77442766,3.379645856,4.0,11.0,4.0,4.0,2.0,0.0,0.0,0.0,0.0,0.14271745,0.606189892,3.070187287,0.0,0.862430384,0.0,1.641102848,0.0,0.316262723,7.463572973,3.156344841,7.68912,22.644252,430.2407879,0.034132513,-12.83451862,566.6796283,887.0,0.0,0.0,20.0,0.0,0.0,0.0,0.0,0.0,0.0,0.0,0.0,0.0,0.0,0.0,0.0,0.0,7.0,3.0,0.0,7.0,6.0,0.0,2.0,0.0,0.0,0.0,3.0,1.0,1.0,1.0,2.0,0.0,0.0,0.0,0.0,0.0,24.56617102,0.0,0.0,0.0,-0.308529519,-0.10333965,9.994649103,0.0,0.0,1.459209173,0.0,0.693732081,-0.10333965,0.0,0.0,0.0,0.0,0.0,0.0,0.0,0.0,0.0,0.0,0.0,0.0,0.513451318,0.0,1.51285366,0.0,1.649831243,-0.317897333,0.207859207,0.0,0.0,4.316329331,1.944367888,0.0,14.28607849,5.201600483,0.0,0.0,0.693732081,0.0,14.28607849,2.243893802,0.0,0.0,0.0,0.0,0.0,0.0,0.0,0.0,0.0,0.0,0.699011266,0.711425098,0.0,0.009367814,14.28607849,0.765477092,0.974303373,-0.130686146,-0.317897333,11.67557378,52.25,1.375,2.0,1.04694,1.23829,0.285714286,1.693868915,3.789912484,4.852535505,5.029608967,19.47695971,41.17861064,56.46204763,38.28117493,22.0,0.0,3.44,1.96110574,6.149586147,4.311310023,23.87246015,27.23747772,0.0,0.0,0.251976315,0.25,0.0,0.0,0.944940787,1.465795435,0.333333333,0.003,2.131,3.466,3.519,8.543126221,5.0,0.0,2.0,3.0,0.0,1.0,0.0,1.0,0.0,0.0,0.0,0.0,0.0,3.0,0.0,1.0,1.0,0.178186437,-6.554714542,497.4382431,3.044522438,5.869,-1.3061630166417189,0.015117474621078222
0.0,-0.9223930963192546,0.58491904,-0.7411362459357278,81.065376,18.0,3.0,4.0,0.0,0.0,1.0,0.0,0.0,1.0,7085.336208,274.9219631,102.686032,95.81608779,67.35120489,66.31988522,60.32922336,222.8427037,193.4376467,195.5298424,187.8980985,168.4977652,7.677582739,7.787008302,7.634834624,7.651457144,7.689444185,7.683247671,7.704285639,1.537114912,1.41933307,1.376179974,1.261851724,161.4215355,145.7958279,154.5079148,153.6169103,154.5174187,156.903322,155.6729385,157.0781066,161.4564817,3.984376277,3.071273434,2.929506173,2.973361027,2.95342138,3.021214373,3.239486442,2.911848951,0.018581157,0.038715787,-0.22791865,0.243864315,-0.237448293,0.172704826,-0.066245241,104.0448473,785.8272014,-495.6845048,-116.0699995,881.3271231,-366.1318092,267.7349731,231.3047327,5.998498159,1223.779135,1.63784654,-244.2093907,750.5863573,-372.1804177,-868.6665864,-178.5533494,-0.188322535,0.116110376,-1.164889832,-1.034293138,1.063275849,-0.149548909,1.551705556,-0.385244204,-0.752157593,0.904947884,-2.089252978,-2.645307213,-4.563686038,0.306853451,-12.72239293,26.64206937,1.519104558,-20.20274443,31.41527009,-15.31189989,-42.38712578,-4.310196789,-7.054420985,-12.88517091,-7.385900286,-1.359038828,53.26992344,-11.67063234,1.445067323,51.46006979,-1.72305749,-0.097978069,-0.039078837,-0.03780195,0.24324166,-0.051412477,1.45858774,1.157280056,1.120180695,1.060966795,0.913153104,1.114847281,1.007770343,1.173392374,0.846019628,0.755584044,0.950197668,0.851800213,0.997713858,0.771745877,0.925823395,1.190761311,0.960777273,0.936283614,1.068422274,0.915552596,1.191571776,0.91976806,0.963018273,1.317643311,0.963167995,1.070784661,0.916384316,1.063693736,1.168515529,1.000275606,0.549470463,0.998213561,0.918205664,1.139381659,1.106490247,0.902663754,1.299789011,2.075630252,0.020549078,-14.37427497,650.1555498,0.09218549,-8.820624389,-13.65647464,-8.669931792,10.4740745,2.422518492,0.026145992,-13.48301963,0.0,5.060451996,13.46181441,0.0,4.035616947,3.913016629,3.80445874,3.526811845,3.435972179,3.347337982,3.156149443,3.127954785,1.794514823,1.587034189,1.480381256,1.428655655,1.355188855,3.419220132,3.284694777,3.101752726,3.086609006,2.977668682,4.697200565,4.660867663,3.946447444,3.870908185,3.778423158,3.468798177,2.0,14.0,4.0,2.0,4.0,0.0,0.0,0.0,0.0,0.0,0.252291192,2.943523042,0.0,0.771561556,0.0,1.439650285,0.0,0.25706749,6.735076809,2.816272415,6.03958,23.43838898,433.6101961,0.0832005,-9.200057103,2554.566168,818.0,1.0,0.0,20.0,1.0,0.0,0.0,2.0,0.0,1.0,1.0,1.0,1.0,0.0,1.0,0.0,0.0,9.0,4.0,1.0,9.0,5.0,2.0,2.0,0.0,0.0,0.0,0.0,2.0,0.0,2.0,2.0,0.0,0.0,0.0,0.0,0.0,23.82068088,0.0,7.327318969,1.035727631,-0.573080021,-0.579793527,6.907486214,0.0,0.0,0.573342989,0.532815213,0.573342989,-0.510152612,6.719545079,0.0,0.0,0.305485867,0.0,7.327318969,3.315949291,3.002134284,1.070454142,0.0,0.532815213,0.0,0.382073119,0.816596387,1.598892026,0.201533174,1.854284831,-0.556134697,0.43050094,0.0,0.0,0.0,1.775640668,0.0,12.61139869,5.63447554,0.0,0.0,0.573342989,0.532815213,13.75208289,2.011136683,6.719545079,0.0,0.0,0.946088361,0.0,7.327318969,3.315949291,3.002134284,1.070454142,0.0,0.668101819,0.556697393,0.834194457,0.0,13.75208289,0.573342989,0.998407099,-0.33768311,-0.556134697,11.2793595,46.5,1.25676,2.0,1.04795,1.19304,0.310344828,1.563070307,3.672985277,4.886730797,5.329184783,16.4846505,36.24193872,58.94330145,30.64766593,10.0,4.0,3.77,1.216345626,8.007176308,11.57974649,36.25237891,20.60444177,0.0,0.142857143,0.539404474,0.333333333,0.0,0.282842712,0.0,0.0,0.2,0.455,1.691,3.904,3.305,5.719307441,4.0,0.0,0.0,4.0,0.0,1.0,0.0,0.0,0.0,1.0,0.0,0.0,0.0,1.0,0.0,1.0,0.0,0.053302245,-10.84757428,858.9805192,0.0,4.637,-1.3236596105311813,0.029904719539203442
0.0,-0.4932479538197071,0.00332929,0.8756966179499163,74.53579,0.0,2.0,6.0,0.0,0.0,0.0,0.0,0.0,0.0,5853.813291,210.0833333,90.05866602,95.85228597,58.39412562,56.00511575,56.24049926,217.7298721,177.3639075,176.3154621,188.4783211,170.8983327,7.779406462,7.884570719,7.854241595,7.625164772,7.786805826,7.663430239,7.663604453,1.460275556,1.276548077,1.359226175,1.239896771,161.6333079,145.9180014,157.1858799,151.1064651,153.6410281,159.2241799,161.7396084,155.9341049,160.5252097,3.232051282,3.264705882,3.011111111,3.030381944,2.580795262,2.66980057,2.744565217,2.690202518,-0.183330322,-0.2925446,0.631171253,-0.317951451,-0.170906224,0.192632946,-0.033891067,181.9437584,391.6157734,-206.5206091,-716.9829797,216.7942084,-664.2455776,12.09168534,595.150832,-133.280989,1621.305051,-224.0034204,-1720.761265,-233.6445546,538.0072114,-686.0911377,822.0960874,-0.247026318,-2.461016227,-1.695212793,2.5080852,0.023992547,-2.207505908,0.970262898,0.326769697,-2.36387061,-1.510138724,-6.654815037,6.383586474,-4.849937525,2.255222762,-19.98172231,42.25277054,-23.92039813,-43.5443879,-27.84349835,65.11939121,-21.59771582,25.54247332,-1.794707429,-6.554240631,3.509368836,-17.78205128,9.357659435,8.573800131,2.675643506,49.78261703,2.75901134,-0.026392756,0.022211195,0.013876791,0.050856845,0.042235469,1.280075895,1.405166534,1.244715935,0.805607901,1.011633192,1.194239986,0.838816054,0.956446332,1.041635591,0.91450289,1.087719231,0.931159794,0.899581303,0.659415792,1.512679962,1.113977704,0.745913816,0.77224549,1.175507904,0.778736364,0.925427028,1.054183866,0.935717971,1.37819561,0.799734847,1.269851201,1.157176436,0.802772451,1.122232287,0.902417873,1.290054169,1.009533778,0.885780872,0.824645339,1.197027649,0.775454979,0.889783272,1.785714286,0.01448524,-14.82118769,487.1820426,0.104186287,-7.91551167,-14.6740734,-7.090333712,10.54328826,3.120399765,0.114649885,-7.58055295,2.0,4.847334275,12.02975246,0.0,3.948339488,3.80340196,3.779833103,3.484068107,3.127529169,3.099084095,3.03165781,2.910829458,1.492294716,1.448558733,1.43687528,1.418613196,1.404784399,3.387695975,3.007886648,2.965622087,2.891832201,2.840096505,3.984768714,3.87831619,3.862335669,3.601215175,3.365550021,3.356746479,1.0,15.0,3.0,0.0,2.0,0.0,0.0,0.0,0.0,0.096225045,0.370790812,1.95945292,0.0,0.438832194,0.0,0.833506923,0.0,0.136638221,5.500733577,2.032835082,5.39788,20.31928245,355.5874428,3.33e-16,-124.733659,13000000.0,797.0,1.0,0.0,19.0,0.0,0.0,2.0,1.0,2.0,1.0,0.0,0.0,0.0,0.0,0.0,1.0,0.0,0.0,2.0,2.0,9.0,6.0,0.0,2.0,0.0,0.0,1.0,0.0,0.0,0.0,0.0,6.0,0.0,0.0,0.0,0.0,0.0,24.64380969,3.191853173,1.513718768,0.0,-0.569520713,7.488877573,0.0,0.0,0.0,0.0,0.280491701,3.597984064,0.651288723,0.0,0.0,1.584561595,1.605577462,1.504100244,1.513718768,0.0,0.0,0.0,0.0,0.0,0.280491701,0.930093537,0.930093537,1.622770715,0.0,0.0,-0.319482579,0.0,3.597984064,5.10966073,0.0,0.0,0.0,0.0,5.362369856,0.0,0.0,0.0,0.280491701,5.730264283,1.988141351,0.0,0.0,1.607291578,1.605577462,1.514389587,1.513718768,0.0,0.0,0.0,0.280491701,0.96481576,0.623970768,0.0,0.0,0.0,0.0,0.96481576,-0.175346632,-0.319482579,7.734540207,38.0,1.08571,0.0,1.02568,1.05749,0.296296296,1.513160806,3.068113399,3.670488005,4.213322043,14.0758923,27.34503537,78.89003013,47.1691806,11.0,0.0,3.55,1.478418959,7.996780416,7.243739842,27.52107438,18.05191508,0.0,0.0,0.0,1.869439351,0.0,0.0,0.5,0.0,0.0,0.169,2.532,2.772,2.557,5.082338152,4.0,0.0,1.0,3.0,0.0,0.0,0.0,0.0,0.0,0.0,0.0,0.0,0.0,1.0,0.0,0.0,0.0,0.090674211,-8.401688025,358.9563926,2.397895273,2.725,-0.08677942613002987,0.999910040492945
1.0,0.177082706469856,1.09579024,-0.1792834595976016,84.987755,12.0,1.0,5.0,1.0,0.0,2.0,0.0,0.0,2.0,9092.242282,360.5947836,126.2811428,108.806575,68.02240893,64.32052918,51.0900736,220.5054377,191.5953803,186.514909,168.6574308,136.3173399,7.724111153,7.692356222,7.678901706,7.667210435,7.661669706,7.489411283,7.583859901,1.610992662,1.426449723,1.349429138,1.11381637,161.1736798,142.8827324,150.7427974,154.2859085,161.6019218,156.0345931,155.9776154,156.0725446,164.8360052,5.008260883,2.645596986,3.036106572,2.744772831,3.100472583,3.076016645,2.713937471,2.795745818,0.200103072,-0.063441648,-0.24568686,0.260097508,-0.034959758,0.001470899,-0.173466506,430.1952724,658.0717452,-2048.248023,-0.264579111,-391.0020908,-1268.700276,-526.9365206,1588.455359,127.5561191,580.3366745,-1589.249863,1200.07013,438.1668367,-1200.854362,-2539.00514,1779.503015,0.201078894,2.218296063,-2.01772217,-2.592235382,0.631463115,-1.313481389,-0.0768775,-1.394429347,0.168346065,-10.80233495,9.945702964,-0.305077023,-15.01802727,6.760007553,-3.48643583,1.616365535,-54.44353443,60.47301645,16.52506544,16.89275533,-104.3513625,15.06206262,-19.87862405,-27.30746181,-61.4641987,-20.30268591,-0.901551572,-50.0907851,5.813449627,53.7229883,-3.836595406,-0.268630055,-0.24390555,0.128307003,-0.00250431,-0.130105935,1.453891513,0.708639971,1.033994108,1.206935172,0.944389479,0.956497529,0.784128167,0.981142279,0.777604389,0.837302352,0.844652115,0.891804159,0.973746493,0.934551868,0.487515095,0.990118801,1.126044169,0.882063787,0.977880941,0.738141836,1.139126144,1.001431859,0.906351,1.273283601,1.146491004,1.311038535,1.035513417,1.006762694,1.227901202,0.861931099,0.46841412,0.952003325,1.207104186,0.954548663,1.088087844,0.789620353,1.19894083,3.31197479,0.086545106,-9.054231307,502.7594374,0.191567798,-6.11429993,-7.213204383,-7.347819445,17.92986451,-1.83716643,1.375202538,1.178823778,0.0,4.361994245,14.08093367,0.0,4.716690266,4.01135742,3.950337346,3.789999665,3.480471348,3.398801299,3.275729288,3.215396717,1.814610322,1.744633883,1.476055031,1.384215794,1.30807057,3.649510127,3.423665465,3.204079362,2.980569416,2.951961788,5.103468371,4.881995472,4.77394046,4.048192771,3.931329368,3.862773552,2.0,10.0,2.0,6.0,5.0,2.0,1.0,0.0,0.0,0.0,0.205950377,4.45505745,0.348461713,1.458953154,0.287457479,2.803167945,0.166640649,0.613307553,8.821057085,4.861702208,7.1191,17.6624434,326.7552029,0.352564319,-3.857332165,1007.52167,673.0,1.0,0.0,14.0,1.0,0.0,0.0,2.0,0.0,0.0,0.0,3.0,0.0,1.0,0.0,0.0,0.0,8.0,13.0,1.0,8.0,5.0,3.0,5.0,0.0,1.0,0.0,0.0,1.0,0.0,4.0,0.0,0.0,0.0,0.0,0.0,1.0,20.05356156,0.0,0.0,0.114126053,-1.551875103,-1.261334226,4.584012636,-1.132568051,0.0,1.381353008,0.453179099,0.670300779,-1.015702298,5.431288481,0.0,0.0,0.819569591,0.0,0.0,0.0,0.303766303,0.0,0.453179099,0.0,0.0,0.40547199,0.746570649,1.733954264,-0.283626727,2.036224242,-0.518401308,0.982307624,0.0,0.0,0.0,1.808489386,9.80818719,11.98486093,0.0,0.0,-5.264469227,0.670300779,0.453179099,14.37922743,2.183552543,5.431288481,0.0,0.0,6.516365333,0.0,0.0,0.0,6.047455282,0.0,0.0,0.782301255,0.408107228,0.399992634,0.0,14.37922743,0.711052228,1.160221997,-0.287096718,-5.264469227,9.597302617,41.0,1.10811,1.0,1.36403,1.05794,0.5,1.617973836,3.50574343,4.63009137,5.197159723,20.10428918,38.09380682,62.86023804,37.82723595,6.0,4.0,3.55,1.960131704,8.317860703,12.88214556,30.81790782,14.09851375,0.0,1.830934239,0.0,0.0,0.0,0.0,0.0,0.0,0.0,0.591,2.043,3.504,2.481,3.270943272,3.0,0.0,0.0,3.0,0.0,0.0,0.0,0.0,0.0,0.0,0.0,0.0,0.0,1.0,0.0,1.0,1.0,0.047780027,-11.25224605,471.6511871,0.0,6.248,-1.7915041543833068,0.009382782416824107
0.0,0.7432678336623717,3.91921209,-1.1248240092464097,73.887032,23.0,4.0,2.0,0.0,0.0,2.0,0.0,0.0,2.0,7729.642001,204.9828151,131.0108814,109.0054868,78.23353423,79.87161627,62.2282439,247.3719725,221.6680731,214.7963096,192.912425,167.9231062,7.73725922,7.805091015,7.772264382,7.753300793,7.736326708,7.784142214,7.47489333,1.722071487,1.54917574,1.441682671,1.333407087,159.5534397,144.7202462,152.2128204,153.3153515,156.7699867,155.8705816,154.6721941,157.5928368,158.8640231,3.474285002,3.066790777,2.838363054,2.900390025,2.918327701,3.038155534,3.014653003,2.37490511,-0.260129316,0.204719285,0.098918506,-0.234484165,0.109898218,-0.069927658,0.116032454,104.965908,743.9966795,-362.51587,343.4796942,-1028.749385,-490.6573966,-1433.947043,930.1073945,-37.32954062,896.2360412,-437.007367,553.6433448,-212.9961067,-1265.020583,-1855.987857,-1103.82183,0.119360398,-0.078509536,0.694049251,0.073284995,-1.700088581,-0.259318211,-1.951577423,1.84012912,-0.800484066,-3.742122027,2.608703257,-7.025530167,-1.836581578,-5.413465577,-11.24846892,-8.039426338,-16.85178353,15.87976915,15.16590195,-30.39970366,-11.19509565,-47.9642478,-1.857199113,6.6634616,5.67644155,4.947791747,-43.4803932,-7.693411708,1.666125524,51.29266413,-6.487285043,-0.029479351,0.036155679,-0.013758023,-0.21106987,-0.037346659,1.31966915,1.339479205,0.944745703,1.077663817,1.272607928,1.098418621,1.173905809,0.6420376,0.682348849,0.856071112,0.817480358,0.927252485,0.88232666,0.73387103,0.878164374,0.860511549,0.941504978,1.070046347,0.986477291,1.357756449,0.63261256,0.908514764,1.111818416,1.229618339,1.132969276,1.158545578,1.025091448,1.14002537,1.032399932,1.085868544,0.672009461,0.793776995,0.993372263,1.165253536,1.307943781,2.104009902,0.84457754,2.365546218,0.069759586,-9.319451506,358.3770098,0.053321608,-10.25994769,-7.958309735,-15.24956848,9.578947277,1.096579454,0.236003676,-5.053677647,0.0,5.159933441,13.38672986,0.0,4.123329303,3.97110789,3.952367494,3.743033146,3.438271998,3.322991894,3.205675214,3.029882188,1.801343663,1.437817632,1.419824734,1.392347085,1.351928092,3.644535775,3.291446574,2.99997008,2.929509481,2.877182418,4.641851893,4.059783136,3.891520416,3.838450366,3.700917557,3.261871633,3.0,15.0,3.0,3.0,1.0,1.0,0.0,0.0,0.0,0.14271745,0.636773795,2.660944784,0.0,0.776399973,0.0,1.509684592,0.0,0.287323304,6.502403705,2.844613446,8.04329,22.18262856,388.1959998,0.013735904,-15.00709748,755.4115083,717.0,0.0,0.0,21.0,0.0,0.0,0.0,0.0,0.0,0.0,0.0,0.0,0.0,0.0,0.0,0.0,0.0,10.0,3.0,0.0,10.0,4.0,0.0,2.0,0.0,0.0,0.0,2.0,1.0,1.0,1.0,1.0,0.0,0.0,0.0,0.0,0.0,29.87345447,0.0,0.0,0.0,-0.132346155,-0.089264578,9.738904997,0.0,0.0,1.447797679,0.0,0.662983467,-0.089264578,0.0,0.0,0.0,0.0,0.0,0.0,0.0,0.0,0.0,0.0,0.0,0.0,0.474717537,0.0,1.661669863,0.0,1.794795619,-0.266836665,0.501435815,0.0,0.0,4.431838252,1.894465624,0.0,14.05689095,5.654136112,0.0,0.0,0.662983467,0.0,14.05689095,2.251584465,0.0,0.0,0.0,0.0,0.0,0.0,0.0,0.0,0.0,0.0,0.628698766,0.619182104,0.0,0.134490509,14.05689095,0.784814212,0.949396753,-0.103837011,-0.266836665,11.90135357,48.75,1.39286,1.5,0.97627,1.19504,0.222222222,1.63821826,3.759301738,4.86951699,5.276296651,18.84631112,40.32495844,56.67447915,32.29892698,21.0,0.0,3.55,0.995208839,6.162853226,8.342585699,28.66518194,22.98320898,0.0,0.0,0.142857143,0.0,0.0,0.0,0.166666667,1.419792422,0.25,0.003,1.752,3.291,3.483,8.491427259,5.0,0.0,2.0,3.0,0.0,1.0,0.0,1.0,0.0,0.0,0.0,0.0,0.0,3.0,0.0,1.0,1.0,0.061227507,-9.776055566,653.4375279,3.044522438,6.036,-1.2728551992283093,0.012777136185267775
1.0,0.67001395344784,3.455881,1.3543700811709456,86.79079,0.0,3.0,5.0,0.0,1.0,2.0,0.0,0.0,3.0,9245.442147,407.6633707,128.4089187,106.4162936,75.2152945,78.02786788,65.37322514,236.9224808,202.5768266,194.889775,179.3619118,181.6109541,7.955897972,7.826344383,7.743727111,7.911586248,7.913469378,7.815784437,7.815551226,1.617435502,1.395617699,1.324160825,1.365415318,162.2083893,145.7914952,150.6881779,153.1859586,161.3300129,159.5602329,159.9169227,162.2212329,160.1762961,5.661991259,3.286908436,3.268015632,3.157343107,3.440918019,4.01385421,3.199385666,3.380656362,0.084306833,-0.158859951,0.586713059,-0.980924923,0.74413873,-0.099844096,-0.243324879,7.933844344,794.3671625,-926.6749947,1957.692593,-845.9034452,386.175809,74.90515595,-2240.796422,215.7211758,897.2607802,-1795.321891,1909.621113,-116.8768301,-1006.948683,37.69981666,-1496.630815,-0.583330914,1.14609084,-0.286780272,1.889882778,-4.079905494,4.593768074,-1.783555778,-3.017996975,1.004471149,-9.832034111,5.754577995,-2.891238631,1.389256646,-4.126929078,2.118040258,4.641348082,-55.06774024,-1.354287545,-10.54622756,-4.51596577,12.1961839,-25.47480781,-10.28523933,-18.66151217,17.69739115,85.48777146,-63.40558053,-16.24972528,0.104392689,50.23017857,-3.771343382,-0.135332096,0.07282877,-0.228549556,-0.227260145,-0.065523086,1.470225036,0.853633655,0.977464421,0.797741854,1.410859743,0.85655805,0.923517885,0.877078158,0.656748403,0.849867082,0.801665017,0.983211634,1.225932247,0.817371787,0.601377748,0.787944233,0.78437622,1.122178211,0.81740348,1.024643887,1.086651194,0.917731879,1.079752108,1.068330589,1.010986986,1.211568161,1.092760878,1.089139419,0.994339989,1.062831653,0.479354071,0.803068447,0.86531475,1.179660526,0.975234757,1.137088026,1.024120516,3.306022409,0.370620103,-4.168826429,455.8064941,0.525956094,-2.698657669,-4.353432174,-1.963834404,13.23306663,3.836183571,0.024419506,-15.59196675,1.0,4.273404071,14.96253694,0.0,4.066720177,3.960557986,3.853856127,3.773385316,3.502408709,3.483525429,3.31081326,3.19853047,1.838919259,1.592319761,1.56245603,1.41906488,1.249629723,3.605286179,3.452152689,3.238459059,3.055677373,2.862386321,4.982792067,4.862468805,4.769035151,4.751697984,3.868231601,3.859290168,3.0,15.0,3.0,3.0,3.0,1.0,2.0,0.0,0.0,0.136082763,0.652205355,4.739667086,0.409108946,1.215030247,0.108260467,3.137983089,0.395220057,0.425180769,9.040840239,4.279604683,6.82839,22.72514242,477.2279908,0.222769446,-6.306795247,989.6314774,1051.0,4.0,0.0,21.0,3.0,3.0,6.0,1.0,10.0,4.0,1.0,4.0,1.0,1.0,0.0,3.0,0.0,0.0,7.0,2.0,9.0,4.0,1.0,3.0,0.0,2.0,0.0,0.0,0.0,0.0,3.0,1.0,0.0,0.0,0.0,0.0,0.0,17.15311281,7.995933862,0.738276405,0.550787416,-2.311169576,1.678790212,0.0,-1.46406036,0.0,0.840329311,0.098249205,0.245676043,-1.154993808,4.429236275,0.283396536,0.184182489,1.580698478,0.024137476,0.058424211,8.449763779,0.214756995,1.623645099,0.596357077,0.0,0.098249205,0.396622127,0.94660797,1.355154191,0.550787416,0.0,-0.974565242,0.0,2.884466464,0.0,0.0,0.0,9.468351633,11.58388291,5.242115415,16.08866435,0.0,0.245676043,0.596357077,16.08866435,2.013669241,6.908130559,1.392089745,3.126172629,1.580698478,5.810366126,0.515033671,8.449763779,2.086276346,1.623645099,0.361146581,0.973794044,0.646999065,0.550787416,0.0,14.30027274,0.594653268,0.973794044,-0.203941742,-1.243600953,8.763584156,44.75,1.06548,0.0,1.32482,1.11792,0.322580645,1.73726762,4.047561379,5.02314132,5.502715279,20.41086994,41.8074242,62.85068996,33.3962415,13.0,3.0,3.66,1.224744871,5.572832839,8.3207202,32.60332882,24.83256215,0.333333333,0.866025404,0.718608224,0.0,0.0,0.0,0.721124785,0.0,0.0,0.655,2.331,3.924,3.404,3.161438729,5.0,0.0,2.0,3.0,0.0,1.0,0.0,0.0,1.0,0.0,0.0,0.0,0.0,2.0,0.0,0.0,0.0,0.466114995,-3.205956203,456.1438713,3.044522438,3.33,-1.6782773966679994,0.011857514013322672
0.0,-0.0009843064128581,0.56761156,-0.8011574064319603,75.931032,23.0,6.0,4.0,0.0,0.0,2.0,0.0,0.0,2.0,8489.70598,274.0105929,136.9307416,114.6016275,85.77264631,83.69432764,73.72090675,243.4006351,228.1268697,211.0856617,196.1995818,182.1781717,8.001040032,7.993719156,8.025857407,7.889345237,7.956020747,8.021127649,7.671014121,1.653543963,1.479195851,1.409014787,1.371580916,162.5845368,147.9049295,157.8830376,154.4906741,161.2285164,155.2614536,158.6641554,161.6949804,158.6474491,4.419525692,3.333956852,3.237809097,3.361286389,3.125835534,3.289541506,3.584392251,2.752785052,-0.120061072,0.161676421,0.055159248,0.028904729,-0.180450052,-0.022787586,0.042307129,120.445826,980.0232851,84.09975543,-227.5289035,-1406.723382,-684.2512792,-1139.409499,800.1422328,-174.3271986,1500.527323,-482.717428,829.9620038,-1314.804562,-816.8883841,-900.6668539,-1335.177806,-0.166981831,0.542995262,1.352448802,-0.725512882,-1.153929919,-2.166097752,-1.896539893,2.104564312,-2.058365699,-5.112597014,6.129068513,-3.711687584,3.014071898,-9.114936762,-29.95902259,21.94040989,-24.99112612,59.60525081,-34.0520225,-22.65369756,38.90382897,-73.94100059,-3.868774604,10.79049308,-16.28419958,-18.38630179,-23.67112701,12.5342945,1.824936757,48.21040283,-4.12569891,-0.058617797,-0.100519751,-0.03081373,-0.115468912,0.063304518,1.503060758,1.181372966,0.958970078,0.970485879,0.978183661,1.110008158,1.001111102,0.755619786,0.79459094,0.880823645,0.8535776,0.920003204,0.895969244,0.618490669,0.863142899,0.728495461,0.997805172,0.835025324,1.06901826,1.1884671,0.642897944,1.076851439,1.20331504,1.476236399,0.992305452,1.232490118,1.234391174,1.125534214,0.901889812,1.190052656,0.616652098,0.788081163,1.145778787,0.812030112,1.111008477,1.517224711,0.608840984,3.151260504,0.045161135,-11.77056999,417.8092137,0.080569871,-9.570795946,-10.0955129,-5.915552566,9.76890287,2.922135968,0.23021005,-5.581299874,0.0,4.686613358,12.98791318,0.0,4.136384507,4.059964175,3.954275751,3.754528523,3.446492743,3.349703746,3.262108237,3.143206876,1.747283151,1.441636621,1.430951514,1.423892067,1.395460331,3.5947185,3.306448987,3.028236666,2.904917734,2.87634901,4.739404254,4.673461069,4.114550527,3.882726957,3.770934601,3.630200656,5.0,11.0,2.0,2.0,1.0,1.0,0.0,0.0,0.0,0.14271745,0.608996017,3.035130048,0.0,0.96253509,0.0,1.555205719,0.0,0.294897082,7.783002179,2.973810528,5.17464,22.31620571,424.0079085,0.018434571,-15.1754045,712.7715577,927.0,0.0,0.0,18.0,0.0,0.0,0.0,0.0,0.0,0.0,0.0,0.0,0.0,0.0,0.0,0.0,0.0,7.0,3.0,0.0,7.0,5.0,0.0,2.0,0.0,0.0,0.0,3.0,1.0,2.0,2.0,2.0,0.0,0.0,0.0,0.0,0.0,20.03517732,0.0,0.0,0.0,-0.413293838,-0.223757261,6.708881855,0.0,0.0,1.092425057,0.0,0.360006277,-0.223757261,0.0,0.0,0.0,0.0,0.0,0.0,0.0,0.0,0.0,0.0,0.0,0.0,0.514715539,0.0,1.488922302,0.0,1.592336578,-0.416136184,0.17555573,0.0,0.0,4.268706929,1.768441962,0.0,12.48211786,5.168580089,0.0,0.0,0.360006277,0.0,14.13139973,2.110329512,0.0,0.0,0.0,0.0,0.0,0.0,0.0,0.0,0.0,0.0,0.680695294,0.736542624,0.0,0.002842346,14.13139973,0.73241878,0.997660799,-0.081573186,-0.416136184,9.416888335,54.75,1.44079,2.5,0.95528,1.3086,0.269230769,1.796771993,3.974389968,4.996388601,5.215898931,21.07809427,44.13354092,53.03548318,33.31566748,23.0,0.0,3.0,1.314723226,4.805063888,5.010900656,23.24963262,23.09489374,0.0,0.142857143,0.394364246,0.25,0.0,0.0,0.944940787,1.989385987,0.685006711,0.003,3.083,3.79,3.033,8.818459431,5.0,0.0,2.0,3.0,0.0,1.0,0.0,1.0,0.0,0.0,0.0,0.0,0.0,4.0,0.0,2.0,0.0,0.105448287,-8.548231546,764.6679975,3.044522438,3.553,-1.807976580227999,0.009465611656576094
0.0,0.2639313415874988,1.41586201,-0.4185260259366629,81.700376,20.0,7.0,3.0,0.0,1.0,1.0,0.0,0.0,2.0,7686.563485,292.9219631,108.2614575,101.783767,69.21512201,78.25091974,62.90202131,217.7890518,184.7542157,209.3514945,189.6246119,177.2294505,7.860943732,7.715889745,7.640893358,7.777389662,7.772934926,7.804967959,7.730694431,1.478734844,1.483658394,1.368581479,1.315265499,166.8670446,149.8265025,158.4978769,161.1259127,165.9806742,166.3854155,157.4591382,163.8673849,160.9424772,4.125661452,2.972858458,2.879320988,2.566779398,2.814079243,2.808616635,2.736896476,2.684833017,0.058144874,0.208624577,-0.543440072,0.471120072,-0.085337922,-0.105338953,0.050794468,175.4577266,284.5452919,-179.1705139,1338.470746,1422.525746,-60.22968553,-73.99246506,-1194.679558,-38.32639738,377.8624433,-614.9559536,1338.773983,2331.218756,-1252.6116,268.9897109,-2719.609836,0.000344,0.722529965,0.884844118,-0.057094482,2.667920657,0.185071546,-1.317700553,0.913287037,-1.261132887,-3.213964344,4.135187371,-7.756072768,3.818095678,-13.8143095,-29.01449297,12.70671353,-20.96499798,-29.22613822,98.61200607,-77.09652726,54.96432817,-64.40741272,1.000033417,8.332497548,1.874402813,-0.137419759,-18.02684256,1.127454439,2.308654297,48.74083976,-6.170500491,0.013158334,0.008841523,0.164201985,-0.074184537,0.004336363,1.555273346,1.064268695,0.852003479,1.052082764,0.861611641,0.960123129,1.000328615,0.875111686,0.696141145,0.721144238,0.793867125,0.899686303,1.032719685,0.912611461,0.839057207,0.72133157,0.758468481,0.739120476,0.715040567,0.957967302,0.83018284,0.697228793,1.246577162,1.397235967,1.053098606,1.054943819,0.785600944,1.310231515,0.975278957,1.167485569,0.674531509,0.620137446,0.70358516,0.677411405,0.684461601,0.930879996,0.819127401,2.730392157,0.57647189,-2.148231928,662.0810893,0.558188924,-2.273925425,-2.236886334,-1.605273616,9.463756136,4.328479065,0.998963357,-0.004045004,0.0,3.929940078,12.36695107,0.0,4.186080135,3.989044514,3.919876886,3.680412268,3.652510547,3.370919889,3.247744606,3.097395111,1.743831215,1.685859826,1.586948954,1.47653426,1.384668316,3.659310097,3.566486873,3.198284291,3.010194523,2.962016849,5.2098461,5.07341273,4.303128031,3.990740414,3.9356625,3.70600394,3.0,7.0,1.0,4.0,7.0,2.0,0.0,0.0,0.0,0.292643595,0.801586007,2.763049193,0.0,0.476804606,0.0,1.572200329,0.0,0.161181676,6.319312927,2.975917672,5.94234,24.38099007,475.4293063,0.108811862,-8.6507262,1230.86819,913.0,2.0,1.0,12.0,4.0,1.0,0.0,0.0,2.0,2.0,2.0,0.0,4.0,0.0,0.0,0.0,2.0,4.0,13.0,0.0,4.0,2.0,8.0,4.0,2.0,0.0,0.0,3.0,1.0,1.0,1.0,1.0,1.0,0.0,0.0,0.0,0.0,13.67868629,0.0,2.52610008,6.2232554,0.879853408,0.0,4.390727445,0.0,0.0,0.641474045,0.577194642,0.641474045,0.360579885,1.516978739,7.591914388,0.0,0.0,1.30236317,1.193072804,0.370255381,0.0,3.259095566,0.0,0.0,0.0,0.303544987,0.0,1.681306262,-0.473380107,1.818688534,-0.306449198,0.360579885,0.0,0.0,4.468738588,2.067019888,0.0,11.77218074,5.64644113,14.31032285,0.0,0.641474045,0.644902975,14.31032285,2.115218027,6.79483965,7.591914388,0.0,0.0,1.455138046,1.333027276,0.41368852,0.0,9.228769785,0.0,0.829937224,0.640097041,1.209713627,0.744111583,11.77218074,0.641474045,0.829937224,-0.179654274,-0.593571485,10.97335272,50.0,1.28205,1.0,1.09446,1.05986,0.518518519,1.744277619,3.877481653,5.209901261,5.452426345,19.26148839,41.24553625,50.06927758,31.43542569,22.0,0.0,3.11,0.083333333,3.649312119,12.7696573,33.79422214,17.9161534,0.0,0.0,0.40824829,0.090909091,0.0,0.0,2.330408294,2.203576907,0.5,0.5,2.249,3.359,3.553,13.98759631,6.0,0.0,3.0,3.0,0.0,1.0,0.0,0.0,1.0,0.0,0.0,0.0,0.0,5.0,0.0,2.0,1.0,0.035517293,-13.01716874,428.686001,3.433987204,5.463,-1.332438128527782,0.023244966083012582
0.0,-0.3833974789329611,0.01520289,0.8798766901148903,84.333962,0.0,3.0,3.0,0.0,1.0,2.0,0.0,0.0,3.0,8449.042159,335.8578151,117.3478078,97.56987605,70.41677714,75.65502925,54.61075445,220.8741421,192.9961019,192.7290938,172.9805438,165.5238469,7.748806194,7.670503604,7.587019444,7.81137415,7.847387725,7.752491979,7.655738878,1.546799997,1.393637949,1.30468601,1.297195835,163.8081022,146.1292038,151.2366248,156.9423944,164.1447834,161.244246,159.6587703,162.2230558,161.3094025,4.664691877,2.825651126,2.645326175,2.689321036,3.152115484,3.758605457,3.029781433,2.68950921,0.027199449,0.033122745,0.13955208,-0.510196358,0.385014981,0.165969597,-0.258844759,27.76344,595.5042557,-567.5855513,2186.000666,46.67075877,535.3428244,-364.7990771,-2497.707445,271.2357285,404.7019462,-1398.045663,2637.339589,982.5007325,-832.8593018,-852.5709971,-2117.444881,-0.422082765,0.767884938,0.085581654,0.080834383,-2.251576704,3.859897864,-0.854964506,-3.533614025,1.437088098,-7.470443716,9.669566974,-3.346083777,-1.944951771,-6.376978665,4.761097593,-9.865195425,-47.63431877,12.67490316,18.21243618,-13.05031514,-3.985379941,-29.58504456,-7.252915275,-18.77709291,-11.2132808,93.75587064,-31.87129291,-58.2121495,0.365308421,52.05593737,-3.178852297,-0.095433096,-0.04329452,-0.128792529,-0.111438087,-0.21480498,1.458734821,0.85614664,1.013253706,1.026034198,1.514739193,1.104600645,0.972664944,0.920252521,0.642192268,0.800052192,0.79495143,0.989200472,1.189994823,0.945473058,0.563420959,0.823981347,0.888118829,1.182734671,0.953212761,1.119804638,1.152412814,0.84567547,1.098890066,1.11079209,1.109519941,1.151270461,1.035965566,1.137672101,1.040977792,1.081868781,0.537677834,0.867638087,0.975808816,1.301758084,1.111196801,1.242721103,1.151153374,2.806022409,0.528696299,-2.421896244,519.6290961,0.658358593,-1.588420981,-2.547842006,-1.249442428,12.39356782,2.832629819,0.436499749,-3.150076419,1.0,4.853698605,14.95383814,0.0,4.066467953,3.960509258,3.788376061,3.665802314,3.502175364,3.449633712,3.284323937,3.084850075,1.839032045,1.598559205,1.563891913,1.372874417,1.337145163,3.599530826,3.445652609,3.213097098,2.948214721,2.8107999,5.197446042,4.940635029,4.926884874,4.310899342,3.92879229,3.775528459,2.0,10.0,2.0,3.0,9.0,1.0,2.0,0.0,0.0,0.136082763,0.667497306,4.392259457,0.409108946,1.010906101,0.108260467,3.151348873,0.395220057,0.394994267,8.009614069,4.236004183,5.3025,21.9132128,416.3510431,0.341799165,-4.079421419,379.4949705,878.0,4.0,0.0,14.0,2.0,3.0,4.0,3.0,7.0,4.0,2.0,1.0,0.0,1.0,0.0,3.0,0.0,0.0,13.0,2.0,6.0,3.0,5.0,5.0,0.0,2.0,0.0,0.0,0.0,0.0,2.0,0.0,0.0,0.0,0.0,0.0,0.0,14.81273528,2.189977716,5.393177535,3.363744243,-2.202681226,3.269768337,0.0,-1.258323281,0.0,0.958308483,0.055369583,0.313402096,-0.292336253,2.679617149,0.177344176,0.17396003,0.885300887,0.017352943,0.035708198,0.550336977,0.123211328,0.0,0.371236914,0.0,0.055369583,0.368681198,0.879743008,2.132410581,0.642542926,0.0,-0.773912632,0.0,3.141797722,0.0,0.0,0.0,9.939337576,14.02551404,0.0,15.98893902,0.0,0.313402096,0.371236914,15.98893902,2.066302932,4.122267459,0.776586864,1.041388318,1.898940698,4.632596247,5.206788553,1.334317099,0.123211328,0.0,0.289737564,0.882710923,0.48649761,0.707772127,0.0,14.22759065,0.644906387,0.882710923,-0.203652653,-1.120680333,8.396178873,36.0,0.94737,0.0,1.45619,0.87637,0.517241379,1.650967217,3.750785203,4.808629606,5.318755383,19.23692488,38.20549224,58.27042152,33.46545626,9.0,3.0,3.66,1.5,4.631909246,10.10090251,31.94392258,20.97946342,0.333333333,0.388067491,0.0,0.0,0.0,0.0,0.721124785,0.0,0.0,0.871,2.237,3.366,2.927,2.797400269,5.0,0.0,2.0,3.0,0.0,1.0,0.0,0.0,1.0,0.0,0.0,0.0,0.0,2.0,0.0,0.0,0.0,0.433343692,-3.177651659,508.8078841,3.044522438,3.459,1.4178821832659194,0.007397657337727434
0.0,0.0387682135047212,0.67059721,-0.8594662742909616,79.853825,23.0,6.0,2.0,0.0,0.0,1.0,0.0,0.0,1.0,7299.140026,289.6997409,114.0490629,106.1609898,80.49187811,77.72378629,56.35564403,248.1130971,223.363254,215.6421508,202.6990419,177.1777438,7.721343016,7.809223917,7.727201,7.72435299,7.850766445,7.755000329,7.438946455,1.688767666,1.532044706,1.484129542,1.366589174,159.8949119,144.4332443,152.4469197,154.4581672,155.7836187,155.629509,156.7023263,155.9138378,157.4513165,4.526558451,3.384698015,2.983184334,3.22117213,3.100581919,3.246460125,3.245306951,2.737482117,-0.153724352,-0.01386066,0.226572733,-0.012300001,-0.422971873,0.377214809,-0.037301554,110.2100878,723.7314967,-375.4396208,199.4893885,100.7870689,-1597.19898,-1638.363252,-16.42973715,-63.69710483,907.1148993,-195.3932074,59.02137497,11.32784667,-1094.266139,-2232.388273,-1069.521996,-0.075839452,0.161929981,-0.070427312,0.813750511,-0.861020688,-2.876070991,-0.340350458,1.074822303,-1.128718686,-1.022467267,-0.461154472,-4.084063715,-5.188428131,-5.820770211,-22.07813273,-2.546247305,4.871662695,-5.254763608,2.755246631,-5.971662448,1.18998824,-35.56239926,2.358828595,-0.095916232,4.964376828,-29.73730383,-31.68826494,17.59807662,1.620736585,49.37855998,-5.186095447,0.034688656,0.028862656,-0.033953464,-0.144695274,0.075528226,1.313081662,1.152735418,1.144560206,0.960167969,1.146945854,1.385014503,0.91442961,0.656624011,0.794160048,0.792597594,1.176633984,1.030745662,0.965409707,0.753053452,0.869329469,0.9772386,0.853135236,1.014811023,1.512620282,1.215450706,0.630550151,0.930123821,1.133979908,1.27632107,1.063062089,1.056446674,1.034334822,1.026657809,0.973358695,1.012896308,0.507311099,0.726474894,0.788897486,0.884590121,1.183989952,1.189299915,0.649743622,2.004201681,0.004228628,-21.31692344,464.5834015,0.021184597,-15.03247562,-15.39961007,-17.18196951,10.61500824,2.519465075,0.143409244,-7.57400626,0.0,4.082507575,13.22945845,2.0,4.119265747,3.974823471,3.846943675,3.733612589,3.45520446,3.329118627,3.280791934,3.161877712,1.787806689,1.511455729,1.448794098,1.406430256,1.37665656,3.652398036,3.306730601,3.245876708,3.070039121,2.97291557,4.6026718,4.497400446,4.481689898,4.036685492,3.844234333,3.77470535,3.0,14.0,4.0,3.0,3.0,0.0,0.0,0.0,0.0,0.14271745,0.621481844,2.78051794,0.0,0.776399973,0.0,1.467752371,0.0,0.274867063,7.047833177,2.89966658,7.94705,22.95168203,447.5577996,0.002763865,-22.97538893,502.7869898,952.0,0.0,0.0,23.0,0.0,0.0,0.0,0.0,0.0,0.0,0.0,0.0,0.0,0.0,0.0,0.0,0.0,9.0,3.0,1.0,9.0,4.0,1.0,2.0,0.0,0.0,0.0,2.0,1.0,1.0,1.0,1.0,0.0,0.0,0.0,0.0,0.0,29.2834173,0.0,0.0,0.149016059,-0.490801736,-0.177212372,8.078887391,0.0,0.0,0.649465547,0.0,0.649465547,-0.177212372,0.0,0.0,0.0,0.0,0.0,0.0,0.0,0.0,0.0,0.0,0.0,0.0,0.518194192,0.792640516,1.567139529,0.149016059,1.596602733,-0.444043044,0.383413066,0.0,0.0,4.344599858,1.840589399,0.0,14.23536835,5.63144091,0.0,0.0,0.649465547,0.0,14.23536835,2.180229382,0.0,0.0,0.0,0.0,0.0,0.0,0.0,0.0,0.0,0.0,0.70244842,0.687397636,0.149016059,0.0,14.23536835,0.649465547,1.000517793,-0.147925879,-0.444043044,10.66908708,57.0,1.46154,1.0,0.95485,1.31039,0.25,1.612298475,4.022979297,5.034774414,5.316024414,16.94338557,42.24632338,53.11306367,32.62730254,21.0,2.0,3.77,0.936881783,6.846047901,11.36411562,34.99004278,24.12980151,0.0,0.0,0.142857143,0.0,0.528717905,0.505520154,0.2,1.016265496,0.333333333,0.003,2.106,4.317,3.68,9.035255264,5.0,0.0,2.0,3.0,0.0,1.0,0.0,1.0,0.0,0.0,0.0,0.0,0.0,3.0,0.0,1.0,0.0,0.10739355,-8.701895096,523.8146209,3.044522438,4.903,-1.7068238751816276,0.022640633877216154
0.0,1.403159664294189,9.406489,1.6092895416678208,90.156962,0.0,4.0,3.0,0.0,0.0,2.0,0.0,0.0,2.0,8717.091247,237.5105929,116.2278833,100.9338603,75.71859833,78.80845625,62.45675216,229.8634548,211.52445,213.7732504,196.3694799,174.7051006,7.663163067,7.771637788,7.694856738,7.760938364,7.721202872,7.779284037,7.573988411,1.608480677,1.541137753,1.457249007,1.358137801,161.0967004,145.5611271,155.4377843,154.0462158,158.4974513,157.1194327,154.5306247,156.5333805,158.0981681,3.166807905,2.915429494,2.679660941,2.777947228,2.823557385,2.930100425,2.920539141,2.434783878,-0.2873576,0.248400169,-0.063465355,-0.208124496,0.30354519,-0.163246744,-0.008964375,161.0473377,965.9429835,-389.4510976,935.9749934,-92.75173065,-98.68931577,-1824.512025,-422.6868528,-102.8016395,1532.390697,-473.9310205,1316.895351,889.2037028,-839.0397948,-2212.398749,-2346.805714,0.152363622,-0.532327027,0.708869312,0.259770074,-1.0052072,0.120850141,-2.222693725,0.782872979,-1.548827059,-3.1351696,4.664677096,-5.353656428,-4.391436354,-9.773431282,-19.70388415,17.78502541,-20.05597815,20.84361262,36.46167483,-19.94827527,-26.10566729,-49.67109202,-2.426921194,7.376735796,10.27922684,9.111119524,-43.29935953,-21.32430146,2.038573894,52.25354734,-3.452838662,-0.030720521,0.049899159,0.014992575,-0.162169886,-0.07561809,1.327475477,1.466274208,0.967547949,1.1003007,1.377168055,1.09581032,1.23627493,0.896504789,0.718744124,0.813497668,0.832609837,1.010031475,1.00237939,0.716287936,1.048673511,0.966155039,0.985441588,1.167889722,0.984490064,1.361816176,0.890154335,0.847924132,1.129719173,1.350440511,1.033128244,1.176654345,0.974880537,1.137709273,1.100697235,1.105555173,0.713725295,0.854417259,0.981586987,1.198594601,1.423067075,2.192110209,1.102003297,2.615546218,0.151954372,-7.725117451,3317.525046,0.27178447,-5.341258258,-7.445016068,-3.685700201,11.55786289,1.233083042,0.207320663,-6.451303205,1.0,5.161920981,13.64180101,0.0,4.049823554,3.943854634,3.899698293,3.720277856,3.484482078,3.401963221,3.334244749,3.248630344,1.802353413,1.740142103,1.420957388,1.416156416,1.411793464,3.640790081,3.340316858,3.289017464,2.989723235,2.932315484,4.659578586,3.939025585,3.86447565,3.814664204,3.675701109,3.472349675,1.0,18.0,3.0,5.0,1.0,1.0,0.0,0.0,0.0,0.14271745,0.621481844,3.205275838,0.0,0.834246721,0.0,1.874852046,0.0,0.299655145,7.248065971,3.238416742,8.0637,24.44864272,501.1971757,0.067395916,-11.0584005,448.4908848,998.0,0.0,0.0,22.0,0.0,0.0,0.0,0.0,0.0,0.0,0.0,0.0,0.0,0.0,0.0,0.0,0.0,0.0,5.0,3.0,10.0,6.0,2.0,2.0,0.0,0.0,1.0,0.0,3.0,0.0,1.0,2.0,0.0,0.0,0.0,0.0,0.0,31.07525686,0.0,0.0,1.318025785,-0.223007677,10.30214531,0.0,0.0,0.0,1.416740129,0.0,0.652249421,-0.107172374,0.0,0.0,0.0,0.0,0.0,0.0,0.0,0.0,0.0,0.0,0.0,0.0,0.484362599,0.534816694,1.666462062,0.534419892,0.0,-0.32757856,0.0,0.0,5.024299659,0.0,1.923564505,0.0,14.55513507,5.712443511,0.0,0.0,0.652249421,0.0,14.55513507,2.261747526,0.0,0.0,0.0,0.0,0.0,0.0,0.0,0.0,0.0,0.0,0.71539195,0.546335093,0.783605894,0.104570883,14.55513507,0.764490708,0.977209253,-0.342073652,-0.32757856,10.61264978,44.5,1.08537,0.0,1.27069,1.06438,0.3125,1.592437036,3.625718032,4.925503944,5.395094357,17.81823747,38.22285934,65.91182147,34.89355861,22.0,2.0,3.99,1.821719851,9.756882792,11.20528482,34.47773445,26.07241756,0.0,0.0,0.338061702,0.1,0.0,0.0,0.0,1.0,0.482744692,0.003,2.294,3.484,3.643,4.638625592,5.0,0.0,2.0,3.0,0.0,1.0,0.0,1.0,0.0,0.0,0.0,0.0,0.0,2.0,0.0,0.0,0.0,0.153722092,-7.67769652,7553.457061,3.044522438,4.06,-1.2714344013885288,0.023330417518478717
0.0,-0.2813154354194215,0.08497225,-0.4626494909489151,86.42879,18.0,5.0,4.0,0.0,1.0,2.0,0.0,0.0,3.0,9237.602123,392.6633707,128.3000295,106.7324256,77.27834502,81.11939308,66.19165785,234.7936011,200.957934,197.6630136,179.9450976,178.5987079,7.949106861,7.847052172,7.743306165,7.941034017,7.931024669,7.949247072,7.813141698,1.603378502,1.402643816,1.313199766,1.33234941,163.7394238,147.6470002,152.2947814,153.8102442,162.2262231,161.4644489,160.0648338,163.9231902,162.9564118,5.453657926,3.291294401,3.173994994,3.214822835,3.559375319,4.021141389,3.431068108,3.222932589,0.094572237,0.127559392,-0.150246279,-0.430254338,0.765837322,-0.293850684,-0.411355062,14.839751,907.9511812,-795.8523737,1641.435481,-227.1172625,664.4851116,-990.4015371,-1328.579432,214.6515106,983.7049664,-1768.693576,1701.978318,410.7793349,-1009.604321,-782.7534412,-127.4410202,-0.604809988,0.96970008,0.003818296,-0.402972253,-0.974679642,4.357601645,-3.362116309,-2.871742944,0.84615552,-9.047815996,4.529153379,-4.839967048,0.002200911,0.655592798,0.227234762,6.704892184,-56.66850946,-16.72828923,12.62092534,-27.05442484,16.72230835,11.17914264,-9.922451646,-20.50534231,-14.66418844,97.63655341,-95.20097357,-7.459690257,0.195259882,49.65141905,-3.838799699,-0.130558574,-0.06059582,-0.062493261,-0.342449545,-0.029601945,1.508006474,0.898654802,0.910478165,0.987627183,1.283796273,0.9194246,1.110450324,1.01189003,0.679338159,0.810821302,0.780530585,1.05365527,1.164782386,0.80721803,0.630225986,0.812478227,0.890754802,1.043559288,0.856210419,1.235637207,1.086401981,0.878444427,0.996260871,1.119379801,1.015634443,1.2194691,1.029901057,1.128147269,0.981459047,0.945647875,0.518962511,0.880371648,0.950182746,1.12601018,0.952996336,1.391433016,0.936610468,3.341736695,0.365621453,-4.225858399,463.3803435,0.493266442,-2.968164359,-4.418949925,-2.345035683,12.79677152,4.169091306,0.040083651,-13.51050427,1.0,4.51436983,14.88895996,0.0,4.07931688,3.980802882,3.877790265,3.770820951,3.500589198,3.475978024,3.315900763,3.232689258,1.807291156,1.595216359,1.563250235,1.428214195,1.305168887,3.595742489,3.444362548,3.21418356,3.072933768,2.862783521,5.00457034,4.805480718,4.784969568,4.768058382,3.938742434,3.893058019,5.0,12.0,3.0,3.0,3.0,1.0,2.0,0.0,0.0,0.136082763,0.652205355,4.732793511,0.409108946,1.260906101,0.108260467,3.108667882,0.395220057,0.431646467,9.16202595,4.258001335,6.12488,22.86356139,480.1347892,0.180287331,-7.195454346,716.4631222,1047.0,4.0,0.0,20.0,3.0,4.0,4.0,2.0,11.0,3.0,1.0,5.0,0.0,0.0,1.0,3.0,0.0,8.0,7.0,1.0,8.0,4.0,1.0,3.0,0.0,2.0,0.0,1.0,0.0,0.0,3.0,1.0,0.0,0.0,0.0,0.0,0.0,15.44016988,3.174387485,0.219035556,0.532432507,-2.389977059,-1.371067075,3.51714914,-1.530261701,0.0,0.730107819,0.107890015,0.24059704,-0.631790597,4.675091017,0.313903042,0.160060271,1.737178729,0.025958018,0.052813325,8.520473215,0.178129981,0.0,0.0,0.598691878,0.107890015,0.403203625,0.988879707,1.422215687,0.532432507,1.450047018,-0.992733861,-0.389037963,2.909472605,0.0,4.598167238,0.0,0.0,11.71387724,5.435014385,16.10138559,0.0,0.24059704,0.598691878,16.10138559,1.884694029,7.013003165,1.977768519,1.542588305,3.253898969,5.859195812,0.087551793,8.520473215,2.089376564,0.0,0.363893889,0.988879707,0.637931062,0.532432507,0.0,14.29778565,0.489510778,0.988879707,-0.19509534,-1.297115371,9.468639722,52.25,1.24405,2.5,1.18655,1.26356,0.333333333,1.78071561,4.166344887,5.229777995,5.558270835,20.94278661,43.58880991,56.78452522,32.58542275,13.0,3.0,3.44,1.279204298,5.113746619,6.458437502,29.44235584,25.14849866,0.333333333,0.360562393,0.493242415,0.0,0.417522998,0.0,1.290945263,0.0,0.0,0.439,2.843,4.607,3.598,3.652251553,5.0,0.0,2.0,3.0,0.0,1.0,0.0,0.0,1.0,0.0,0.0,0.0,0.0,3.0,0.0,1.0,0.0,0.444271108,-3.407545262,451.3660858,3.044522438,4.223,-2.3833758183476883,0.014075639906259884
1.0,0.8959053719718557,4.97825344,1.153927936108419,80.661239,0.0,4.0,4.0,0.0,1.0,2.0,0.0,0.0,3.0,9034.293626,347.1286485,141.1608379,117.4559574,84.11182832,86.75083375,78.608672,256.9412328,220.0748547,210.6920539,192.1014174,199.6030988,8.048512656,7.927816457,7.940341892,7.967024776,7.931321436,7.867318015,7.826555274,1.736265028,1.475854332,1.394313552,1.485824285,160.6808576,145.1334088,150.1341063,156.4241844,157.5990208,158.0268407,158.2398714,162.2484459,157.9879457,5.423885132,3.203240016,3.262215037,3.093594944,3.27104619,3.522188856,3.104770701,2.905349794,-0.078379431,0.370022332,-0.206819598,-0.358368537,0.381488207,0.06550338,-0.200959165,50.7457259,108.7818023,288.7873028,-498.5855067,-940.3423119,650.955678,1038.660091,-1604.087956,164.781309,-183.0638172,136.2989058,-188.8858251,-365.6960774,-1131.898237,1422.874404,-1139.640854,-0.327512915,0.610654217,0.686214312,-2.987810661,-1.962512055,3.978676425,-0.098432367,-2.233786012,0.609400908,-1.49585377,-1.539055524,-6.737893512,9.949754779,-5.997799134,-0.589378628,-28.99326372,-13.41291991,-22.29056888,14.05727275,-32.55420341,44.30894182,-23.15108668,-4.229767625,8.434454082,-31.30789329,45.02788404,-13.62865483,-27.46444428,0.714728534,48.02282835,-4.370263464,-0.059574192,-0.154226075,-0.115758095,-0.051623693,-0.129549265,1.395691878,0.974037622,0.851209,1.089898912,1.100401306,0.797721592,0.825155795,0.852763274,0.781205551,0.824042387,0.752491686,0.916305868,1.353771579,0.891879796,0.645640004,0.778368916,1.016261368,1.009567291,0.775268623,1.009018688,1.040325954,0.902206903,1.184032436,1.014405476,1.126090873,1.049722712,1.006312155,1.113402,0.96292334,1.028987256,0.461424091,0.690393001,0.940918741,0.998938269,0.835488046,0.935476752,0.872938513,3.198879552,0.207930231,-6.439265993,542.8127454,0.357465234,-4.217740391,-6.878041536,-3.330486105,11.22996895,3.485151115,0.074461407,-10.6496447,1.0,4.247655754,15.08491378,0.0,4.080611991,3.962315227,3.937461188,3.776050151,3.634874685,3.516850964,3.337506292,3.236742305,1.746708866,1.606413262,1.415674168,1.372874417,1.240975326,3.697857665,3.530516624,3.29850833,3.103066229,2.907466407,5.117840693,4.969646207,4.872916348,4.063467756,3.934580799,3.900798643,3.0,14.0,4.0,2.0,4.0,3.0,0.0,0.288675135,0.204124145,0.202164357,1.048375562,3.466761522,0.055555556,1.365639449,0.10316315,1.875057161,0.032274861,0.484173846,9.339976195,4.152044934,7.05918,34.72113344,709.7827129,0.125684778,-8.503310891,780.5854088,995.0,2.0,0.0,21.0,2.0,1.0,1.0,1.0,3.0,2.0,0.0,1.0,0.0,1.0,0.0,1.0,0.0,0.0,8.0,1.0,9.0,0.0,4.0,4.0,0.0,1.0,1.0,0.0,2.0,0.0,2.0,1.0,0.0,0.0,0.0,0.0,0.0,21.18524255,0.204112345,3.792244344,3.236138878,-0.762794227,4.577688351,0.0,-1.139324093,0.0,0.962157248,0.317592449,0.319470858,-1.032552734,4.610993781,0.730701704,0.204112345,0.577406456,1.047306771,0.101461532,0.0,1.325355534,0.0,0.576053002,0.0,0.317592449,0.418160284,0.964077105,0.0,0.322886553,0.0,-0.579906515,0.0,3.206232133,4.910005564,0.0,1.818073628,9.598304912,11.72322448,6.407019495,16.31107047,0.0,0.319470858,0.576053002,16.31107047,2.094042431,6.753198651,0.730701704,0.204112345,0.577406456,5.180272818,3.690782812,0.0,1.325355534,0.0,0.317592449,0.964077105,0.643939258,1.101917295,0.467216393,14.51858756,0.64268639,0.964077105,-0.380757283,-1.139324093,7.491157038,46.0,1.12195,0.0,1.22605,1.08191,0.3,1.792989955,4.217528124,5.147979297,5.65625,21.42796793,45.56656329,59.03778006,31.4375,13.0,0.0,3.55,0.0,0.0,13.99377385,44.21451799,28.47392774,0.0,0.481411137,0.451168543,0.0,0.0,0.0,0.166666667,1.437216448,0.333333333,0.425,2.309,3.716,4.03,3.37464046,8.0,0.0,3.0,4.0,0.0,7.0,0.0,0.0,4.0,0.0,0.0,1.0,2.0,4.0,0.0,1.0,0.0,0.330145381,-4.543710904,670.3357026,4.262679877,2.293,-1.3534482572996822,0.012486757560227133
