nAcid,ALogP,ALogp2,AMR,apol,naAromAtom,nN,nO,nS,nF,nCl,nBr,nI,nX,ATS0m,ATS0s,AATS0m,AATS1m,AATS5m,AATS6m,AATS8m,AATS0v,AATS5v,AATS6v,AATS7v,AATS8v,AATS0e,AATS3e,AATS4e,AATS5e,AATS6e,AATS7e,AATS8e,AATS0p,AATS6p,AATS7p,AATS8p,AATS0i,AATS1i,AATS2i,AATS3i,AATS4i,AATS5i,AATS6i,AATS7i,AATS8i,AATS0s,AATS1s,AATS2s,AATS3s,AATS5s,AATS6s,AATS7s,AATS8s,ATSC2c,ATSC3c,ATSC4c,ATSC5c,ATSC6c,ATSC7c,ATSC8c,ATSC1m,ATSC2m,ATSC3m,ATSC4m,ATSC5m,ATSC6m,ATSC7m,ATSC8m,ATSC1v,ATSC2v,ATSC3v,ATSC4v,ATSC5v,ATSC6v,ATSC7v,ATSC8v,ATSC1e,ATSC2e,ATSC3e,ATSC4e,ATSC5e,ATSC6e,ATSC7e,ATSC8e,ATSC1p,ATSC3p,ATSC4p,ATSC6p,ATSC7p,ATSC8p,ATSC1i,ATSC2i,ATSC3i,ATSC4i,ATSC5i,ATSC6i,ATSC7i,ATSC8i,ATSC1s,ATSC3s,ATSC4s,ATSC6s,ATSC7s,ATSC8s,AATSC1m,AATSC0v,AATSC6v,AATSC1s,AATSC4s,AATSC5s,AATSC7s,AATSC8s,GATS1c,GATS2c,GATS3c,GATS4c,GATS5c,GATS6c,GATS7c,GATS8c,GATS4m,GATS5m,GATS6m,GATS7m,GATS8m,GATS2v,GATS2e,GATS3e,GATS4e,GATS5e,GATS6e,GATS7e,GATS8e,GATS5p,GATS8p,GATS1i,GATS2i,GATS3i,GATS5i,GATS6i,GATS7i,GATS8i,GATS2s,GATS3s,GATS4s,GATS5s,GATS6s,GATS7s,GATS8s,SM1_DzZ,VE1_DzZ,VE3_DzZ,VR1_DzZ,VE1_Dzv,VE3_Dzv,VE3_Dze,VE3_Dzp,SpMAD_Dzs,SM1_Dzs,VE1_Dzs,VE3_Dzs,nBase,BCUTp-1l,BCUTp-1h,nBondsT,SpMax1_Bhm,SpMax2_Bhm,SpMax3_Bhm,SpMax4_Bhm,SpMax5_Bhm,SpMax6_Bhm,SpMax7_Bhm,SpMax8_Bhm,SpMin4_Bhm,SpMin5_Bhm,SpMin6_Bhm,SpMin7_Bhm,SpMin8_Bhm,SpMax4_Bhv,SpMax5_Bhv,SpMax6_Bhv,SpMax7_Bhv,SpMax8_Bhv,SpMax1_Bhs,SpMax2_Bhs,SpMax3_Bhs,SpMax4_Bhs,SpMax5_Bhs,SpMax6_Bhs,C1SP2,C2SP2,C3SP2,C1SP3,C2SP3,C3SP3,C4SP3,SCH-3,SCH-4,SCH-5,SCH-6,SC-3,SC-4,SC-5,SC-6,VC-3,VC-4,VC-5,SPC-4,VPC-4,CrippenLogP,SpMAD_Dt,EE_Dt,VE1_Dt,VE3_Dt,VR1_Dt,ECCEN,nHBd,nwHBd,nwHBa,nHBint2,nHBint3,nHBint4,nHBint5,nHBint6,nHBint7,nHBint8,nHBint9,nHBint10,nHsOH,nHsNH2,nHssNH,nHaaNH,nHaaCH,nHCsats,nHCsatu,nHother,nsCH3,nssCH2,nsssCH,naaaC,nssssC,ndsN,naaN,nsssN,naasN,ndO,nssO,naaO,nsOm,nssS,naaS,nddssS,SwHBa,SHBint4,SHBint7,SssCH2,SsssCH,SdssC,SaasC,SssssC,SssS,SsCl,minHBd,minHBa,minwHBa,minHBint2,minHBint3,minHBint4,minHBint5,minHBint6,minHBint7,minHBint8,minHBint9,minHBint10,minHsOH,minHsNH2,minHssNH,minHCsats,minHCsatu,minsCH3,minssCH2,minaaCH,minsssCH,minaasC,minssNH,mindsN,minaaN,minsssN,minsOH,mindO,minssO,minsF,minddssS,minsCl,maxHBd,maxHBa,maxwHBa,maxHBint2,maxHBint3,maxHBint4,maxHBint5,maxHBint6,maxHBint7,maxHBint8,maxHBint9,maxHBint10,maxHssNH,maxHCsats,maxHother,maxssCH2,maxsssCH,maxdO,maxsCl,hmax,hmin,gmin,LipoaffinityIndex,ETA_Beta,ETA_BetaP,ETA_Beta_ns_d,ETA_EtaP,ETA_EtaP_F,HybRatio,IC0,IC1,IC2,IC3,MIC0,MIC1,ZMIC1,ZMIC3,nAtomP,nAtomLAC,MLogP,MDEC-11,MDEC-12,MDEC-22,MDEC-23,MDEC-33,MDEC-44,MDEO-11,MDEO-12,MDEO-22,MDEN-12,MDEN-13,MDEN-22,MDEN-23,MDEN-33,MLFER_A,MLFER_BH,MLFER_S,MLFER_E,R_TpiPCTPC,nRing,n4Ring,n5Ring,n6Ring,n7Ring,nFRing,nF6Ring,nF8Ring,nF9Ring,nF10Ring,nF11Ring,nF12Ring,nFG12Ring,nHeteroRing,n4HeteroRing,n6HeteroRing,LipinskiFailures,VE1_D,VE3_D,VR1_D,SRW5,XLogP
0.0,-0.0292055610108343,0.49970761,1.410631124965697,145.536373,18.0,9.0,11.0,3.0,0.0,0.0,0.0,0.0,0.0,14074.54448,739.007716,109.9573787,110.0411494,66.80655645,61.10664414,61.90027787,210.0883586,166.9765827,163.5983094,170.5074967,161.1578769,7.863469961,7.850360845,7.864611252,8.081418212,7.768387537,7.91256699,7.834751706,1.508033056,1.219958496,1.26125294,1.223178642,165.0159576,148.7504563,156.5295574,159.3320743,163.7308875,165.2332476,164.18637,163.4457967,164.6135797,5.773497782,3.12039675,3.577918562,3.139398199,4.016661508,3.104646868,3.392992424,3.508910117,0.606620007,-0.010405595,-0.613311814,0.321955667,0.648514373,-1.146888503,0.701243439,1102.262179,1412.096372,-86.40409317,828.3760081,-2125.904507,825.6078316,-1903.871292,107.1706617,86.01891908,572.608633,-1208.759936,669.4837799,-1625.032988,1377.750582,-1496.596321,866.1454184,0.443763382,6.139571645,-1.099457036,-1.459324748,-3.371904677,-1.063524825,-7.181496427,3.316991202,1.651004203,-2.49328798,-6.156913394,3.031430398,-3.008710936,4.430920971,-12.96368256,9.234970593,-20.7062074,-66.85237465,3.516253864,0.440151354,-10.73680944,51.29853678,-25.59871516,-58.16200089,1.968280327,-47.98897667,-158.4483062,74.02409578,8.47893984,49.69452968,3.664230272,-0.196913194,0.0054523,-0.237822517,-0.400121985,0.16747533,1.716683205,0.841836049,1.187465466,1.381862213,1.285132387,1.10643068,1.516181944,1.083787272,1.108525286,1.1498629,0.908766574,1.031578966,1.038414689,0.9809189,0.535058037,0.976304366,1.103173147,1.421014074,1.002991081,1.293386048,0.976115207,0.999260533,0.979836218,1.386720667,1.119432611,1.15340872,1.02378372,0.996192149,1.055470742,0.925598749,0.464866401,0.903947296,1.105770886,1.510549964,1.036023572,1.314188553,0.944951162,5.910714286,0.364506788,-6.761707705,1702.461252,0.321579029,-7.601230082,-7.705075982,-8.48463982,32.73475434,2.057499098,0.05278825,-19.70782662,3.0,4.216067474,12.73946796,0.0,4.728424358,4.189942931,3.815945725,3.748326193,3.741927386,3.721025937,3.61380517,3.576501534,1.842651572,1.832520618,1.820173228,1.717062282,1.593265696,3.640732191,3.553766954,3.537322063,3.490776815,3.448355342,5.094518868,5.011254449,4.793486438,4.784034883,4.765612872,4.743584759,6.0,11.0,4.0,10.0,8.0,2.0,0.0,0.0,0.0,0.0,0.240950962,6.699592931,0.557677536,1.118518197,0.068041382,3.163835551,0.229623731,0.315308422,10.56658187,4.274481424,3.76742,26.37516075,709.7827129,0.267979353,-8.822863783,2629.97683,2985.0,7.0,0.0,23.0,13.0,12.0,6.0,7.0,10.0,6.0,11.0,10.0,6.0,0.0,0.0,6.0,0.0,10.0,16.0,4.0,10.0,9.0,6.0,5.0,0.0,1.0,0.0,1.0,0.0,0.0,8.0,2.0,0.0,1.0,2.0,0.0,1.0,16.20704698,19.10840168,9.79407371,1.020971754,-5.184384397,-4.098752498,3.479201427,-0.886237523,-3.962863687,0.0,0.264076587,-2.01176422,-0.846999838,0.818875948,-0.725123977,-0.747669965,-0.577886521,0.700855228,-0.515239689,-0.53125983,0.827411702,-0.608278759,0.0,0.0,0.264076587,0.444573978,0.945952039,1.162188745,0.00528202,1.406774627,-1.244700067,-0.04369278,2.381327547,0.0,4.267419162,0.0,0.0,11.658723,4.977786032,0.0,-5.913840433,0.0,0.425217183,14.31153733,1.792940043,5.036459948,5.26271438,5.643975414,4.461794137,5.318867148,4.823845436,5.510554388,5.96492807,4.921361493,0.37944696,1.006870142,0.625797733,0.430015183,0.0,14.31153733,0.0,1.503970058,-0.226942668,-5.913840433,8.64811775,74.25,1.10821,0.5,1.45226,1.32312,0.477272727,1.739625554,3.979945655,5.452612211,6.059821386,19.5639281,41.90049036,87.85100938,40.69877783,13.0,5.0,3.77,3.030651511,12.10296259,13.91591294,34.84807369,20.55947417,0.0,3.328797886,1.970173035,0.071428571,0.951679474,0.047619048,2.76555527,0.696828969,0.0,1.193,4.24,6.101,4.515,2.617553284,3.0,0.0,0.0,3.0,0.0,0.0,0.0,0.0,0.0,0.0,0.0,0.0,0.0,1.0,0.0,1.0,4.0,0.314649184,-7.747189646,2228.917897,0.0,9.156
1.0,0.2003273097193719,1.17744201,-1.084322118927063,65.599895,18.0,2.0,4.0,0.0,0.0,2.0,0.0,1.0,3.0,23367.72935,288.2554346,497.1857309,149.8277761,132.0347327,120.4390831,157.243798,289.8830969,236.5627335,231.3856404,228.1535644,211.8999412,8.082712723,7.978108718,8.01463484,8.210752696,8.098067129,7.990511771,7.792659274,2.424127863,1.678851146,1.740521219,1.757943374,155.3163389,142.6215359,145.8909329,151.7297881,155.3976002,155.4201787,154.4631679,153.3051198,155.1000436,6.133094353,3.516097119,3.727350798,3.451664451,5.279285263,4.768882618,3.88317672,3.035394531,0.122716532,0.226947516,-0.340625465,-0.041964779,0.265566587,-0.115036005,-0.180453629,-69.71089407,-15.37044327,-3197.571097,-934.8001397,1708.30403,-645.1053032,-1242.728545,1754.204618,109.617938,-361.3247575,-924.3092711,-102.9030346,236.4149214,21.84805,-638.4686809,22.72754992,-0.403164158,1.15475246,-0.492146229,-1.770775049,-1.220184523,-0.380290868,-0.666723182,-0.04474966,0.744547804,-6.55615335,-2.446095052,3.37121817,-3.555883753,1.065629518,-0.56418008,-11.90276362,-15.2440646,-12.78752363,-3.680123003,16.06246994,-4.060003713,-4.194587475,-8.248257201,-17.79945131,-10.07727523,6.27927337,-67.75170685,-35.79474888,-1.394217881,52.32325109,0.14862619,-0.164965144,-0.076925765,0.160814842,-0.483940763,-0.28866733,1.488973318,0.799859242,0.889039227,1.351209171,1.390370364,1.096768125,1.028252329,0.776314921,0.598203022,0.490899216,0.669613091,0.991391418,1.089248018,0.84018596,0.515315711,0.889649198,1.107660762,1.318525741,1.187408217,1.111373872,0.910751486,0.673408436,1.092324203,1.000748379,1.119181478,1.118698365,1.045489727,0.895773262,0.965665835,0.939476687,0.487491502,0.882350536,1.097115192,1.489881304,1.387384488,1.40795284,0.932203691,3.466624386,0.12561154,-6.638595674,434.8695099,0.109634117,-7.073941327,-6.937754649,-6.811378571,9.881151467,1.526205408,0.152511101,-6.017657255,0.0,5.0745977,13.09060855,0.0,10.6947279,4.00343907,3.961868499,3.856255623,3.583183197,3.439657192,3.169209453,3.149397847,1.545777793,1.309621012,1.128462908,1.082250302,1.082250302,3.406390641,3.193981801,2.979823378,2.857715643,2.666298725,4.761723268,4.682134723,4.625724001,3.849990314,3.830894036,3.786403243,3.0,15.0,3.0,0.0,2.0,0.0,0.0,0.0,0.0,0.0,0.234708048,2.596927184,0.0,0.585622548,0.0,1.498238041,0.0,0.154486224,5.634608518,2.483138822,5.71128,22.88215212,366.1144339,0.180713414,-5.47469713,561.64373,624.0,2.0,0.0,21.0,2.0,2.0,1.0,1.0,4.0,2.0,0.0,2.0,0.0,1.0,0.0,1.0,0.0,11.0,0.0,2.0,11.0,0.0,0.0,2.0,0.0,0.0,0.0,0.0,1.0,0.0,3.0,0.0,0.0,0.0,0.0,0.0,0.0,23.44855319,5.664745534,0.551487465,0.0,-2.357267063,-2.036636041,5.249109605,0.0,0.0,1.30473473,0.40797723,0.643899739,-1.168686251,5.487227809,0.508553768,5.664745534,6.078456637,1.25949561,0.269605629,0.0,0.262696432,0.0,0.437772868,0.0,0.40797723,0.0,1.07077158,0.0,0.0,1.74752473,-1.292797364,0.346844366,2.877052695,0.0,0.0,1.24652488,10.25869584,12.56171502,0.0,0.0,0.0,0.643899739,0.437772868,13.88495514,1.930225053,5.499178013,0.545694772,5.664745534,6.078456637,5.88797433,0.281881836,0.0,0.289295629,0.0,0.40797723,0.0,0.555423882,0.0,0.0,13.88495514,0.660834991,1.095804177,-0.071544785,-1.292797364,6.583930795,44.25,1.38281,1.5,0.88592,1.24333,0.086956522,1.838731747,3.621346658,4.175681717,4.788631405,35.91254959,53.32668436,71.14767252,47.60200906,12.0,2.0,3.0,0.0,0.0,11.28922617,32.8361079,18.32311209,0.0,1.315560521,0.0,0.0,0.0,0.0,0.0,0.333333333,0.0,0.247,1.73,3.341,3.862,4.727317466,4.0,0.0,0.0,3.0,1.0,1.0,0.0,0.0,0.0,0.0,1.0,0.0,0.0,1.0,0.0,0.0,1.0,0.111441113,-7.021628676,487.2821034,0.0,5.637
2.0,-3.3659289084132697,22.953681,1.8126886927258703,153.997475,12.0,10.0,9.0,0.0,0.0,0.0,1.0,0.0,1.0,17506.9402,704.5227195,123.2883113,87.21812637,52.24387288,53.56961953,50.46536205,192.3988902,152.6806729,155.9736048,152.9291515,149.4203381,7.681921246,7.571573275,7.610495063,7.696710466,7.738786815,7.730073516,7.75204226,1.349405661,1.154759448,1.133673677,1.115291581,167.2477937,151.0347504,158.4172122,163.9122488,166.1716316,166.6049284,166.0905339,166.0053386,166.8198995,4.961427602,3.017655184,3.055483499,2.461171662,2.783779537,2.949362264,3.40317299,3.171067319,1.267903618,-0.445079124,-0.610690917,0.942489328,-1.204139049,0.824104408,0.445988358,-46.369968,275.472891,-935.948369,-822.790579,550.058988,-882.457063,858.59746,-1129.566748,39.22956099,-1212.543277,-610.5090986,-66.14764794,374.9033534,-151.7970149,-1.401860953,-223.0972465,-1.088983513,5.468608084,-2.612483473,-3.615778836,0.801929345,-2.057034777,7.048966705,-0.01040881,-0.24413317,-1.778608547,-0.877863184,-1.690471181,-3.914192352,1.340478323,-23.43496774,6.503412572,-10.38067171,-39.11122355,21.2045399,-8.437566455,-24.81287747,45.12066504,-16.17358963,-61.84032516,-82.97009951,-36.3315691,214.2928359,-7.74323054,-0.32426551,49.02644386,-0.304813283,-0.113102025,-0.201383737,-0.105934285,0.373332467,-0.011967899,1.832773205,0.587099901,0.986954729,1.088936237,0.95914558,1.317825992,1.083545596,1.123265576,0.774815826,0.556688979,0.734435496,0.662020347,0.691953341,1.173103407,0.462480831,0.939353685,1.05418083,0.998426418,1.134448611,0.934297972,1.173317046,0.859172137,0.886868319,1.55880804,1.228117577,1.090670364,1.029547793,1.086222498,1.083011013,0.978799754,0.396349574,0.857637601,0.97697178,1.005495833,1.059951436,0.885933878,1.189050678,4.507142857,0.244559295,-9.435593157,5012.725886,0.205345064,-10.60652529,-9.421732099,-11.1965742,19.08574728,9.185892692,0.119097248,-14.2563599,1.0,3.912647963,12.35381152,0.0,6.879644413,3.78685475,3.764250381,3.723576789,3.67787632,3.580756334,3.540084576,3.482053604,1.898591621,1.85520146,1.819161087,1.738232154,1.693521369,3.578814636,3.515774652,3.482723079,3.430275474,3.355323534,5.062967059,5.062952872,4.997375651,4.991509299,4.971274375,4.969001965,3.0,10.0,2.0,10.0,17.0,1.0,0.0,0.0,0.0,0.0,0.185395406,4.421561331,0.0,0.446383983,0.0,2.076480411,0.0,0.151376666,6.845097823,3.191415003,4.9936,21.68087098,709.7827129,0.585986039,-3.580877398,2254.739834,2296.0,9.0,0.0,19.0,13.0,1.0,1.0,12.0,8.0,22.0,18.0,11.0,18.0,2.0,3.0,4.0,0.0,9.0,28.0,3.0,9.0,2.0,22.0,4.0,0.0,0.0,0.0,0.0,3.0,0.0,7.0,0.0,0.0,0.0,0.0,0.0,0.0,16.26741204,0.723382986,66.5439714,4.939133837,-2.257559026,-5.433170314,3.557065168,0.0,0.0,0.0,0.236643605,1.364699245,-1.136397713,0.345687917,0.488762637,0.723382986,0.322947349,0.48192068,0.544675587,0.327887727,0.450218243,0.508844911,0.431044722,0.372862308,0.236643605,0.328533613,0.748468696,2.069350692,-0.382222136,1.920159502,-0.955860035,1.094470193,2.589305227,0.0,0.0,1.364699245,9.565241489,11.70883912,0.0,0.0,0.0,0.0,0.555487853,14.73023631,2.112189436,6.795946056,0.488762637,0.723382986,4.7466255,7.395215087,7.992329816,7.364738075,7.808022439,8.182467338,0.329902903,0.90072106,0.451685135,0.836571489,0.379919019,14.73023631,0.0,0.90072106,-0.307224472,-1.136397713,10.25182499,64.25,0.95896,0.5,1.62571,1.16763,0.595744681,1.586538079,3.47128176,4.951919877,5.851833299,18.60880342,34.50776517,110.2001152,47.80029189,6.0,6.0,4.43,0.5,5.09803841,0.0,0.0,11.36978265,0.0,3.880385129,0.0,0.0,1.432690605,1.250682157,0.774836001,2.730816364,0.793700526,3.22,5.232,5.967,3.482,1.688733263,2.0,0.0,0.0,2.0,0.0,0.0,0.0,0.0,0.0,0.0,0.0,0.0,0.0,0.0,0.0,0.0,4.0,0.291589539,-8.257134641,6601.920573,0.0,6.015
0.0,0.7828989718397447,4.182025,0.4080653857560911,61.717688,0.0,4.0,4.0,0.0,3.0,0.0,1.0,0.0,4.0,12466.19107,460.5643861,249.3238215,133.8177584,116.0115789,126.9751178,136.9541904,257.7614406,224.9480711,222.1704054,202.3673638,181.1456981,8.5192429,8.102615415,8.287826787,8.365046357,8.683722576,8.661881533,8.597469022,1.72231339,1.403678565,1.302695721,1.233326667,167.7030282,149.2457006,153.9588138,158.1964338,161.7243182,162.593257,167.8647591,171.1763626,171.4267524,9.211287723,3.871599223,5.688401559,3.788028253,4.580963404,6.43180233,6.117353256,6.887014175,-0.123924217,0.294594719,-0.200592501,-0.34144092,0.418274594,-0.113027876,0.10695569,9.080281562,469.2889437,-1147.261619,-740.8641793,771.1111204,-671.2126099,-1531.329779,1967.846838,136.6653834,-120.2028401,-503.7278419,-245.0359704,227.0531504,-34.56238546,-676.472548,-573.1023703,0.58326524,4.85709615,0.6216815,-2.54397315,-4.41976212,2.02336887,-4.42301913,0.92555355,1.222625701,-2.303094161,-1.01570624,-2.698438534,-2.401354669,-1.548443314,8.523447257,47.50417021,29.81674366,-31.31474532,-88.87820181,-40.71300825,-5.782883467,-23.26341516,-7.739141427,-6.524978738,-54.86852555,43.70386979,-77.16748275,37.65838186,0.168153362,44.81845776,-0.195267714,-0.143317434,-0.353990487,-0.594962071,-0.462080735,0.278950977,1.523472523,1.042533239,0.915450517,1.179959853,1.353925032,1.052799572,1.036185947,0.728951431,0.62893367,0.641258824,0.985831473,0.986139401,1.258451001,0.902118839,0.431466799,0.673575493,0.992318169,1.114610947,1.120163257,1.39025719,1.187530259,0.894035897,1.142790926,0.863771427,0.832179405,0.788791274,1.139015738,1.239095545,1.185100044,1.092786534,0.369877344,0.655033595,0.91632841,1.0990364,1.11458414,1.389792299,1.28359668,3.4,0.10418824,-7.689290469,422.0986318,0.127125097,-7.012784437,-9.514127794,-3.190708236,10.28134025,5.08888536,0.04487603,-10.55309504,1.0,4.183015278,13.89490138,0.0,6.879520928,4.016118454,3.796699814,3.751643785,3.564238095,3.287336583,3.171439704,3.049007338,1.579684577,1.549437481,1.232234366,1.102295258,1.087350165,3.469400424,3.20889436,2.929917062,2.823706968,2.756714145,5.462032419,5.051822143,4.807140606,4.651982379,4.651982379,4.070484581,1.0,13.0,2.0,2.0,1.0,3.0,0.0,0.0,0.0,0.232307808,0.820257801,3.901204337,0.356716516,1.294575637,0.216421891,1.570651235,0.051671384,0.37853671,8.010678769,3.37335382,5.18111,20.8635463,354.6802871,0.265594005,-4.50767387,626.7894608,573.0,2.0,0.0,16.0,1.0,6.0,1.0,1.0,4.0,1.0,0.0,0.0,0.0,0.0,0.0,2.0,0.0,0.0,3.0,3.0,8.0,1.0,0.0,3.0,0.0,2.0,1.0,0.0,0.0,0.0,2.0,1.0,0.0,1.0,0.0,0.0,0.0,13.3560515,1.873633938,5.388997194,0.0,-4.951815056,0.26282245,0.0,-6.700218726,0.0,0.0,0.34895067,2.590582431,-0.715566946,6.109248242,0.935848351,1.873633938,2.423745417,4.165869883,5.388997194,0.0,0.0,0.0,0.0,0.0,0.34895067,1.070754441,0.723903337,1.348405074,0.0,0.0,-2.173393802,0.0,2.590582431,3.705007325,0.0,0.0,0.0,11.93827737,5.369337561,14.5058594,0.0,0.0,0.451404925,14.5058594,1.82519609,6.109248242,5.061829352,1.873633938,2.423745417,6.548016368,5.388997194,0.0,0.0,0.0,0.451404925,1.208580404,0.57186689,0.0,0.0,13.53385377,0.0,1.445455404,-0.064981458,-4.764195011,6.271597978,39.0,1.14706,0.0,1.12963,1.1346,0.272727273,1.986608528,4.11856294,4.73366069,5.22346519,29.06340531,50.66220667,55.6668528,37.28605905,9.0,0.0,2.56,0.0,1.020842752,7.35785785,20.92043429,18.72888925,0.333333333,0.650697637,0.696238325,0.0,0.0,0.0,0.66943295,0.66943295,0.0,0.181,1.145,2.698,2.701,3.317960089,5.0,0.0,3.0,2.0,0.0,1.0,0.0,0.0,1.0,0.0,0.0,0.0,0.0,3.0,0.0,0.0,0.0,0.053107051,-9.980514939,399.5945321,3.433987204,4.124
1.0,-6.83908533180764,110.5378877,6.161453070890688,238.455644,0.0,16.0,21.0,0.0,0.0,0.0,0.0,0.0,0.0,19444.00879,1404.555556,88.38185815,88.24829718,63.5618285,60.19416607,57.86425724,197.9911142,167.6170213,167.3946001,163.8344924,161.5719347,7.885204655,7.864902979,7.857895862,7.960873676,7.959488617,7.903933717,7.83621567,1.318422626,1.183819713,1.166073372,1.16099586,167.068187,151.3169361,156.6769183,164.1734393,166.5612265,164.9956334,165.2727519,164.8246609,164.1225589,6.384343434,3.368958645,3.358087201,3.38322498,4.38820931,3.80375727,3.718224932,4.001453848,0.753601964,1.501642237,-3.31416563,1.510307614,1.836628672,-3.167048935,1.560213745,-134.7632792,683.1185421,-1681.624178,-27.36078073,1661.538377,-1290.228866,-1810.033403,1914.259635,427.3494652,-1510.74456,-1826.190527,1624.572,367.9285686,-761.3285275,-77.68455947,258.5008526,-2.759322042,5.788989757,-1.70053862,-8.421130698,8.548699902,-2.665679178,-10.12549185,8.832780803,1.860945999,-4.090311188,5.202296619,0.448453562,1.884523306,-2.665766794,-14.62643781,-99.72510105,44.59513605,-11.80919144,-54.99419153,88.21832158,-5.590882919,-73.21978798,-47.92555556,-161.7211111,-161.9644444,-138.0622222,-191.5055556,269.9522222,-0.604319638,46.91506418,-1.048661884,-0.214912805,-0.253862766,0.419514101,-0.23354336,0.300614947,1.623738704,0.815513586,0.929335178,1.342360356,1.033857967,1.019869106,1.280587746,0.93055024,1.006027219,0.938903611,1.054351306,1.064551507,0.933424386,1.17086408,0.559351926,1.002858428,1.162380985,0.966193902,1.131996219,1.211940995,0.914266336,1.003298775,1.034773083,1.466096463,1.430343987,1.035385493,1.124862523,0.987147954,1.047440294,1.092287966,0.538930007,1.03750856,1.118671593,0.965627979,1.171292339,1.198643517,0.92237926,7.535714286,0.14452344,-21.66431197,3151.5436,0.167881566,-19.98636091,-21.65111005,-19.4847405,28.75540402,19.91269841,0.133477315,-22.5548259,0.0,3.925320012,11.28809226,0.0,3.901919849,3.808231899,3.796511225,3.756797251,3.715946733,3.712054938,3.699079813,3.646145384,1.901938256,1.895652944,1.884065971,1.831231876,1.81257404,3.651611272,3.632681166,3.618651168,3.587592805,3.547686295,5.003456469,4.94273699,4.937812002,4.935425665,4.931495299,4.927515272,17.0,15.0,4.0,11.0,26.0,2.0,0.0,0.0,0.0,0.096225045,0.472852885,9.216421916,0.0,1.876840755,0.0,3.969069164,0.0,0.379038116,16.83402268,5.847110455,-3.54981,32.93516539,709.7827129,0.134695368,-22.45308332,3285.604185,6594.0,21.0,0.0,36.0,16.0,42.0,9.0,23.0,52.0,16.0,27.0,49.0,11.0,5.0,2.0,14.0,0.0,0.0,37.0,19.0,14.0,9.0,14.0,16.0,0.0,0.0,0.0,0.0,0.0,0.0,16.0,0.0,0.0,0.0,0.0,0.0,0.0,8.461993313,30.04280076,56.98619115,-4.055925096,-23.01322822,-13.60311072,0.0,0.0,0.0,0.0,0.220327542,2.119027831,-1.417334244,4.00978404,0.539087314,0.557197487,0.83532765,0.555919796,0.551300714,0.821930889,0.653723848,0.568347217,0.220327542,0.555323761,0.265760422,0.429133952,0.605816622,1.135693753,-0.921501238,0.0,-1.794698416,0.0,2.119027831,0.0,0.0,0.0,9.560390345,11.78141979,0.0,0.0,0.0,0.0,0.602296433,15.20609218,1.735760708,7.095907122,5.180823038,5.758189008,7.918267642,7.89720993,7.928658116,8.359801037,7.707826077,8.270237696,0.43974522,1.126217193,0.593342687,0.20929627,0.0,15.20609218,0.0,1.126217193,-0.388712594,-1.794698416,1.957052512,109.25,0.97545,0.0,1.83374,1.63132,0.52,1.631687359,3.650177755,5.184008981,6.217812353,15.88445562,32.98217573,189.4431037,71.86025683,9.0,6.0,5.64,2.134980154,15.61314336,0.0,0.0,0.0,0.0,0.0,0.0,0.0,1.853710638,0.0,8.34107215,0.0,0.0,3.833,11.079,14.793,7.366,2.07406015,4.0,0.0,1.0,3.0,0.0,1.0,0.0,0.0,1.0,0.0,0.0,0.0,0.0,1.0,0.0,0.0,3.0,0.143423122,-21.74990854,3268.538227,2.397895273,-3.502
1.0,-0.7715762841128657,0.26656569,-0.5384514521093935,88.790411,21.0,4.0,5.0,1.0,1.0,2.0,0.0,0.0,3.0,10466.4336,441.4558947,147.4145578,127.2141628,76.6070016,83.57870283,79.79250546,250.7782928,206.9163589,203.5359428,199.9488417,191.6836074,8.05091193,7.89966349,7.836400043,7.800810901,7.805344174,7.829805852,7.941073786,1.756922781,1.484000694,1.480755411,1.442085016,161.1664922,144.351139,150.1933862,156.7899804,157.2798591,157.5283123,159.2347898,159.2779662,159.8464936,6.217688657,2.99085431,3.593301734,3.13596965,3.112268519,3.225878415,3.020347508,3.605099366,0.096230307,0.01632378,-0.07163047,-0.345836671,0.592565078,-0.201097202,-0.09418961,354.2265369,-339.2211684,-695.4360971,-1061.295699,-455.4484494,1703.575236,666.2181037,-2112.404168,176.3497653,1.405974077,55.90697506,-565.4008566,-616.5059115,476.7703065,96.76647778,-1166.658505,-0.130482169,1.388699066,-1.85344582,-2.60086065,-0.67460001,4.573965995,-1.544509772,-3.324999218,0.034119583,-0.066906692,-2.963520892,3.436907088,-0.772465256,-4.273919694,-10.69177077,-23.28587308,-5.196993077,-5.469022145,-26.49124303,32.3927054,-19.88976623,-18.21778137,-19.08967828,-32.67686454,-39.79066139,44.16894255,-59.53580513,-16.54616664,4.600344635,49.58742832,1.655452453,-0.2479179,-0.173002876,-0.08299816,-0.200457256,-0.058883155,1.412039206,0.894631083,0.957859568,0.974917789,0.980871847,0.736554413,0.88123081,0.896597355,0.784708823,0.739080604,0.713393474,0.939859295,1.255536575,0.904195928,0.571337271,0.904051914,0.882797998,0.813939368,0.645602475,0.935932689,1.163513283,0.859868111,1.113370449,1.136466783,1.127088807,1.009722447,1.062915244,0.986026176,1.114199112,1.034714718,0.448514258,0.858408611,0.807008948,0.80682269,0.673908242,0.930404439,1.082648247,4.073879552,0.123020547,-9.219777125,681.3325383,0.023679858,-16.46977405,-30.63598517,-14.197822,15.07347176,0.180549948,1.329557606,1.253323543,1.0,4.260602523,15.37099324,0.0,4.700341986,4.130499381,4.038599187,3.982918202,3.764541006,3.546258571,3.349025818,3.293909194,1.83742093,1.742393138,1.537678356,1.424398031,1.292265934,3.797256252,3.606509112,3.34813938,3.144999796,3.066991838,5.15902129,5.080746615,4.93977264,4.841626662,4.158014843,4.113744076,3.0,15.0,3.0,3.0,3.0,3.0,0.0,0.0,0.0,0.202164357,0.921408615,4.823297548,0.409108946,1.365639449,0.10316315,2.234340788,0.104398582,0.506231696,9.987417017,4.556429037,7.62288,35.26905695,709.7827129,0.170720595,-7.777998836,869.404613,1054.0,2.0,0.0,21.0,2.0,1.0,1.0,0.0,3.0,1.0,2.0,1.0,0.0,1.0,0.0,1.0,0.0,9.0,8.0,0.0,9.0,1.0,5.0,3.0,2.0,1.0,0.0,1.0,1.0,1.0,4.0,0.0,0.0,0.0,0.0,0.0,1.0,20.76071829,0.179021364,0.082344208,2.098632346,-1.282577493,-1.268654042,4.298331351,-1.276520595,0.0,0.858929849,0.304292106,0.270609085,-1.04244934,4.446019759,0.661148696,0.179021364,0.0,0.636875913,0.082344208,3.761623022,1.210503311,0.0,0.557131254,0.0,0.304292106,0.581741515,0.0,1.360793973,0.118865046,1.566777992,-0.652642721,-0.297671562,3.153527776,0.0,5.017499122,2.172743502,9.639617981,11.77705576,0.0,16.40480089,-4.847553851,0.270609085,0.557131254,16.40480089,2.036363402,6.561365841,0.661148696,0.179021364,0.0,4.991851409,0.082344208,3.761623022,1.210503311,0.0,0.304292106,0.943428249,0.613465007,0.644327171,0.0,14.61102563,0.588320764,1.029741939,-0.310005275,-4.847553851,9.640016662,58.0,1.31818,1.5,1.14521,1.30215,0.322580645,1.874089533,4.191174584,5.258420183,5.829255746,23.87159001,46.7797936,62.22033105,32.22305943,12.0,3.0,3.44,0.0,1.914324062,17.12152638,45.3785051,26.48515033,0.0,1.237218064,0.0,0.0,0.0,0.0,0.166666667,1.154700538,0.25,0.425,2.979,4.953,4.198,4.899001191,7.0,0.0,3.0,4.0,0.0,7.0,0.0,0.0,4.0,0.0,0.0,1.0,2.0,4.0,0.0,1.0,0.0,0.22776666,-6.509507817,658.0069505,3.433987204,4.942
0.0,0.2120406476492846,1.21969936,-1.6058678396454011,47.10293,20.0,3.0,2.0,0.0,3.0,1.0,0.0,0.0,4.0,6046.959439,376.873352,163.4313362,131.2484701,100.595475,98.03886479,89.62586832,273.8369926,238.6243384,228.324651,193.4561025,160.681316,8.656699811,8.169709721,8.329658891,8.279016779,8.167306083,8.635156739,8.865129582,1.763402272,1.496584315,1.254496621,1.050346722,167.9707837,149.0659726,156.6481583,156.4629866,161.0541581,162.3872919,158.7565385,170.5375912,183.5483485,10.18576627,3.977597737,6.88795361,4.17786391,4.768680962,4.723808299,7.225990785,5.73834531,0.482974606,-0.541654029,0.303117285,0.089077833,-0.406698541,0.659529439,-0.571523602,-21.35199623,214.2886751,-454.8640971,-593.2922923,-120.2782949,12.39067929,542.6049431,-680.1084745,75.37700869,-257.7994509,-148.1601845,-321.0855682,51.11244261,-651.1983133,-380.9464004,669.2745842,-0.500104272,4.907798438,-1.929653901,-0.815248689,-1.086770637,-1.831389854,2.816413014,-7.037406292,0.219086921,-1.812718896,-1.855212037,-5.279655307,-1.404523435,4.640292377,-8.141668638,68.61396163,-38.54763623,-25.86643616,23.82986178,-72.08662636,3.236908332,-26.60653325,-14.65512401,-10.54905783,1.292162234,-41.14524809,57.37417068,-133.5116627,-0.533799906,40.8481376,-6.783315763,-0.3663781,0.014045242,-0.554712537,0.62363229,-1.992711384,1.755486802,0.551016305,1.22941125,0.790498433,0.820686067,1.110055081,0.789628177,1.446017231,0.903505214,0.717288752,0.764034194,0.924195188,1.833599026,0.880365819,0.369653303,0.772914538,0.871707909,0.936850474,0.926197044,0.935843999,2.148181912,0.882390361,0.957249247,0.905288893,0.68937403,0.884026242,0.91736688,1.09490099,0.914771646,1.378737628,0.376887538,0.638963249,0.803558803,0.994605293,0.931674119,1.031199514,2.075885928,2.575630252,0.118442422,-5.759986474,380.4006866,0.076674842,-6.934090408,-6.900178985,-2.715728501,6.204829186,3.880631553,0.201684721,-4.322833886,0.0,3.896716797,11.86057208,0.0,4.24661947,3.95645282,3.853929539,3.524768161,3.283661981,3.218416348,3.012133934,2.675902399,1.324817598,1.259359772,1.082250302,1.061980787,0.862605366,3.200296482,3.111739168,2.948747431,2.699690176,2.645815032,5.304881619,4.865942141,4.62301415,4.465116279,4.465116279,4.099406876,2.0,11.0,3.0,1.0,0.0,0.0,0.0,0.0,0.0,0.0,0.252291192,3.119037895,0.288675135,0.755279467,0.11785113,0.8925797,0.013498731,0.150012289,5.493710863,1.680907834,2.46194,25.06773453,336.4652634,0.022127613,-10.28950833,401.7536442,460.0,2.0,0.0,15.0,6.0,0.0,2.0,0.0,0.0,7.0,0.0,1.0,0.0,0.0,0.0,0.0,2.0,8.0,0.0,0.0,8.0,0.0,0.0,0.0,4.0,1.0,0.0,0.0,0.0,1.0,2.0,0.0,0.0,0.0,0.0,0.0,0.0,13.28705726,7.689419977,48.88693786,0.0,0.0,0.0,0.833340068,-4.583492838,0.0,0.63258607,0.548546312,0.63258607,-0.84529078,0.807749494,0.0,0.954221673,0.0,0.0,0.347002756,0.0,0.409926039,0.0,0.0,0.0,0.0,0.0,0.0,0.0,0.0,0.972337543,0.0,-0.84529078,0.0,0.0,0.0,0.0,0.0,11.80629572,0.0,13.5220499,0.0,0.63258607,0.648016227,13.5220499,1.87021119,7.956516522,0.0,6.735198304,0.0,0.0,8.762507763,0.0,0.409926039,0.0,0.0,0.0,0.718136526,0.0,0.0,12.27826741,0.63258607,1.436876693,0.152994684,-4.583492838,8.527008059,42.75,1.58333,1.5,0.66498,1.29289,0.055555556,1.971947799,3.513375325,4.141621609,4.790270257,24.8440551,41.3455812,55.87688775,34.86615092,22.0,0.0,2.45,0.0,0.0,8.041703968,21.38466959,11.8248191,0.0,0.25,0.0,0.0,0.0,0.0,0.5,0.707106781,0.0,1.323,0.868,1.118,1.87,22.42557295,4.0,0.0,0.0,4.0,0.0,3.0,0.0,0.0,0.0,2.0,0.0,0.0,1.0,2.0,0.0,2.0,1.0,0.112650662,-5.895352078,617.3276438,0.0,5.059
0.0,0.30429077020611,1.57854096,-0.0468243110866021,100.450134,18.0,4.0,5.0,0.0,6.0,0.0,0.0,0.0,6.0,9462.378934,689.9375,106.3188644,102.6350823,68.61000495,59.18252142,56.34701377,219.6097232,185.5621997,178.1662021,160.9891025,157.0976764,8.205902607,7.940877701,8.068985256,8.097486353,7.745670243,7.624319791,7.807401661,1.429361847,1.298915015,1.19193344,1.128906954,170.6180678,148.6730262,162.3544201,160.319374,163.0188626,164.4616494,160.1009345,163.7736383,167.096656,7.752106742,3.386200717,5.334170013,3.434954751,4.191753172,3.170430945,2.800709707,3.47806811,-0.314183037,0.567105295,-0.406048083,-0.15724601,0.511416439,-0.341703176,-0.52450567,162.7393627,670.3537605,642.6942784,-618.9226974,-1229.007459,-915.880935,555.871717,1377.172223,-168.9257937,262.15871,350.9480972,-641.0442986,-537.5627466,-1783.877246,-109.7274511,716.4950839,-0.494653465,6.641267811,0.402323476,-5.520199591,-0.921357743,3.479502672,0.205762823,1.542827182,-2.47450582,-1.033922974,-4.966105963,-5.575614498,-4.311479685,-1.65360494,-39.31361884,115.0888552,-40.77820389,-73.06968562,87.26062507,-14.37164132,-51.12553676,-81.98964287,-20.79242502,33.79324826,-82.36582257,69.03622754,-11.19416653,-21.92038393,1.749885621,47.23242417,-5.557249987,-0.223574463,-0.319247374,0.032786127,-0.030753205,-0.061921989,1.583336808,1.2336229,1.03188049,1.212503694,1.066271941,0.766761117,0.784081286,0.972204368,0.980266716,1.034958846,0.928838781,0.878547579,0.881927652,0.921682845,0.644822001,0.703221577,1.037029274,0.927659003,0.518682403,0.608087294,0.781832704,0.924181786,0.98630412,1.126840318,0.766132502,0.849121597,0.734231109,0.685631975,0.777504006,0.901859669,0.405875156,0.533098454,1.011501581,0.885235869,0.454588569,0.612022368,0.841393391,3.821428571,0.387609519,-4.833559889,850.8343953,0.491474275,-3.622762972,-4.845746441,-3.434800796,15.17753714,7.349614198,0.292118059,-6.276045963,0.0,3.52987871,13.51911119,0.0,3.924383256,3.871043139,3.847667051,3.75467354,3.542288625,3.362461265,3.310957412,3.307348901,1.861926497,1.777612448,1.678509082,1.625874528,1.372874417,3.689044624,3.465403768,3.291977557,3.213599282,3.132206896,5.432318064,5.432296421,4.777554325,4.76411774,4.614152203,4.614152203,5.0,13.0,3.0,9.0,4.0,1.0,0.0,0.0,0.0,0.0,0.392258898,5.107957222,0.660683603,1.633908781,0.344321911,1.50142604,0.068664129,0.341702584,9.911120166,3.37037107,6.76357,24.9698908,636.7322154,0.191143479,-8.439127765,1202.629321,1639.0,0.0,0.0,21.0,0.0,0.0,0.0,0.0,0.0,0.0,0.0,0.0,0.0,0.0,0.0,0.0,0.0,11.0,11.0,1.0,13.0,1.0,10.0,1.0,0.0,3.0,0.0,1.0,3.0,0.0,2.0,3.0,0.0,0.0,0.0,0.0,0.0,15.92949332,0.0,0.0,2.009296571,-1.166414269,-1.552474246,-1.43949535,-11.3763013,0.0,0.0,0.0,1.169909066,-1.186468784,0.0,0.0,0.0,0.0,0.0,0.0,0.0,0.0,0.0,0.0,0.0,0.0,0.710042981,0.796232122,1.568695366,-0.063609631,0.705412517,-1.166414269,-1.186468784,0.0,0.0,3.759662419,1.169909066,0.0,13.99245284,5.085346701,13.4022569,0.0,0.0,0.0,14.80550961,3.777448123,0.0,0.0,0.0,0.0,0.0,0.0,0.0,0.0,0.0,0.0,1.03634893,0.79131092,0.390205152,0.0,14.80550961,0.0,1.493205541,-0.607344164,-4.866663799,15.26170187,56.75,1.11275,1.0,1.20825,1.31126,0.416666667,1.749239487,3.781961555,5.096315948,5.610345229,18.39928629,38.75050665,79.04652642,43.98565957,9.0,3.0,3.77,0.0625,5.176694323,0.0,35.8411427,7.024787396,0.396850263,0.166666667,0.762389391,0.436790232,0.0,0.0,0.0,0.424887251,0.685006711,0.003,3.331,3.638,2.615,2.787072886,5.0,0.0,0.0,5.0,0.0,0.0,0.0,0.0,0.0,0.0,0.0,0.0,0.0,3.0,0.0,3.0,2.0,0.386774475,-4.844558891,702.9570338,0.0,6.911
0.0,2.029732207239363,16.80508036,0.8125279561963701,67.42986,0.0,1.0,2.0,0.0,0.0,0.0,3.0,0.0,3.0,23344.73988,167.6792695,466.8947977,144.6201452,77.70621095,90.91067665,130.862151,271.4480329,194.2539515,199.5162727,193.3796616,190.002173,7.6666523,7.736611645,7.683415928,7.622133586,7.622028173,7.515972041,7.403712122,2.124595322,1.519822763,1.542493435,1.591523952,154.8451566,140.6717219,147.4502089,150.9666903,155.364946,156.8916455,154.7365891,154.7403104,155.9509183,3.353585391,2.835255066,2.685286935,2.71953405,2.707609621,2.796574074,2.548298298,2.163615588,-0.179330019,0.210568385,-0.011086233,-0.02802181,-0.046835294,-0.043967534,0.071675617,1.072166737,308.7652277,-3589.790782,-2804.905699,2851.808033,-436.4004703,1208.543932,1682.494858,12.60108938,46.18539756,-1229.865657,-994.054698,993.992682,-472.6658298,-231.5210955,1027.362564,-0.021319909,-0.116654272,0.222934486,-1.477494363,-1.021742818,-0.55703004,0.531625773,1.409681232,-0.333316817,-7.096474461,-5.865806286,-2.959669472,-0.901530929,4.461697595,-6.228623785,5.867072223,-24.09528752,-20.37014446,16.06954824,-5.362667914,-7.267020472,11.24203254,-2.093776852,5.686606173,-12.62748519,-2.420833333,-15.34184938,-5.336177675,0.020229561,58.28875869,-3.151105532,-0.039505224,-0.091503516,0.048116848,-0.103661144,-0.040734181,1.357703632,1.433342539,1.163609088,1.350819174,1.471162897,1.229546583,0.856432933,0.457788101,0.660753951,0.239730499,0.573216916,0.697194385,0.985096388,0.80206699,0.972270424,1.122843986,1.430726839,1.349121933,1.178065258,0.856357225,0.519672176,0.539465852,0.959707195,1.074441608,0.991258602,1.140445467,0.96872621,1.045037385,1.017803874,0.887262034,0.747194825,0.974240678,1.545836941,1.057228014,1.452488313,1.511495187,0.938025953,3.128571429,0.20855545,-4.70265098,551.920191,0.220938511,-4.529612545,-4.727687532,-4.16998728,11.51819903,-1.228618156,0.152232632,-5.64703637,0.0,5.595225592,12.09474849,0.0,6.879516839,6.879516204,6.87951562,3.866097679,3.693188159,3.626562455,3.492707998,2.999347263,1.652561288,1.424493773,1.281807701,1.098760285,1.096730585,3.492810322,3.129547242,2.945870006,2.815394112,2.693030051,4.651519134,3.872468995,3.818191368,3.787708254,3.400547151,3.095998952,1.0,15.0,3.0,0.0,4.0,0.0,0.0,0.0,0.0,0.0,0.295360921,2.202243603,0.0,0.440444044,0.0,1.699996113,0.0,0.145651522,4.969319655,2.770846395,6.1742,18.79182269,281.8773404,0.000462,-23.03946397,308.1268479,683.0,0.0,0.0,19.0,0.0,0.0,0.0,0.0,0.0,0.0,0.0,0.0,0.0,0.0,0.0,0.0,0.0,0.0,4.0,4.0,12.0,1.0,1.0,3.0,0.0,0.0,0.0,0.0,1.0,0.0,1.0,1.0,0.0,0.0,0.0,0.0,0.0,34.26169699,0.0,0.0,0.62270062,-0.712033974,7.91489237,0.0,0.0,0.0,0.0,0.0,1.917809787,0.072725291,0.0,0.0,0.0,0.0,0.0,0.0,0.0,0.0,0.0,0.0,0.0,0.0,0.67129558,0.67129558,1.937006268,0.62270062,0.0,-0.449472064,0.0,0.0,0.0,0.0,1.917809787,0.0,13.31162704,6.583590089,0.0,0.0,0.0,0.0,13.31162704,2.227197323,0.0,0.0,0.0,0.0,0.0,0.0,0.0,0.0,0.0,0.0,0.883292056,0.435366269,0.62270062,0.0,13.31162704,0.0,0.883292056,-0.500842545,-0.449472064,7.804148724,33.0,1.1,0.0,1.19489,0.73792,0.208333333,1.579205201,3.117780939,3.797780939,4.387976439,30.40315501,44.75671692,86.76394909,61.76971879,6.0,0.0,3.44,0.0,2.457494195,15.61098487,31.62307116,11.18773565,0.0,0.0,0.333333333,0.0,0.0,0.0,0.0,0.0,0.0,0.003,1.297,2.878,3.328,3.397413793,4.0,0.0,0.0,4.0,0.0,0.0,0.0,0.0,0.0,0.0,0.0,0.0,0.0,1.0,0.0,1.0,0.0,0.191776173,-4.954279053,421.5144208,0.0,3.227
1.0,1.3896862911312842,9.27080704,1.898073864385747,98.059341,0.0,3.0,4.0,0.0,0.0,0.0,0.0,0.0,0.0,7132.091117,333.5625,86.97672094,91.95687327,61.10889659,52.80408392,50.87980642,229.7469078,193.9007229,175.6878897,164.0513877,165.9072623,7.550421317,7.55313256,7.538719358,7.497367449,7.563828074,7.502318419,7.480765044,1.568679189,1.310627567,1.242116639,1.247953267,158.971512,143.6451778,148.4101648,155.4367323,154.7111987,154.2324107,157.6533162,159.2307299,158.9965789,4.067835366,3.14744832,3.106095679,2.712708333,3.19540036,3.042790033,2.834086994,2.923303835,0.140215778,-0.067073063,-0.29716098,0.432330305,-0.172441475,-0.23506569,0.254469641,84.7941409,-369.3360849,-333.0536925,-448.8701628,385.9027391,-845.7680631,-163.9131824,747.328036,181.8808533,-860.8131865,49.96973283,-295.6976639,-418.9786726,-1125.194771,-357.2068259,571.8831613,-0.241793311,1.035331141,-0.537790142,-0.905783212,1.859489819,-1.499253352,-0.736537738,1.530057287,0.713151076,1.934079498,-0.254586353,-4.607670679,-2.345215416,0.739313845,0.281517877,-13.35854468,23.30973808,4.98133268,-35.99039635,-24.20112883,-13.0928764,-0.044482443,-6.311655182,-21.09664799,-23.15640492,-32.27207474,-24.23637137,31.82013228,0.985978383,51.77053228,-4.136745483,-0.073391339,-0.106222041,0.278263191,-0.093939424,0.140797045,1.442767926,0.887077792,1.041260324,1.109486808,0.802329173,1.113055824,1.127338226,0.992385172,1.025238794,0.909822844,1.096008958,1.034642719,0.916012751,1.077155756,0.700386648,1.035572941,1.06491305,0.763012995,1.274194043,1.181332479,0.983566961,1.075299,0.981465159,1.095478862,1.133107749,0.945936575,1.093247789,1.046997415,0.995321742,0.944208924,0.538441104,0.960826995,1.064107336,0.801936643,1.438434397,1.330416314,1.028166905,1.428571429,0.561294516,-2.59879287,623.9889333,0.724525869,-1.450070151,-2.593755509,-0.812479316,18.04498015,2.884612573,0.396446603,-4.163462632,0.0,4.531066645,14.76097488,0.0,3.93518655,3.804809886,3.733573521,3.652700772,3.652700772,3.578063152,3.349584984,3.299461245,1.85884367,1.85884367,1.72108942,1.651178544,1.494246706,3.665206063,3.665206063,3.461396648,3.316432373,3.229456131,4.710525211,4.598233951,3.927316003,3.876367346,3.852000063,3.753150568,4.0,23.0,4.0,2.0,4.0,0.0,1.0,0.0,0.0,0.0,0.491581624,2.283838708,0.068041382,0.664557625,0.102062073,1.055042761,0.044194174,0.257910595,5.611674936,2.458639829,6.63389,22.99302899,517.3431523,0.487675237,-3.23147517,613.0439969,1733.0,3.0,0.0,31.0,2.0,3.0,1.0,1.0,0.0,1.0,1.0,0.0,0.0,1.0,0.0,2.0,0.0,0.0,6.0,3.0,23.0,0.0,5.0,1.0,0.0,1.0,1.0,0.0,0.0,0.0,2.0,1.0,0.0,0.0,0.0,0.0,0.0,48.21500654,2.080831507,1.889892941,2.233334892,-1.095408482,3.72741865,0.0,-0.816436772,0.0,0.0,0.323035208,2.82411673,-1.089059504,4.456729572,1.273613579,2.080831507,6.22187757,0.0,1.889892941,2.638410591,0.0,0.0,0.450977669,0.0,0.323035208,0.551687967,0.759673458,0.0,0.038482006,0.0,-1.095408482,0.0,2.82411673,4.236873464,0.0,0.0,10.08668424,12.33745602,5.850424031,0.0,0.0,0.0,0.450977669,13.79642054,2.016463342,5.563917154,3.985432667,2.080831507,6.22187757,0.0,1.889892941,2.638410591,0.0,0.0,0.355671913,0.949373135,0.587313064,0.793532674,0.0,13.79642054,0.0,0.949373135,-0.16033193,-1.095408482,12.34185038,52.75,1.17222,0.0,1.01149,1.14244,0.184210526,1.419431181,3.233123122,4.185824394,5.092325103,12.53766199,28.13944494,100.6929127,44.35542675,7.0,3.0,4.87,0.0,0.0,0.0,40.68088472,6.895692693,0.0,0.814325285,0.360562393,0.0,0.0,0.0,0.455336617,0.0,0.0,0.909,2.198,4.005,3.919,4.184107002,5.0,0.0,0.0,5.0,0.0,0.0,0.0,0.0,0.0,0.0,0.0,0.0,0.0,1.0,0.0,1.0,2.0,0.630522588,-2.075428343,598.4770761,0.0,5.684
1.0,-8.222108879718784,163.6480563,5.834229834949852,268.317125,15.0,17.0,24.0,7.0,0.0,0.0,0.0,0.0,0.0,27187.49477,1604.874057,110.9693664,118.9007809,64.26467268,61.75707665,60.46749307,195.4524295,157.8482726,155.4728992,165.0246527,147.2398188,7.909392208,7.914618957,7.733185699,7.986142098,7.887038422,7.92590766,7.96165702,1.433691058,1.184459645,1.245051053,1.138865202,167.4984519,149.4582389,160.3110744,163.7679633,164.3736533,166.2658284,167.5434671,162.0944116,167.5603824,6.550506355,2.609555406,3.883776373,3.08311392,4.155223869,3.162877703,3.98617706,3.86857739,1.282797882,0.135475633,-2.463311844,2.57218367,-0.612382082,-1.47850843,1.596230783,3356.563494,532.5507196,-7348.543663,3195.825539,-1816.468268,1266.215454,-4471.250076,1473.678795,-121.3315606,-146.6476454,-3280.569654,1365.758864,-1795.680798,3891.041359,-3488.546811,-576.4403664,1.40378997,12.20679616,-11.18197174,-6.508010318,11.08721898,-12.54653414,-0.640181535,-2.906244689,-8.042543843,-7.019322574,-5.480684143,33.11893596,-44.85388989,36.67267995,-101.7151887,-42.07994014,121.8148376,-162.4496562,-48.55750048,274.7085669,-261.0079356,53.31937049,-125.2535493,-273.086416,-257.6405029,-372.8378374,212.3310335,-140.0227491,13.58932589,48.71040422,4.299493214,-0.50709939,-0.334598056,0.385738358,0.226849395,-0.130496504,1.691371015,0.828635869,1.039770238,1.163458059,0.988175338,1.211730587,1.246539911,0.953951188,0.883031632,1.052111008,0.952607787,1.231045486,0.925907032,1.074947429,0.562851384,1.145482418,0.979949627,0.952584906,1.171113756,1.069894731,1.203069885,1.024482805,0.790263363,1.79309706,1.313110275,1.005788279,1.105089673,0.816200018,1.292354265,0.936407809,0.474847048,1.080409116,0.992136376,0.930872775,1.136783569,1.039948998,1.235093041,12.80357143,0.036749906,-39.64343525,4253.556228,0.072492988,-31.49118524,-33.447524,-32.93021689,39.14758109,-7.561044974,0.245828442,-16.83745652,1.0,3.960573259,13.17247719,0.0,4.715006598,4.706624865,4.706374853,4.706034091,4.705990778,4.705698271,4.705452866,4.041300667,1.90556499,1.890781327,1.85788936,1.831388327,1.81289269,3.790638293,3.782967607,3.780069684,3.777334301,3.769736805,5.216516618,5.216473853,5.216472595,5.216413282,5.216353574,5.216309877,10.0,10.0,3.0,24.0,16.0,3.0,0.0,0.0,0.0,0.096225045,0.389519551,16.62549301,1.936174953,3.082620687,0.968087476,6.80225629,0.305944984,0.959357877,20.63819143,9.068827015,4.30409,36.28793183,709.7827129,0.005007272,-63.56236912,4602.792996,8119.0,11.0,0.0,23.0,9.0,14.0,0.0,33.0,25.0,3.0,14.0,22.0,7.0,1.0,2.0,7.0,1.0,10.0,35.0,9.0,10.0,14.0,25.0,10.0,2.0,0.0,0.0,0.0,7.0,0.0,23.0,0.0,0.0,0.0,0.0,0.0,7.0,11.17666657,0.0,11.40438061,-9.217692503,-8.047006865,-8.251499441,1.13904932,0.0,0.0,0.0,0.190279693,0.757979759,-1.382050737,2.714756598,0.164008625,0.0,0.672304746,0.278274863,0.348806198,0.242214107,0.151312134,1.060868823,0.447573093,0.383481419,0.190279693,0.393404554,0.59789435,0.866244609,-0.980589482,1.599760959,-1.413647382,0.532548009,2.55310454,0.0,0.0,0.757979759,9.877387597,11.70472804,0.0,0.0,-6.45326841,0.0,0.569246905,14.61120523,1.745894936,6.662880207,0.508302855,0.0,7.155511822,3.963158721,6.386531491,7.766921401,6.539582323,6.178343561,0.283801309,0.95266096,0.545260953,0.374074814,0.018507705,14.61120523,0.0,1.56222787,-0.323227841,-6.45326841,7.272371966,119.25,0.99375,0.0,1.96045,1.65811,0.680555556,1.756494721,3.546327463,5.177334568,5.796526815,20.40670218,37.48130976,186.3867841,102.8353293,9.0,6.0,4.1,5.051056106,0.0,0.0,0.0,0.0,0.0,0.0,0.0,0.0,0.908724779,0.914032668,2.095878329,5.224915609,1.555543045,1.997,7.755,12.701,5.452,2.489164551,3.0,0.0,1.0,2.0,0.0,1.0,0.0,0.0,1.0,0.0,0.0,0.0,0.0,1.0,0.0,0.0,3.0,0.057022816,-34.37164567,4321.154551,2.397895273,1.107
1.0,1.2012411394609273,7.47639649,1.1112007147763363,85.63579,0.0,3.0,5.0,0.0,6.0,1.0,0.0,0.0,7.0,9649.172147,732.9497409,128.6556286,109.6526757,90.96524216,89.60765552,68.24961828,226.8820104,219.5246308,206.0459191,183.0967767,159.9149508,8.442780173,8.149453049,7.831734022,8.206350043,8.418275197,8.365878434,8.3341422,1.472870682,1.333850343,1.220177102,1.094072049,172.0242673,149.2302652,157.4744038,160.5442833,165.0574134,161.9238358,165.4212957,167.3877292,170.8558461,9.772663212,3.642841329,4.891132259,4.539358095,4.095275881,5.540146905,5.859324339,5.599333914,-0.262029336,0.093157768,0.644066996,-0.740002809,0.019040184,0.201368982,0.111562338,-1.660167542,1328.965469,-819.130717,3493.807066,73.77694194,-1212.28125,-1384.092051,-2439.53089,182.5369927,739.8325205,-1829.96688,3684.502996,847.4335654,-1594.335816,-2202.279468,-3686.363247,-0.655071901,5.466945318,4.034235944,3.770635003,-6.081708245,-2.815992273,0.245800426,-5.711526896,1.002573469,-5.712430501,11.06309613,-7.273014322,-8.254373652,-15.97536471,-0.866346664,30.14674582,14.0730674,32.69218963,-43.09526473,-45.55468085,-69.48812093,-202.2002913,-21.64588512,81.6103237,30.50940957,-63.23950002,32.75398962,-101.1623308,-0.021014779,46.50817942,-4.542267283,-0.273998546,0.112580847,-0.5350179,0.082712095,-0.259390592,1.492215346,0.879816562,0.850762933,0.73730496,1.272449448,1.146759197,1.142389095,1.052407435,0.579012149,0.749351401,0.862713715,0.96237537,1.12008148,0.880684227,0.478267043,0.610212735,0.55755965,0.913679487,1.046456812,1.027238171,1.201700037,0.95111674,1.144009267,0.96877075,0.899589999,0.848842373,0.966695502,1.09349037,1.026780226,1.210397771,0.435448886,0.606619189,0.589073339,0.943402782,1.086225022,1.058570981,1.21246525,4.325630252,0.181575239,-7.677383281,1165.361561,0.55248374,-2.669990739,-8.032459988,-1.483755102,11.51092609,8.114210354,0.170823033,-7.952072198,0.0,3.820302734,15.41588378,0.0,4.073095663,3.905659741,3.805867805,3.698238421,3.586209011,3.49757223,3.442387145,3.081426333,1.824722669,1.596071341,1.568844459,1.370404769,1.249629723,3.604395994,3.45290113,3.33002521,3.176972275,2.881459778,5.649881405,5.293802872,5.212184135,5.114977557,5.038229445,4.945784694,3.0,10.0,2.0,5.0,6.0,2.0,2.0,0.0,0.144337567,0.495605405,0.973318848,7.257050288,0.947784081,1.883232597,0.269829816,3.883561087,0.520522187,0.517847105,12.03417448,5.158292071,5.5239,20.26768318,456.0228715,0.557736413,-2.627409631,531.2221615,881.0,3.0,0.0,15.0,2.0,1.0,4.0,3.0,8.0,9.0,7.0,4.0,1.0,2.0,0.0,1.0,0.0,0.0,11.0,2.0,5.0,4.0,3.0,4.0,0.0,4.0,0.0,0.0,2.0,0.0,3.0,0.0,0.0,0.0,0.0,0.0,0.0,-4.198843114,0.389082545,41.33200139,-0.976666953,-7.170553246,-9.395113789,0.0,-10.19433163,0.0,-0.020676781,0.278432067,-0.020676781,-2.454208081,4.265572857,0.214312152,-0.007985378,0.089683655,0.839491693,3.986128545,2.993498943,-0.00663634,4.391550096,0.278432067,0.0,0.386200239,0.508419706,1.184735607,1.340411595,-0.367116112,0.0,-2.247588026,0.0,2.615596458,0.0,0.0,0.232220611,10.47080751,13.26525603,0.0,14.31634148,0.0,-0.020676781,0.386200239,15.77242933,1.341210366,5.558181071,0.214312152,0.257877632,5.926396531,6.091315984,5.715711275,5.528974506,4.043828367,4.391550096,0.386200239,1.26219498,0.721454826,0.0,0.0,14.39196692,0.0,1.610400429,-0.223579381,-5.531099942,11.67755996,42.5,0.94444,0.0,1.56997,1.20505,0.5,1.878315508,4.080802503,4.933371817,5.471565524,22.08771083,44.36810506,61.47448088,37.9252549,9.0,3.0,3.11,1.414213562,5.164552341,5.472975735,27.0784522,25.89287043,1.162539228,1.660616401,0.0,0.0,0.0,0.0,0.0,0.447213595,1.0,0.92,1.382,2.858,1.907,2.555795314,5.0,1.0,2.0,2.0,0.0,1.0,0.0,0.0,1.0,0.0,0.0,0.0,0.0,2.0,0.0,0.0,0.0,0.120178694,-9.534489873,3773.657498,3.044522438,3.285
1.0,-7.215672180797839,123.9704096,4.906634804849275,242.249609,15.0,15.0,21.0,6.0,0.0,0.0,0.0,0.0,0.0,24121.57757,1418.463477,109.1474098,116.8757589,63.88847353,62.13438488,59.71953193,195.6523121,158.2009104,156.9228635,165.4841913,146.4495683,7.885674923,7.884807755,7.714635406,7.96786336,7.874651749,7.91939878,7.954152193,1.431791594,1.194624915,1.248736355,1.133462367,167.2904026,149.3113885,159.8366986,163.4425445,164.3499434,166.1938533,167.118368,161.9440575,167.5358714,6.418386775,2.621346122,3.822740621,3.034981222,4.072400511,3.141034974,3.967648808,3.884243903,1.129568146,0.104217582,-2.112702108,2.204656413,-0.539594312,-1.258676361,1.357153946,2895.758394,465.2100524,-6284.492439,2872.207266,-1312.007719,1292.995745,-3880.954284,949.2686523,-60.66063446,-228.8489052,-2978.142828,1334.646343,-1332.399395,3499.094549,-3317.769406,-862.9547815,1.178782692,10.79137777,-9.327756564,-5.403593289,9.598115219,-10.49152623,-0.629337638,-2.768097256,-6.629417744,-6.718807296,-4.697681846,28.76188604,-40.33891956,29.25516625,-84.65901323,-36.06225921,97.743611,-144.5375197,-32.68594468,236.5907597,-238.1957958,35.13824525,-108.6699996,-233.5136515,-217.0162265,-314.4821907,178.7263892,-125.9489315,12.98546365,48.84540139,4.298641951,-0.487309415,-0.312703496,0.364241322,0.210019259,-0.128913952,1.689394412,0.820729519,1.026224977,1.149881072,0.995937592,1.218336844,1.253515219,0.982541065,0.889895039,1.046965908,0.961884679,1.239701362,0.951783613,1.081454066,0.558301489,1.131689716,0.974407891,0.959650035,1.169789044,1.087163166,1.228338891,1.013395913,0.815109626,1.759404165,1.307423442,1.016126584,1.095457692,0.832929095,1.293864308,0.945802159,0.473104945,1.07214985,0.984627835,0.935728398,1.136679041,1.064667052,1.268054176,11.14285714,0.015532438,-44.98010662,2768.246088,0.004956741,-57.31567298,-48.25934908,-50.29458443,36.12905426,-6.051785714,0.236200115,-15.58521957,1.0,3.960576253,12.76023139,0.0,4.714977996,4.706624842,4.70637475,4.706032948,4.705698383,4.705452885,4.041300667,3.794168714,1.905564989,1.89064832,1.857889133,1.829763593,1.812892654,3.790604444,3.782898608,3.780062776,3.76975184,3.756963272,5.215255966,5.215212138,5.215152397,5.215092542,5.215048735,5.211654282,9.0,10.0,3.0,21.0,15.0,3.0,0.0,0.0,0.0,0.096225045,0.389519551,14.53777977,1.647499818,2.649607985,0.823749909,6.018037659,0.260329938,0.824816767,18.14710052,8.024987725,4.45699,33.35121055,709.7827129,0.019371212,-42.59484598,2567.762693,6538.0,10.0,0.0,22.0,8.0,12.0,0.0,29.0,22.0,3.0,13.0,20.0,7.0,1.0,2.0,6.0,1.0,10.0,32.0,8.0,10.0,12.0,23.0,9.0,2.0,0.0,0.0,0.0,6.0,0.0,20.0,0.0,0.0,0.0,0.0,0.0,6.0,12.37294737,0.0,11.5198308,-7.255829644,-6.629735616,-7.231369307,1.172664101,0.0,0.0,0.0,0.206970414,0.77172221,-1.367753196,2.955300509,0.169764978,0.0,0.68455669,0.287489176,0.366521168,0.248706958,0.159723666,1.069362231,0.455183587,0.387934771,0.206970414,0.391036764,0.59552656,0.878330746,-0.956171122,1.614457525,-1.391254707,0.555337604,2.55726898,0.0,0.0,0.77172221,9.839700394,12.09690209,0.0,0.0,-6.412506998,0.0,0.533728676,14.52868385,1.758770537,6.467456708,0.551813423,0.0,7.236113912,3.966496962,6.471074607,7.43612394,6.613218436,6.263511892,0.284789448,0.944055719,0.543377792,0.414080263,0.028883366,14.52868385,0.0,1.550245158,-0.290261718,-6.412506998,7.779898595,107.75,0.99769,0.0,1.88094,1.59382,0.666666667,1.74282548,3.5796581,5.207671906,5.773389332,20.11269322,37.52872426,164.3359668,89.34276059,9.0,6.0,4.1,3.831540014,0.0,0.0,0.0,0.0,0.0,0.0,0.0,0.0,0.855531554,0.862260965,1.747907907,4.4474732,1.245570823,1.939,6.92,11.294,5.022,2.595365024,3.0,0.0,1.0,2.0,0.0,1.0,0.0,0.0,1.0,0.0,0.0,0.0,0.0,1.0,0.0,0.0,3.0,0.004078005,-59.42319261,2533.794515,2.397895273,2.028
0.0,0.9999902141988,5.77296729,0.4230235932444227,58.188102,0.0,3.0,1.0,0.0,3.0,2.0,0.0,0.0,5.0,7628.814678,342.2119818,169.5292151,126.8142412,83.00330898,87.49721838,113.1184916,271.9544776,214.3016473,217.7168604,223.9155724,215.7533945,8.356838267,7.977446098,8.176637571,7.910506286,8.044711573,8.029239846,8.338707804,1.82864737,1.510529585,1.545743889,1.4765379,165.4327816,146.3679536,153.955309,154.6354152,162.3156736,159.7305619,161.7218651,159.9836309,165.4205398,7.604710706,3.683149005,5.82208241,3.657921811,3.663492982,4.002928142,3.92538954,5.542998604,0.028169156,0.076982096,-0.03440507,-0.093124547,0.251039092,-0.50028662,0.380124524,-36.95454672,109.3129166,-339.6852498,-252.6358402,410.0190766,-297.9284001,-78.72237558,961.8998424,111.9233451,-273.1514072,-615.1569669,-605.0136458,214.7811251,26.84420943,6.062087363,146.8599979,-0.485917547,3.728926453,-0.219597787,0.013817458,-0.870868142,-0.25348032,-1.954835253,3.186266124,0.649069557,-4.79165503,-4.85801254,1.550048828,-0.618207796,1.086003389,-3.163177775,59.67962053,-49.18643674,-22.11175861,-17.20822795,37.17326575,-36.62117141,-16.26169242,-17.8796173,11.32958328,-33.05181707,-25.14753522,-28.65527625,68.6870354,-0.76988639,45.53539682,0.229437687,-0.372492027,-0.29510551,-0.231690703,-0.244916891,0.613277102,1.589153599,0.791449711,0.874501099,1.020591166,1.073516626,0.894731442,1.261755334,0.931465629,0.922630256,0.594481975,0.803583114,0.843369564,0.889655445,0.876765042,0.480680007,0.660850582,0.899872395,0.798593446,0.856723967,0.943823455,0.945557011,0.857773261,0.97497087,0.870765249,0.756900437,0.926235078,0.862258426,0.782560746,0.985771572,1.096625935,0.393447494,0.524391659,0.972008298,0.835822501,0.918162057,0.905308614,0.982400271,2.972689076,0.016339106,-12.75400117,631.723022,0.262655778,-4.144423889,-10.38044496,-4.287965697,9.678257027,3.031546833,0.085669821,-7.61748946,0.0,3.943617676,12.23633762,0.0,4.018645544,3.93558224,3.897080507,3.525402644,3.358767572,3.290485073,3.225651965,2.885675177,1.565142699,1.272535595,1.156752756,1.025613342,1.005647159,3.387905047,3.104770956,2.945224224,2.784819844,2.732137417,5.288363776,4.446315789,4.446315789,4.200177456,3.888019799,3.802541616,3.0,13.0,4.0,1.0,1.0,0.0,0.0,0.0,0.0,0.0,0.290263604,3.146409788,0.288675135,0.785659883,0.11785113,1.070368374,0.013498731,0.172832432,5.808232212,1.982964322,7.18899,20.14067094,312.1803995,0.41939229,-2.693740483,289.438509,622.0,2.0,0.0,20.0,0.0,0.0,2.0,1.0,4.0,0.0,4.0,1.0,0.0,1.0,0.0,1.0,0.0,0.0,0.0,1.0,11.0,0.0,0.0,1.0,0.0,1.0,2.0,0.0,0.0,0.0,0.0,0.0,0.0,0.0,0.0,0.0,0.0,21.67561366,4.736810592,0.0,0.0,-0.743181812,3.193350884,0.0,-4.440069112,0.0,0.728051457,0.334192522,0.07102146,-0.636431056,0.0,0.0,1.075192316,0.219574512,0.023734841,0.0,0.023805341,0.220226716,0.0,0.335185177,0.0,0.334192522,0.0,0.996134487,0.0,0.0,0.0,-0.743181812,0.0,3.207756161,4.24558303,0.0,0.0,10.95661342,0.0,0.0,13.59204124,0.0,0.07102146,0.335185177,13.59204124,1.930914518,0.0,0.0,3.661618275,0.219574512,4.542358548,0.0,4.555850749,0.220226716,0.0,0.334192522,0.0,0.668811287,0.0,0.0,0.0,0.657029998,1.385844875,0.076822318,-4.440069112,9.130942649,36.5,1.17742,0.0,0.93629,1.07947,0.090909091,1.871403329,3.667567589,4.513206429,5.252855596,24.11373077,42.06539383,62.29544354,33.00459009,11.0,0.0,2.89,0.0,0.0,11.52882249,27.78408538,12.74828966,0.0,0.0,0.0,0.0,0.0,0.0,0.727928251,0.0,0.0,0.265,1.427,2.873,3.117,5.962437396,4.0,0.0,0.0,4.0,0.0,1.0,0.0,0.0,0.0,1.0,0.0,0.0,0.0,2.0,0.0,2.0,0.0,0.000826,-22.00564249,2676.707167,0.0,2.513
0.0,-0.092384756788239,0.36336784,0.5817083110348924,69.900446,0.0,3.0,2.0,0.0,1.0,1.0,0.0,1.0,3.0,22307.60279,269.5070826,413.1037554,129.1051996,90.25995388,96.15970558,87.1947794,254.6150803,216.426987,196.8507542,165.5920239,146.7475284,7.812589648,7.734922452,7.794523977,7.79493622,7.850548537,7.730530541,7.581102025,2.13549335,1.45290498,1.349471602,1.385833501,161.0521829,144.7419786,150.2836239,156.8417391,157.5339554,155.9460358,158.8605008,163.9464192,165.9474117,4.990871899,2.864987794,2.753141366,2.756847126,3.155075885,3.857367452,2.940937753,2.411702586,-0.035290173,0.100000216,0.081874166,-0.500040709,0.523150602,-0.022378809,-0.22189518,-13.81425888,312.0119255,-654.5359525,-119.6074274,-844.0585013,2090.161929,1101.968647,-3144.520743,165.9723869,-192.3363945,403.3861463,338.9526635,-445.9689671,-1308.908144,-335.0176254,-200.0970528,-0.22146129,0.480629852,0.722081996,-1.437092333,-1.705249508,3.74989402,-1.324910115,-2.376973778,0.585882004,-0.838953052,0.810912911,-6.209063909,6.373155683,2.247340456,-2.111588643,-16.36373026,-6.665811415,10.92153159,-17.58067171,-34.56892827,1.177828919,13.19218204,0.083750246,-3.516795474,-26.31736027,86.90451492,-61.53387498,-38.87144462,-0.234139981,55.98732008,-5.766115173,0.001419496,-0.150384916,-0.127280772,-0.277179617,-0.239947189,1.42453408,1.044059455,1.061203475,1.182614129,1.34911871,0.915993505,0.932891121,0.830767105,0.51257418,0.478175985,0.412688931,0.671085289,1.520276367,0.886578064,0.576510693,0.792226846,1.065189349,1.102800583,0.941424848,1.235259951,1.247594162,0.650574015,1.296184074,1.008870888,1.046157231,0.982055437,1.029310634,1.067379919,0.994539989,0.925058981,0.492946213,0.812030734,1.094446454,1.18184657,1.056038909,1.353463902,1.118438531,2.795756038,0.037917634,-10.47148479,514.1310489,0.094096665,-7.56298456,-13.68395209,-6.525491249,9.714241803,1.841516042,0.040310454,-10.27566218,1.0,5.577914935,15.09953875,0.0,10.69471977,4.049397018,3.917101661,3.703891426,3.638478856,3.347371114,3.251358483,3.028503067,1.618848369,1.460188474,1.372874417,1.261032269,1.134160124,3.603900842,3.307902566,2.978310441,2.868006337,2.764226896,5.231412817,4.968183765,4.954961179,3.936685227,3.785277537,3.681377907,2.0,10.0,2.0,2.0,4.0,4.0,0.0,0.288675135,0.204124145,0.123596937,0.780792419,2.627548825,0.055555556,1.053026788,0.10316315,1.808662406,0.032274861,0.431513172,7.080656876,3.784651482,4.5589,24.87640907,398.0225451,0.168524148,-5.698163932,389.260641,563.0,2.0,0.0,14.0,2.0,1.0,1.0,0.0,6.0,2.0,0.0,0.0,0.0,0.0,0.0,2.0,0.0,0.0,9.0,2.0,6.0,0.0,5.0,4.0,0.0,1.0,0.0,0.0,1.0,0.0,2.0,0.0,0.0,0.0,0.0,0.0,0.0,15.80840858,0.723734034,0.233068901,4.496021103,-0.496446224,3.966150624,0.0,-1.040779664,0.0,0.370394668,0.311691346,0.370394668,-0.224859179,4.159062138,0.737345489,0.723734034,0.0,0.962588354,0.115448813,0.0,0.0,0.0,0.0,0.0,0.311691346,0.373923174,0.797499503,0.0,0.603781818,0.0,-0.541513857,0.0,3.031264454,0.0,0.0,2.32195742,0.0,13.34352778,0.0,15.7135751,0.0,0.370394668,0.317553407,15.7135751,2.132172015,4.455938636,0.737345489,0.723734034,0.0,4.989899303,0.117620089,0.0,0.0,0.0,0.317553407,0.867211892,0.492145112,1.157177284,0.548743776,14.03209206,0.370394668,0.867211892,-0.291911785,-1.040779664,6.788448377,33.25,1.03906,0.0,1.28818,0.81273,0.416666667,1.775230407,3.88308368,4.847118058,5.384517132,32.10817111,52.02270122,52.78801133,32.96469122,9.0,0.0,3.22,0.0,0.0,11.52701714,33.08806691,20.36129431,0.0,0.166666667,0.0,0.0,0.0,0.0,0.166666667,0.577350269,0.0,0.439,2.029,3.136,3.555,2.811570248,6.0,0.0,2.0,3.0,0.0,2.0,0.0,0.0,2.0,0.0,0.0,0.0,0.0,3.0,0.0,1.0,0.0,0.010595534,-14.55143269,526.2930644,4.110873864,1.635
0.0,0.6998131706684987,3.64084561,1.004135883493357,80.355997,0.0,2.0,4.0,1.0,3.0,0.0,0.0,0.0,3.0,7740.051039,483.0286351,113.82428,115.4003019,62.90627812,63.75501021,73.81144523,230.3458742,178.6121862,174.6962893,174.0553663,187.2409193,8.000947132,7.743757623,7.870374139,7.87157264,7.652167978,7.770005394,8.022099859,1.589785842,1.339976012,1.292800839,1.326873935,165.0283116,144.7552926,153.8409996,154.2463705,161.0664889,162.909655,159.1858606,160.6116584,161.7439861,7.103362281,2.958697702,4.85337132,3.33377425,3.365223726,3.191769265,2.965114104,5.359676578,0.041446291,0.077250922,0.08137682,-0.449330766,0.669449696,-0.505473727,0.029271717,487.4125528,707.3860094,-140.0452856,-406.3148732,-1336.937211,476.5462552,-9.239124074,287.3457129,187.9610121,310.1958852,-807.7686457,-289.4622903,-647.0751716,45.53819075,69.37203762,-162.4444058,0.156029766,5.498648284,-0.897497215,-2.933936846,-4.763086007,4.816765218,-1.15624055,4.373335657,-0.297712744,-5.327318316,-1.894308491,-0.517257263,-3.539491048,1.855568319,-2.004294425,69.31178966,-62.1213446,-44.90258665,35.22987906,37.74500882,-21.22365524,14.1835089,-29.01939128,12.27659352,-29.33756188,55.07606019,-82.2320119,138.3843572,6.769618788,50.12561992,0.250209839,-0.403047101,-0.145235455,-0.572094787,-0.49837583,0.974537726,1.617587043,0.897400248,0.952764845,1.089320926,1.021951512,0.610331793,1.190484814,0.964141703,1.030777748,1.165961276,1.000375882,1.11710313,0.835354098,0.917199057,0.505223511,0.699919206,1.010922267,1.18427802,0.438270231,0.875294573,0.79610292,1.004896801,0.840134773,0.986446689,0.785915967,0.969177706,0.934560231,0.609586191,0.821682624,0.839360765,0.407105807,0.600878101,0.948182577,1.167446745,0.493909978,1.015691622,0.82120044,2.910714286,0.174973583,-6.798169056,689.151181,0.09270382,-9.275547852,-22.40510611,-7.960444168,19.73559123,0.611901341,0.42430936,-3.34344062,0.0,3.700772599,12.35654424,0.0,4.724810569,3.914461893,3.844348701,3.768170957,3.468419983,3.392641956,3.318183194,3.008836487,1.765697171,1.664129036,1.447691432,1.412462839,1.249629723,3.637220662,3.407767335,3.330712841,3.056046376,2.955646665,5.40822612,5.087144301,4.751951304,4.586490939,4.586490939,4.013179572,0.0,14.0,5.0,5.0,3.0,2.0,0.0,0.0,0.0,0.11785113,0.400859781,4.6886318,0.49279928,1.376773001,0.219913203,1.733017313,0.038998317,0.343078301,8.879466319,3.287590752,6.76271,27.04118483,526.9943756,0.142517958,-7.598320333,953.1790783,1268.0,2.0,0.0,19.0,2.0,0.0,1.0,0.0,8.0,1.0,0.0,0.0,0.0,0.0,0.0,2.0,0.0,0.0,8.0,4.0,10.0,3.0,2.0,4.0,0.0,1.0,0.0,0.0,0.0,0.0,3.0,1.0,0.0,0.0,0.0,0.0,1.0,18.40222545,1.200347697,2.439149134,1.321249737,-0.393677045,2.695723455,0.0,-4.505553478,0.0,0.0,0.197562307,2.541650304,-0.797944213,4.99743199,0.0,1.200347697,0.0,0.502134299,2.439149134,0.0,0.0,0.0,0.0,0.0,0.197562307,0.413129921,0.5490589,1.303076694,0.536826684,0.0,-0.303438856,0.0,2.541650304,0.0,0.0,0.0,0.0,12.3462272,6.075793064,13.10420486,-5.914803801,0.0,0.375202522,13.31929211,1.954190091,4.99743199,0.0,1.200347697,0.0,4.916730709,2.439149134,0.0,0.0,0.0,0.375202522,0.835865733,0.686605142,0.784423053,0.065188712,13.31929211,0.0,1.5440138,-0.305759362,-5.914803801,10.94694317,41.5,1.0641,0.0,1.1247,1.05464,0.344827586,1.726907176,3.783340522,4.955202276,5.443721113,19.39761936,38.63850205,64.41347058,33.94358619,17.0,3.0,3.55,0.346680637,4.324837077,12.49138189,33.20053147,15.68902902,0.0,0.430674364,0.436790232,0.0,0.0,0.0,0.166666667,0.0,0.0,0.637,1.804,3.391,2.816,4.076712329,5.0,0.0,1.0,4.0,0.0,3.0,0.0,0.0,1.0,1.0,0.0,0.0,1.0,2.0,0.0,1.0,0.0,0.01586199,-16.16093553,594.0035841,2.397895273,2.665
3.0,-7.060060789853299,118.3265328,5.818830024809189,221.122542,0.0,16.0,22.0,0.0,0.0,0.0,0.0,0.0,0.0,18964.43129,1402.027778,93.88332323,92.86896303,67.72871028,65.34515323,62.68913389,204.0677176,172.152322,172.3613117,168.773005,169.1079108,8.001661703,7.924666597,7.964259779,8.032795838,8.031320779,7.985156955,7.940232871,1.339243075,1.197255816,1.177822673,1.188957009,166.9189778,151.7753974,156.076301,163.9401333,166.5576794,164.9604521,165.3055882,165.0624326,163.8116195,6.940731573,3.572141316,3.64902507,3.568421619,4.647133221,4.161508541,4.028565002,4.243359755,0.680595002,1.650159399,-3.37545507,1.334046599,2.109426441,-3.109161642,1.030989975,-191.9529285,282.8580632,-1610.11286,-1090.380577,1812.473916,-156.5801278,-1133.796369,1090.410566,576.9017842,-1726.856695,-1851.076437,816.9481281,395.4671256,-320.7703171,719.1803906,100.6485709,-3.405515749,5.562358557,-1.734690846,-10.42925676,8.872076205,1.703632333,-8.646304227,5.13161602,2.885564586,-4.745835814,3.988121947,0.275961359,4.507506336,-1.180437078,-10.26523703,-90.40732202,33.65264212,-10.49545504,-53.91002651,75.93829602,7.346463969,-61.99445426,-57.3157697,-156.0628111,-209.44294,-25.16488375,-138.227428,149.9172337,-0.931810333,46.22399263,-0.488234881,-0.278231892,-0.362358028,0.419037886,-0.186541738,0.187631081,1.606210386,0.804955642,0.871741085,1.306258318,0.991524037,0.943823324,1.230235456,0.933300643,1.050677494,0.910295748,0.995100553,1.035814569,0.946485513,1.175242112,0.560441006,0.961264746,1.191314177,0.911760863,1.014748807,1.158527119,0.947198207,1.001305533,1.027338067,1.425948648,1.430987426,1.037627089,1.119762697,0.986620128,1.025708382,1.089126058,0.542454167,1.004915113,1.160644642,0.948140897,1.063040764,1.143608147,0.972828627,7.785714286,0.125181303,-22.44231541,3008.079935,0.156409248,-20.03701669,-22.42652068,-18.99552042,27.86743221,20.8452381,0.109967281,-23.841782,1.0,3.91543943,11.29010548,0.0,3.901941756,3.813550791,3.795956041,3.756336932,3.754836064,3.700214543,3.699028607,3.653566723,1.891256989,1.867050961,1.842444863,1.816330189,1.78449885,3.675396812,3.645164302,3.611687586,3.586396244,3.562067745,5.006875112,5.003456505,5.003449875,4.938146386,4.935339693,4.930581801,17.0,16.0,4.0,6.0,25.0,1.0,0.0,0.0,0.0,0.240562612,0.574914957,8.673085074,0.0,1.925656292,0.0,3.512985847,0.0,0.376838683,16.89966383,5.61430362,-5.13171,32.53253594,709.7827129,0.07511472,-27.95837831,3003.062423,6368.0,22.0,0.0,38.0,15.0,42.0,9.0,27.0,57.0,15.0,28.0,56.0,10.0,7.0,2.0,13.0,0.0,0.0,32.0,19.0,16.0,5.0,12.0,15.0,0.0,0.0,1.0,0.0,0.0,0.0,15.0,0.0,0.0,0.0,0.0,0.0,0.0,9.020483618,33.7135104,67.80920298,-6.379506659,-23.76097702,-15.50612972,0.0,0.0,0.0,0.0,0.249784178,1.911582373,-1.68704159,4.445665453,0.604703472,0.607021896,0.885651034,0.689242987,0.621130806,0.886274954,0.657198918,0.63296401,0.249784178,0.400347652,0.293753231,0.400464455,0.792161627,1.020383872,-1.104748343,0.0,-1.953207578,0.0,1.911582373,4.186461469,0.0,0.0,9.334113763,11.51643044,0.0,0.0,0.0,0.0,0.5806994,15.1340138,1.716179813,6.965971992,5.695224527,5.943015025,7.562636204,8.101595267,8.158430257,7.966009042,7.883980749,8.51811763,0.494530363,1.160287711,0.70711691,0.219022294,0.0,15.1340138,0.0,1.160287711,-0.360890945,-1.953207578,-1.085786399,109.5,1.01389,0.0,1.70168,1.68971,0.457142857,1.681534954,3.884795699,5.290135477,6.26934899,16.50536706,35.42716166,171.7447627,69.14247688,9.0,5.0,4.98,0.648039038,8.75729078,0.0,0.0,0.0,0.0,0.0,0.0,0.0,1.969082762,0.0,9.061171455,0.0,0.0,4.322,10.955,13.688,7.377,2.151266766,5.0,0.0,2.0,3.0,0.0,1.0,0.0,0.0,1.0,0.0,0.0,0.0,0.0,2.0,0.0,0.0,3.0,0.127617283,-22.23417025,2803.403038,3.044522438,-7.618
1.0,-7.832473493656402,147.6346502,5.832474247934941,279.963918,21.0,17.0,24.0,7.0,0.0,1.0,0.0,0.0,1.0,29166.53394,1625.240464,115.740214,120.2822535,66.7902185,64.0793314,62.05350769,200.5495414,162.0994306,158.7351384,168.44537,151.5933234,7.91388,7.907273112,7.761416449,8.007316256,7.879967012,7.931067953,7.959945208,1.469824691,1.203740268,1.265147422,1.166711165,166.7625777,148.9258552,159.4794605,162.8829064,164.2832139,165.6604146,166.7997855,161.7307713,166.9242328,6.449366923,2.62756193,3.855563453,3.078454799,4.183017249,3.160344964,3.9740728,3.835291206,1.223329521,0.265025299,-2.485006121,2.337339088,-0.320945397,-1.545009422,1.364908994,3286.187836,986.1164096,-7229.685925,2859.807584,-1983.292129,2386.227714,-4847.320259,993.8280121,-41.58252604,0.335249997,-3288.321801,1713.99494,-2088.302354,4214.126016,-3588.844485,-158.0856825,1.386520971,12.18021579,-10.3835727,-7.86449299,9.858289182,-9.916692515,-1.527853696,-3.710854688,-7.815858809,-9.159174433,-4.453584292,31.99787975,-44.99128031,38.94442939,-96.59763976,-30.17454594,104.8342088,-155.8666075,-40.20195754,261.3504537,-264.0004473,78.92132297,-125.0848026,-238.2892486,-269.102605,-354.178871,200.6296412,-137.387665,12.88701112,49.33941079,4.516748142,-0.490528638,-0.339776016,0.343739555,0.207048133,-0.123328245,1.680965665,0.838006513,1.027904982,1.184893502,1.025895659,1.185039645,1.266578058,0.98211122,0.896463691,1.017112635,0.902727602,1.177476774,0.91907385,1.050806537,0.562705038,1.11619719,1.028594821,0.987419208,1.1324805,1.079000766,1.201317221,1.010258037,0.786796742,1.732720096,1.282511017,1.028640468,1.102662556,0.833361641,1.280490705,0.927183432,0.481750849,1.051942074,1.043233914,0.983468365,1.133299625,1.056892683,1.232775876,13.45063025,0.170233328,-22.30937437,4287.088769,0.203654568,-20.05075817,-21.34040378,-20.11599781,40.62528121,-8.322138536,0.297725411,-15.26595407,1.0,3.976360651,13.62269811,0.0,4.733121836,4.715006598,4.706376608,4.706369467,4.705991921,4.705699726,4.705693454,4.041306182,1.905568989,1.902496596,1.890678348,1.847182933,1.831388299,3.819042994,3.788050623,3.780262072,3.777390408,3.771730959,5.192605776,5.191647423,5.191646139,5.191642597,5.191521531,5.191517847,10.0,16.0,3.0,24.0,16.0,3.0,0.0,0.0,0.0,0.096225045,0.472852885,16.60316391,1.814166485,3.271616453,0.990416576,6.930504111,0.283137461,0.957735336,22.09612885,9.495188673,5.81988,36.45604771,709.7827129,0.086911329,-30.78012277,5055.187423,8550.0,11.0,0.0,29.0,9.0,14.0,0.0,33.0,25.0,3.0,14.0,24.0,7.0,1.0,2.0,7.0,1.0,14.0,35.0,9.0,14.0,13.0,25.0,10.0,2.0,0.0,0.0,0.0,7.0,0.0,23.0,0.0,0.0,0.0,0.0,0.0,7.0,17.60513185,0.0,11.0604523,-9.515874713,-8.198092972,-8.296221099,1.734932152,0.0,0.0,0.278671408,0.18676529,0.278671408,-1.389510442,2.679091342,0.161048921,0.0,0.616933706,0.274542312,0.347252101,0.254757056,0.054890054,1.055164104,0.411991223,0.379967015,0.18676529,0.396626122,0.601115918,0.931039052,-1.028524021,1.344051043,-1.469922719,-0.197373991,2.5968465,0.0,0.0,0.817629545,10.08525148,11.7350586,0.0,0.0,-7.03393542,0.278671408,0.567832656,15.28314014,1.752247173,6.663549497,0.507896589,0.0,7.156083377,3.948028226,6.007349671,7.773688456,6.222378818,5.762855637,0.280286906,0.978144889,0.546484915,0.369083118,0.012362258,15.28314014,0.278671408,1.874551258,-0.487889775,-7.03393542,8.675624308,129.5,1.02778,0.5,1.95928,1.74596,0.623376623,1.783401801,3.679806819,5.331148323,6.017038249,21.31629457,39.5702179,188.2636282,91.24457657,10.0,6.0,4.54,4.351372914,0.0,0.0,0.0,0.0,0.0,0.0,0.0,0.0,0.908724779,0.914032668,2.095878329,5.224915609,1.555543045,1.997,7.746,13.26,6.211,2.621916187,4.0,0.0,1.0,3.0,0.0,1.0,0.0,0.0,1.0,0.0,0.0,0.0,0.0,1.0,0.0,0.0,3.0,0.17235913,-22.1530052,4440.044617,2.397895273,3.055
0.0,-4.18131074824942,37.63209025,1.7671170307802322,153.475096,12.0,8.0,13.0,0.0,0.0,0.0,0.0,0.0,0.0,12039.25094,762.0833333,84.78345734,86.49115189,59.02198139,58.89061205,55.03803999,195.422192,157.4359617,165.7502639,159.8362079,154.1292456,7.805634423,7.768838936,7.856587931,7.971192696,7.92186226,7.858487257,7.868099113,1.314858318,1.18185068,1.148935015,1.111321076,166.3928283,149.7895428,157.3976062,162.614268,166.96873,166.4972715,163.8882628,164.6090143,165.8015962,5.366784038,3.151234568,3.114650365,3.082179132,4.224819625,3.711620017,3.372234651,3.80499552,0.387939353,0.965619381,-2.014245898,0.858940066,1.07614863,-1.857560054,0.959378539,102.673032,445.0270443,-315.5667839,-668.1072467,1187.617548,-347.5140682,-1109.004928,871.4699452,-29.88843361,-665.7161277,-1067.888562,54.47769064,1142.386298,-578.6673222,-796.8532574,461.7247305,-0.745432292,4.422048777,-0.110845834,-7.223700798,5.122569873,1.270835635,-5.765925489,4.643569611,-1.569373527,-5.815531133,-1.235841056,-0.968694341,-4.204097942,1.510013407,-13.38385208,-34.50272682,-5.894022696,-16.2272076,21.88591787,15.11289979,-30.16354337,-1.32574073,-11.11324087,-31.43273904,-124.7150091,-17.53293411,-117.2502576,122.6913035,0.713007167,47.70758928,-1.472435934,-0.077175284,-0.307179825,0.389494132,-0.262304827,0.247361499,1.660377348,0.919169141,0.949345083,1.509281628,1.195681717,1.107304751,1.426090213,1.085778743,1.07756908,0.964743997,1.04460404,1.081502035,0.976318536,1.126658693,0.659146174,0.969143137,1.363572916,1.139450734,1.131835069,1.244834746,1.052669373,0.884818113,0.953883991,1.475226982,1.294319266,1.092658148,0.964569819,1.037758206,1.101685053,1.013167499,0.526750913,0.93550879,1.334494411,1.199903682,1.343035286,1.375078288,1.109611847,4.392857143,0.056669284,-20.0936606,28909.23678,0.10306604,-15.90669733,-20.09863874,-12.60731941,21.14067889,10.71137026,0.083937075,-17.3438151,0.0,4.56795582,10.82966994,0.0,3.81610951,3.786952996,3.765838521,3.720884713,3.654190654,3.622054883,3.564341902,3.513206693,1.859799901,1.840961226,1.82575867,1.820089224,1.773546372,3.633237956,3.595518979,3.540377107,3.483653439,3.416905541,4.926516825,4.922153719,4.910406225,4.901200587,4.898272219,4.893209357,8.0,10.0,2.0,8.0,17.0,2.0,0.0,0.0,0.0,0.0,0.185395406,4.945804455,0.0,0.919194532,0.0,2.354442269,0.0,0.221769244,9.677655238,3.476152178,2.44729,26.35089898,709.7827129,0.156241876,-12.9944499,1874.808243,3176.0,8.0,0.0,21.0,8.0,19.0,4.0,11.0,18.0,4.0,11.0,17.0,4.0,0.0,1.0,7.0,0.0,9.0,25.0,8.0,9.0,7.0,12.0,9.0,0.0,0.0,0.0,0.0,0.0,0.0,9.0,4.0,0.0,0.0,0.0,0.0,0.0,10.43935513,9.755518833,8.540936404,3.805824115,-9.088375838,-7.256016686,1.995306424,0.0,0.0,0.0,0.277770837,1.930675374,-0.919789856,2.440289466,0.707619141,1.503402082,1.842546732,0.633346008,1.573178005,1.528533846,0.536285314,1.455770028,0.0,0.617539783,0.277770837,0.368375072,0.847868533,1.357896774,-0.581592037,1.693794629,-1.528619327,0.612152526,1.930675374,0.0,0.0,0.0,0.0,12.1563316,5.140542225,0.0,0.0,0.0,0.617539783,14.14572148,1.809476882,6.973471857,7.507018377,4.331408649,7.751152193,8.344199727,3.667617415,8.039729464,8.654856301,3.833916946,0.573649361,1.050575682,0.575749987,1.007386899,0.0,14.14572148,0.0,1.050575682,-0.31920703,-1.528619327,8.88681974,69.5,0.99286,0.5,1.52573,1.23751,0.571428571,1.57607741,3.424956097,4.974772781,5.839794525,15.18170971,31.89866872,116.8725129,46.40673037,7.0,5.0,4.54,2.010346722,11.5998202,0.0,0.0,0.0,0.0,3.786019343,3.419591084,0.437695508,0.958678626,0.0,3.11108609,0.0,0.0,1.176,4.535,6.748,3.269,1.857626515,3.0,0.0,0.0,2.0,1.0,0.0,0.0,0.0,0.0,0.0,0.0,0.0,0.0,0.0,0.0,0.0,4.0,0.150963678,-13.23501209,1930.195006,0.0,5.531
1.0,0.2003273097193719,1.17744201,-1.084322118927063,65.599895,18.0,2.0,4.0,0.0,0.0,2.0,0.0,1.0,3.0,23367.72935,288.2554346,497.1857309,149.8277761,132.0347327,120.4390831,157.243798,289.8830969,236.5627335,231.3856404,228.1535644,211.8999412,8.082712723,7.978108718,8.01463484,8.210752696,8.098067129,7.990511771,7.792659274,2.424127863,1.678851146,1.740521219,1.757943374,155.3163389,142.6215359,145.8909329,151.7297881,155.3976002,155.4201787,154.4631679,153.3051198,155.1000436,6.133094353,3.516097119,3.727350798,3.451664451,5.279285263,4.768882618,3.88317672,3.035394531,0.122716532,0.226947516,-0.340625465,-0.041964779,0.265566587,-0.115036005,-0.180453629,-69.71089407,-15.37044327,-3197.571097,-934.8001397,1708.30403,-645.1053032,-1242.728545,1754.204618,109.617938,-361.3247575,-924.3092711,-102.9030346,236.4149214,21.84805,-638.4686809,22.72754992,-0.403164158,1.15475246,-0.492146229,-1.770775049,-1.220184523,-0.380290868,-0.666723182,-0.04474966,0.744547804,-6.55615335,-2.446095052,3.37121817,-3.555883753,1.065629518,-0.56418008,-11.90276362,-15.2440646,-12.78752363,-3.680123003,16.06246994,-4.060003713,-4.194587475,-8.248257201,-17.79945131,-10.07727523,6.27927337,-67.75170685,-35.79474888,-1.394217881,52.32325109,0.14862619,-0.164965144,-0.076925765,0.160814842,-0.483940763,-0.28866733,1.488973318,0.799859242,0.889039227,1.351209171,1.390370364,1.096768125,1.028252329,0.776314921,0.598203022,0.490899216,0.669613091,0.991391418,1.089248018,0.84018596,0.515315711,0.889649198,1.107660762,1.318525741,1.187408217,1.111373872,0.910751486,0.673408436,1.092324203,1.000748379,1.119181478,1.118698365,1.045489727,0.895773262,0.965665835,0.939476687,0.487491502,0.882350536,1.097115192,1.489881304,1.387384488,1.40795284,0.932203691,3.466624386,0.12561154,-6.638595674,434.8695099,0.109634117,-7.073941327,-6.937754649,-6.811378571,9.888842398,1.526205408,0.149357483,-6.084520427,0.0,5.0745977,13.09060855,0.0,10.6947279,4.00343907,3.961868499,3.856255623,3.583183197,3.439657192,3.169209453,3.149397847,1.545777793,1.309621012,1.128462908,1.082250302,1.082250302,3.406390641,3.193981801,2.979823378,2.857715643,2.666298725,4.761723268,4.682134723,4.625724001,3.849990314,3.830894036,3.786403243,3.0,15.0,3.0,0.0,2.0,0.0,0.0,0.0,0.0,0.0,0.234708048,2.596927184,0.0,0.585622548,0.0,1.498238041,0.0,0.154486224,5.634608518,2.483138822,5.11119,22.88215212,366.1144339,0.180713414,-5.47469713,561.64373,624.0,2.0,0.0,21.0,2.0,2.0,1.0,1.0,4.0,2.0,0.0,2.0,0.0,1.0,0.0,1.0,0.0,11.0,0.0,2.0,11.0,0.0,0.0,2.0,0.0,0.0,0.0,0.0,1.0,0.0,3.0,0.0,0.0,0.0,0.0,0.0,0.0,23.44855319,5.664745534,0.551487465,0.0,-2.357267063,-2.036636041,5.249109605,0.0,0.0,1.30473473,0.40797723,0.643899739,-1.168686251,5.487227809,0.508553768,5.664745534,6.078456637,1.25949561,0.269605629,0.0,0.262696432,0.0,0.437772868,0.0,0.40797723,0.0,1.07077158,0.0,0.0,1.74752473,-1.292797364,0.346844366,2.877052695,0.0,0.0,1.24652488,10.25869584,12.56171502,0.0,0.0,0.0,0.643899739,0.437772868,13.88495514,1.930225053,5.499178013,0.545694772,5.664745534,6.078456637,5.88797433,0.281881836,0.0,0.289295629,0.0,0.40797723,0.0,0.555423882,0.0,0.0,13.88495514,0.660834991,1.095804177,-0.071544785,-1.292797364,6.583930795,44.25,1.38281,1.5,0.88592,1.24333,0.086956522,1.838731747,3.621346658,4.175681717,4.788631405,35.91254959,53.32668436,71.14767252,47.60200906,12.0,2.0,3.0,0.0,0.0,11.28922617,32.8361079,18.32311209,0.0,1.315560521,0.0,0.0,0.0,0.0,0.0,0.333333333,0.0,0.247,1.73,3.341,3.862,4.727317466,4.0,0.0,0.0,3.0,1.0,1.0,0.0,0.0,0.0,0.0,1.0,0.0,0.0,1.0,0.0,0.0,1.0,0.111441113,-7.021628676,487.2821034,0.0,5.637
0.0,0.8111809173078242,4.37479056,1.0520800773358412,74.883653,0.0,2.0,2.0,1.0,1.0,0.0,2.0,0.0,3.0,18978.87807,278.5835905,338.9085369,138.3436655,98.90233338,90.28344175,125.9261706,271.2100544,213.9475678,206.1326202,197.4971515,200.8301239,7.808145554,7.720037772,7.712450193,7.780165518,7.697437025,7.615096446,7.736293136,2.065514786,1.586237442,1.568555174,1.577138533,156.9663663,141.4896033,145.1453944,151.2832871,153.1370118,154.9111269,155.2862379,157.2099886,158.0201282,4.974706974,2.960812589,2.813087552,2.70383556,3.166088952,2.844930672,2.685368963,3.243646167,0.016839191,0.03959839,-0.087287021,0.174245345,-0.028102481,-0.292938253,0.165638875,11.25626751,-113.9160775,-1195.580458,174.9940072,-1548.341114,-2455.998471,402.6011282,-921.8035457,152.3662676,-241.1979193,-248.0294182,-333.7376272,-588.005345,-1205.338164,400.0077532,624.2630607,-0.130868195,0.590829249,-0.206548075,-1.085635585,-0.549304384,-1.922526204,-0.806990259,1.626166141,0.884408882,-1.830174014,-0.380687532,-3.456618502,4.535239728,-1.523015191,0.222692127,-9.416787209,-1.539350742,-17.13237502,-6.223173763,-3.345297345,-1.486075937,-17.06915779,0.008033533,-9.150262024,-11.98403608,-43.62134693,-14.42766873,29.49076485,0.184528976,54.6346238,-6.056975696,0.000132,-0.066210144,-0.024782347,-0.073988045,0.182041758,1.365399394,0.896537068,0.957733471,1.115726995,1.036220995,0.989157007,1.03222177,0.883384109,0.760018463,0.709531308,0.800954251,1.032003483,1.378962279,0.881722801,0.535667125,0.842830424,0.966100598,1.090358998,1.056997756,0.919850805,0.975523571,0.994770911,1.134809714,0.904421257,0.976641441,0.962347558,1.000614218,0.935144546,0.906732888,1.044608648,0.505544969,0.847104028,0.940754279,1.162595363,1.080801258,0.857843587,0.991065796,3.401190476,0.267503951,-4.615173304,460.7675748,0.384059302,-3.349354067,-5.947101181,-2.185388041,12.85640593,-0.810209627,0.012875365,-15.2335383,0.0,4.818990738,16.5385962,0.0,6.879586632,6.879515786,4.095874663,3.836311098,3.683197656,3.612568106,3.459486438,3.183303805,1.796419622,1.446555547,1.34128122,1.201230176,1.10505648,3.608026977,3.314680613,3.019255242,2.978956972,2.805740729,5.010309564,4.782202981,4.771104736,3.89016898,3.826215685,3.726133607,2.0,16.0,2.0,2.0,1.0,4.0,0.0,0.0,0.0,0.068041382,0.581209973,2.750382877,0.068041382,0.975590082,0.093473444,2.120333961,0.088388348,0.583950672,7.380177471,5.164940439,7.53879,26.17317156,458.0305022,0.141549811,-6.842862614,439.6434208,741.0,1.0,0.0,20.0,1.0,1.0,0.0,0.0,1.0,0.0,1.0,1.0,0.0,0.0,0.0,1.0,0.0,0.0,6.0,2.0,11.0,0.0,3.0,3.0,0.0,1.0,0.0,0.0,1.0,0.0,2.0,0.0,0.0,0.0,1.0,0.0,0.0,28.50871432,0.0,0.0,1.971054296,0.449465769,6.575956745,0.0,-0.419431571,-1.750851805,0.0,0.287843437,-1.750851805,-0.361731272,4.028231361,-0.503971201,0.0,0.0,0.478753018,0.0,3.811048222,4.262750998,0.0,0.0,0.0,0.287843437,0.476455492,0.651378239,0.0,0.454091281,0.0,0.039121525,0.0,3.28890364,0.0,0.0,1.663241045,0.0,13.2400039,0.0,14.80926941,0.0,0.0,0.287843437,14.80926941,2.248061224,4.028231361,0.0,0.0,0.0,0.478753018,0.0,3.811048222,4.262750998,0.0,0.287843437,0.720507133,0.593464444,1.047186348,0.284199644,13.99452219,0.0,0.720507133,-0.144262399,-1.750851805,7.50494402,38.5,1.1,0.0,1.3438,0.80438,0.259259259,1.760557986,3.688840268,4.515954738,5.302628806,30.60982611,48.78484528,72.2755263,37.19198428,9.0,0.0,3.55,0.0,0.0,17.40135385,38.95362034,17.83693055,0.0,0.125,0.0,0.0,0.0,0.0,0.0,0.166666667,0.0,-0.008,1.346,3.491,4.14,2.873858921,6.0,0.0,1.0,5.0,0.0,2.0,0.0,0.0,1.0,1.0,0.0,0.0,0.0,3.0,0.0,2.0,0.0,0.211497344,-5.437399937,441.6148055,2.397895273,2.858
0.0,0.4205137864536893,2.09641441,0.2338444805352665,55.051895,0.0,3.0,1.0,0.0,4.0,0.0,0.0,0.0,4.0,5477.365067,403.5833333,121.7192237,114.0791789,88.62772321,95.75062936,83.56155769,254.1808294,214.0029431,221.138364,220.196237,204.874915,8.324998578,8.222806039,8.269508294,8.238063429,8.219433053,8.407555123,8.25203566,1.634204302,1.425968878,1.406852196,1.344116316,168.813954,147.5610722,152.4189766,161.9119132,165.3249172,165.7161146,164.276586,167.5297486,166.0248161,8.968518519,4.087962963,4.185185185,5.376361656,5.346230159,5.497563353,6.06042885,5.238469602,-0.015689783,-0.040939234,-0.004981377,-0.213532191,0.085479747,0.205631742,0.051396638,-8.082784362,173.7218729,111.7094509,-81.67944877,41.97702962,841.3522758,77.59694233,-585.8887796,117.2049085,-86.49086889,-303.7627464,-496.6952642,73.29801676,596.764789,22.48752825,-869.3689631,-0.469886572,-0.30641709,1.312409446,1.598653845,1.185638384,1.469386181,0.54000547,-2.511113717,0.620262929,-2.241025083,-2.147583653,0.756869054,0.186194177,-4.856118147,-3.864498234,-36.03209421,-12.03707959,13.48029097,42.00324639,-28.99810077,4.975743076,-59.24044038,-12.68069959,39.8827572,29.52737997,34.23526749,3.230329218,-53.66229081,-0.168391341,44.82710093,5.234778851,-0.264181241,0.270893394,0.240242627,0.028336221,-0.506248027,1.280606052,0.869944168,1.057301107,1.148009485,1.296134366,1.085848747,0.996137844,0.942148483,0.955588203,0.94381772,0.762906486,0.962733595,1.148201047,0.915072869,0.650330453,0.809340049,0.884877724,0.9057933,0.918076569,1.144371012,1.272451815,0.908308644,1.194819311,0.858891302,0.989397403,0.999561039,0.831742956,1.048291033,1.114789317,1.267023859,0.615453895,0.770433918,0.887485338,0.89022916,0.921112575,1.177722785,1.282906926,2.011904762,0.025453106,-11.01275244,252.5708978,0.278335427,-3.836784962,-11.42003416,-3.603869689,8.804394999,4.607323232,0.085622839,-7.373409651,0.0,4.344514648,11.92318107,0.0,3.967835031,3.851201637,3.75185137,3.407568183,3.089099088,3.057078458,2.894044568,2.847767934,1.565042874,1.417375467,1.264763964,1.027882462,0.945429346,3.368578692,3.03050175,2.88352265,2.81345881,2.759549461,5.014269668,4.880108554,4.736468774,4.675939409,4.193120604,3.893711929,2.0,15.0,3.0,1.0,1.0,0.0,0.0,0.0,0.0,0.0,0.267583143,2.227580138,0.0,0.726558286,0.0,0.820056864,0.0,0.136540218,5.704970019,1.626024935,5.59401,20.23565099,303.5347648,0.381533794,-2.890667547,249.4621811,564.0,2.0,0.0,20.0,0.0,0.0,4.0,2.0,2.0,2.0,0.0,0.0,0.0,1.0,0.0,1.0,0.0,0.0,0.0,2.0,9.0,1.0,0.0,1.0,0.0,0.0,2.0,0.0,0.0,0.0,0.0,0.0,0.0,0.0,0.0,0.0,0.0,6.839617835,18.20966554,10.57264731,0.0,-1.489901738,-5.9861924,0.0,0.0,0.0,0.0,0.378876567,2.781831774,-1.569841795,0.0,0.0,1.053970872,5.967472201,5.556801007,5.286323657,0.0,0.0,0.0,0.378876567,0.0,0.427695224,0.0,0.57078693,1.708952664,0.0,0.0,-1.489901738,0.0,2.781831774,4.08953646,0.0,0.0,10.77892086,0.0,0.0,13.95262764,0.0,0.0,0.427695224,14.66652069,1.708952664,0.0,0.0,6.272800851,5.967472201,5.556801007,5.286323657,0.0,0.0,0.0,0.427695224,0.0,0.904176312,0.0,0.0,0.0,0.0,1.179824263,0.089462002,-1.569841795,12.38198595,35.75,1.19167,0.0,0.9002,1.11485,0.090909091,1.725947718,3.70231254,4.541744485,5.208411152,18.08545403,36.53242303,58.43131044,30.1678215,11.0,0.0,3.0,0.0,1.454397518,7.48621562,24.31860213,20.70799822,0.0,0.0,0.0,0.0,0.0,0.0,0.727928251,0.0,0.0,0.265,1.448,2.779,2.675,6.071609099,4.0,0.0,0.0,4.0,0.0,1.0,0.0,0.0,0.0,1.0,0.0,0.0,0.0,2.0,0.0,2.0,0.0,0.02273709,-11.35127324,268.9070513,0.0,1.282
0.0,1.6590930635192762,12.17102769,1.2285371371638216,74.494067,0.0,1.0,4.0,1.0,1.0,3.0,0.0,0.0,4.0,10293.39496,345.3431356,183.8106243,142.4353676,115.0266807,119.3556814,89.01411322,275.3599802,243.2447884,255.040222,235.6408235,202.3394856,8.139713786,8.07194285,8.204734468,8.092587387,8.06596376,7.958639518,7.870397276,1.973360896,1.817678152,1.720777301,1.522378512,157.2373261,140.7417515,147.6294695,151.7860395,154.384162,153.4869285,150.355465,150.8777068,157.1215465,6.166841707,3.134808537,3.948697552,3.58600661,4.4836877,4.205104859,3.81896236,3.6737927,0.029369265,0.087604292,-0.214278156,-0.073407404,0.313967765,-0.152343196,-0.207606764,322.3962422,246.2569933,-1373.581571,-1780.854023,1083.4121,586.8749708,-1945.123076,421.9842584,4.563195299,23.33640315,-582.8104425,-746.4332199,1275.764657,216.4663703,-1721.856441,-329.8827942,0.290653131,0.506544307,-2.235834772,-3.041339182,-0.221396807,1.733088381,-0.288089481,0.477495015,-1.75154313,-3.566493973,-5.866269483,2.445413714,-11.2964035,1.869284668,-10.31239175,-7.210576092,-22.05488501,-11.11551784,31.61666327,29.26962633,-41.2171421,-20.80098912,-19.26451803,-7.708162986,-43.97672399,-20.27170386,-24.87338574,23.02828569,5.464343089,49.77048603,1.265885206,-0.326517255,-0.311891659,0.077084796,-0.13022715,0.119938988,1.323231411,0.990338539,1.061486203,1.379548119,1.190258773,0.870306122,0.892882625,0.8461762,1.134622024,0.696478536,0.745599342,1.038076109,0.900711786,0.821203174,0.730607377,1.052080827,1.221415307,0.959334978,0.834492175,0.882961085,0.908028581,0.860877671,0.871643108,1.032899783,0.994349178,1.119842222,0.762420263,0.805307194,0.99349939,1.002212309,0.617313294,0.947299102,1.396736687,1.299953867,1.221296482,1.047249013,0.864638842,4.042366947,0.278788489,-4.726016985,407.4463089,0.101028991,-8.481686743,-15.71845438,-9.736676171,18.76194338,-2.637699626,0.835651029,-0.664313477,0.0,4.4273146,15.5244996,0.0,4.734347764,4.000523001,3.935928139,3.926414927,3.65918778,3.504425991,3.322866014,3.291603619,1.838127383,1.424404209,1.388654363,1.103617213,1.098010635,3.729999609,3.44734067,3.198180792,2.851875713,2.793445094,4.90318592,4.748902344,4.562879781,3.791042132,3.783251828,3.78,0.0,23.0,2.0,0.0,1.0,0.0,0.0,0.0,0.0,0.0,0.318041382,3.230075322,0.166666667,0.900488968,0.138888889,1.42669463,0.022807523,0.251761029,7.119731553,2.746605516,9.38158,16.93228409,313.2472557,0.034144641,-12.49545365,405.6413812,820.0,0.0,0.0,25.0,0.0,0.0,0.0,0.0,0.0,0.0,0.0,0.0,0.0,0.0,0.0,0.0,0.0,0.0,0.0,1.0,15.0,1.0,0.0,1.0,0.0,0.0,0.0,0.0,1.0,0.0,3.0,1.0,0.0,0.0,0.0,0.0,1.0,29.51340429,0.0,0.0,0.0,-1.146078488,4.306429338,0.0,0.0,0.0,1.471857638,0.0,0.217266354,-0.405934568,0.0,0.0,0.0,0.0,0.0,0.0,0.0,0.0,0.0,0.0,0.0,0.0,0.0,1.082093201,1.519147887,0.0,0.0,-1.146078488,0.0,0.0,0.0,0.0,1.338313685,0.0,14.19734073,5.221226776,14.13404582,-6.262817897,0.217266354,0.0,14.43733534,1.902016398,0.0,0.0,0.0,0.0,0.0,0.0,0.0,0.0,0.0,0.0,0.0,0.622606237,0.0,0.0,14.43733534,0.64263001,1.736396148,-0.263315146,-6.262817897,9.008159551,44.5,1.2027,0.0,1.02951,1.24142,0.074074074,1.845792907,3.365988978,4.148997396,5.222446217,25.62026414,41.52154512,83.47088899,38.94329294,17.0,2.0,3.33,0.0,1.920315303,20.32124114,38.38600168,12.8448134,0.0,0.814325285,0.436790232,0.0,0.0,0.0,0.0,0.0,0.0,0.003,0.894,3.575,3.137,4.74019245,4.0,0.0,0.0,4.0,0.0,0.0,0.0,0.0,0.0,0.0,0.0,0.0,0.0,0.0,0.0,0.0,0.0,0.101517602,-8.463835386,470.6861691,0.0,3.63
0.0,0.0514526053562847,0.70526404,-1.7085426210316608,45.47993,20.0,3.0,2.0,0.0,4.0,0.0,0.0,0.0,4.0,5151.196264,439.0625,139.2215206,126.3084668,103.8135222,101.6848224,87.85065013,265.001129,246.2850942,234.6389359,188.0944111,153.5771355,8.762764,8.244463209,8.429940783,8.303111416,8.328024946,8.65285113,9.020302746,1.643344136,1.471793217,1.16403207,0.880216961,171.6300954,150.3201364,158.1683568,159.0166055,165.8127929,161.8562756,159.9042282,172.8602554,186.063882,11.86655405,4.254861111,7.257154882,4.811046512,4.963171036,5.449074074,6.981884058,8.775497512,0.407162681,-0.423550004,0.221218093,0.19062309,-0.269468876,0.232192873,-0.490347128,-11.70869829,219.1937305,-81.71291856,-454.8738553,21.60382605,-263.1107125,-127.520984,155.622738,76.05627693,-294.5452396,-185.9226298,47.22410707,237.2068602,-871.5284522,-533.2179808,174.8571962,-0.523579711,4.764457715,-1.508270519,-2.102350373,-0.3638925,-2.719527898,-0.843410264,-1.554458729,0.19083726,-2.008929928,1.316241334,-7.116508589,-3.802658874,-0.635597151,-9.328648061,60.09240203,-42.25951739,-7.464015527,33.07420752,-96.57709699,-38.24298161,-22.66872796,-15.22648324,-15.15330533,-44.03926731,-55.30851798,-37.92027331,-33.36411919,-0.292717457,39.49532754,-9.371273679,-0.380662081,-0.478687688,-0.396682174,-0.412176884,-0.497971928,1.719240344,0.61513965,1.153354448,0.788833846,0.795901349,1.079193102,0.956000214,1.443986377,1.052980404,0.846607114,0.947845047,1.18142981,1.375895979,0.928963686,0.402584037,0.763627932,0.973336357,0.793649028,0.980611831,1.149560495,1.629370259,0.884841796,1.126652823,0.885793759,0.72388822,0.906756411,0.776139513,1.154056857,1.076668817,1.336643109,0.426682742,0.697915155,0.937422241,0.830294235,0.954840096,1.207566037,1.647785436,2.261904762,0.33216361,-2.975744599,401.4626838,0.296420921,-3.283131973,-2.945519302,-1.813865827,5.946288291,4.988095238,0.414664209,-2.3767728,0.0,3.707878906,11.71557175,0.0,4.242818369,3.881778015,3.79511479,3.454904701,3.221862314,3.086546,2.800521539,2.752133391,1.352028744,1.266839487,1.034679733,1.027394361,0.891077458,3.249575561,3.075570492,2.897279162,2.687926754,2.604741819,5.304818943,4.884167741,4.861337156,4.623059393,4.465116279,4.465116279,2.0,11.0,3.0,1.0,0.0,0.0,0.0,0.0,0.0,0.0,0.252291192,3.092551458,0.288675135,0.885142492,0.144337567,0.770495159,0.013498731,0.148435872,5.751021766,1.527329376,1.89293,24.83519726,333.3253281,0.059134077,-7.635459389,325.2199734,432.0,2.0,0.0,15.0,6.0,0.0,2.0,1.0,0.0,4.0,0.0,3.0,0.0,0.0,0.0,0.0,2.0,8.0,0.0,0.0,8.0,0.0,0.0,0.0,4.0,1.0,0.0,0.0,0.0,1.0,2.0,0.0,0.0,0.0,0.0,0.0,0.0,8.037667391,7.840360523,32.58065832,0.0,0.0,0.0,-1.768385535,-4.613315027,0.0,0.0,0.584522392,1.103055556,-0.938308532,0.644760672,0.0,0.723653401,8.443850307,0.0,7.701206979,0.0,8.643524435,0.0,0.0,0.0,0.0,0.0,0.0,0.0,0.0,0.847936508,0.0,-0.938308532,0.0,0.0,0.0,0.0,0.0,11.736815,0.0,13.17521293,0.0,0.0,0.656044383,14.44572598,1.495008858,7.987505346,0.0,7.116707122,8.443850307,0.0,9.477037387,0.0,8.643524435,0.0,0.0,0.0,0.77501559,0.0,0.0,12.17525148,0.0,1.42983505,0.215070507,-4.613315027,8.847681503,42.75,1.58333,1.5,0.64073,1.31644,0.055555556,1.884242055,3.513375325,4.270132082,4.898378366,20.92921003,39.09700521,54.75051945,33.95419905,22.0,0.0,2.45,0.0,0.0,7.850735847,21.01580566,12.47457421,0.0,0.25,0.0,0.0,0.0,0.0,0.5,0.707106781,0.0,1.323,0.868,1.036,1.617,22.53796973,4.0,0.0,0.0,4.0,0.0,3.0,0.0,0.0,0.0,2.0,0.0,0.0,1.0,2.0,0.0,2.0,0.0,0.122667541,-5.665349261,268.149425,0.0,4.922
1.0,1.6767541067192997,12.37491684,-0.6920642335546875,83.275204,21.0,5.0,3.0,0.0,7.0,0.0,0.0,0.0,7.0,8631.832939,697.2916667,118.2442868,109.8281189,77.39274126,88.3918078,79.26347454,228.5055224,195.825833,216.6903548,217.7747655,198.822654,8.457476712,7.878706573,8.036685798,8.04479598,8.176248949,8.281241394,8.210948996,1.455719402,1.429489117,1.426803205,1.320356297,174.2322853,150.3165695,163.0909003,160.3819016,166.8199878,167.5693131,164.6279165,164.9923873,164.9269869,9.551940639,3.679112554,6.664403292,3.658219623,3.888683634,4.067269921,4.148190622,4.544344043,0.296915097,0.016701462,-0.054162639,-0.103628364,0.297747775,-0.077687389,-0.203826067,47.72471493,1386.744491,930.4639586,1249.386206,633.8943012,-35.00186336,-1765.989615,-1356.043973,32.89430984,258.708209,116.7319366,499.5111024,1280.263061,323.294924,-953.9973076,-1640.374145,-0.781765955,12.6400004,2.231690642,3.835589485,-1.993881494,-0.68114783,-5.686932182,-4.965781432,-0.517155761,-2.452680672,-0.71651519,2.176301076,-2.11177378,-7.960499332,-23.7275088,134.9759984,-57.40161637,-17.96527437,-23.53280763,27.20279393,-0.838493068,-58.33782684,-27.65006724,50.18627114,122.7009523,-24.47846167,-100.9173443,-101.4134609,0.619801493,45.04871087,1.632802646,-0.359091782,0.619701779,-0.146997835,-0.462923598,-0.407282976,1.877955854,0.699647393,0.79622299,0.88627885,0.91689103,0.983202845,1.223559253,1.166260512,0.748476796,0.828957903,0.823587811,1.007046691,1.018607146,0.923448104,0.312158683,0.500570688,0.617411482,0.782906982,0.713295853,0.892227273,0.962427652,0.863334163,1.1244057,1.025369014,0.691371748,0.854416989,0.870200116,0.787802574,0.87288232,0.964876827,0.286761966,0.444957405,0.51963928,0.7157943,0.638756384,0.769323988,0.945447075,3.797619048,0.298857842,-5.435042692,522.6414184,0.160682795,-8.227453824,-5.407114188,-7.725103609,10.00903205,8.662043651,0.323229273,-5.082270234,0.0,3.165403564,12.23370426,0.0,4.143845824,3.888128565,3.845305703,3.684379475,3.498038873,3.479684718,3.339051035,3.225241262,1.798988422,1.701237963,1.550016189,1.462066954,1.249629723,3.688456768,3.368262037,3.246605678,3.110182395,3.092290704,5.558324838,5.553404431,5.122324773,4.978886719,4.752475248,4.752475248,5.0,9.0,4.0,5.0,4.0,2.0,0.0,0.0,0.204124145,0.19641855,0.594655736,5.90609144,0.642228525,1.223695713,0.11785113,1.729025693,0.024520399,0.327931433,9.095599752,3.197513913,9.71616,25.29383166,569.1112123,0.016967139,-18.34414567,1457.67021,1064.0,2.0,0.0,18.0,1.0,1.0,0.0,3.0,1.0,1.0,1.0,4.0,3.0,1.0,0.0,1.0,0.0,6.0,9.0,0.0,6.0,3.0,4.0,3.0,2.0,2.0,0.0,3.0,0.0,1.0,1.0,1.0,0.0,0.0,0.0,0.0,0.0,0.62314231,0.0,1.27004371,2.430384381,-0.120982327,-1.48605863,-4.013158858,-10.04650487,0.0,0.0,0.293872108,1.320932303,-1.546076551,7.032848818,0.38818516,0.0,1.875138559,0.77730278,1.27004371,4.30197496,2.543138192,3.90174341,0.588450126,0.0,0.293872108,0.392115821,0.0,1.811345326,-0.38837089,0.567360335,-0.20629533,-1.546076551,3.186571769,0.0,4.027398182,0.0,9.723201887,11.95147815,4.321756561,13.27701169,0.0,0.0,0.588450126,14.63893593,1.447514568,7.032848818,0.38818516,0.0,3.512206075,0.77730278,1.27004371,4.30197496,3.970233652,3.90174341,0.293872108,0.695712223,0.790459365,1.005939446,0.233940327,11.95147815,0.0,1.627306204,-0.025361276,-5.09454257,15.27790552,54.0,1.2,1.5,1.13936,1.31404,0.4,1.836007187,4.053010355,5.024637572,5.442847504,19.75992136,42.29181192,66.03554106,39.08099534,20.0,3.0,3.11,0.481411137,4.364168766,8.174295888,30.29837196,23.63170968,0.090909091,0.5,0.222222222,0.0,0.0,0.0,2.121320344,1.475575893,0.0,0.785,1.752,2.802,2.653,11.96526407,5.0,1.0,1.0,3.0,0.0,1.0,0.0,0.0,1.0,0.0,0.0,0.0,0.0,2.0,0.0,1.0,2.0,0.238363024,-6.452822059,646.107533,2.397895273,9.22
0.0,0.1966858575131814,1.16445681,0.5355629985849985,119.941236,18.0,4.0,4.0,1.0,0.0,2.0,0.0,0.0,2.0,11173.30497,360.164228,108.478689,100.5000442,59.11381434,60.66627345,49.19879672,213.5977644,184.1968676,183.3370071,178.5979347,157.0944975,7.554264806,7.640521889,7.577566957,7.539294681,7.559970124,7.58126737,7.50827547,1.553431913,1.384911397,1.371622273,1.250704443,162.309769,144.5604228,154.8999782,156.7538017,158.5298219,158.2192156,157.9117105,157.6751728,161.2133743,3.496740078,2.483878024,2.702818512,2.529646776,2.561880253,2.553130511,2.528617482,2.26346745,0.103615379,-0.204138131,0.095477537,-0.028319133,0.181673355,-0.041018357,-0.23118391,612.2233982,741.741114,-803.3080653,-578.0813975,83.14720361,-126.1676286,-1963.524743,-1913.943588,-25.35867258,1378.234482,203.5184843,85.22782811,95.75758925,6.244421905,-2628.680148,-1888.066661,0.425039773,1.717186023,-2.195821238,-0.332760936,-0.292687576,-0.483730862,-2.668170972,-2.402066095,-1.59810683,0.956611036,-1.613540701,0.374205566,-11.40216343,-3.622901804,-28.27363801,24.72651219,-2.352737786,-0.440789676,11.42298487,6.078889471,-55.98191736,-2.982247645,-19.37325083,-27.06491571,-7.143516371,-1.479258515,-50.77123409,-51.91316779,5.721714002,53.40124881,0.014867671,-0.181058419,-0.021779013,-0.024633234,-0.111096792,-0.104243309,1.503432537,1.178503361,1.417474044,1.184761256,1.237112604,1.240993131,1.148223786,1.154816846,0.807730613,0.662248011,0.784990256,0.967341167,0.991862668,0.866093169,0.768016179,1.181764339,0.939890048,0.888764828,0.987484316,1.141276273,1.114624438,0.846699126,0.929432456,1.448105932,1.079805381,1.107721697,1.069106045,1.062110709,1.131545387,0.978047595,0.540978334,1.089424283,0.930070756,0.944288713,0.910108421,1.156100324,0.898798431,3.490546218,0.696229408,-1.846587924,1191.381814,0.915115468,-0.452395638,-1.088654653,-0.513842857,17.80937575,-2.33475344,1.595803199,2.383623632,3.0,5.301680986,16.09103333,0.0,4.700330035,4.054693831,3.951117056,3.90349899,3.761663871,3.63916438,3.401796585,3.338955382,1.887940398,1.738575085,1.709186971,1.693131717,1.63647079,3.775651639,3.594886711,3.511205433,3.370756797,3.165302637,5.080309962,4.752080415,4.025155977,4.014336918,3.9179613,3.855461838,1.0,14.0,4.0,13.0,3.0,2.0,1.0,0.0,0.0,0.058925565,0.537457479,5.914117008,0.773322874,1.55304704,0.390083728,3.557965183,0.401180662,0.726500121,10.85588476,5.804810703,9.43449,22.13935287,564.5534981,0.187312138,-8.542392227,843.7084388,1455.0,0.0,0.0,20.0,0.0,0.0,0.0,0.0,0.0,0.0,0.0,0.0,0.0,0.0,0.0,0.0,0.0,11.0,16.0,0.0,11.0,7.0,10.0,0.0,0.0,3.0,1.0,0.0,3.0,0.0,3.0,1.0,0.0,0.0,0.0,0.0,1.0,32.48358778,0.0,0.0,6.115953587,0.0,0.607523135,7.607524048,-1.660140064,0.0,1.483387822,0.0,0.733189406,-0.046841468,0.0,0.0,0.0,0.0,0.0,0.0,0.0,0.0,0.0,0.0,0.0,0.0,0.391278316,0.0,1.43754248,0.323845972,2.114660988,0.0,0.740564292,0.0,5.817477636,0.0,1.988106473,0.0,11.91816969,6.412727683,0.0,-4.519183449,0.733189406,0.0,15.48848093,2.240447702,0.0,0.0,0.0,0.0,0.0,0.0,0.0,0.0,0.0,0.0,0.672901885,0.450341332,0.736706331,0.0,15.48848093,0.750198417,0.910695268,-0.565025429,-4.519183449,17.93903368,57.5,1.12745,1.5,1.48736,1.16768,0.5,1.567083157,3.401099379,4.677171699,5.417876348,18.25723869,36.52264349,83.16873928,42.79100372,13.0,3.0,4.65,2.557808324,18.82257457,0.0,37.85318097,8.383744828,0.81982765,0.512992784,0.284218372,0.0,0.0,0.0,0.0,0.784136938,0.965489385,0.003,4.044,4.196,3.522,4.514141187,5.0,0.0,1.0,4.0,0.0,0.0,0.0,0.0,0.0,0.0,0.0,0.0,0.0,2.0,0.0,1.0,2.0,0.678942198,-1.974818343,1841.608233,2.397895273,9.752
1.0,0.2862048909153639,1.50454756,-0.984219023574977,68.693481,18.0,2.0,4.0,0.0,0.0,2.0,0.0,1.0,3.0,23514.0256,292.5054346,470.280512,144.5257944,118.9338191,109.7567161,132.0056177,282.2037989,228.2571085,224.9068487,218.1206291,204.8593558,8.01729884,7.910302095,7.925820454,7.939278442,8.009259882,7.909115892,7.8387135,2.352242708,1.644452114,1.665273412,1.699159575,155.9299518,142.7191744,146.4461216,152.7130116,155.4800053,154.8069065,154.3272644,154.2047767,156.1576687,5.850108692,3.416653467,3.593794052,3.195416814,4.132483619,4.375222344,4.131223085,3.251294628,0.202844037,-0.075029815,0.058655927,-0.08521591,-0.143615593,0.263395503,-0.19361145,-64.53025124,107.0111718,-3100.127931,-1011.678992,2507.568427,-858.0824296,-649.3503886,-940.4564986,111.381212,-352.8538786,-809.6358663,-284.5181395,488.5891991,-312.8484299,-434.7758771,-180.451426,-0.378552,1.25598,-1.534668,-0.849848,-1.249768,-1.505524,1.318056,0.67155,0.71983495,-5.339732245,-1.735294662,2.440813692,-2.957718662,1.592810831,-0.777623767,-13.2987385,-14.45543208,-3.589225793,-5.866028089,9.391906814,-6.067400691,-3.037621925,-7.363345593,-28.28167158,-11.01073589,-11.61733854,17.0363903,-39.68067309,-1.21755191,53.50472924,-1.851174142,-0.138931049,-0.078090325,-0.000897,0.102014313,-0.268112656,1.483278276,0.731878962,1.013412257,1.073164033,1.204245335,1.180776784,0.887094217,0.922988674,0.59539059,0.466028067,0.631872549,0.895100477,1.176610849,0.860326471,0.505575008,0.972052881,0.986129414,1.078173425,1.221974248,0.956003846,0.964418953,0.671876162,1.105033721,1.017608549,1.130800697,1.116019526,1.048942153,0.932006029,0.971975594,0.941613114,0.470246268,0.911016146,1.023639596,1.23480844,1.409209589,1.119330704,1.083267788,3.466624386,0.151417877,-6.229449157,449.6836506,0.126947042,-6.811151383,-6.576442682,-6.55863994,10.24897691,1.546307525,0.198144017,-5.341911804,0.0,4.39816987,13.30591956,0.0,10.6947279,4.001671482,3.961281258,3.855677672,3.582340312,3.45090154,3.266076448,3.163344886,1.622207261,1.430984415,1.163897439,1.082250302,1.082250302,3.427704776,3.262253921,3.012847527,2.8881415,2.803030726,4.778733451,4.707533709,4.649061835,3.867448808,3.840955819,3.794340068,3.0,15.0,3.0,0.0,3.0,0.0,0.0,0.0,0.0,0.0,0.234708048,2.696813794,0.0,0.495321147,0.0,1.536820506,0.0,0.159331981,5.441949302,2.555952658,5.50129,22.98148249,379.1944611,0.222950335,-4.952660603,490.6903242,645.0,2.0,0.0,21.0,2.0,1.0,2.0,0.0,1.0,5.0,1.0,1.0,1.0,1.0,0.0,1.0,0.0,11.0,2.0,2.0,11.0,0.0,1.0,2.0,0.0,0.0,0.0,0.0,1.0,0.0,3.0,0.0,0.0,0.0,0.0,0.0,0.0,25.09332463,6.229493487,17.12542908,-0.291118722,-1.726942989,-1.683458569,5.803054947,0.0,0.0,1.353664773,0.38995179,0.676091014,-1.021979868,5.287172424,0.580395172,0.757533849,0.0,7.142021246,0.264221101,0.344107655,0.263642901,0.344862323,0.508966468,0.0,0.38995179,0.852925815,0.852925815,0.0,-0.291118722,1.789410813,-0.94109007,0.42475064,2.936954433,0.0,0.0,1.488376732,9.770243627,11.93900491,0.0,0.0,0.0,0.676091014,0.508966468,14.03240034,1.968348635,6.076553165,0.580395172,5.471959637,0.0,7.142021246,6.900836315,0.344107655,0.263642901,0.344862323,0.38995179,0.951706955,0.54458303,0.0,0.0,14.03240034,0.677573759,1.03764658,-0.10748016,-1.021979868,7.040981381,44.75,1.35606,1.5,0.92756,1.21769,0.125,1.813336823,3.746608528,4.387683484,4.96385619,34.71655098,53.10359413,69.57564271,44.14923119,12.0,3.0,3.11,0.0,0.0,13.6085855,35.95201475,17.51002083,0.0,1.1759842,0.0,0.0,0.0,0.0,0.0,0.333333333,0.0,0.336,1.73,3.408,3.833,4.605436288,4.0,0.0,0.0,3.0,1.0,1.0,0.0,0.0,0.0,0.0,1.0,0.0,0.0,1.0,0.0,0.0,1.0,0.110456429,-7.270342676,646.9757187,0.0,5.729
2.0,-2.888291760701285,16.032016,2.528017883219599,182.871128,12.0,6.0,6.0,0.0,1.0,0.0,1.0,0.0,2.0,18067.69812,630.8074417,106.9094563,79.3192003,37.90033571,40.47366183,38.62541766,187.042715,134.4511541,144.73268,141.4699307,138.6774585,7.441095036,7.382470493,7.285753586,7.301447555,7.40642399,7.335745995,7.390337917,1.348875218,1.154155355,1.134562054,1.10875093,166.0131925,147.308149,155.5545196,161.9538705,163.9625502,165.5030649,163.658246,163.0693861,164.4767276,3.732588412,2.535996268,2.424278573,2.058229814,1.908862876,2.077378849,2.075405799,2.113940329,0.301225836,-0.206929538,-0.184088249,0.235824964,-0.155386475,0.271607118,-0.24168741,74.95944534,-123.2597641,-1710.33388,-559.18639,2283.379429,-1585.909025,366.4531027,-631.0087915,150.7024851,-1405.156297,-1760.142153,-996.9635092,2135.106951,-931.3600073,-346.4308495,47.40308687,-0.412661242,2.133133146,-1.869694768,-0.15481148,2.117524594,-0.921216327,2.134603612,-2.239783613,0.439981721,-4.85282029,-5.276855738,-1.311423409,-5.227835755,0.469896007,-12.31416506,-40.35149165,-4.0282263,-49.2508757,20.34761897,38.25424281,-48.38136947,-4.435845688,-5.525103317,-31.52427412,-9.021587216,-30.87099422,57.43972864,-51.34807991,0.435810729,51.00995583,-1.480699535,-0.032122694,-0.016081261,0.067025437,0.077937217,-0.06069513,1.571804965,0.878988727,0.931479486,0.822491679,0.898037875,1.054079851,0.904372086,1.107537302,0.727688254,0.507903313,0.74404571,0.659226654,0.667866492,1.197427058,0.587798531,0.888587224,0.686196998,0.626971616,0.903397505,0.712105476,0.96590816,0.840395578,0.919915796,1.397211883,1.267899592,1.057078076,0.920682958,0.970398705,1.028522191,0.969911883,0.392574944,0.776944352,0.580821398,0.48221073,0.802250705,0.626608687,0.896929092,3.519047619,0.221789519,-10.99399314,1166.457903,0.187807036,-12.2080838,-10.91308548,-12.1524012,21.48924388,6.179726155,0.077795019,-18.64184849,4.0,3.937320359,12.46447808,0.0,6.879644413,3.8218212,3.783563647,3.736840804,3.708963151,3.654091829,3.56964448,3.51123473,1.939759477,1.897473652,1.878115636,1.835353115,1.809782435,3.661554387,3.59273286,3.533460791,3.471617955,3.454279439,5.383997348,5.172625718,5.172610647,5.101758565,5.07944715,4.147105543,4.0,10.0,2.0,10.0,30.0,2.0,1.0,0.0,0.0,0.0,0.327223798,4.89341274,0.125,0.166666667,0.0,3.048953183,0.125,0.129099445,7.726705871,5.267794998,11.1529,24.41428177,709.7827129,0.274161492,-9.44647711,1204.758471,2881.0,5.0,0.0,16.0,4.0,1.0,1.0,4.0,4.0,3.0,1.0,4.0,6.0,2.0,2.0,1.0,0.0,8.0,42.0,4.0,8.0,2.0,35.0,5.0,0.0,1.0,0.0,0.0,3.0,0.0,4.0,0.0,0.0,0.0,0.0,0.0,0.0,17.27802734,1.072969196,7.601730894,29.45427126,0.554311543,-2.108706723,3.655737384,0.518095064,0.0,0.0,0.101224787,2.317489357,-0.873802829,1.373887168,0.261683934,1.072969196,0.916788779,0.258719381,0.780787106,0.927293865,0.234587366,0.707959297,0.358696548,0.305485458,0.101224787,0.253258252,0.558360571,2.110571384,-0.035195469,1.503378782,-0.340519716,-0.239972718,3.317471385,0.0,0.0,2.317489357,9.946725485,12.13367739,0.0,13.59122493,0.0,0.0,0.462987756,13.59122493,2.262044394,5.704807808,0.261683934,1.072969196,1.377961582,1.073791873,5.637598195,0.927293865,1.061627147,5.779739578,0.101224787,0.670791819,0.537823531,1.361666316,0.608784574,13.5726358,0.0,0.670791819,-0.526860145,-0.873802829,24.17815839,62.0,0.84932,1.0,1.94477,0.82997,0.728813559,1.423057602,3.043508391,4.657472056,5.928878513,16.24455163,30.67800778,134.5289809,46.45428004,6.0,6.0,6.41,0.5,6.703558638,0.0,0.0,8.32549433,0.0,1.573350622,0.0,0.0,0.184900065,0.857202371,0.0,0.550321208,0.793700526,2.021,4.476,4.729,3.164,1.480603448,4.0,0.0,0.0,4.0,0.0,0.0,0.0,0.0,0.0,0.0,0.0,0.0,0.0,0.0,0.0,0.0,3.0,0.298304129,-8.830384742,1185.012209,0.0,14.395
0.0,-1.5141290798252065,3.02690404,-0.6038064799357634,72.392825,12.0,4.0,3.0,0.0,1.0,2.0,0.0,0.0,3.0,8059.037148,335.0522596,134.3172858,108.4602561,68.13836136,76.62373344,58.17155706,236.207185,186.7885344,184.7561924,178.6567864,149.7007061,7.958124033,7.867165667,7.838905165,7.777797707,7.910216729,7.91148867,7.853905308,1.62370806,1.326017731,1.320665566,1.193310793,163.8997854,147.2791199,153.2864212,156.7142326,157.1736837,161.0009208,163.2106057,163.4550233,167.9006385,5.584204326,3.090812275,2.960448102,3.020940501,3.099794239,3.900314057,3.309670782,3.118787591,0.06878104,0.061920329,0.169441331,-0.75113829,0.652208314,-0.013480238,-0.31209007,32.68337824,534.990315,-290.3972554,-1000.16503,30.46248973,1327.454559,-10.39107288,-1993.48459,140.2583523,609.1366507,91.57761681,-1147.57179,132.3848445,237.2091991,-1191.772514,-777.2775131,-0.39607644,0.65645413,-0.83811368,-1.89461706,-2.23894236,4.42903793,-1.3425874,-3.05587858,0.434953969,0.224936312,-4.678690132,1.823608434,-4.131165869,-1.362967659,-6.892254326,5.400614799,10.5464643,-23.20263716,-36.31160638,5.374636896,-35.70948544,11.967809,-3.149044819,-18.6739148,-49.41446176,80.49340603,-63.46352605,-20.35987815,0.510677785,50.06694083,0.96036113,-0.049203825,-0.239876028,-0.157200227,-0.275928374,-0.09788403,1.463509696,0.9357717,1.032306734,0.98381523,1.215690333,0.921162525,1.031800687,0.968608439,0.789782972,0.75396109,0.726283362,0.991306671,1.473134877,0.829411389,0.582507221,0.879270339,0.963790744,0.979457794,0.852546174,1.162115997,1.321124018,0.930200192,1.09765072,1.168641628,1.028339226,0.990768256,1.061419441,1.012646126,1.167017743,0.959475285,0.506192747,0.878473432,1.079906741,1.044089604,0.968760949,1.248649573,1.147714985,2.948879552,0.31799542,-4.010014044,641.9667614,0.460279739,-2.715722958,-4.275939834,-2.441255075,11.0398191,3.111076089,0.316609173,-4.025305056,1.0,4.617854058,15.49202251,0.0,4.091576109,3.984259594,3.820366478,3.592388773,3.48961999,3.289131539,3.249008439,3.020692157,1.649606959,1.572482156,1.467793217,1.372874417,1.331881624,3.438547152,3.241976023,3.103199501,2.912563475,2.792995694,5.117908287,4.875875441,4.864008759,4.860873037,3.936802359,3.781486799,3.0,10.0,2.0,3.0,3.0,2.0,1.0,0.0,0.0,0.126966947,0.665238472,3.207563999,0.13650087,1.370883055,0.230257185,1.81305892,0.098584392,0.589159252,8.788799617,4.511964575,3.80519,21.17666721,370.5916761,0.330283294,-3.877315839,375.7069679,649.0,3.0,0.0,15.0,2.0,3.0,5.0,1.0,9.0,4.0,1.0,2.0,0.0,0.0,0.0,3.0,0.0,6.0,6.0,2.0,6.0,2.0,4.0,2.0,0.0,2.0,0.0,0.0,1.0,0.0,3.0,0.0,0.0,0.0,0.0,0.0,0.0,14.28347657,2.760054245,0.907026339,1.892229318,-1.549328669,-0.494905019,3.429936174,-2.014031802,0.0,0.924095536,0.076547225,0.299184864,-0.322773633,4.391925403,0.209790219,0.135947592,1.211337166,0.022901771,0.047835178,3.741890753,0.23092535,0.0,0.0,0.0,0.076547225,0.643428012,0.55639986,1.545251586,0.462625981,1.724283525,-0.806618131,-0.322773633,2.740663921,0.0,0.0,1.775996341,0.0,12.12353738,0.0,15.82470377,0.0,0.299184864,0.369533376,15.82470377,2.035286515,4.925831175,1.321644958,1.103882585,1.211337166,5.847756207,0.656289924,3.741890753,4.480051696,0.0,0.369533376,0.905919509,0.506374,0.483488678,0.0,14.22961687,0.624910672,0.905919509,-0.190276597,-1.195075043,7.704328724,41.25,1.17857,1.5,1.15013,1.13009,0.4,1.791095646,3.918820387,4.943983304,5.315061012,21.53919912,41.50730454,53.59276539,31.18758035,9.0,0.0,3.11,0.1,3.030718273,10.62049784,27.6854622,15.66227257,1.0,0.396850263,0.0,0.0,0.0,0.0,0.721124785,0.543690187,0.0,0.526,2.877,3.88,3.062,3.217339847,5.0,0.0,2.0,3.0,0.0,1.0,0.0,0.0,1.0,0.0,0.0,0.0,0.0,3.0,0.0,1.0,0.0,0.1728624,-6.143407822,21998.13486,3.044522438,2.515
0.0,0.651563928936475,3.34377796,0.5441526031166485,64.697067,0.0,1.0,4.0,1.0,0.0,0.0,2.0,0.0,2.0,18210.32596,254.028035,371.6393054,142.1683194,107.5959893,101.0718989,131.1302269,265.7231516,212.597118,205.8020039,181.7896952,173.8996911,7.890172224,7.730039188,7.759722612,7.881162533,7.867207824,7.691528647,7.930273,2.053086963,1.578500378,1.473823242,1.380495273,155.9677138,141.0908389,145.5531194,148.4289685,151.1369206,154.2960443,154.3758029,158.0559601,161.9787826,5.184245612,3.089713913,2.872450349,2.624981916,3.267835765,3.806171869,2.938858854,3.650841997,0.032862215,0.003511559,-0.035315938,-0.050560012,0.1129374,-0.292679163,0.319098473,-0.229869057,-0.623715784,-1519.933933,-55.47379125,-1097.007724,-2578.454835,498.2490226,-633.6262033,112.7283746,218.5521846,-190.586715,-254.3538964,-77.8555617,-1295.083165,5.991811182,608.9226427,-0.157352859,0.574260371,-0.787509833,-1.139718173,-1.705651888,0.369977136,-0.492145024,2.059411998,0.724801498,-1.310132024,0.14394082,-4.397598707,-0.368629304,1.327105199,2.395267219,11.15462417,-7.120034059,-11.75753824,-6.783643213,-14.98966458,-16.96392358,11.83282849,1.5654989,-19.86484177,-26.06410509,35.78590486,-6.62277449,26.32173516,-0.004420559,55.41866677,-8.145177139,0.030105748,-0.171474376,-0.248922777,-0.043286108,0.230892414,1.306810171,0.864764901,0.863900099,0.9882017,1.138147485,0.968574055,1.044738977,0.954658852,0.779074971,0.709663098,0.852458432,1.075639826,1.479015602,0.832158149,0.645606287,0.812429221,0.9300011,1.214197658,1.037891551,0.971470357,1.114214124,0.98985361,1.064359111,0.977747737,0.937099882,1.050308752,1.052294141,1.050426963,1.034500527,0.838405644,0.556637867,0.847921318,1.020899381,1.364405689,1.081965671,0.969582478,1.13185343,3.425,0.241048352,-4.268273205,476.7172081,0.448711027,-2.404128575,-3.48300694,-1.259319971,12.90962933,-0.365626372,0.322936605,-3.390897737,0.0,4.605511915,16.31438826,0.0,6.879586632,6.879515786,4.09117733,3.69420242,3.616425725,3.450748851,3.285668565,3.175129144,1.512095356,1.387987807,1.270080933,1.143943887,1.105463444,3.310497523,3.146014255,2.920158218,2.857256999,2.776473269,4.80990137,4.798321181,4.792922052,3.889246304,3.830605306,3.384853457,3.0,10.0,2.0,1.0,1.0,4.0,0.0,0.0,0.0,0.068041382,0.442321084,2.295487963,0.068041382,0.727584437,0.093473444,1.891577014,0.088388348,0.505492482,5.995793313,4.551242104,5.1977,20.27970972,304.1956459,0.21999644,-4.542431741,298.258718,552.0,1.0,0.0,15.0,1.0,1.0,0.0,0.0,1.0,0.0,2.0,0.0,0.0,0.0,0.0,1.0,0.0,0.0,5.0,3.0,8.0,1.0,2.0,3.0,0.0,1.0,0.0,0.0,0.0,0.0,3.0,1.0,0.0,0.0,1.0,0.0,0.0,21.55574306,0.0,0.0,1.124188233,-0.582012878,5.769825579,0.0,-0.534769581,-1.821063306,0.0,0.318412048,-1.821063306,-0.26640794,4.339820796,-0.579848497,0.0,0.0,3.980290941,0.0,1.567395755,0.0,0.0,0.0,0.0,0.318412048,0.510595546,0.676276198,1.396732535,0.260545362,0.0,-0.362935143,0.0,3.177014285,0.0,0.0,0.0,0.0,12.08226864,4.922539093,0.0,0.0,0.0,0.318412048,13.6295747,2.164715267,4.339820796,0.0,0.0,0.0,3.980290941,0.0,3.847139904,0.0,0.0,0.318412048,0.741234568,0.586698318,0.863642871,0.0,13.6295747,0.0,0.741234568,-0.071517431,-1.821063306,3.535828764,31.75,1.05833,0.0,1.30006,0.75324,0.318181818,1.761278857,3.785614887,4.718461947,5.201145303,31.61104036,50.89782798,60.6797407,35.23952956,9.0,2.0,3.0,0.0,1.34576733,10.31771674,27.87661978,13.89491288,0.0,0.454280148,0.655185349,0.0,0.0,0.0,0.0,0.0,0.0,-0.008,1.538,3.242,3.155,3.149514563,4.0,0.0,1.0,3.0,0.0,1.0,0.0,0.0,1.0,0.0,0.0,0.0,0.0,2.0,0.0,1.0,0.0,0.262136935,-4.016664781,2930.779592,2.397895273,2.248
2.0,-0.067683572656247,0.41409225,-0.8292900930482205,72.057481,18.0,2.0,6.0,0.0,0.0,2.0,0.0,1.0,3.0,24170.22572,378.0332124,456.0419948,146.6864481,127.4286521,121.9991937,160.2962755,282.3865736,237.9180074,231.4795046,224.009228,209.5291143,8.209601698,8.065930321,8.06035856,8.229698935,8.189477097,8.041653449,7.988305952,2.295989498,1.644292776,1.697321999,1.653474001,156.4942362,143.2500781,147.8887385,152.538433,154.3858656,154.9198963,154.7883027,153.9338942,156.169732,7.13270212,3.710800999,4.08850832,3.640460277,5.513320379,4.915975928,4.38262369,3.67954223,0.150675935,0.373937035,-0.583521276,0.12519097,0.130620747,0.111944938,-0.577749835,-88.54761206,80.91418329,-3350.768535,-1115.920494,1887.898182,368.0639479,-3139.786801,2790.525489,92.6111097,-207.4950072,-829.6006996,-112.4869831,107.6329024,-12.84563329,-868.1009031,-146.7650859,-0.605689068,1.619968833,-0.682344674,-2.438741626,-0.1961419,-1.599246669,0.22695731,-2.329790638,0.69797849,-4.611198073,-3.169707688,6.547076299,-7.7092963,-1.546613668,-5.916520228,-5.572778308,-0.904087906,-15.64459512,-9.972813844,18.76226678,-13.09230579,-16.29177344,-12.65661805,-33.63152295,-26.41542903,-40.86486889,-35.32368667,-94.48605482,-1.581207358,51.03675498,-0.069062545,-0.226011037,-0.17610286,0.347257631,-0.190938847,-0.562416993,1.495888434,0.794473199,0.797103856,1.240429249,1.147651404,1.066881499,0.930581631,1.023106819,0.591249525,0.458888513,0.592551835,1.238154523,1.158224543,0.823931916,0.514155124,0.870769655,1.021044173,1.073864089,1.167113206,0.979351782,1.12828239,0.669324853,1.172890372,1.091104359,1.113058371,1.056565129,1.069847657,0.907078523,1.011761432,0.99325725,0.458479049,0.886185842,1.001447131,1.128201122,1.336050827,1.141781882,1.196054068,3.966624386,0.115542177,-7.769230717,715.7689652,0.031360049,-12.46399382,-7.742924518,-15.90261776,10.42825449,2.832578922,0.16037043,-6.588968232,0.0,4.285058241,13.35115904,0.0,10.6947279,4.007160564,3.962230652,3.874019006,3.586478526,3.48953652,3.381314272,3.163431781,1.59461221,1.468528627,1.249959663,1.114272625,1.082250302,3.425595737,3.316351318,3.112285865,2.973967462,2.818641839,4.793116908,4.788158451,4.705737175,4.653966869,3.860237107,3.840868653,4.0,15.0,3.0,1.0,2.0,0.0,0.0,0.0,0.0,0.0,0.234708048,3.067422164,0.0,0.692842307,0.0,1.628004706,0.0,0.192351419,6.385071263,2.764899879,5.11738,23.35270495,420.3486891,0.157889246,-6.645101275,713.2105007,710.0,2.0,0.0,22.0,2.0,2.0,0.0,2.0,3.0,2.0,0.0,5.0,1.0,2.0,0.0,0.0,0.0,11.0,0.0,3.0,11.0,0.0,1.0,2.0,0.0,0.0,0.0,0.0,2.0,0.0,4.0,0.0,0.0,0.0,0.0,0.0,0.0,19.72647125,0.0,8.116377782,-0.646529378,-2.765389228,-3.772514102,4.272441022,0.0,0.0,1.162734425,0.415388609,0.578337029,-1.270737565,5.289434021,0.466631226,0.0,5.891124935,0.454037328,0.242752022,0.0,0.240234614,0.32107916,0.415388609,0.0,0.0,0.0,0.992743879,0.0,-0.646529378,1.601426119,-1.445688048,0.14429807,0.0,0.0,0.0,1.093042318,9.616720823,11.78321447,0.0,0.0,0.0,0.578337029,0.555176556,14.18220146,1.848415245,6.541764428,0.606831469,0.0,7.822579277,5.852931449,7.87362576,0.0,7.069451833,0.32107916,0.0,0.0,0.588409993,0.0,0.0,14.18220146,0.584397397,1.14327158,-0.130581421,-1.445688048,5.57493855,48.5,1.34722,1.5,0.9572,1.34328,0.12,1.858240303,3.725892236,4.354172619,4.973203473,34.80986454,53.26735978,75.35453749,47.37187779,12.0,2.0,3.0,0.0,0.0,13.28164421,37.69203217,20.39661877,0.0,2.704369423,0.0,0.0,0.0,0.0,0.0,0.0,0.333333333,1.001,2.014,3.806,4.053,4.46638733,4.0,0.0,0.0,3.0,1.0,1.0,0.0,0.0,0.0,0.0,1.0,0.0,0.0,1.0,0.0,0.0,1.0,0.147210806,-6.8972028,508.5157149,0.0,5.161
1.0,0.5057237680785465,2.52269689,-0.962162702866061,74.959239,21.0,6.0,2.0,0.0,7.0,0.0,0.0,0.0,7.0,8134.188304,678.4791667,125.1413585,114.7186308,86.967761,96.33260569,78.09181201,235.1054939,206.008428,218.4793438,217.0850931,196.9724746,8.585105415,8.020211867,8.115422363,8.165907425,8.388263368,8.184578022,8.209394922,1.480685351,1.426761662,1.440432197,1.309704845,175.9965274,151.4349281,164.5650366,163.1569124,169.5404057,168.4783265,169.9330817,163.8264433,167.19134,10.43814103,3.812801932,6.504398148,4.28037037,4.227129075,5.619883041,4.076992754,4.485430283,-0.097370644,0.613130451,-0.525330699,-0.226901557,0.585674101,-0.126098126,-0.152749654,22.83641342,462.2675109,869.1914849,304.0492875,664.2235706,215.2995975,-1658.629825,-883.3069823,36.31850722,-112.151935,-48.22334688,624.8137792,912.305197,426.7374478,-1591.15197,-301.1577617,-0.792117444,6.38551484,3.146390935,-3.677202107,-0.913735432,5.888612355,-4.036970107,-4.136878249,-0.337001116,-2.652703375,0.158822285,6.096166452,-6.201017702,-0.323204715,-26.17211087,83.08425411,-37.21333553,-79.86809008,-44.39216607,171.4137099,-35.36459876,-8.034244483,-24.81045529,79.2251808,-50.75927679,119.2236292,-80.75252465,-99.11388231,0.330962513,43.37639388,2.49554063,-0.359571816,-0.296837876,-0.070617719,-0.438872417,-0.485852364,1.655990792,0.904614046,0.671286659,1.014632156,1.01384217,0.921348823,1.055639116,1.030349648,0.890747606,0.783102086,0.811410902,1.006036854,1.009854682,0.962965689,0.535744013,0.485496598,0.868467522,0.727025043,0.592750609,0.776096082,0.889426913,0.868743687,0.956957646,1.024815456,0.812506743,0.826859656,0.876007206,0.611663399,0.879540984,0.801979249,0.480030509,0.434063242,0.777644968,0.663152051,0.576833073,0.716865886,0.879622673,3.69047619,0.32086188,-4.774327016,494.1858701,0.157834691,-7.754069622,-4.76175492,-6.14602148,9.602526811,8.754140947,0.296710452,-5.1029938,0.0,3.536782227,12.01576575,0.0,4.139740256,3.860483929,3.843112917,3.685434771,3.506729985,3.337723296,3.322692739,3.205057277,1.800128625,1.550861051,1.510259149,1.275418523,1.226289085,3.686399818,3.333601808,3.115821412,3.107690208,3.08894731,5.600430141,5.402655383,5.394304764,5.018812237,4.80890538,4.80890538,5.0,9.0,3.0,5.0,4.0,1.0,0.0,0.0,0.204124145,0.19641855,0.609947688,4.500132681,0.288675135,1.330932802,0.144337567,1.37295098,0.013498731,0.226602895,8.739226423,2.664577068,8.70226,24.29409009,510.1758918,0.054870316,-12.1916876,2055.520409,995.0,2.0,2.0,17.0,1.0,1.0,0.0,3.0,1.0,0.0,0.0,4.0,3.0,1.0,0.0,1.0,0.0,6.0,6.0,0.0,6.0,1.0,4.0,4.0,2.0,1.0,0.0,4.0,0.0,1.0,1.0,0.0,0.0,0.0,0.0,0.0,0.0,0.470055329,0.0,0.0,2.636593969,-6.250718047,-1.478800017,-3.499240428,-4.590751599,0.0,0.0,0.303918011,1.339501842,-1.478800017,7.198976735,0.407098735,0.0,1.933155943,0.81510275,0.0,0.0,4.143053058,3.997891383,0.608511854,0.0,0.303918011,0.388080929,0.0,1.873283118,-0.225360922,0.56677727,-3.199861214,-0.939630078,3.176858313,0.0,3.827934193,0.0,9.626075233,11.8304626,0.0,13.1545063,0.0,0.0,0.608511854,13.66686285,1.197019504,7.198976735,0.407098735,0.0,3.595490658,0.81510275,0.0,0.0,4.153605766,3.997891383,0.303918011,0.688575738,0.818635356,1.018716268,0.256516765,11.8304626,0.0,1.409327793,0.030088341,-4.590751599,12.31945702,51.5,1.22619,0.5,1.02788,1.29053,0.37037037,1.874904013,3.979534453,4.998839736,5.235915267,20.34518181,40.89382334,70.29705047,44.91732801,19.0,2.0,2.78,0.0,1.602430221,8.478792451,28.80454334,23.33333395,0.0,0.5,0.0,0.0,0.0,0.0,2.85649605,1.807452952,0.0,0.961,1.622,2.76,2.682,12.53359649,5.0,1.0,1.0,3.0,0.0,1.0,0.0,0.0,1.0,0.0,0.0,0.0,0.0,3.0,0.0,2.0,1.0,0.264296781,-5.588867076,574.1479576,2.397895273,7.412
0.0,1.0239024170194508,5.96385241,0.5021354095785131,60.896274,0.0,2.0,2.0,1.0,0.0,1.0,1.0,0.0,2.0,12621.35911,168.6147786,274.3773719,132.9049067,99.17968608,111.8562114,85.29477918,264.7158455,237.0809511,232.9192053,189.3685395,167.3242157,7.773289717,7.73292,7.732148259,7.747629648,7.772359513,7.661484125,7.487590587,2.016113919,1.797861647,1.496013891,1.349585166,156.5138482,143.0235391,148.898121,152.0450074,151.2192822,150.9833582,150.4180432,157.7550941,159.5550715,3.665538666,2.942407827,2.735311617,2.609131144,3.178031169,3.092854924,2.707575177,2.232828728,-0.053379707,-0.063914655,0.146182109,0.061113757,-0.108004599,-0.157408418,0.135668872,15.99116394,333.7258828,-1381.307056,-1276.700229,-132.1561801,-437.4120782,787.3093293,2767.141098,127.0910335,444.1520903,90.133297,-345.8486998,287.8695307,-1837.657693,-482.7653522,504.5537658,-0.221009988,-0.385256014,-0.712077351,0.057382295,-0.144031509,-1.265479431,-0.352371037,1.78607104,0.85080016,0.559948944,-3.658332587,-7.994885602,-0.72058456,3.742348308,2.244660823,17.35995781,13.56780264,-7.12608227,-0.294388105,-44.13068716,-10.36176934,-4.224333653,-3.7814177,-0.955280273,-2.055749794,-6.06263986,-15.42013457,-7.057178242,0.326350284,54.75399764,-15.706476,-0.07717179,-0.01903472,0.033504898,-0.113383342,-0.056009351,1.402795022,1.132806338,1.091172061,0.857268943,0.969482587,1.211173252,1.166241773,0.695463078,0.814504992,0.460482903,0.585484328,0.630153276,0.668068693,0.752586297,0.985270967,1.021664572,0.94503202,0.959770755,0.968781621,0.972620883,0.661274536,0.859164422,0.779315278,1.008810349,0.900747936,0.922485198,1.059387831,1.364851444,1.081261913,0.920267837,0.733712559,0.858736164,1.579442587,1.590439823,1.275892349,1.283741854,0.814134936,2.886344538,0.234011761,-4.066674935,589.9892667,0.439968373,-2.298946813,-5.333973016,-1.39511547,9.751050376,-1.019179178,0.144768623,-5.411331842,0.0,5.826318863,13.8314168,0.0,6.879516291,4.136326947,3.908315058,3.643331878,3.544786721,3.28787417,3.111017124,2.750129472,1.501338607,1.372874417,1.179009962,1.097522234,1.088202716,3.428562577,2.976753328,2.792995694,2.772030682,2.699433275,4.721084166,3.93735215,3.802224671,3.65195619,3.585372957,3.182439467,2.0,11.0,4.0,4.0,0.0,0.0,0.0,0.0,0.0,0.07856742,0.483378923,1.863807605,0.0,0.44493739,0.0,1.295292488,0.0,0.204189481,4.44520181,2.528190977,6.11848,18.02249594,252.3149431,0.024411075,-10.39561137,350.4125063,546.0,1.0,0.0,17.0,1.0,0.0,2.0,0.0,0.0,1.0,1.0,0.0,0.0,0.0,1.0,0.0,0.0,0.0,4.0,0.0,8.0,0.0,4.0,0.0,0.0,0.0,0.0,0.0,1.0,0.0,1.0,1.0,0.0,0.0,1.0,0.0,0.0,27.18902644,6.006612406,2.126692042,2.503449516,0.0,9.486591566,0.0,0.0,-1.664024235,0.838036124,0.391236809,-1.664024235,0.087497667,-0.651027532,0.0,0.747495499,0.0,0.0,2.126692042,0.327870579,0.0,0.0,0.0,0.391236809,0.0,0.643362294,0.0,0.0,0.605996352,0.0,0.0,0.0,0.0,0.0,0.0,1.910596041,0.0,13.44228554,5.435817874,0.0,0.0,0.838036124,0.391236809,13.44228554,2.248767169,0.0,0.0,5.259116906,0.0,0.0,2.126692042,0.327870579,0.0,0.0,0.0,0.645559158,0.44615723,0.645728406,0.0,13.44228554,0.838036124,0.645559158,-0.001451374,-1.664024235,4.397221176,31.0,1.10714,0.0,1.07238,0.80375,0.19047619,1.799707262,3.653996739,4.21921413,4.567040217,30.14538983,46.66962249,55.92536568,38.98339754,20.0,0.0,3.0,0.0,0.0,13.74218333,28.03852641,12.45338106,0.0,0.0,0.2,0.0,0.0,0.25,0.0,0.0,0.0,0.25,1.86,3.17,3.582,5.456029012,4.0,0.0,1.0,3.0,0.0,0.0,0.0,0.0,0.0,0.0,0.0,0.0,0.0,2.0,0.0,1.0,0.0,0.004752959,-14.97716622,424.584283,2.397895273,2.305
1.0,-6.435976572582356,97.01265025,7.921934515198646,279.963918,0.0,17.0,24.0,7.0,0.0,1.0,0.0,0.0,1.0,29166.53394,1625.240464,115.740214,120.2822535,66.7902185,64.0793314,62.26090535,200.5495414,162.0994306,158.7351384,168.44537,151.9224095,7.91388,7.907273112,7.761416449,8.007316256,7.879967012,7.931067953,7.959629467,1.469824691,1.203740268,1.265147422,1.167917554,166.7625777,148.9258552,159.4794605,162.8829064,164.2832139,165.6604146,166.7997855,161.7307713,166.9625891,6.449366923,2.62756193,3.855563453,3.078454799,4.183017249,3.16040451,3.97327014,3.838433037,1.196408248,0.305595651,-2.511470278,2.28884968,-0.311259126,-1.539061699,1.517083059,3286.187836,986.1164096,-7229.685925,2859.807584,-1983.292129,2386.227714,-4847.320259,1309.304806,-41.58252604,0.335249997,-3288.321801,1713.99494,-2088.302354,4214.126016,-3588.844485,393.0197835,1.386520971,12.18021579,-10.3835727,-7.86449299,9.858289182,-9.916692515,-1.527853696,-3.632245022,-7.815858809,-9.159174433,-4.453584292,31.99787975,-44.99128031,41.37528917,-96.59763976,-30.17454594,104.8342088,-155.8666075,-40.20195754,261.3504537,-264.0004473,91.58982887,-125.0848026,-238.2892486,-269.102605,-354.1233154,199.5420436,-126.7618097,12.88701112,49.33941079,4.516748142,-0.490528638,-0.339776016,0.343739555,0.205925742,-0.113789775,1.672477071,0.837703317,1.024234485,1.181040578,1.026939613,1.178568671,1.265195786,0.967285127,0.896463691,1.017112635,0.902727602,1.177476774,0.914313847,1.050806537,0.562705038,1.11619719,1.028594821,0.987419208,1.1324805,1.079000766,1.200811946,1.010258037,0.77919467,1.732720096,1.282511017,1.028640468,1.102662556,0.833361641,1.280490705,0.918881902,0.481750849,1.051942074,1.043233914,0.983468365,1.133279814,1.057240794,1.229826677,13.45063025,0.137920009,-24.9616257,6469.366276,0.155596503,-23.44216319,-25.59978334,-22.75947605,41.96036601,-8.322138536,0.118086514,-26.91785566,1.0,3.960634107,13.5085279,0.0,4.731481349,4.715006598,4.706584069,4.706241485,4.705991981,4.705823598,4.705489664,3.89716076,1.908968282,1.890000228,1.863108063,1.85601782,1.831387993,3.803649095,3.788300132,3.781271653,3.777315095,3.768126059,5.192365712,5.191684523,5.191646928,5.191620919,5.191543741,5.191482247,10.0,16.0,3.0,24.0,16.0,3.0,0.0,0.0,0.0,0.096225045,0.472852885,16.60316391,1.814166485,3.271616453,0.990416576,6.930504111,0.283137461,0.957735336,22.09612885,9.495188673,5.81988,37.60485535,709.7827129,0.017985888,-50.62891461,4629.396534,8829.0,11.0,0.0,29.0,9.0,14.0,0.0,33.0,25.0,3.0,14.0,24.0,7.0,1.0,2.0,8.0,0.0,0.0,35.0,11.0,14.0,13.0,25.0,10.0,0.0,0.0,0.0,0.0,7.0,0.0,23.0,0.0,0.0,0.0,0.0,0.0,7.0,18.46527298,0.0,11.29088658,-9.442175361,-8.201409493,-4.931830225,0.0,0.0,0.0,0.42032601,0.188865445,0.42032601,-1.384310602,2.700307641,0.162264939,0.0,0.662828811,0.27704056,0.348096175,0.241853587,0.091308477,1.058542497,0.435454828,0.38206717,0.188865445,0.410378292,0.614868087,0.869715066,-0.985909904,0.0,-1.425748444,0.0,2.574651326,0.0,0.0,0.762302571,9.946780371,11.72079654,0.0,0.0,-6.489329855,0.42032601,0.568488527,14.68871108,1.74776548,6.663138356,0.508058856,0.0,7.155542381,3.822246841,6.282544459,7.768812029,6.396270152,6.091060121,0.31726718,0.956207121,0.545371134,0.372177086,0.0,14.68871108,0.42032601,1.704752722,-0.353983341,-6.489329855,7.149043754,123.0,0.97619,0.0,2.00347,1.67092,0.623376623,1.783401801,3.679806819,5.331148323,6.032911264,21.31629457,39.5702179,188.2636282,90.67531181,10.0,6.0,4.54,4.397139788,0.0,0.0,0.0,0.0,0.0,0.0,0.0,0.0,0.908724779,0.914032668,2.095878329,5.224915609,1.555543045,1.997,7.746,13.26,6.211,2.068529607,4.0,0.0,1.0,3.0,0.0,1.0,0.0,0.0,1.0,0.0,0.0,0.0,0.0,1.0,0.0,0.0,3.0,0.11676371,-27.05979727,5706.935404,2.397895273,-1.193
0.0,-1.5129759532932463,3.02029641,-0.2332282541864906,98.697962,21.0,5.0,5.0,0.0,1.0,2.0,0.0,0.0,3.0,10218.95499,434.6911485,124.6214023,107.1507356,74.02763679,77.14263327,67.17967514,236.1396286,205.1008497,202.5032974,182.0512359,180.2406026,7.930046902,7.825160279,7.894518975,7.82530796,7.765956523,7.720102825,7.752536648,1.607431802,1.458200735,1.348346873,1.361179308,162.7845389,146.6071096,151.8506794,157.6573494,160.5328485,157.9192639,157.6834556,161.3691817,162.581634,5.301111566,3.113758265,2.936702675,2.981277068,3.406299196,3.249025678,2.85871158,2.855893592,-0.167932995,0.397484588,-0.199787709,-0.462857104,0.690925265,-0.209490199,-0.096905735,18.13792908,79.58518374,422.0988254,-429.9914083,-480.439751,624.6135571,696.6514482,-1160.853968,317.0132575,50.44718464,156.5314607,699.625049,137.289721,-1199.309693,-36.45336308,-81.18543552,-0.889275836,-0.438022672,0.961843546,-1.997804973,-0.434672334,4.243257641,-1.686491329,-2.759468293,1.635657792,-1.761046907,6.057010365,-6.158951049,0.487466286,1.378380807,-6.081071557,-22.80200678,-16.84137274,39.55713355,1.58404402,-18.3579197,-40.20148928,14.35939427,-12.33646211,12.50774517,-13.15999406,42.24409164,-52.74285182,-21.54637971,0.203796956,49.7201992,-3.736167267,-0.138611934,-0.047509004,0.045827823,-0.156506979,-0.075074494,1.389747419,0.971079502,0.833923894,1.164867647,1.027779637,0.632087673,0.764882952,0.774865305,0.814991988,0.811902718,0.764957046,0.904981348,1.232157119,0.921979885,0.72131391,0.742487228,1.05530663,0.933544033,0.681484011,0.939876019,1.017488131,0.909235044,1.01549196,1.143498464,1.151966228,1.089689231,1.027529591,1.106747874,1.130993781,1.015613094,0.652897905,0.687351959,1.048937326,1.035966237,0.79016111,0.945383776,0.845200045,3.591736695,0.494302413,-3.382117333,917.0090704,0.620717173,-2.289022743,-3.536035402,-1.733897616,12.53655732,4.767733518,0.179204456,-8.252293982,1.0,4.743901749,15.21003942,0.0,4.131973891,4.039914323,3.983013233,3.790336235,3.665674334,3.622450554,3.485095195,3.320950068,1.836152905,1.775450947,1.62992985,1.461681384,1.372874417,3.704540419,3.603057871,3.511573539,3.311564086,3.103059113,5.206020205,4.943542171,4.942670336,4.387844933,4.261017757,4.261017757,3.0,15.0,3.0,5.0,4.0,5.0,0.0,0.288675135,0.204124145,0.202164357,1.048375562,4.07623723,0.180555556,1.316823912,0.10316315,2.468174428,0.120663209,0.508027526,11.16811708,5.13124431,5.23307,35.16716174,709.7827129,0.269739549,-6.289432412,1143.591609,1419.0,5.0,0.0,21.0,2.0,7.0,7.0,3.0,3.0,1.0,0.0,4.0,0.0,3.0,0.0,2.0,0.0,9.0,12.0,0.0,9.0,0.0,8.0,4.0,2.0,2.0,0.0,1.0,1.0,1.0,2.0,0.0,0.0,0.0,0.0,0.0,0.0,22.83615153,26.26622969,0.089358689,2.503541313,-0.418439458,-0.661172179,4.994792925,-2.672206395,0.0,0.945054456,0.287924686,0.310354384,-0.559190111,4.237591061,0.695010416,0.182745819,5.904328257,0.623404373,0.089358689,0.0,0.891718136,0.0,0.445741831,0.0,0.287924686,0.4053165,0.0,0.0,-0.631615741,1.667848619,-0.541014055,-0.229790064,2.570808654,0.0,5.173439757,2.413861858,9.752836747,13.2460717,0.0,16.53517986,0.0,0.310354384,0.445741831,16.53517986,2.111215075,4.893305028,3.602849673,4.347247312,5.904328257,4.76088646,0.089358689,0.0,0.96510449,0.0,0.369415562,0.926584821,0.587774292,1.113579204,0.485253896,14.71770666,0.634700072,0.926584821,-0.344891397,-1.565854442,9.603909987,58.0,1.20833,1.5,1.22879,1.23249,0.4,1.751235869,4.180518323,5.213484474,5.726156425,20.24603836,43.04730279,65.66988474,35.97266916,12.0,3.0,3.88,0.0,0.0,20.87944638,51.85634383,29.06089175,0.1,1.451153395,0.0,0.0,0.0,0.0,0.434126811,1.348006155,0.25,0.508,3.528,4.591,4.734,4.87050702,8.0,0.0,3.0,4.0,0.0,7.0,0.0,0.0,4.0,0.0,0.0,1.0,2.0,4.0,0.0,1.0,0.0,0.531954129,-3.029750481,975.7187258,4.262679877,3.201
0.0,0.6376050288127448,3.26019136,0.3146252951289088,61.371688,0.0,5.0,6.0,0.0,3.0,0.0,0.0,0.0,3.0,6789.673909,561.4305556,130.5706521,122.9083227,96.90712015,110.8736138,83.27840219,247.3222941,220.5508758,218.5682986,196.5730078,174.0182771,8.702024077,8.158273433,8.358473988,8.414417586,8.774844519,8.783652265,8.740027728,1.525184182,1.308665551,1.194184246,1.092807279,169.7640034,151.5312755,154.8927351,159.0608671,162.6971434,163.4468164,169.4975944,172.3284188,173.3841181,10.79674145,4.261160714,6.29053288,4.132410862,4.781130268,6.831531532,6.804941682,7.505668934,-0.142053831,0.335548504,-0.198070109,-0.413997637,0.550847551,-0.161072555,-0.117497427,68.75391193,431.7503572,-129.5761557,-601.5214367,-33.75314001,803.6540331,-1134.514458,-710.4926865,135.0861939,-167.9795903,-386.1632534,-254.7596595,99.91730441,88.28072944,-703.5869978,-812.9267105,1.161715994,5.40697847,0.577004417,-3.793579741,-5.340150565,1.923528534,-5.958108306,-0.00872341,1.565910347,-1.7913096,-1.4466328,-2.579620151,-3.197207578,-1.960051703,12.06794647,44.21573384,26.44971871,-37.29653507,-89.82560139,-49.46873523,-22.58009787,-0.3255268,-5.195677186,1.223126233,-82.88864234,14.81397929,-122.718976,-3.241083169,1.227748427,40.33573002,0.477193132,-0.09277995,-0.508519278,-0.730294554,-0.678005392,-0.022048185,1.502254424,1.056814097,0.882171552,1.147852357,1.360407613,1.045452595,1.060673548,0.903815759,1.006104721,0.921116587,0.840143998,1.20723167,1.253385703,0.978395683,0.42843684,0.664683783,0.994882237,1.074329011,1.043393298,1.351429779,1.176283271,1.055815188,1.017820683,0.888918827,0.881521729,0.832286516,1.15206833,1.256296234,1.173036362,1.001780515,0.368792757,0.628150242,0.914957189,1.032615442,1.03250349,1.339325642,1.236978836,3.214285714,0.022004195,-13.73947979,391.6016112,0.097837552,-8.368008497,-13.73201486,-13.47588626,10.41192259,7.352714646,0.107164539,-8.040203569,1.0,3.924938831,13.65640389,0.0,4.033949633,3.839884889,3.761529599,3.608057785,3.478568665,3.187393533,3.147241483,3.012435458,1.579710581,1.552482216,1.246083899,1.156392488,1.102295258,3.476997285,3.238267017,2.951743132,2.852101665,2.816599878,5.462032447,5.051885554,5.051496196,4.80693291,4.651982379,4.651982379,1.0,13.0,2.0,2.0,1.0,3.0,0.0,0.0,0.0,0.232307808,0.820257801,4.112529203,0.356716516,1.461242304,0.216421891,1.36117553,0.051671384,0.37853671,8.658701987,3.195787635,4.18581,21.24849705,382.4729468,0.203855781,-5.725232965,439.9566346,663.0,2.0,0.0,16.0,1.0,6.0,1.0,1.0,6.0,1.0,0.0,0.0,0.0,0.0,0.0,2.0,0.0,0.0,3.0,3.0,8.0,1.0,0.0,3.0,0.0,2.0,1.0,0.0,0.0,0.0,3.0,1.0,0.0,2.0,0.0,0.0,0.0,7.877497668,2.079599401,5.930967129,0.0,-5.60142243,-2.815206181,0.0,-7.213658155,0.0,0.0,0.394737812,2.380931595,-0.959231387,6.719435612,0.975887453,2.079599401,2.619359719,4.529728298,5.930967129,0.0,0.0,0.0,0.0,0.0,0.394737812,1.120965845,0.750027457,1.256408594,0.0,0.0,-2.369562547,0.0,2.380931595,3.613461829,0.0,0.0,0.0,11.4752835,5.26830554,14.5143139,0.0,0.0,0.497192067,14.5143139,1.584557849,6.719435612,5.729348509,2.079599401,2.619359719,7.216401725,5.930967129,0.0,0.0,0.0,0.497192067,1.258791808,0.743694374,0.0,0.0,13.51476836,0.0,1.484855482,-0.050272739,-4.920782588,5.751101895,43.75,1.21528,0.0,1.00451,1.32622,0.272727273,1.970020514,4.065448372,4.733811593,5.180832987,21.63744328,43.28282567,57.78349337,37.36297819,12.0,0.0,2.34,0.0,1.020842752,7.35785785,20.92043429,18.72888925,0.333333333,1.591309974,0.90597458,0.0,0.0,0.0,0.66943295,1.172031182,0.125,0.181,0.965,2.676,2.674,3.426168991,5.0,0.0,3.0,2.0,0.0,1.0,0.0,0.0,1.0,0.0,0.0,0.0,0.0,3.0,0.0,0.0,0.0,0.099207464,-8.317951307,422.1096224,3.433987204,3.588
1.0,-1.198233100938183,1.48669249,-1.1085366643633117,91.716169,29.0,3.0,6.0,0.0,0.0,0.0,0.0,0.0,0.0,7207.1705,343.8888889,93.59961688,97.94005067,72.67624263,66.11030494,72.32962678,232.1706793,218.3879491,194.0494303,187.7714403,200.730475,7.744708779,7.908607228,7.770533211,7.701076862,7.610728746,7.753506693,7.957739703,1.555492855,1.398251516,1.318103899,1.371932312,159.5651024,144.7340714,150.5260311,157.6599832,158.100074,153.396902,155.6853991,158.5527447,157.8297776,4.466089466,3.362825789,3.490878939,3.318063678,3.299877225,3.552498671,3.517189219,3.781111111,0.03919523,-0.026162993,0.030685923,-0.429867318,0.628897563,-0.114791532,-0.428743162,125.2446894,593.9994523,-212.7352535,445.5336667,-488.4375759,855.878832,777.7233948,-322.1025335,45.58553155,-22.48317139,304.4794732,959.6309096,-697.3270725,-139.0219153,675.3978406,-235.6567925,-0.136551412,1.03981124,-1.914219993,-0.104196288,-0.120246523,4.175304037,-0.580721044,-2.709683041,-0.437874166,3.002766898,4.707395919,-3.406355711,0.072164125,-1.748530017,-3.099477103,-39.37968192,7.34635712,23.85072571,-4.734534439,-22.13827366,-13.23798556,-21.72217229,-12.07482993,-8.250566893,2.634920635,82.17743764,-6.790816327,-48.3531746,1.546230733,49.98217562,-0.665176628,-0.149071974,0.015056689,-0.088579447,-0.033617903,-0.276303855,1.44897156,1.022422297,1.348517589,1.044012413,1.05976752,0.690749711,1.155679594,1.514591144,0.887410188,0.973712022,0.825096447,0.890717724,1.056109118,0.951546493,0.833578633,1.427039871,0.981472051,0.789090602,0.551596419,1.158612335,1.564959567,1.043045546,0.99179076,1.136395162,1.260131135,1.002954712,1.107468389,1.083764291,1.03896209,1.116041176,0.489657751,0.8906886,0.898804117,1.031020686,0.712657914,1.491053738,1.966957312,1.928571429,0.230729929,-6.452632529,1025.623015,0.13180642,-8.916252158,-6.455919312,-16.48345437,11.52924501,3.827482993,0.332726265,-4.841914682,0.0,4.588670305,12.2081495,0.0,4.127447603,3.844540873,3.823179506,3.742057875,3.633909503,3.38175968,3.333506521,3.188360901,1.894341098,1.739298199,1.730136756,1.542910153,1.346376281,3.72684239,3.573805237,3.316480416,3.292936928,3.048530546,4.686658335,4.579056577,4.09262466,3.910019045,3.824157124,3.815002006,2.0,25.0,2.0,4.0,2.0,0.0,0.0,0.0,0.0,0.07856742,0.543700392,3.221388157,0.0,0.523808229,0.0,1.305750295,0.0,0.102967969,6.199971098,1.912507828,9.93596,22.97364567,505.4202047,0.156904574,-8.149316864,1479.177402,1387.0,2.0,0.0,29.0,2.0,1.0,4.0,0.0,2.0,1.0,1.0,2.0,1.0,1.0,0.0,1.0,0.0,17.0,6.0,0.0,17.0,4.0,0.0,2.0,0.0,0.0,0.0,1.0,0.0,1.0,2.0,3.0,0.0,0.0,0.0,0.0,0.0,32.77662654,12.37876937,2.613211743,0.0,-0.03585383,-1.777276928,4.24429204,0.0,0.0,0.0,0.450465064,1.503222752,-1.287246592,6.048357374,0.677149334,0.759754238,0.0,2.558762512,2.613211743,2.668341719,2.931995347,2.870903899,0.505416936,0.0,0.450465064,0.448526652,0.0,1.915258752,0.0,1.626083348,-0.019642535,-0.305342319,2.816684064,0.0,4.444610925,0.0,10.16877652,12.46431117,5.680268493,0.0,0.0,0.0,0.505416936,13.42691776,1.906167261,6.299673963,0.677149334,5.614736733,0.0,6.786191639,2.613211743,2.668341719,2.993850585,2.870903899,0.450465064,0.645641855,0.617991559,0.0,0.0,13.42691776,0.0,0.815931283,-0.153569521,-1.287246592,13.47164987,61.5,1.39773,2.0,0.89889,1.31776,0.171428571,1.510233631,3.396246372,4.068587764,4.711274365,13.87569657,30.99382171,89.73959585,46.18522214,38.0,3.0,4.32,0.720292077,6.380820915,22.07905774,40.42289455,17.15242513,0.0,0.721124785,1.009980988,0.238030841,0.0,0.0,0.333333333,1.154700538,0.0,0.5,2.374,4.299,3.928,12.85803284,5.0,0.0,1.0,4.0,0.0,0.0,0.0,0.0,0.0,0.0,0.0,0.0,0.0,1.0,0.0,0.0,2.0,0.031131933,-15.26589329,36314.73965,2.397895273,9.268
0.0,0.2120406476492846,1.21969936,-1.6058678396454011,47.10293,20.0,3.0,2.0,0.0,3.0,1.0,0.0,0.0,4.0,6046.959439,376.873352,163.4313362,131.2484701,111.7346336,107.6170407,136.9106532,273.8369926,255.8963524,230.9269934,194.2788853,157.5529231,8.656699811,8.170511953,8.393379435,8.296710611,8.423874588,8.570022571,9.427331438,1.763402272,1.501586931,1.268069931,0.970674659,167.9707837,149.0659726,156.6481583,156.3739794,163.0503275,158.4639103,163.2016091,171.0775652,185.9535983,10.18576627,3.977597737,6.889637112,4.168772131,4.961820446,5.378903413,5.349956958,10.32908951,0.455823575,-0.688937011,0.643245954,-0.197682884,0.341465017,-0.880511265,0.634410705,-21.35199623,214.2886751,-432.9021091,3.725175082,-313.6427358,-399.2488054,-385.0226379,845.1998446,75.37700869,-257.7994509,-222.8962637,177.171561,-196.386655,-779.2407756,-52.38568158,-83.44853456,-0.500104272,4.907798438,-1.860661901,1.134439365,-2.875961934,-2.245970075,-6.212073072,6.562070278,0.219086921,-2.384546886,1.52815103,-3.533777689,-0.559657815,-1.939496507,-8.141668638,68.61396163,-46.20224878,31.76349631,-56.68320657,-26.36899242,-73.94051424,23.63217912,-14.65512401,-11.33095083,2.945704665,-57.70382211,-124.0352514,99.45241763,-0.533799906,40.8481376,-7.639615447,-0.3663781,0.032018529,-0.40840462,-1.26566583,1.553944026,1.742606775,0.576493543,1.307790933,0.684787435,1.010467962,0.834037576,1.462036331,0.589085285,0.782105493,0.813670901,0.946919478,1.320122123,1.640380448,0.880365819,0.369653303,0.7686219,0.762910265,1.034838741,1.101777916,1.556637413,1.112556473,1.034088034,1.360411769,0.905288893,0.68937403,0.909969422,1.175048182,1.099306993,1.272355323,1.044603483,0.376519633,0.640950126,0.801408248,0.956067877,1.115823851,1.533141046,1.404686327,2.575630252,0.177863709,-4.662191793,282.1938409,0.174940791,-4.706930796,-4.993835152,-2.187043616,6.013868844,3.880631553,0.282631793,-3.411747849,0.0,4.005867187,12.12294663,0.0,4.250190331,3.957827513,3.851804234,3.444494777,3.375815712,3.178653324,3.079404619,2.750541294,1.333761362,1.271311402,1.070402976,1.002672524,0.917605938,3.196976397,3.106751087,2.961733171,2.725417814,2.657044379,5.30491617,4.865956631,4.623056218,4.465116279,4.465116279,4.094570602,2.0,11.0,3.0,1.0,0.0,0.0,0.0,0.0,0.0,0.0,0.252291192,3.124650146,0.288675135,0.73812677,0.11785113,0.895096227,0.013498731,0.143154381,5.385223436,1.637062469,2.46194,25.03103956,335.9716736,0.029397793,-9.522456342,395.6241473,390.0,2.0,0.0,15.0,6.0,0.0,2.0,0.0,4.0,0.0,4.0,0.0,0.0,0.0,0.0,0.0,2.0,8.0,0.0,0.0,8.0,0.0,0.0,0.0,4.0,1.0,0.0,0.0,0.0,1.0,2.0,0.0,0.0,0.0,0.0,0.0,0.0,13.01210652,7.663964185,0.0,0.0,0.0,0.0,0.588122402,-4.60063307,0.0,0.498077156,0.55670131,0.498077156,-0.843556941,0.724325965,0.0,0.831846259,0.0,0.277280205,0.0,0.318440195,0.0,0.0,0.0,0.0,0.0,0.0,0.0,0.0,0.0,0.988143503,0.0,-0.843556941,0.0,0.0,0.0,0.0,0.0,11.83406549,0.0,13.70639389,0.0,0.498077156,0.639339088,13.70639389,1.875875164,7.846290223,0.0,6.832117926,0.0,7.630367437,0.0,8.763033377,0.0,0.0,0.0,0.0,0.710030864,0.0,0.0,12.27250197,0.498077156,1.451081389,0.171998457,-4.60063307,8.500076328,42.75,1.58333,1.5,0.67352,1.30373,0.055555556,1.971947799,3.513375325,4.249729717,4.91878073,24.8440551,41.3455812,55.87688775,34.40690612,22.0,0.0,2.45,0.0,0.0,7.87234413,20.94026076,12.53791179,0.0,0.25,0.0,0.0,0.0,0.0,0.5,0.707106781,0.0,1.323,0.868,1.118,1.87,22.42487908,4.0,0.0,0.0,4.0,0.0,3.0,0.0,0.0,0.0,2.0,0.0,0.0,1.0,2.0,0.0,2.0,1.0,0.05468228,-7.84678206,266.5157844,0.0,5.27
0.0,0.663762793827213,3.41769169,-1.484305885996379,48.616137,20.0,3.0,2.0,0.0,3.0,2.0,0.0,0.0,5.0,7302.645875,376.4619818,197.3688074,141.5905416,116.8128345,115.7284693,176.235883,286.6177281,258.6669829,237.7359991,207.595087,191.5784406,8.801487946,8.289193314,8.469490196,8.326398,8.471418078,8.673027224,9.69041025,1.87982895,1.551137042,1.362413755,1.22335169,167.5178587,148.888394,156.4329115,156.013927,162.7866396,158.3674019,163.0623317,170.766568,185.1536462,10.17464816,3.95311214,6.876792618,4.18006685,4.957401993,5.365690309,5.337012892,10.15467464,0.422054209,-0.664145664,0.595022429,-0.115811915,0.347966133,-0.803523832,0.292308168,-37.69936049,193.7765116,128.8912784,-618.7334606,-166.2512462,-268.6065579,-83.53068438,571.9894976,75.08550391,-192.5519114,-160.826217,-93.54778511,-249.5662651,-611.0261023,323.7233474,392.4295248,-0.538894998,4.664865724,-1.772283856,0.484895148,-2.478015958,-2.49747479,-6.555690361,4.848241452,0.255825245,-1.109427961,0.271229616,-2.238391119,1.935623957,1.970897179,-7.966572146,69.80179143,-45.69146622,31.54478864,-58.44409956,-24.53822651,-71.11963549,30.81768821,-14.05982275,-11.25895522,1.869685369,-57.51713807,-123.0392559,90.45059967,-0.942484012,39.49847971,-5.990451983,-0.351495569,0.020322667,-0.404680707,-1.255502611,1.41329062,1.70208142,0.61054565,1.264727901,0.694179659,0.936400218,0.817379609,1.406402525,0.897868491,0.850798602,0.667890492,0.813984024,1.167983294,1.745260174,0.827728345,0.399246193,0.777674989,0.799843567,0.997935829,1.09663219,1.545688038,1.236660073,0.997772522,1.22548488,0.900226933,0.681309755,0.905581336,1.183036007,1.097177134,1.269289859,1.015420825,0.374988564,0.639771319,0.80371407,0.95789038,1.118405705,1.534429377,1.435726291,3.222689076,0.005423339,-14.60772199,3616.027299,0.019595961,-11.01080902,-6.58508152,-2.463994918,6.23522602,3.624616068,0.061527273,-7.807169283,0.0,4.013507812,12.24519714,0.0,4.259014643,4.068006488,3.860668502,3.469110392,3.397399007,3.374772931,3.177990292,2.987167239,1.330938825,1.24237164,1.062745441,1.002643276,0.824064302,3.19731104,3.131335137,2.964227202,2.727823784,2.687164878,5.344680854,4.894815125,4.657454715,4.511749347,4.511749347,4.104556326,2.0,11.0,3.0,1.0,0.0,0.0,0.0,0.0,0.0,0.0,0.23699924,3.307379532,0.288675135,0.904793437,0.11785113,1.033440826,0.013498731,0.250297238,6.121919909,2.169921214,3.11534,25.12643269,349.822657,0.027882667,-10.02330007,326.3198117,452.0,2.0,0.0,15.0,6.0,0.0,2.0,0.0,4.0,1.0,4.0,1.0,0.0,0.0,0.0,0.0,2.0,7.0,0.0,0.0,7.0,0.0,0.0,0.0,4.0,1.0,0.0,0.0,0.0,1.0,2.0,0.0,0.0,0.0,0.0,0.0,0.0,12.92345306,7.609774616,0.349009273,0.0,0.0,0.0,1.957670335,-4.596605959,0.0,1.171408375,0.548503008,0.535114193,-0.831738788,0.730941861,0.0,0.844999039,0.0,0.293511744,0.349009273,0.339311722,0.403469162,0.0,0.0,0.0,0.0,0.0,0.0,0.0,0.0,1.001429873,0.0,-0.831738788,0.0,0.0,0.0,0.0,0.0,11.89472393,0.0,13.77705233,0.0,0.535114193,0.634092175,13.77705233,1.895159421,7.820360506,0.0,6.764775578,0.0,7.556754639,0.349009273,8.735921074,0.403469162,0.0,0.0,0.0,0.706639613,0.0,0.0,12.33316041,0.636294182,1.450776557,0.157423697,-4.596605959,8.576657615,44.0,1.57143,2.0,0.70998,1.31758,0.055555556,2.04464931,3.640322111,4.31320311,4.91878073,27.86317238,45.11707887,58.62112939,39.43538616,22.0,0.0,2.34,0.0,0.0,6.02396972,20.89220548,14.31020945,0.0,0.25,0.0,0.0,0.0,0.0,0.5,0.707106781,0.0,1.323,0.888,1.208,2.005,22.25675263,4.0,0.0,0.0,4.0,0.0,3.0,0.0,0.0,0.0,2.0,0.0,0.0,1.0,2.0,0.0,2.0,1.0,0.183798956,-4.742955705,476.4752091,0.0,5.366
0.0,-0.268995188788477,0.09721924,0.1197919366947856,51.848516,0.0,3.0,1.0,0.0,5.0,0.0,0.0,0.0,5.0,5690.992078,460.5833333,135.4998114,122.7423339,96.52651333,103.1615816,89.81634018,264.2479332,222.4705686,230.2860733,223.30342,202.5264454,8.641167333,8.405775333,8.44717196,8.345574796,8.396406248,8.621817486,8.520045191,1.660159616,1.450247004,1.383092431,1.266892359,171.8722518,148.7323427,153.0694081,164.0607624,167.3410254,166.0064352,165.1254995,170.1747427,172.1684721,10.96626984,4.456790123,4.731481481,6.027777778,5.797195254,5.996296296,6.751322751,5.867021277,-0.072319118,0.039049208,-0.120063364,-0.049145546,0.063468273,0.256295216,-0.203217793,-28.09888492,-84.55450703,63.2204128,-303.4655109,241.9862668,374.9673502,-271.8938361,-454.5624517,112.8228311,-330.7735703,-320.615557,-434.4153926,198.7605578,172.8208368,-261.4456308,-197.0644026,-0.562114687,-0.807606014,0.985285918,0.448678907,1.674709458,0.341364048,-1.048164429,-4.270971433,0.622635363,-2.119161735,-1.345084642,-0.580118603,-1.105117988,-1.787536589,-4.388582822,-39.42551877,-10.34199855,17.10985641,47.05837612,-36.95144901,-16.7933233,-63.87568038,-13.29908352,28.72099395,6.719923154,5.231150794,-30.40509259,-100.0337617,-0.624419665,41.30878432,1.645912731,-0.295535189,0.067199232,0.269965259,-0.28957231,-1.064188954,1.250358791,0.903764428,0.934196623,1.150804548,1.10467663,1.043118148,0.954084302,1.088929772,1.014906007,0.894212149,0.840980582,1.051815435,1.22518876,0.956015029,0.6877897,0.825431298,0.880045369,0.790448575,0.901009607,1.138923195,1.36403954,0.891452167,1.094618769,0.830219036,0.977656103,0.965272933,0.74391759,1.001665234,1.099301298,1.242178258,0.643913566,0.810797268,0.874552337,0.801211721,0.900592916,1.150955762,1.37400956,2.345238095,0.020155385,-11.71285138,255.2397259,0.355104021,-3.106033549,-12.42038654,-2.309156798,8.596418123,5.412037037,0.092473269,-7.142506968,0.0,3.967093317,11.84174353,0.0,3.967776935,3.851210969,3.758432732,3.409670995,3.094032649,3.058869328,2.871063099,2.836198518,1.560643575,1.273547284,1.038205959,1.00452109,0.850566012,3.367619551,3.007123814,2.813705907,2.774339765,2.716812429,5.03291138,4.900724828,4.871797554,4.758101905,4.698309122,4.203857648,3.0,14.0,3.0,0.0,1.0,0.0,0.0,0.0,0.0,0.0,0.267583143,2.227580138,0.0,0.726558286,0.0,0.753951497,0.0,0.136540218,5.768913935,1.556474008,5.89999,20.13094283,301.9641425,0.390060345,-2.824361462,248.4424413,591.0,2.0,0.0,20.0,0.0,0.0,4.0,3.0,2.0,2.0,0.0,1.0,0.0,1.0,0.0,1.0,0.0,0.0,0.0,1.0,9.0,0.0,0.0,1.0,0.0,0.0,2.0,0.0,0.0,0.0,0.0,0.0,0.0,0.0,0.0,0.0,0.0,2.529866018,19.99795938,11.00851664,0.0,-1.611511716,-8.147554775,0.0,0.0,0.0,0.0,0.396222246,2.601553997,-1.64441715,0.0,0.0,1.030793567,6.269100982,5.781418858,5.504258319,0.0,5.224181524,0.0,0.396222246,0.0,0.475473002,0.0,1.210436508,0.0,0.0,0.0,-1.611511716,0.0,2.601553997,3.749504756,0.0,0.0,10.70844503,0.0,0.0,13.18497782,0.0,0.0,0.475473002,14.59135351,1.651603975,0.0,0.0,6.937794653,6.605197594,5.781418858,5.504258319,0.0,5.224181524,0.0,0.475473002,0.0,0.91700689,0.0,0.0,0.0,0.0,1.210436508,0.154961102,-1.64441715,13.06432912,36.0,1.2,0.0,0.86138,1.14669,0.047619048,1.782252093,3.597077175,4.439555222,5.201841232,19.32652661,37.4434551,62.93638835,31.25683726,11.0,0.0,2.78,0.0,0.0,7.406145961,24.85613273,20.0977867,0.0,0.0,0.0,0.0,0.0,0.0,0.727928251,0.0,0.0,0.265,1.418,2.854,2.549,6.088458298,4.0,0.0,0.0,4.0,0.0,1.0,0.0,0.0,0.0,1.0,0.0,0.0,0.0,2.0,0.0,2.0,0.0,0.030827046,-10.43808862,299.8540445,0.0,1.059
0.0,-1.211160256270159,1.53908836,0.282191312090172,97.821341,15.0,6.0,5.0,2.0,0.0,1.0,0.0,0.0,1.0,10279.18812,440.8637498,125.3559527,115.4838191,64.75647394,64.11052936,63.28554925,225.8352055,169.4745025,168.2397672,175.2658443,168.1442427,7.803303451,7.805206774,7.733942904,7.724776557,7.780595805,7.812911451,7.7643209,1.645792652,1.27041652,1.32221545,1.282380196,162.8060245,146.4864717,154.7116603,159.055342,162.4278419,162.8864189,162.9542413,161.2358243,163.4402731,5.376387193,2.84839022,3.125873132,3.00851321,2.960093689,3.158115195,3.502321314,2.983056321,-0.020961268,0.027407013,0.086948609,-0.250343769,0.007101583,0.737295216,-0.961779356,518.0246304,-806.5541295,-1843.109339,303.7213441,-11.27480049,66.12342008,-630.9342499,-36.8188999,88.41270152,-266.2878438,-1479.197348,-321.5117917,416.6713054,411.7139063,-855.9970746,1209.68799,0.005338084,0.861571616,-2.190945544,-0.739409529,-0.297399869,-0.939801556,1.058320089,-4.407813339,-0.03482737,-6.355123765,1.2891592,0.690193199,-4.031329784,7.27218735,-16.96011238,-7.106180975,-13.03448392,-9.365020421,-1.384786383,-3.761831867,-15.90704166,25.82525803,-11.56509378,-45.15994874,-70.00108896,-25.22973974,37.20571322,-79.85431007,6.094407416,51.49849932,1.54779664,-0.136059927,-0.292891586,0.029590657,0.134316654,-0.258428188,1.433525676,1.089876633,1.106038962,1.053599773,1.1689882,1.137432918,0.969535926,1.34461778,0.834865409,0.966124757,0.901360957,0.936320893,0.938591038,1.021434106,0.71123273,1.142604756,1.089239783,0.994472253,1.162242165,1.060013027,1.290018921,1.002380695,0.892389008,1.367887064,1.194561615,1.090402818,1.013770393,0.990993949,1.038163483,0.927293276,0.514406833,1.065364766,1.203666058,0.917745646,1.16712631,1.072370625,1.236258109,4.004201681,0.050825872,-13.40707397,872.2630999,0.043394635,-14.11838759,-11.56465444,-19.75728479,23.47323199,-1.169421779,0.614105757,-2.194146552,1.0,4.24340331,11.19428606,1.0,4.710864698,4.102374941,3.840890995,3.797628951,3.729463011,3.618387859,3.53010703,3.420598032,1.76051038,1.720426045,1.626243986,1.562892958,1.432331672,3.581993466,3.461711836,3.356260778,3.28136246,3.200287593,5.119587124,4.813687807,4.796618006,4.775377027,4.673307913,4.128317277,3.0,11.0,3.0,9.0,3.0,0.0,0.0,0.0,0.0,0.096225045,0.35549886,3.817781116,0.25,0.315641142,0.0,1.65715426,0.050999172,0.079957961,6.424820637,2.533785325,2.60818,37.57866151,709.7827129,0.162921537,-8.165189531,13253.75863,1345.0,3.0,0.0,18.0,2.0,4.0,4.0,2.0,2.0,8.0,1.0,6.0,0.0,0.0,0.0,2.0,1.0,8.0,10.0,3.0,8.0,1.0,11.0,1.0,2.0,0.0,0.0,0.0,2.0,0.0,5.0,0.0,0.0,0.0,1.0,0.0,1.0,21.95357345,2.494459791,21.69370752,3.632447692,-0.886536675,-0.832496543,3.448044347,0.0,-1.330699289,0.716167274,0.286453174,-1.330699289,-0.387397746,3.910378168,-0.421895497,0.205148389,0.427000468,3.879002211,0.518747497,0.206807766,-0.384266298,0.0,0.0,0.0,0.288770199,0.427447686,0.686987613,1.639767254,-0.085239118,1.702281925,-0.886536675,0.519284212,2.909698528,0.0,0.0,1.490646661,0.0,12.44368285,0.0,0.0,-5.045196791,0.716167274,0.317047962,13.69523624,2.098988378,3.945244283,3.954776089,0.978729994,3.923043893,4.342046732,4.138007548,0.206807766,4.293301153,0.0,0.317047962,0.925125633,0.528649567,0.897326126,0.0,13.69523624,0.716167274,1.132088198,-0.1167017,-5.045196791,7.850377735,54.75,1.21667,0.5,1.14486,1.16602,0.433333333,1.778902302,3.90351563,5.247557492,5.884931425,21.57896509,42.52686776,63.35400055,31.88223312,9.0,0.0,3.33,0.0,2.750749445,0.0,33.29469526,8.365095287,0.0,1.46856277,0.0,0.0,0.229283032,0.209656967,0.474957126,1.265850472,0.166666667,1.268,4.195,5.668,4.159,4.393535476,4.0,0.0,1.0,2.0,0.0,1.0,0.0,0.0,1.0,0.0,0.0,0.0,0.0,2.0,0.0,0.0,1.0,0.03030207,-15.73442665,721.5855736,2.397895273,3.102
0.0,0.6246778734807686,3.18372649,-1.0493987091717445,67.42986,18.0,1.0,2.0,0.0,0.0,0.0,3.0,0.0,3.0,23344.73988,167.6792695,466.8947977,144.6201452,77.70621095,90.91067665,130.862151,271.4480329,194.2539515,199.5162727,193.3796616,190.002173,7.6666523,7.736611645,7.683415928,7.622133586,7.622028173,7.515972041,7.403712122,2.124595322,1.519822763,1.542493435,1.591523952,154.8451566,140.6717219,147.4502089,150.9666903,155.364946,156.8916455,154.7365891,154.7403104,155.9509183,3.353585391,2.835255066,2.685286935,2.71953405,2.707609621,2.796574074,2.548298298,2.163615588,-0.158506035,0.21664014,-0.032756867,-0.068899161,-0.011868854,-0.020779611,0.067450496,1.072166737,308.7652277,-3589.790782,-2804.905699,2851.808033,-436.4004703,1208.543932,1682.494858,12.60108938,46.18539756,-1229.865657,-994.054698,993.992682,-472.6658298,-231.5210955,1027.362564,-0.021319909,-0.116654272,0.222934486,-1.477494363,-1.021742818,-0.55703004,0.531625773,1.409681232,-0.333316817,-7.096474461,-5.865806286,-2.959669472,-0.901530929,4.461697595,-6.228623785,5.867072223,-24.09528752,-20.37014446,16.06954824,-5.362667914,-7.267020472,11.24203254,-2.093776852,5.686606173,-12.62748519,-2.420833333,-15.34184938,-5.336177675,0.020229561,58.28875869,-3.151105532,-0.039505224,-0.091503516,0.048116848,-0.103661144,-0.040734181,1.363139429,1.442199493,1.155274808,1.357958137,1.515801896,1.207003896,0.80728946,0.417694961,0.660753951,0.239730499,0.573216916,0.697194385,0.985096388,0.80206699,0.972270424,1.122843986,1.430726839,1.349121933,1.178065258,0.856357225,0.519672176,0.539465852,0.959707195,1.074441608,0.991258602,1.140445467,0.96872621,1.045037385,1.017803874,0.887262034,0.747194825,0.974240678,1.545836941,1.057228014,1.452488313,1.511495187,0.938025953,3.128571429,0.203663572,-4.773857417,482.7372743,0.228057077,-4.434478035,-4.804767327,-4.073538065,11.53968842,-1.228618156,0.13485035,-6.010768908,0.0,5.595225579,12.09474857,0.0,6.879645155,6.879644414,6.879643734,3.879003427,3.720205208,3.657315801,3.508624221,2.993671946,1.660256338,1.423556845,1.273761657,1.082250302,1.082250302,3.498570946,3.12054998,2.935052881,2.793122114,2.645815032,4.651548121,3.899148773,3.848929777,3.819546343,3.401645897,3.090487936,1.0,15.0,3.0,0.0,4.0,0.0,0.0,0.0,0.0,0.0,0.295360921,2.202243603,0.0,0.440444044,0.0,1.699996113,0.0,0.145651522,4.969319655,2.770846395,6.1742,18.79182269,281.8773404,0.000462,-23.03946397,308.1268479,683.0,0.0,0.0,19.0,0.0,0.0,0.0,0.0,0.0,0.0,0.0,0.0,0.0,0.0,0.0,0.0,0.0,12.0,4.0,1.0,12.0,1.0,1.0,3.0,0.0,0.0,0.0,0.0,1.0,0.0,1.0,1.0,0.0,0.0,0.0,0.0,0.0,34.26169699,0.0,0.0,0.62270062,-0.712033974,0.072725291,7.84216708,0.0,0.0,0.0,0.0,1.917809787,0.072725291,0.0,0.0,0.0,0.0,0.0,0.0,0.0,0.0,0.0,0.0,0.0,0.0,0.67129558,0.883292056,1.937006268,0.62270062,2.154932425,-0.449472064,1.153091909,0.0,0.0,0.0,1.917809787,0.0,13.31162704,6.583590089,0.0,0.0,0.0,0.0,13.31162704,2.227197323,0.0,0.0,0.0,0.0,0.0,0.0,0.0,0.0,0.0,0.0,0.883292056,0.435366269,0.62270062,0.0,13.31162704,0.0,0.883292056,-0.500842545,-0.449472064,10.97891699,39.0,1.3,1.5,0.97847,0.95433,0.208333333,1.579205201,3.117780939,3.797780939,4.267976439,30.40315501,44.75671692,86.76394909,64.39329525,6.0,0.0,3.44,0.0,2.457494195,15.61098487,31.62307116,11.18773565,0.0,0.0,0.333333333,0.0,0.0,0.0,0.0,0.0,0.0,0.003,1.297,2.878,3.328,4.045096983,4.0,0.0,0.0,4.0,0.0,0.0,0.0,0.0,0.0,0.0,0.0,0.0,0.0,1.0,0.0,1.0,1.0,0.191776173,-4.954279053,421.5144208,0.0,7.786
2.0,-3.517474011060896,25.40865649,3.480803746973101,156.333959,0.0,12.0,13.0,2.0,0.0,1.0,0.0,0.0,1.0,15838.75202,896.3454885,114.7735654,102.7965157,74.18807212,68.93982537,67.68868435,212.2749702,175.5183798,177.3854807,173.3046224,170.4745069,7.994367732,7.934366937,7.951754495,8.091278837,8.02394716,7.942134074,7.988598378,1.474949022,1.258393767,1.238420974,1.233909624,166.215314,150.8934179,156.1608375,163.2320171,166.3131449,165.4408886,164.2146354,164.3833436,163.7943018,6.495257163,3.364212124,3.420757102,3.393395062,4.912668676,3.871254398,3.550283161,4.254351834,0.55168115,0.860752267,-2.386486322,1.549639882,0.665349697,-1.728901287,0.777687983,118.0926943,-174.042931,-1857.848145,-379.162149,1984.895368,-1172.462497,-399.4801974,-673.8452772,271.6270906,-984.6758479,-1722.278737,840.0611404,888.0911405,-859.7131164,527.0518795,-1690.148142,-1.312671929,4.486908155,-1.516295025,-6.887608719,8.79406305,-2.149285653,-7.512027161,3.682508823,2.367734848,-5.447623868,1.17973541,-1.114966412,2.879003622,-6.656836163,-1.482358331,-66.29394317,11.33450721,-11.40580221,-12.33608928,30.04308549,15.71592756,-30.83814379,-20.18968343,-103.1034289,-132.8653382,-93.63048065,-181.251847,110.431257,0.837536839,48.10032434,-1.833077007,-0.143189244,-0.322488685,0.643092086,-0.337526717,0.188128206,1.607344242,0.807456598,0.93114368,1.423847444,1.02835337,1.072125883,1.241587987,1.001297087,0.882718318,0.747822963,0.903389845,0.878157569,0.945399711,1.126507931,0.514746268,0.974680057,1.184586661,0.939706887,1.103779566,1.152365805,1.008502427,0.850405955,1.012855343,1.354529951,1.394771224,1.04448449,1.040696074,1.002124315,1.001641588,1.05340786,0.474635752,1.008164446,1.141020247,0.96946769,1.167967273,1.162660479,1.043686523,6.861344538,0.025713524,-27.45553657,1665.941429,0.101436452,-17.16242076,-28.27996513,-15.28275525,19.11454202,9.834849604,0.047640206,-22.83058663,0.0,4.131141923,11.26752072,0.0,4.003067693,3.945932302,3.817514608,3.794773681,3.74586849,3.714031915,3.650485462,3.640948688,1.836411838,1.822118409,1.7572595,1.741260054,1.683559236,3.650479277,3.612111705,3.547060736,3.514145855,3.452043067,5.029867631,5.027602996,4.962977387,4.954667455,4.945638603,4.942579218,14.0,7.0,2.0,6.0,15.0,2.0,0.0,0.0,0.0,0.262188697,0.352062073,6.012851625,0.0,1.229495752,0.0,2.628882634,0.0,0.302303084,11.65577953,4.451760931,-0.79201,56.64568078,709.7827129,0.05188919,-22.18983601,3647.486981,2844.0,11.0,0.0,23.0,11.0,25.0,7.0,19.0,23.0,11.0,21.0,23.0,14.0,2.0,1.0,8.0,0.0,0.0,22.0,14.0,8.0,5.0,9.0,10.0,0.0,0.0,2.0,0.0,1.0,0.0,11.0,0.0,0.0,0.0,2.0,0.0,0.0,5.674604749,15.30336453,20.8298773,-1.920939518,-13.06218481,-8.798446263,0.0,0.0,-2.895144431,0.521675936,0.290418398,-1.469825673,-1.644518063,4.033815952,0.380752076,-0.492131936,-0.560247481,-0.502162598,-0.510445992,-0.591577307,-0.785463084,-0.426864418,0.402481272,0.551078893,0.290418398,0.459963722,0.8052088,1.629979705,-0.960177803,0.0,-1.913173024,0.0,2.294473292,3.967846138,0.0,1.12367375,9.836253815,12.10754827,0.0,0.0,0.0,0.521675936,0.551078893,14.35671074,2.046472613,7.092111393,4.839125974,5.280350933,7.803097362,6.707313218,5.472289107,7.911680266,7.412070686,5.397185333,0.381165937,1.116977881,0.684778933,0.517743397,0.0,14.35671074,0.521675936,1.116977881,-0.211761572,-1.913173024,1.078673668,74.5,0.99333,0.0,1.65395,1.41194,0.510638298,1.813165199,3.845111274,5.257819048,6.066397373,20.92878092,39.41826735,118.1120817,49.15692289,6.0,4.0,3.55,1.312249929,6.87860559,16.26106404,0.0,0.0,0.0,8.176083568,0.0,0.0,1.198335811,0.166666667,6.184816432,1.815820776,0.0,5.118,7.15,7.418,5.6,1.923240938,4.0,0.0,2.0,1.0,0.0,1.0,0.0,0.0,0.0,0.0,0.0,0.0,1.0,3.0,0.0,0.0,3.0,0.001134015,-50.86492888,1359.985276,3.044522438,1.268
2.0,-3.674906128108531,28.09106001,2.604990957296313,181.555784,12.0,10.0,9.0,0.0,0.0,0.0,2.0,0.0,2.0,25203.17534,723.9621056,152.7465172,90.46534808,51.30943685,55.10464453,52.56278578,195.3926767,148.3374873,157.2510767,153.8700806,153.922461,7.614542145,7.488462241,7.554431315,7.640947547,7.723678797,7.724556513,7.713089819,1.404837404,1.171146434,1.145536767,1.152063284,166.265644,149.4563849,156.8949892,163.382089,166.1188364,167.2697912,165.4536623,166.0888304,165.4787413,4.387649125,2.770631246,2.754078838,2.246474593,2.624891493,2.876778046,3.215295891,3.022459407,1.185557618,-0.356374789,-0.673628524,0.924173605,-1.102273979,0.684971258,0.534310181,6.482817262,203.0460295,-719.82801,-1282.164036,1855.216133,-1499.395155,336.2949777,-1004.980355,115.8102089,-1780.449702,-636.0745173,-530.1646563,1638.818273,-450.6148964,531.4087114,-204.2327897,-0.903595985,5.46894056,-1.845764966,-3.550302516,1.224508109,-1.956443449,6.317228622,1.034493764,0.084441914,-2.66600007,-3.382394855,-4.113846612,-0.849462196,0.255382827,-23.54098674,-0.977016591,-25.84128026,-57.5634009,44.25221607,-28.14155133,9.469577641,36.71562119,-7.710816772,-39.93657736,-76.34443362,-25.08724333,177.4394556,19.47368385,0.038588198,50.73751255,-0.816331334,-0.045897719,-0.153920229,-0.062350366,0.277683029,0.02715995,1.795788452,0.617471932,0.950833012,1.130818832,1.050937426,1.445081288,1.215652334,1.212692317,0.702583986,0.430443197,0.674992415,0.606580689,0.562141129,1.18096311,0.471614469,0.874679237,1.071160595,1.043113759,1.230743907,1.067694563,1.198831447,0.749647264,0.852292433,1.517460163,1.24298833,1.091319249,0.980629242,1.116285368,1.044001173,1.014709007,0.397228735,0.788555514,0.998389374,1.047040975,1.176874177,1.049421744,1.237674763,5.335714286,0.055079433,-22.32213758,1213.186952,0.030949676,-26.76052421,-20.27444268,-32.78093664,19.96214082,8.827704451,0.027980419,-27.53712757,1.0,3.935481321,12.41654844,0.0,6.879644413,6.879644413,3.769931027,3.72867566,3.721471896,3.685444354,3.658523379,3.638062406,1.952177574,1.925616219,1.855114405,1.819382289,1.738428215,3.665494178,3.653843891,3.574490149,3.483647919,3.429877443,5.171930926,5.171925952,5.101779628,5.085523049,5.082429872,5.080506185,3.0,10.0,2.0,9.0,26.0,2.0,0.0,0.0,0.0,0.0,0.370790812,4.590663309,0.0,0.446383983,0.0,2.395912717,0.0,0.151376666,7.965784934,4.135980734,8.5015,24.84152001,709.7827129,0.119761344,-16.34135822,1200.927174,3108.0,9.0,0.0,19.0,13.0,1.0,1.0,12.0,8.0,22.0,18.0,11.0,18.0,2.0,2.0,5.0,0.0,8.0,37.0,3.0,8.0,0.0,32.0,5.0,0.0,0.0,0.0,0.0,3.0,0.0,7.0,0.0,0.0,0.0,0.0,0.0,0.0,16.83893548,0.72716837,50.03829853,16.74314326,-1.593828317,-4.764221143,4.863157041,0.0,0.0,0.0,0.183612063,1.409832166,-1.114900328,0.294426095,0.342330462,0.72716837,0.279296003,0.32473864,0.534638383,0.258862193,0.300980163,0.495523254,0.396657988,0.351476768,0.183612063,0.291911548,0.749259596,0.0,-0.36548124,2.042069491,-0.944542944,1.021690426,2.981510361,0.0,0.0,1.409832166,9.918701259,12.13398488,0.0,0.0,0.0,0.0,0.515783642,15.04196628,2.134791524,6.344214133,0.342330462,0.72716837,3.190855589,7.319472571,6.027062677,6.586971454,7.758400153,6.421026496,0.266570169,0.90482818,0.423104285,1.235421718,0.589167136,15.04196628,0.0,0.90482818,-0.368792628,-1.114900328,14.3060681,71.0,0.92208,1.0,1.7889,1.09549,0.660714286,1.563955766,3.269437196,4.690378827,5.823526154,20.02014935,34.7006154,139.6044621,56.96611227,6.0,6.0,5.31,0.0,0.0,0.0,0.0,13.82429129,0.0,3.880385129,0.0,0.0,0.992256939,0.857202371,1.38238173,3.058792954,0.793700526,2.971,5.267,6.455,4.14,1.65237069,4.0,0.0,0.0,4.0,0.0,0.0,0.0,0.0,0.0,0.0,0.0,0.0,0.0,0.0,0.0,0.0,4.0,0.149544206,-14.63125693,1183.343788,0.0,9.155
0.0,-1.432196405185921,2.57538304,2.426401649367608,116.148755,0.0,6.0,7.0,0.0,1.0,2.0,0.0,0.0,3.0,12082.21607,607.0800373,128.5342135,111.7004107,78.48150111,81.04239009,67.14723711,249.5613216,206.7541825,205.3134349,192.6556952,184.4351024,8.02352666,7.862179955,7.930620724,7.979660505,7.977708181,7.856358143,7.769712066,1.67086839,1.43873909,1.393859793,1.385032277,160.9547588,145.5884319,148.9505639,156.3052424,158.6628646,158.818127,158.704624,160.41292,160.4180212,6.45829827,3.310520556,3.298483213,3.309820496,3.991092118,4.21022361,3.658546772,3.185549484,0.392600794,-0.18812245,0.063549227,-0.283294677,0.172553211,0.139226635,-0.369268429,41.28025865,336.6421643,270.0367277,31.86529115,-776.5258283,-211.6225327,574.3741587,-2079.156841,317.9408555,-440.8287836,148.8404978,-16.86378497,-231.5653788,-1127.683607,-180.3926611,-729.4391619,-0.672349345,2.514102128,-0.656941199,-1.319123721,-2.649729753,2.295546953,0.695023736,-3.240304006,1.415556649,-1.931911397,-1.728133333,-2.065093783,0.966409438,-2.834868266,-0.30613158,-31.06133903,-18.93590586,-17.98281684,-11.1234391,2.4531728,4.503138011,-3.843399613,-4.409305071,-26.17239124,1.816791045,32.56705931,8.478898141,-11.33199352,0.404708418,47.91480152,-3.396637372,-0.043228481,0.005976286,-0.120406187,0.025310144,-0.037154077,1.477207699,0.740673956,1.036747731,1.111995518,1.179233348,0.989378357,0.821634516,0.817292866,0.8054876,0.880467255,0.882038485,0.994989885,1.392494658,0.961764525,0.480942482,0.851210615,0.986424337,1.120246325,0.972393535,0.966264657,1.036985415,0.942002929,1.118923389,1.076990411,1.132602343,1.039157411,1.031956782,1.039712361,1.057372798,1.015179838,0.500064097,0.840762876,0.971507381,1.169057224,1.048410455,0.928555452,0.822415494,4.234593838,0.410667553,-5.250830463,1131.525613,0.500476049,-4.083953662,-5.39060954,-3.70267839,17.40321804,6.494486523,0.191899021,-9.739637275,1.0,4.383142296,15.51523676,0.0,4.077181527,3.977649309,3.960767648,3.834794883,3.791872246,3.698510368,3.49187772,3.485822376,1.878733957,1.860683597,1.83527955,1.592782349,1.473561819,3.769467138,3.645633052,3.610164414,3.40626908,3.264392616,5.089040145,4.927772271,4.888668032,4.854377173,4.84872072,4.838265887,7.0,19.0,5.0,0.0,9.0,2.0,1.0,0.0,0.0,0.191116977,1.148609187,4.884389062,0.13650087,1.835587471,0.230257185,2.412721956,0.098584392,0.689005474,13.09694316,5.757398723,7.27328,32.76939887,709.7827129,0.301548976,-7.073054728,1077.237947,2518.0,5.0,0.0,31.0,5.0,4.0,6.0,4.0,10.0,6.0,1.0,6.0,2.0,0.0,0.0,5.0,0.0,0.0,10.0,4.0,13.0,0.0,7.0,3.0,0.0,2.0,0.0,0.0,1.0,0.0,7.0,0.0,0.0,0.0,0.0,0.0,0.0,21.60325976,8.147119932,8.100139924,3.927157569,-3.026709733,-0.215649504,0.0,-2.075133664,0.0,0.786006291,0.036455724,0.215833733,-0.75675306,4.225258059,0.108815079,0.115157739,0.599802903,0.007868375,0.020786053,6.385750694,0.098734249,0.266782555,0.0,0.0,0.036455724,0.410665834,0.736708303,0.0,-0.025198296,0.0,-1.157739542,0.0,2.168432741,0.0,0.0,0.830470218,0.0,11.69575509,0.0,16.45291426,0.0,0.215833733,0.564476118,16.45291426,2.029990751,7.083772407,1.182347046,5.91220313,7.651633808,5.285379787,5.473432531,6.385750694,7.65185147,4.354536851,0.564476118,1.013864789,0.621285468,0.989406561,0.0,14.70314966,0.570172558,1.013864789,-0.282439001,-1.257748518,8.733184922,67.75,1.14831,0.0,1.29661,1.31019,0.279069767,1.767189389,3.887207326,4.970549449,5.947997894,20.1975729,39.91318098,99.99041438,36.85184637,23.0,0.0,4.43,0.0,0.0,0.0,0.0,0.0,1.0,2.265845353,0.0,0.0,0.0,0.0,1.227206798,0.65996528,0.0,0.611,3.565,5.94,5.919,3.208533333,9.0,0.0,3.0,6.0,0.0,2.0,0.0,0.0,2.0,0.0,0.0,0.0,0.0,4.0,0.0,1.0,1.0,0.410453725,-5.253903301,1061.171698,3.433987204,0.957
2.0,-3.360284657493674,22.86465489,2.468849621963656,178.629577,12.0,9.0,9.0,0.0,1.0,0.0,1.0,0.0,2.0,18984.28546,785.078275,115.0562755,84.67221749,48.55198603,51.55690564,49.30607801,190.9163441,148.4430833,154.9061953,152.5500994,151.8003804,7.627601945,7.510556143,7.545474459,7.620808371,7.675743748,7.674612642,7.651324115,1.345700203,1.159989777,1.143238893,1.143788899,167.0999814,149.4198742,157.3032188,163.8523713,166.1581783,166.4909474,165.585283,165.6859852,165.2493118,4.758050152,2.83946921,2.815776816,2.372421079,2.58194987,2.782317113,2.915926772,2.909257611,1.014283777,-0.297780783,-0.462906923,0.409376336,-0.240065075,0.10599867,-0.155204799,15.99997407,111.550132,-733.7195273,-656.9958977,758.1273445,-830.7915143,-47.57238014,-333.8008729,43.70721904,-1652.724047,-733.2138225,-86.01089992,973.4691006,-245.4556471,234.5371976,-97.50610078,-0.845069008,5.091182909,-2.247917893,-3.375691942,-1.020175298,-1.544081512,1.579992694,0.647193132,-0.332935925,-3.141094273,-1.257970637,-2.167960768,-0.404793267,0.010902448,-24.96621451,-21.64978661,-25.1197575,-44.29976863,10.48937377,-10.76610247,5.464257408,26.25227853,-9.641082914,-48.6153075,-77.15442501,-18.92240169,34.54039095,29.13531055,0.095808228,49.62928727,-0.435205048,-0.057731035,-0.156817937,-0.103779266,0.052572893,0.038898946,1.753520894,0.646209307,0.966272353,1.076816863,1.065628608,1.249791195,1.196915811,1.183102195,0.777128342,0.580509335,0.756765144,0.708952847,0.638532816,1.200161102,0.485183389,0.897845818,1.007513922,0.998291202,1.060487471,1.026607652,1.025526697,0.84427689,0.911462595,1.469926222,1.238539105,1.072362843,0.966222941,1.047656643,1.002507359,0.976939289,0.414214416,0.822769744,0.94509863,0.957191773,0.977335731,0.998776258,1.011785673,4.697619048,0.110099954,-16.76838654,1232.624791,0.143141381,-14.77381069,-16.57401925,-13.70662375,20.24656873,9.548718944,0.051394424,-22.5585145,1.0,3.82854687,12.44293189,0.0,6.879644413,3.822172533,3.768023977,3.721143315,3.683022812,3.649296363,3.596919454,3.542116804,1.933804305,1.897255538,1.866936012,1.835844238,1.752023861,3.661347726,3.595495137,3.529176343,3.474471295,3.445605611,5.332398865,5.131324615,5.131324272,5.060683469,5.041326315,5.039464221,4.0,10.0,2.0,10.0,25.0,2.0,0.0,0.0,0.0,0.0,0.268728739,4.794787455,0.0,0.446383983,0.0,2.356841853,0.0,0.151376666,7.821447367,3.755844013,8.3312,23.77888616,709.7827129,0.328279327,-8.465567237,1493.440288,2939.0,8.0,0.0,19.0,10.0,1.0,1.0,7.0,10.0,13.0,14.0,19.0,8.0,2.0,2.0,4.0,0.0,8.0,37.0,4.0,8.0,2.0,30.0,5.0,0.0,0.0,0.0,0.0,3.0,0.0,7.0,0.0,0.0,0.0,0.0,0.0,0.0,12.89140732,0.729526434,20.79440588,12.75583261,-1.353904667,-4.338438262,2.868740209,0.0,0.0,0.0,0.158774573,1.414326917,-1.044263401,0.289128068,0.264063807,0.729526434,0.275706568,0.251805805,0.538632275,0.245873733,0.224559153,0.493145588,0.451456581,0.348678641,0.158774573,0.290033397,0.607919399,2.020740025,-0.231242973,1.37245014,-0.843123617,-0.354410239,2.929106965,0.0,0.0,1.414326917,9.633766316,11.77106213,0.0,13.58877694,0.0,0.0,0.515811744,15.06850741,2.089739886,6.341205439,0.264063807,0.729526434,2.371480087,7.312267339,4.137760225,6.802776835,7.772513087,4.101414025,0.274596555,0.872448937,0.577701385,1.234296381,0.592974048,15.06850741,0.0,0.872448937,-0.379551666,-1.044263401,14.76091442,69.75,0.91776,1.0,1.79467,1.11138,0.660714286,1.556559784,3.317486048,4.918967441,6.050815244,18.07118906,33.58403267,128.0846604,47.46276935,6.0,6.0,5.42,0.5,5.926951554,0.0,0.0,13.43491557,0.0,3.619846767,0.0,0.0,0.843442849,0.857202371,0.774836001,2.730816364,0.793700526,2.768,5.114,6.257,3.478,1.665746269,3.0,0.0,0.0,3.0,0.0,0.0,0.0,0.0,0.0,0.0,0.0,0.0,0.0,0.0,0.0,0.0,4.0,0.211857923,-11.79397948,1304.653746,0.0,9.21
0.0,-0.4606569565743023,1.6e-05,-0.3645206192190225,98.412927,18.0,3.0,3.0,0.0,6.0,0.0,0.0,0.0,6.0,8755.262947,655.2152778,100.6352063,97.37204443,64.72262638,57.0491131,52.14814718,217.2442917,179.4700355,177.941431,157.5910749,154.8304063,8.047571586,7.721995948,7.901435147,7.982977092,7.694382576,7.576572562,7.691859605,1.438636888,1.310517166,1.185650386,1.143692238,169.9745179,147.0609134,159.2237896,158.6567531,164.4712599,164.894797,159.1497583,163.6025755,165.4088148,7.531210089,3.157203907,5.069028609,3.128711686,3.994188337,3.062657318,2.682277319,3.194601381,-0.01468802,0.27358884,-0.328560404,0.020033474,0.267872817,-0.256193125,-0.407864211,131.3332656,961.9273983,718.6166828,42.20217754,-461.2260422,-1287.296004,35.66021147,732.7326144,-2.789628745,56.67169443,-218.1514252,-27.56077641,107.9325443,-2138.990104,-223.7626614,-453.1323493,-0.185633208,9.194496528,1.24389531,-3.539755805,1.067846968,2.112993779,-0.977917013,2.068230464,-0.81441209,-5.098630863,-2.771537837,-7.142848971,-2.816448884,-6.155719275,-20.10368485,121.180419,-69.9763702,-63.30094718,96.43896563,-25.34392177,-40.16970428,-90.59078891,-16.60111144,49.89535441,-55.18041518,40.79695964,-30.40245574,-14.21859724,1.443222699,48.82360593,-6.922298073,-0.182429796,-0.202869173,0.104586562,-0.083753322,-0.040165529,1.696460507,0.971182212,1.024680764,1.303542324,1.143470862,0.92882472,0.872633336,1.006204626,0.947883006,0.99003616,0.960849166,0.910703899,0.905859341,0.989344877,0.437889687,0.599881131,0.986309548,0.902206316,0.546551262,0.644584376,0.751995224,0.885471155,1.045804512,1.045954298,0.755861935,0.861600596,0.70706279,0.693151074,0.749582571,0.905946405,0.344260548,0.478283135,0.934641072,0.871039693,0.500672662,0.637395611,0.795858682,3.178571429,0.518690207,-3.150952692,1228.156645,0.317288185,-5.510135127,-3.172807034,-9.389872381,14.8889244,6.620089286,0.577376676,-2.636449952,0.0,3.529467564,13.46648399,0.0,3.92337369,3.869204359,3.8295756,3.761549138,3.594119437,3.37073031,3.306960128,3.252573774,1.88957878,1.854875847,1.725816816,1.491995062,1.372874417,3.697159683,3.567828167,3.265491765,3.179928507,3.069611485,5.541398594,5.541396837,4.868214635,4.856280301,4.740740741,4.740740741,4.0,10.0,5.0,7.0,8.0,2.0,0.0,0.0,0.0,0.0,0.392258898,5.335464551,0.660683603,1.497826018,0.344321911,1.754789296,0.068664129,0.294213208,9.75173889,3.562726934,7.66961,23.3659266,560.7822384,0.058331759,-13.6397212,740.9984311,1472.0,0.0,0.0,19.0,0.0,0.0,0.0,0.0,0.0,0.0,0.0,0.0,0.0,0.0,0.0,0.0,0.0,11.0,13.0,0.0,11.0,2.0,10.0,2.0,0.0,3.0,0.0,1.0,2.0,0.0,2.0,1.0,0.0,0.0,0.0,0.0,0.0,13.20519903,0.0,0.0,4.169697402,-0.670469708,-1.353758585,-0.31085258,-11.15449569,0.0,0.0,0.0,1.269224686,-1.139300671,0.0,0.0,0.0,0.0,0.0,0.0,0.0,0.0,0.0,0.0,0.0,0.0,0.456845579,0.0,1.82579921,0.069163673,0.739952989,-0.995264524,-1.139300671,0.0,0.0,3.781886323,1.269224686,0.0,13.96462826,6.448008632,13.36079451,0.0,0.0,0.0,14.71484512,2.092439948,0.0,0.0,0.0,0.0,0.0,0.0,0.0,0.0,0.0,0.0,0.963634467,0.772006827,0.850095855,0.324794816,14.71484512,0.0,1.474296599,-0.626152573,-4.822885901,16.46241983,52.0,1.08333,0.5,1.29617,1.17065,0.472222222,1.646764914,3.535317655,4.743487892,5.275715047,16.92417472,35.54778101,81.34730246,47.91445001,9.0,3.0,4.1,0.066666667,5.451198697,0.0,38.7450996,7.775916024,0.396850263,0.166666667,0.516397779,0.0,0.0,0.0,0.0,0.353553391,0.25,0.003,2.545,3.012,2.203,2.680228301,5.0,0.0,0.0,5.0,0.0,0.0,0.0,0.0,0.0,0.0,0.0,0.0,0.0,3.0,0.0,3.0,2.0,0.426992119,-4.08475067,933.9232344,0.0,11.107
1.0,0.6683146090849511,3.44547844,1.0678132541846392,78.907825,0.0,4.0,4.0,0.0,0.0,0.0,0.0,1.0,1.0,21978.19769,290.1059528,354.4870596,122.223583,69.6212805,80.26799799,75.84886562,250.5099022,174.5450638,173.7302561,178.8561199,185.14484,7.758495806,7.622669113,7.744422314,7.869050312,7.832243771,7.865875873,7.804874067,2.019997397,1.292221376,1.327308492,1.346890188,159.1802823,145.1524045,149.6037702,155.3422026,158.3275704,162.5811407,162.7659694,162.2969665,160.1437152,4.679128271,3.304079686,3.395978175,2.809671818,3.684252044,3.165571429,3.50052381,3.602625926,0.228399693,0.10971762,-0.511911229,0.42607447,-0.15908252,0.012835079,-0.019691344,5.286945838,150.574387,-1235.725136,-2142.705495,622.036244,1166.834941,437.6562144,885.1207511,111.4724232,-283.2312256,-152.345995,-1124.528799,-123.223236,128.9989162,42.37251154,285.3131937,0.078599779,2.055279952,-0.105722134,-2.071106704,1.252404733,-1.163841399,0.005825116,0.403365511,0.601561599,-1.02235938,-6.442342101,2.998685763,-0.929486471,3.102499933,9.793945929,6.264106297,3.582366262,-25.92510039,6.895696715,-5.246530743,0.467820247,9.957380404,-3.831671919,-8.810441037,-38.44505565,-26.59325637,-8.586433764,1.123528983,0.08010524,53.89577317,0.92142083,-0.058055635,-0.241792803,0.231228754,-0.0681463,0.009362742,1.561561231,0.715685315,0.837823321,1.337331056,1.057439227,1.419976084,1.371544536,1.254610203,0.684270658,0.306526315,0.496247155,0.760760025,0.338074627,0.921931425,0.55468061,0.828703548,1.255578983,1.234933984,1.436293619,1.349083753,1.21751208,0.518594781,0.543836939,0.976262969,1.008135757,0.975069843,0.944256661,0.995217499,0.982700428,0.895681612,0.432066983,0.784232779,1.186050115,1.06198296,1.318204432,1.493168888,1.519780664,2.458221024,0.181601286,-6.311984401,3666.286263,0.14876303,-7.049982365,-5.914875273,-9.151499071,15.3325496,2.681851544,0.220419474,-5.595224531,0.0,4.323637828,12.02377251,0.0,10.69471972,3.976758337,3.832247701,3.644971862,3.529576678,3.50319605,3.341746426,3.096869765,1.832139575,1.538697943,1.476509035,1.319986172,1.137031244,3.542280837,3.435023762,3.225142196,3.071267142,2.92151855,4.801818755,4.707319751,4.002757658,3.989111952,3.763089373,3.717158934,2.0,14.0,5.0,2.0,3.0,1.0,0.0,0.0,0.0,0.18200116,0.628179321,2.295221565,0.0,0.527777778,0.0,1.261609515,0.0,0.168021895,5.354612227,2.408599786,5.3051,27.61781508,510.9295791,0.439247827,-3.043958548,546.3503229,1293.0,2.0,0.0,22.0,3.0,3.0,0.0,3.0,1.0,0.0,0.0,0.0,0.0,1.0,0.0,1.0,0.0,0.0,6.0,2.0,13.0,0.0,4.0,2.0,0.0,0.0,2.0,0.0,1.0,0.0,2.0,1.0,0.0,0.0,0.0,0.0,0.0,32.19009051,0.0,0.0,1.379419372,-1.135956477,5.849800026,0.0,0.0,0.0,0.0,0.470472453,1.697186213,-1.098450156,2.591846274,1.372422832,0.0,0.798479361,0.927718013,0.0,0.0,0.0,0.0,0.546621229,0.0,0.470472453,0.623049748,0.782926637,0.0,0.135697014,0.0,-1.052727516,0.0,2.510738259,4.150453938,0.0,1.697186213,9.634515124,11.78163959,5.509028756,0.0,0.0,0.0,0.546621229,12.53599069,2.123028514,6.440094308,5.54293688,0.0,6.852438635,0.927718013,0.0,0.0,0.0,0.0,0.470472453,0.934174117,0.606957119,0.507092572,0.0,12.53599069,0.0,0.934174117,-0.141895995,-1.098450156,7.088293952,42.5,1.14865,0.0,1.00206,0.94,0.214285714,1.652545624,3.775173169,4.621467432,5.212260827,26.58773281,46.53959698,68.2967107,39.06917824,12.0,5.0,3.55,0.0,0.0,20.35769142,32.32357102,10.27016132,0.0,0.814325285,0.814325285,0.0,0.0,0.0,0.863054374,1.39247665,0.0,0.61,1.275,2.847,4.074,4.577741408,5.0,0.0,2.0,3.0,0.0,3.0,0.0,0.0,2.0,0.0,0.0,0.0,1.0,1.0,0.0,0.0,1.0,0.21112627,-5.754605888,2875.686884,3.044522438,4.179
1.0,-0.0366705380335247,0.48246916,-1.1881550249162542,65.337688,18.0,2.0,4.0,0.0,3.0,0.0,0.0,1.0,4.0,22082.42251,480.4184528,441.6484502,141.1462184,124.6602464,112.1654852,140.9388972,272.0459261,228.071431,227.0170258,216.6684156,201.8233558,8.35990456,7.984821203,8.148573455,8.325287891,8.064095227,8.058774416,7.976775029,2.17186939,1.617522299,1.605779439,1.554673976,163.7184592,145.4247689,152.704914,153.4632457,160.2401347,159.4963152,155.0149099,157.4938907,160.1577959,9.608369056,3.900677848,6.112242424,4.052185486,5.561281935,4.908662716,4.386473527,4.968916667,0.139684862,0.236611516,-0.318159903,-0.002401725,0.291754206,-0.32011665,0.239224828,-60.50170079,142.9033499,-1947.585959,-375.4670368,1021.491904,-353.8832531,-1910.404652,2812.408414,112.9816781,-418.9566582,-730.3684132,188.9939939,215.3466124,57.14198073,-817.5696901,-82.8228348,-0.483976603,5.210263693,0.128338149,-3.250019819,-3.526262037,-0.71216384,-2.523281186,3.728679802,0.658714541,-5.938487856,-0.350695288,2.726896832,-2.205508208,1.676688703,-2.735952752,59.16619686,-40.29639798,-22.32014002,9.409461425,4.086078417,27.04168552,5.068132512,-19.12202966,-8.631271339,-52.05729881,-13.35855757,-105.5594935,48.00540744,-1.141541524,49.68803953,0.380946538,-0.360793013,-0.364037055,-0.337909718,-0.708452976,0.352980937,1.64252411,0.766516506,0.845889631,1.186037996,1.181877538,0.99290093,1.05995075,0.761639385,0.579213849,0.529621752,0.696228577,1.025913821,1.020206454,0.892173648,0.394953463,0.641637139,1.006900478,1.104581254,0.788893739,0.938436661,0.679841153,0.681686629,1.031931206,0.855506073,0.762075599,0.880869124,0.744106879,0.599160938,0.694740341,0.828446792,0.408330339,0.662794982,0.959096437,1.089142353,0.84251299,1.018374481,0.759608494,3.172506739,0.281505681,-4.309849008,465.1982253,0.251374512,-4.694758667,-4.612155614,-3.142211449,10.22556096,4.412617659,0.180276659,-5.825092891,0.0,3.570861572,13.00339075,0.0,10.6947279,3.948982583,3.825272229,3.777856271,3.494113399,3.370157577,3.200337625,3.131171461,1.578152707,1.340855931,1.13177694,1.082250302,1.082250302,3.419025449,3.203071959,3.025712114,2.949082621,2.751925695,5.312175563,4.777068782,4.697430453,4.641950346,4.473786408,4.473786408,3.0,14.0,4.0,1.0,2.0,0.0,0.0,0.0,0.0,0.0,0.253436788,3.529939886,0.288675135,1.01863525,0.144337567,1.337747221,0.013498731,0.190200509,6.679993655,2.36113712,4.48209,23.40839479,397.9427115,0.030363403,-11.88135867,2451.085692,683.0,2.0,0.0,21.0,2.0,2.0,1.0,1.0,4.0,0.0,3.0,0.0,3.0,1.0,0.0,1.0,0.0,12.0,0.0,2.0,12.0,0.0,0.0,2.0,0.0,1.0,0.0,0.0,1.0,0.0,3.0,0.0,0.0,0.0,0.0,0.0,0.0,14.69914116,6.210420869,0.0,0.0,-3.027791391,-2.790249427,0.7273091,-4.589309254,0.0,0.0,0.450646983,0.944614764,-1.373315056,5.80362726,0.425687794,6.210420869,6.427891041,1.240316674,0.0,5.902963649,0.0,6.109667599,0.466427278,0.0,0.450646983,0.0,1.152431406,0.0,0.0,0.807115109,-1.551206357,-0.922578738,2.659185539,0.0,0.0,0.944614764,10.13053936,12.44272693,0.0,13.09886424,0.0,0.0,0.466427278,13.7811216,1.789952189,6.017776632,0.440594094,6.210420869,6.427891041,6.228500985,0.0,5.902963649,0.0,6.109667599,0.450646983,0.0,0.723664135,0.0,0.0,13.7811216,0.0,1.400905462,-0.048003023,-4.589309254,8.12096193,44.5,1.30882,0.5,0.9037,1.30122,0.125,1.867976439,3.557780939,4.138171939,4.88836744,32.84452367,49.28885103,74.34405384,43.57761194,12.0,2.0,3.0,0.0,0.0,13.73295505,31.95849721,17.0287685,0.0,1.315560521,0.0,0.0,0.0,0.0,0.0,0.333333333,0.0,0.247,1.628,2.921,3.3,4.659268821,4.0,0.0,0.0,3.0,1.0,1.0,0.0,0.0,0.0,0.0,1.0,0.0,0.0,1.0,0.0,0.0,1.0,0.292989834,-4.173899053,606.5274355,0.0,7.192
2.0,-2.417816135661476,10.42514944,1.7257037938107287,148.45351,12.0,10.0,9.0,0.0,0.0,2.0,0.0,0.0,2.0,13342.08742,696.2883707,98.103584,87.70059376,52.97164829,55.25340332,51.13484057,195.7553186,153.7992696,159.2496336,155.8308811,154.1432491,7.764329074,7.636554602,7.656350223,7.738468019,7.768033188,7.789995978,7.777517171,1.353066466,1.168082103,1.142215407,1.145015006,167.41002,151.370655,158.679991,163.9652954,166.0420541,167.3682095,165.8793828,166.2518655,166.0503271,5.119767431,3.06862966,3.131695641,2.526132866,2.842679534,3.014185908,3.510191847,3.210994239,1.276739493,-0.456445277,-0.562830881,0.828342456,-1.100144067,0.928537612,0.052026663,-48.22117082,274.2324186,-1023.143143,-786.1126149,553.0744948,-306.0337158,922.6634246,-1571.681505,53.91878165,-938.3433467,-656.3771825,-394.1304841,814.9388081,47.68246193,226.9213364,-752.4359559,-1.232838,5.314472229,-3.259270836,-4.004918562,0.160731739,-2.017882338,6.09969915,-1.183341453,-0.159673769,-1.749327864,-2.668463372,-2.043666229,-2.166429678,1.855110079,-23.86980339,8.752621665,-11.04197444,-59.33659558,33.82496387,-15.79708693,0.478030759,53.49186502,-17.32228965,-65.51432695,-83.72257333,-16.69650153,191.3125093,-32.21886341,-0.351979349,48.62836957,0.099754104,-0.12644007,-0.212493841,-0.113921521,0.344087247,-0.051550181,1.820458331,0.586941816,0.989738649,1.060177066,0.959465208,1.286210132,1.048042311,1.097715689,0.915633574,0.774392869,0.87476291,0.820086882,0.873903491,1.144101416,0.472121193,0.954795709,1.026480137,0.9632691,1.054222247,0.933830858,1.094292424,0.854753945,0.916740481,1.575009381,1.228221794,1.100641704,1.009854343,1.104610752,1.054434129,0.990052498,0.397362944,0.86849324,0.980707547,1.00622261,1.012640922,0.941766409,1.177155525,4.972689076,0.153518497,-12.36796582,7880.714596,0.150577761,-12.49561925,-11.89685785,-13.12277343,18.28497405,9.353762601,0.022895478,-24.92698476,1.0,3.912697181,12.36007877,0.0,3.964898935,3.964783032,3.762457421,3.679851833,3.58640588,3.541979694,3.482446868,3.46758409,1.898381417,1.853426058,1.819016049,1.725250287,1.658187931,3.577548857,3.515749717,3.480942142,3.424548537,3.316979009,5.065676077,5.065661986,5.000112143,4.99424848,4.974043368,4.971779301,3.0,10.0,2.0,10.0,15.0,1.0,0.0,0.0,0.0,0.0,0.166666667,4.710236465,0.0,0.446383983,0.0,2.127118048,0.0,0.151376666,7.253346113,3.24988631,4.7577,21.11347885,696.744802,0.515320357,-4.375579028,2599.771536,2241.0,9.0,0.0,19.0,13.0,1.0,1.0,12.0,8.0,24.0,18.0,11.0,18.0,2.0,3.0,4.0,0.0,8.0,26.0,3.0,8.0,2.0,20.0,4.0,0.0,0.0,0.0,0.0,3.0,0.0,7.0,0.0,0.0,0.0,0.0,0.0,0.0,15.17053546,0.723116518,68.06304915,3.21916077,-2.27796057,-5.475464608,4.494460529,0.0,0.0,1.401059881,0.242964,0.688805736,-1.140364039,0.358734959,0.490540655,0.723116518,0.339776288,0.481656987,0.172344469,0.329939567,0.451165317,0.509099621,0.434153841,0.374895564,0.242964,0.329382685,0.749901699,2.06778207,-0.387431422,1.996087892,-0.966239804,0.990359052,2.585889512,0.0,0.0,1.357977181,9.558738026,11.701158,0.0,0.0,0.0,0.688805736,0.557278341,14.72751893,2.041784929,6.813357432,0.490540655,0.723116518,4.777240607,7.442397264,8.013201174,7.391567738,7.842335166,8.207327319,0.332233356,0.908299651,0.43489166,0.835104491,0.378911304,14.72751893,0.712254144,0.908299651,-0.301373372,-1.140364039,9.300434279,64.75,0.98106,1.0,1.58117,1.22652,0.577777778,1.646787794,3.559268173,5.006201261,5.81331422,17.98681356,34.32726026,104.8669968,49.07403942,6.0,6.0,4.1,0.5,4.880757103,0.0,0.0,12.77747566,0.0,3.880385129,0.0,0.0,1.432690605,1.250682157,0.774836001,2.730816364,0.793700526,3.22,5.232,6.021,3.444,1.804644337,2.0,0.0,0.0,2.0,0.0,0.0,0.0,0.0,0.0,0.0,0.0,0.0,0.0,0.0,0.0,0.0,3.0,0.246458677,-9.24370219,14819.55376,0.0,3.58
1.0,-0.2453257494482389,0.12306064,-0.7011625470240734,76.11586,18.0,3.0,5.0,0.0,0.0,2.0,0.0,1.0,3.0,24257.76608,355.2832124,425.5748436,139.8844431,120.9376459,118.682793,140.6246244,272.1084199,230.9471547,231.7029214,220.8873755,200.8585016,8.06411786,7.999033669,8.045911019,8.142095333,8.110701245,7.96190202,7.842439,2.217139967,1.657865362,1.683713264,1.606721121,157.9215896,144.4633699,150.5614701,153.3454725,155.1153065,156.5605572,154.7070084,154.2507625,157.3029854,6.233038813,3.491192044,3.622260988,3.510074074,5.046765615,4.636249265,3.987510046,3.287802637,0.088995862,0.407253545,-0.574164772,0.072714041,0.182694561,0.071722369,-0.512602426,-55.81178541,344.1862888,-2942.964358,-1423.418228,2260.910169,196.6358831,-3207.91508,3161.188488,56.37511425,158.9778241,-608.5538177,-305.3897637,732.506431,-198.1903346,-1293.2841,-323.7012681,-0.462697333,1.174401778,-0.441224889,-2.821225333,-0.122434667,-1.101951556,-0.171582667,-1.624930222,0.255088654,-4.265451339,-3.31109692,5.078775283,-8.847433491,-0.766063599,-9.576714953,7.914066325,4.465231713,-22.80286051,5.082255495,13.99668245,-20.88402462,-20.58223668,-8.735623902,-24.31981476,-35.99976791,-19.04251414,-49.76266652,-71.00755238,-0.930196423,52.68727983,-1.011175177,-0.145593732,-0.226413635,0.33500403,-0.24393464,-0.362283431,1.506274809,0.908499617,0.880724032,1.375296672,1.253914166,1.129640799,0.960726739,0.971178991,0.601985582,0.459186899,0.598492243,1.20038657,1.068757707,0.783527248,0.573466504,0.909038027,1.17350674,1.137121707,1.186944366,1.015587101,1.029529738,0.648473104,1.096069865,1.171140779,1.044762644,1.024747999,1.014250396,0.938221118,1.043432985,1.01846098,0.511225391,0.93136836,1.203562103,1.209155755,1.386921715,1.234671355,1.082880334,3.859481528,0.0322486,-12.7068384,6637.535344,0.070107253,-9.833597377,-12.1119411,-8.419920608,10.84675048,2.363373376,0.098089513,-8.590936842,0.0,4.909177106,13.39016864,0.0,10.6947279,4.00725016,3.962240913,3.874693937,3.587673353,3.515540523,3.409507716,3.166047032,1.650986877,1.531854304,1.386724221,1.232115879,1.111687152,3.435611879,3.35196309,3.154099366,2.979153633,2.876767327,4.776564473,4.70140697,4.666716299,4.634728284,3.855137673,3.835905671,4.0,15.0,3.0,1.0,2.0,0.0,0.0,0.0,0.0,0.0,0.234708048,2.947849008,0.0,0.692842307,0.0,1.635623767,0.0,0.192351419,6.604710804,2.84047601,4.54489,23.54566764,435.5948513,0.15082998,-6.998927541,732.3605619,761.0,2.0,0.0,22.0,2.0,2.0,0.0,2.0,3.0,2.0,0.0,5.0,1.0,1.0,0.0,1.0,0.0,11.0,0.0,3.0,11.0,1.0,1.0,2.0,0.0,0.0,0.0,0.0,2.0,0.0,4.0,0.0,0.0,0.0,0.0,0.0,0.0,21.79740474,0.0,6.788862701,-0.288890489,-2.635315401,-2.697713617,4.704848667,0.0,0.0,1.204487836,0.402124146,0.601769083,-1.230861022,5.151219373,0.480453604,0.0,5.749819293,0.527503366,0.241985879,0.0,0.242367764,0.275965524,0.402124146,0.0,0.457867825,0.0,0.937188324,1.483353941,-0.288890489,1.698648342,-1.399231,0.234717571,2.547881943,0.0,0.0,1.194789242,10.45076821,12.48460336,0.0,0.0,0.0,0.601769083,0.457867825,14.29861735,1.891625122,5.716298182,0.600627495,0.0,6.542710567,5.746160264,6.546876822,0.0,5.865297151,0.275965524,0.457867825,0.0,0.569419064,0.0,0.0,14.29861735,0.602718753,1.129382692,-0.158285793,-1.399231,6.613786979,49.25,1.33108,1.5,0.98304,1.33774,0.153846154,1.850179092,3.837118434,4.542301895,5.082804269,33.70598384,52.42825261,73.27576327,46.07882957,12.0,2.0,3.11,0.0,1.527347999,13.28164421,37.69203217,20.39661877,0.0,1.816855729,0.0,0.0,0.0,0.0,0.0,0.471404521,0.333333333,0.715,2.276,4.301,4.189,4.396305189,4.0,0.0,0.0,3.0,1.0,1.0,0.0,0.0,0.0,0.0,1.0,0.0,0.0,1.0,0.0,0.0,0.0,0.094801741,-8.717079762,1001.607073,0.0,4.951
0.0,0.554276464161086,2.78322489,-0.9607448119970512,54.341653,11.0,4.0,1.0,1.0,1.0,0.0,0.0,0.0,1.0,5047.626643,184.1145405,109.731014,104.8434212,66.71483346,55.71366332,48.11968612,222.5985125,162.0614496,155.0120085,157.4382355,141.2314642,7.733024804,7.861507894,7.655161578,7.605684296,7.645326686,7.635619459,7.450859868,1.60305487,1.238743758,1.284286313,1.111894367,165.3666175,148.5051598,157.0854871,160.490506,160.1091641,164.8282292,166.6430221,163.1695118,168.0367863,4.00249001,3.108731996,2.796371575,3.047905175,2.471470746,2.494179894,2.523529412,2.173732943,-0.097146022,0.113581428,-0.148229753,0.102421307,-0.071042152,0.050996262,0.035319544,167.2428207,361.6181044,-286.4785665,-403.1409207,907.6872251,-100.6737158,-1498.975078,766.2915793,-27.21772068,492.6130839,-203.8593758,-1152.38809,332.3100684,680.564292,-1268.983661,1128.042784,0.055480875,-0.353047898,-0.156030668,-0.698203637,0.813967011,-0.669656604,-0.476093074,0.567162672,-0.156393758,0.362362439,-3.526121416,3.179980697,-7.172189241,3.453090206,-9.045300391,-22.1106238,12.89730186,-33.21657509,-5.984238149,14.31255679,-11.65905397,13.59189187,-0.243484225,0.549382716,-12.25720165,6.761659808,-9.556584362,7.775034294,3.48422543,51.13001329,6.481564686,-0.005072588,-0.112451391,0.056840818,-0.112430404,0.102303083,1.417845658,1.37549099,1.150659533,0.928764037,0.81884689,1.037904983,0.719866802,0.948380829,0.97682288,0.973448835,1.215544159,1.549692728,0.791750328,0.853522067,0.997320166,1.015643941,0.958145863,0.748042989,1.043191401,0.926784289,0.678599799,1.062606685,0.788493333,1.151406924,1.111159873,1.026818557,0.928833846,0.779684988,1.050466911,0.654436657,0.682290288,0.927794385,1.066069835,0.698561234,0.672000457,0.973282677,0.467020143,1.779761905,0.045540075,-7.722906446,301.313128,0.040680917,-8.004990386,-11.16849999,-7.669579871,8.951650167,0.481426367,0.138293271,-4.945946747,2.0,4.516812865,11.00190073,0.0,4.033558507,3.879186519,3.762168139,3.249668075,2.995353377,2.885902217,2.818535226,2.779884214,1.538580535,1.455425417,1.33788265,1.193377196,1.074822727,3.148889165,2.925687529,2.837784262,2.688055361,2.659749781,4.885757422,3.982778521,3.774523927,3.652164254,3.446390775,3.093664076,0.0,10.0,1.0,5.0,0.0,0.0,0.0,0.0,0.0,0.07856742,0.424717984,1.473477616,0.0,0.439252397,0.0,0.734839406,0.0,0.156017171,3.816969345,1.679663498,4.20632,17.10385031,213.7981289,0.201936431,-3.999505823,372.4804224,604.0,1.0,0.0,12.0,1.0,1.0,0.0,0.0,0.0,1.0,0.0,0.0,1.0,0.0,0.0,1.0,0.0,5.0,2.0,1.0,5.0,3.0,3.0,0.0,0.0,0.0,2.0,0.0,0.0,1.0,0.0,1.0,0.0,0.0,1.0,0.0,0.0,14.64036399,0.0,0.960263808,2.518259109,0.0,1.958438254,3.825259467,0.0,-1.380941702,0.0,0.425277815,-1.380941702,-0.256050703,-0.58728387,5.845646419,0.0,0.0,0.0,0.960263808,0.0,0.0,2.206974935,0.0,0.0,0.425277815,0.598112191,0.587963317,1.715969806,0.691025328,1.449546073,0.0,-0.256050703,3.121085053,4.353389734,0.0,0.0,0.0,0.0,5.189489917,13.74547697,0.0,0.0,0.425277815,13.74547697,2.181526885,0.0,5.845646419,0.0,0.0,0.0,0.960263808,0.0,0.0,2.206974935,0.425277815,0.615194645,0.610209055,0.985638621,0.0,0.0,0.0,0.615194645,-0.008449233,-1.380941702,8.024874956,31.0,1.24,1.0,0.87522,0.83698,0.333333333,1.712750741,3.614374133,4.569772761,4.86563451,19.20821477,37.02570556,39.80936978,26.33636801,16.0,2.0,2.67,0.572357121,3.718291026,5.632766603,13.26083103,6.003206627,0.0,0.0,0.0,0.0,0.0,0.0,1.650963624,0.577757036,0.0,0.197,2.556,2.424,2.167,5.528002107,3.0,0.0,1.0,2.0,0.0,0.0,0.0,0.0,0.0,0.0,0.0,0.0,0.0,2.0,0.0,1.0,0.0,0.056859212,-7.167942597,968.065212,2.397895273,4.643
0.0,0.4035203428248003,2.01611601,-0.1556382352278412,89.64472,15.0,7.0,1.0,0.0,3.0,0.0,0.0,0.0,3.0,7080.724506,414.4236111,87.41635193,89.87622598,55.87015003,70.66579519,55.87150277,202.4639363,165.5071016,195.3101431,193.6548276,173.844839,7.74959516,7.599758243,7.494886397,7.635724297,7.818386957,7.801690786,7.653853905,1.376487249,1.38440422,1.387459997,1.297094559,170.065807,149.498452,160.0040226,163.5953894,165.4843687,168.2454459,164.5060387,163.355137,163.2466694,5.116340878,2.835294118,3.759581575,3.186201973,2.651261524,3.154160084,2.858915005,2.81969882,-0.229492967,0.567038978,-0.330558812,-0.058568994,0.323861341,-0.408771957,0.242262599,153.0702639,867.0696424,910.115178,816.2985995,981.2534259,155.5546486,-1564.942881,-1178.41618,9.704799225,-54.00516299,-67.74261418,516.1401394,1892.826629,123.3070928,-1174.114183,-1923.468263,-0.227370255,5.869690551,6.696901456,0.360000616,-0.366087467,1.820212802,-3.000314211,1.8305664,-0.833245564,-0.306231242,0.001728333,1.34200265,-3.311315113,-6.800384216,-28.68782569,38.2966052,43.09289855,-50.21491444,22.35849872,50.16928913,-19.04136448,31.8745046,-9.20361797,137.2518861,1.542695473,40.75625857,-22.62268519,27.16075103,1.800826634,48.76079069,0.584393805,-0.108277858,0.006509264,-0.014663489,-0.096678142,0.099489931,1.78812446,1.08101086,0.693960025,1.019096842,1.049970641,1.147595083,1.380046475,0.943444046,0.827365259,0.83789193,0.907018107,1.096231274,1.031342911,1.046526479,0.422782239,0.330639302,0.584472533,0.765032429,0.629066447,0.833952991,0.612478844,0.774638413,1.111612115,1.276846295,0.960462724,0.763303014,0.829410605,0.841577506,0.981968623,0.860040042,0.329336731,0.274351868,0.477171888,0.604683051,0.420395459,0.543547029,0.521328951,2.25,0.152304631,-7.715677717,905.8954874,0.466037969,-3.130301492,-7.585210439,-1.58104527,10.72279668,5.248065476,0.483899741,-2.976097917,0.0,3.211674896,12.10771977,0.0,4.131324292,3.806987929,3.687673654,3.679227678,3.64250772,3.397641172,3.191309431,3.134473365,1.834980211,1.694754334,1.592025502,1.569436728,1.473521152,3.663131712,3.433446288,3.292820941,3.160375697,3.081201596,5.714447946,4.948050205,4.923076923,4.923076923,4.324621228,4.027940402,6.0,4.0,1.0,7.0,8.0,4.0,0.0,0.0,0.204124145,0.19641855,0.625239639,4.052718539,0.288675135,1.176959202,0.204124145,1.822324889,0.013498731,0.275461012,7.949616949,3.364139284,8.40656,23.81756579,488.2600986,0.044721024,-12.73997739,1982.625292,1011.0,2.0,0.0,11.0,1.0,4.0,0.0,2.0,1.0,1.0,3.0,0.0,0.0,0.0,0.0,2.0,0.0,3.0,17.0,0.0,3.0,4.0,9.0,5.0,2.0,1.0,0.0,4.0,0.0,1.0,1.0,0.0,0.0,0.0,0.0,0.0,0.0,8.073867199,0.0,2.289022935,8.281214857,2.085683065,-2.022233508,3.145201154,-4.982876041,0.0,0.0,0.19836904,1.908434539,-2.022233508,6.949417642,0.429077053,0.0,0.378574327,1.302667437,2.289022935,2.555512837,0.0,0.0,0.0,0.0,0.19836904,0.301837329,0.0,2.111784941,-0.453805383,1.789928361,0.114991031,0.074065668,1.908434539,0.0,4.552780717,0.0,0.0,11.53921468,0.0,12.88261939,0.0,0.0,0.602243553,12.88261939,2.048915803,6.949417642,7.758474466,0.0,2.142137383,1.302667437,2.289022935,2.555512837,0.0,0.0,0.602243553,0.680829932,0.573556392,1.185158298,0.715737046,11.53921468,0.0,1.492227927,-0.125524613,-4.982876041,15.72625667,44.25,1.07927,0.5,1.27902,0.9485,0.633333333,1.593057242,3.408478984,4.718342979,5.194245219,15.74780955,34.16213125,62.81044028,37.69553783,16.0,3.0,3.55,0.703973255,6.907031138,11.48473075,30.80224697,17.14938197,0.0,0.0,0.0,0.0,0.0,0.0,3.947257973,1.906368586,0.0,0.565,2.048,2.991,2.738,10.03011283,5.0,1.0,1.0,3.0,0.0,1.0,0.0,0.0,1.0,0.0,0.0,0.0,0.0,3.0,0.0,2.0,2.0,0.178424599,-7.066715652,615.4438752,2.397895273,7.766
1.0,1.5530054225789267,10.98193321,1.6291746493361006,88.907204,0.0,5.0,3.0,0.0,3.0,0.0,2.0,0.0,5.0,20101.6382,449.1634945,279.1894194,127.074261,81.83710992,85.40479112,91.73804496,247.2647352,220.1032386,211.8619505,205.8352971,183.4529708,8.078614417,7.891235903,7.681524421,7.634099005,7.671920625,7.553166629,7.487270439,1.755839171,1.543651878,1.559970356,1.462548553,165.4259318,147.6632549,158.5446943,155.9982389,160.415714,155.0368018,157.5936943,155.2301263,158.5349354,6.238381868,3.370898311,4.686467236,4.240909091,2.564942749,2.587088018,2.494226266,2.272236547,-0.268912495,0.291007225,-0.049219796,-0.033740598,0.153254895,-0.216552728,-0.021495797,16.05240227,767.1614819,-1561.916312,-838.1191096,840.5372093,-15.87200737,832.0798373,1719.597561,-53.39557682,582.2116738,-834.5888313,1337.064854,181.4385593,120.4253976,-1270.608607,-973.8599943,-0.318960099,4.443125235,5.922440148,-0.500891358,0.205939012,0.023448247,0.29180516,2.173154148,-0.88973532,-3.405425003,6.344144758,1.17347112,-1.753156397,-2.24852476,-21.2606696,101.7888623,4.251370801,54.36940486,-8.284095957,42.93898199,-14.25590491,9.206585064,-16.23974481,183.945501,12.81087579,21.74109294,14.97085948,18.51829262,0.211215819,50.81431952,0.537613382,-0.213680853,0.067425662,0.120586729,0.064529567,0.078136256,1.588908516,1.121602175,0.609617387,0.655328401,0.613458812,0.595929666,0.599011682,0.476489106,0.674857178,0.303167294,0.561630745,0.590427044,0.936292149,0.779916292,0.585038027,0.423110602,0.587269945,0.407953126,0.442343338,0.368493458,0.302015824,0.699496887,0.99523964,1.077675549,0.718269934,0.835343665,0.740520257,0.634941117,0.72260142,0.634546872,0.371241634,0.167032459,0.275751023,0.126555324,0.138501912,0.143560748,0.151843702,4.121428571,0.265999884,-5.826741389,6001685.688,0.560634608,-2.546217993,-6.653032026,-2.182347546,9.968735422,3.460149241,0.23422409,-6.386498681,1.0,2.675375,13.77643792,0.0,6.879516345,6.879516115,3.996653267,3.741698546,3.656513883,3.637073851,3.602928743,3.445249673,1.810745864,1.615679746,1.493758618,1.318498378,1.292421141,3.565690093,3.382144843,3.332249949,3.237085757,3.033986885,5.363297089,4.717289621,4.502269289,4.502269289,4.045756428,3.886452067,1.0,16.0,4.0,3.0,3.0,0.0,0.0,0.0,0.0,0.11785113,0.468480722,4.154046249,0.288675135,1.424292593,0.288675135,1.918433389,0.013498731,0.209702256,8.426612942,3.102411649,7.82987,28.0374904,602.6054979,0.098471666,-10.1991403,13131.98075,1510719392.0,1.0,0.0,23.0,1.0,3.0,0.0,0.0,0.0,0.0,0.0,0.0,0.0,1.0,0.0,0.0,0.0,0.0,3.0,2.0,13.0,2.0,3.0,2.0,0.0,1.0,2.0,0.0,3.0,0.0,1.0,1.0,0.0,0.0,0.0,0.0,0.0,36.41087633,0.0,0.0,2.883971561,-0.290709809,8.029839263,0.0,-5.083333317,0.0,0.0,1.022916685,2.111626296,-2.756944439,9.099696215,10.82113237,0.0,0.0,0.0,0.0,0.0,0.0,0.0,1.022916685,0.0,0.0,0.515644677,0.956979411,2.12858728,0.857271793,0.0,-0.204316072,0.0,0.0,4.807377986,0.0,2.111626296,7.124999898,8.895833206,6.861773917,10.57870355,0.0,0.0,1.022916685,10.57870355,2.286379955,9.099696215,10.82113237,0.0,0.0,0.0,0.0,0.0,0.0,0.0,0.0,0.683118224,0.705719669,1.019486169,0.0,8.895833206,0.0,1.437499994,-0.504979274,-5.083333317,13.44804196,48.0,1.09091,0.0,1.09314,0.88858,0.258064516,1.84623835,3.959048297,4.763199828,5.275000175,28.57574196,49.44807701,76.14873836,45.89348525,15.0,3.0,3.44,0.5,4.110286005,22.62879749,9.230725985,0.794582782,0.0,0.5,2e-09,0.0,0.0,0.0,0.5,2.126895542,0.825481812,0.945,1.983,3.57,3.851,4.576752768,6.0,0.0,1.0,5.0,0.0,6.0,0.0,0.0,1.0,2.0,0.0,0.0,3.0,3.0,0.0,2.0,0.0,2.430333922,3.907326123,383.7476063,2.397895273,4.202
0.0,-2.243451265855056,8.65242225,-1.108190309341874,31.818309,0.0,3.0,5.0,0.0,0.0,0.0,0.0,0.0,0.0,3180.014073,234.1666667,106.0004691,103.2733198,59.39239259,57.31607284,32.33749356,200.9212399,145.8771211,145.1276501,123.3364078,105.3404974,8.4189388,8.405333863,8.344111568,8.301495125,8.203039918,8.205561436,7.94909552,1.257536259,1.005314739,0.884024427,0.828301322,170.2018433,156.083598,160.7187566,166.3486427,169.5996373,171.130975,169.4145413,173.7836539,175.2286271,7.805555556,4.053763441,4.136792453,4.687975647,4.940972222,4.903628118,5.128205128,3.933333333,0.027888014,0.171878921,-0.02676984,-0.029444668,-0.067320629,0.131972106,-0.121846858,-59.09424591,-105.2347295,-7.93233823,-195.714999,-58.19516424,-162.4916993,-132.6520447,-210.5489297,91.31584165,-145.1939678,-218.3824375,-197.1517322,114.670412,-265.5569785,-198.0539932,-248.6904796,-1.30057244,-0.59347652,0.62367668,-0.36259056,-0.48768896,-0.15675636,0.05561084,-0.3624326,0.137743175,-1.339807572,-0.56035571,-1.232247485,-0.641940061,-0.938278551,-9.872533801,2.378439238,-17.2493274,4.353734088,3.785621313,-4.556266745,-4.059061046,-3.747648463,-24.16839506,6.362716049,-5.679753086,-4.473580247,7.580740741,-8.60617284,-1.906265997,42.12671277,-5.419530173,-0.779625647,-0.07675342,-0.084540895,0.194377968,-0.344246914,1.544481302,0.884052459,0.947135159,1.034229834,0.98982086,0.999604209,0.837634439,1.037202426,1.054811114,1.035302409,1.060408155,1.116600507,1.232428322,1.062035315,0.961891511,0.958413894,1.078800653,1.100837867,0.980400433,0.991276122,0.945773958,0.842613492,1.026246648,1.638517703,1.23557397,1.195534239,0.825990065,0.994210552,0.890478263,0.913413056,0.846446402,0.850964295,1.041333745,1.193218247,1.118930846,1.023020709,1.063658213,1.678571429,0.070503855,-4.508549421,111.1652224,0.040393306,-5.455455027,-4.532955544,-3.644212881,5.22947039,4.598544974,0.287251037,-2.120577877,2.0,4.311660189,9.52591944,0.0,3.825514947,3.609808848,3.044261851,2.920086523,2.811014255,2.500587082,2.367961034,1.946487378,1.107090939,1.019726921,0.860224633,0.611625832,0.533217663,2.752874485,2.654052928,2.306717638,2.079533198,1.711045936,5.128659365,4.57357796,4.446248509,4.336984204,3.997245872,3.562471132,2.0,1.0,0.0,2.0,3.0,0.0,0.0,0.0,0.0,0.07856742,0.326092699,1.348109768,0.0,0.437684177,0.0,0.519111728,0.0,0.093957392,3.433223619,1.034325505,-2.44422,12.36988877,105.1440545,0.116867203,-3.649418912,114.6189301,240.0,4.0,0.0,4.0,0.0,6.0,5.0,4.0,2.0,3.0,2.0,2.0,0.0,3.0,1.0,0.0,0.0,0.0,5.0,0.0,2.0,0.0,1.0,4.0,0.0,0.0,1.0,0.0,1.0,0.0,1.0,1.0,0.0,0.0,0.0,0.0,0.0,2.040812101,18.77237079,15.82458382,-0.452501811,-4.5769161,-0.640895193,0.0,0.0,0.0,0.0,0.490075822,1.013796296,-0.694592782,0.0,0.496837053,0.514920723,0.634544982,3.205550016,2.609387199,2.704362595,3.332628963,0.0,0.490075822,0.619548611,0.0,0.753497457,0.0,0.0,-0.452501811,0.0,-1.309931028,0.0,0.0,3.478438681,0.0,1.013796296,8.913195599,11.51087065,5.174008881,0.0,0.0,0.0,0.625909746,11.51087065,1.371164021,0.0,4.927423177,7.131543926,6.072141813,5.846525441,7.204766125,5.909998435,5.522157954,0.0,0.0,1.008680556,0.664542234,0.0,0.0,11.51087065,0.0,1.008680556,-0.043676304,-1.309931028,-1.322050951,16.5,0.97059,0.0,0.78792,0.77972,0.555555556,1.806904951,3.781076012,4.323231429,4.640223929,18.32272532,34.50756169,30.71692808,21.71123737,8.0,0.0,1.57,0.0,0.0,0.965489385,6.195195915,5.931661303,0.0,1.243816058,1.240806479,0.0,0.5,0.25,0.0,0.5,0.0,0.77,2.915,1.735,1.795,2.102094241,2.0,0.0,1.0,1.0,0.0,0.0,0.0,0.0,0.0,0.0,0.0,0.0,0.0,2.0,0.0,1.0,0.0,0.041246354,-5.419927359,108.5376445,2.397895273,-2.193
3.0,-7.940563933310156,151.994378,4.048858452913843,225.753265,15.0,15.0,20.0,0.0,0.0,0.0,0.0,0.0,0.0,18267.47594,1330.472222,86.98798069,87.02037752,64.3385659,59.91058051,55.90432732,194.702402,167.9293613,165.7377837,163.6257892,158.5745112,7.873017619,7.797161232,7.855561778,8.019075801,7.959616422,7.918989898,7.838595026,1.299625881,1.173223158,1.164197236,1.148053258,167.4742145,151.4176203,156.8213838,164.2218792,167.2033549,165.4530794,165.6420637,164.6232787,164.2063723,6.335582011,3.312597809,3.310559907,3.232432432,4.555600071,3.877516247,3.658735195,4.00368254,0.639973597,1.644925241,-3.189467724,1.262842929,2.091750842,-3.334611064,1.157803424,-120.9454541,517.5710482,-779.4892473,1020.30564,1042.867657,-755.671574,-2430.030525,358.8970539,418.6267069,-1540.445393,-1557.888831,2670.932352,-60.22476791,-361.5149754,-559.926025,-1781.920473,-2.612605082,6.31062642,0.791149327,-7.974670302,7.996533782,-0.098071091,-12.4203517,8.541405794,1.847144248,-5.649656754,7.589287776,1.657679109,0.762858826,-10.11304855,-13.38719875,-91.96974494,22.70351491,-13.74217538,-42.91975682,104.368265,-12.90940673,-84.95833001,-43.38694444,-108.0097222,-180.7952778,-56.23083333,-266.3522222,292.6097222,-0.567819034,46.77266899,-0.515713232,-0.203694575,-0.290201088,0.434902956,-0.338010434,0.334411111,1.655705734,0.809339996,0.855995985,1.339413334,1.103462175,1.031947257,1.31842168,0.953235582,0.967491874,0.976254308,1.040099858,1.093537175,0.980669224,1.191149626,0.526709764,0.897012335,1.181172369,1.030405179,1.103046887,1.278907067,0.921761177,1.002745886,1.083832355,1.489842763,1.442919444,1.063541748,1.130718159,0.972756285,1.063834149,1.116407681,0.50801496,0.941874604,1.158231059,1.016265553,1.133929013,1.27734773,0.90370325,7.142857143,0.181430726,-17.92225441,2692.464627,0.184255776,-17.7600192,-17.92330412,-17.46344856,27.46137817,19.45734694,0.154046434,-19.64026261,2.0,3.905974237,11.38680607,0.0,4.042797873,3.815350727,3.795867259,3.7514793,3.732646117,3.715021461,3.659644599,3.626812281,1.897932485,1.880592627,1.859028146,1.857770917,1.800774233,3.64800832,3.631011972,3.619906363,3.565669784,3.539708255,5.086111192,5.085745837,5.084152864,5.017671136,5.015290508,5.01272047,16.0,10.0,3.0,10.0,28.0,3.0,0.0,0.0,0.0,0.214076175,0.525602315,8.483119896,0.0,1.844297064,0.0,3.947481827,0.0,0.384389191,15.95972411,5.78972006,-2.62731,33.24628186,709.7827129,0.017577826,-42.43172922,2139.433013,6409.0,19.0,0.0,29.0,14.0,37.0,9.0,24.0,50.0,14.0,24.0,50.0,15.0,5.0,3.0,10.0,1.0,10.0,41.0,15.0,10.0,7.0,18.0,16.0,2.0,0.0,0.0,0.0,1.0,0.0,15.0,0.0,0.0,0.0,0.0,0.0,0.0,2.540629856,26.00007528,45.86395395,-2.996393585,-21.30054789,-16.22058107,0.915271993,0.0,0.0,0.0,0.229896193,1.235670348,-1.648201507,3.365050265,0.295551894,0.560933604,0.788323615,0.284075908,0.530824992,0.824298006,0.29147933,0.517307445,0.235370151,0.393388849,0.229896193,0.433104629,0.713349086,1.078461422,-1.215752347,1.549401406,-2.051583286,0.396529059,2.197846426,0.0,0.0,1.235670348,9.390650244,11.31603642,0.0,0.0,0.0,0.0,0.589001566,14.97307896,1.768941524,6.665163165,5.899904879,4.747225893,6.413893833,7.618082254,7.171955726,6.579895067,8.06025723,5.636650505,0.386318685,1.161062368,0.560235781,0.445797949,0.0,14.97307896,0.0,1.161062368,-0.359574939,-2.051583286,2.410788779,103.5,0.98571,0.0,1.79745,1.56217,0.585714286,1.623352606,3.622297347,5.170740541,6.145746549,15.81955605,33.16446259,172.0300996,70.22111899,9.0,6.0,5.31,1.75031674,13.73421711,0.0,0.0,0.0,0.0,0.0,0.0,0.0,2.18917143,0.120466971,5.923424875,0.802392035,0.0,3.83,10.73,12.453,6.31,2.503736346,4.0,0.0,2.0,2.0,0.0,1.0,0.0,0.0,1.0,0.0,0.0,0.0,0.0,2.0,0.0,0.0,3.0,0.182619317,-17.85369102,2412.894522,3.044522438,-1.077
0.0,0.9556858790234828,5.42750209,0.4491560796118812,62.360895,0.0,4.0,4.0,0.0,3.0,2.0,0.0,0.0,5.0,8593.930794,460.8300373,171.8786159,131.59083,114.8523539,133.9753848,108.0814943,263.2304348,232.3231503,231.2048436,216.1539759,188.7248639,8.6606594,8.197199615,8.392406568,8.482418387,8.829064181,8.85134418,8.749851467,1.717467131,1.431799999,1.357134376,1.267766842,167.9397349,149.3547622,154.0827997,158.4078032,161.6896832,162.6223708,168.0812104,171.2019472,172.1111406,9.216600747,3.862130392,5.691347195,3.797240028,4.552855846,6.427454605,6.209531554,6.960204237,-0.108409303,0.353976373,-0.138137783,-0.487694691,0.262930558,0.043612092,0.163749768,14.86362255,461.1294944,-606.0686574,-1301.453766,-96.89338332,1364.453476,803.4284055,-336.099427,135.0945668,-66.13650858,-391.0725207,-455.680227,-66.32493361,216.2870031,-236.212235,-495.3651615,0.51944297,4.664949128,-0.025116528,-3.864220048,-5.652689917,4.170340565,-0.760462339,-0.083738216,1.236872564,-1.12729839,-1.764118379,-3.112668378,-3.226637151,0.829566346,8.391687658,46.73388638,31.15546813,-32.13990178,-86.2959176,-49.89446392,-18.36295884,-1.576952973,-7.241823716,-6.035122009,-54.42698415,39.31280061,-68.74623673,41.75498461,0.275252269,42.74965116,1.221960469,-0.134107847,-0.351141833,-0.639493977,-0.411654112,0.309296182,1.521840891,1.01882324,0.884141092,1.147759878,1.393214567,1.101911958,0.983933569,0.718049193,0.954327589,0.869967586,0.825054957,0.966758931,1.239275137,0.88461714,0.456489201,0.71705645,1.027436975,1.137506727,1.03112431,1.238385429,1.222153037,0.962126869,1.022373958,0.873800112,0.841873043,0.787565473,1.138796978,1.259352196,1.211342275,1.032132656,0.368674179,0.654966846,0.917434098,1.111511383,1.121109977,1.377709961,1.275278283,3.865546218,0.056043125,-10.08571831,411.951151,0.00392806,-19.38863366,-8.013286148,-9.107812916,10.26011392,5.240583671,0.146992776,-6.710801423,1.0,4.193798683,13.7690219,0.0,4.08207384,3.961595106,3.80777051,3.663715249,3.595675825,3.32716129,3.173335482,3.077571335,1.567986483,1.566522374,1.256756335,1.12727827,1.039223155,3.464492209,3.159172181,2.939737173,2.851340942,2.802899381,5.497734716,5.081814165,4.835526781,4.693333333,4.693333333,4.106666667,1.0,13.0,2.0,2.0,1.0,3.0,0.0,0.0,0.0,0.232307808,0.801529061,4.106322694,0.356716516,1.380606048,0.216421891,1.583078342,0.051671384,0.428793946,8.520827146,3.564193956,5.72541,21.18365025,370.7138793,0.300306496,-4.210330859,3274.587321,590.0,2.0,0.0,16.0,1.0,6.0,1.0,2.0,5.0,2.0,1.0,0.0,0.0,0.0,0.0,2.0,0.0,0.0,3.0,3.0,7.0,1.0,0.0,3.0,0.0,2.0,1.0,0.0,0.0,0.0,2.0,1.0,0.0,1.0,0.0,0.0,0.0,12.95620389,1.835909375,5.528991375,0.0,-4.878820949,1.09142471,0.0,-6.702191288,0.0,0.618293509,0.33884282,0.224400984,-0.717990205,6.133977681,0.905724007,1.835909375,0.076036662,0.133467654,0.101407668,0.178001548,0.0,0.0,0.0,0.0,0.33884282,1.069168399,0.723814555,1.358882802,0.0,0.0,-2.154803127,0.0,2.615597478,3.734191353,0.0,0.0,0.0,12.01048349,5.418174052,14.67086971,0.0,0.224400984,0.451903848,14.67086971,1.884636725,6.133977681,4.971118865,1.835909375,2.448493704,6.629822478,5.427583707,0.178001548,0.0,0.0,0.451903848,1.207851701,0.584247244,0.0,0.0,13.57363454,0.393892525,1.444989008,-0.085555949,-4.755909042,6.259292446,40.0,1.14286,0.0,1.12973,1.19413,0.272727273,2.054541349,4.212503561,4.805533251,5.33366069,26.64596033,48.78727888,55.35303335,35.33679808,9.0,0.0,2.45,0.0,0.87894596,5.248500353,20.03080241,21.65371347,0.333333333,0.650697637,0.696238325,0.0,0.0,0.0,0.66943295,0.66943295,0.0,0.097,1.145,2.752,2.663,3.258465495,5.0,0.0,3.0,2.0,0.0,1.0,0.0,0.0,1.0,0.0,0.0,0.0,0.0,3.0,0.0,0.0,0.0,0.075949903,-9.021884667,364.4031066,3.433987204,3.681
1.0,-7.832473493656402,147.6346502,5.832474247934941,279.963918,21.0,17.0,24.0,7.0,0.0,1.0,0.0,0.0,1.0,29166.53394,1625.240464,115.740214,120.2822535,66.7902185,64.0793314,62.26090535,200.5495414,162.0994306,158.7351384,168.44537,151.9224095,7.91388,7.907273112,7.761416449,8.007316256,7.879967012,7.931067953,7.959629467,1.469824691,1.203740268,1.265147422,1.167917554,166.7625777,148.9258552,159.4794605,162.8829064,164.2832139,165.6604146,166.7997855,161.7307713,166.9625891,6.449366923,2.62756193,3.855563453,3.078454799,4.183017249,3.16040451,3.97327014,3.838433037,1.223328893,0.265011557,-2.485210167,2.335395993,-0.330993203,-1.554755262,1.480173203,3286.187836,986.1164096,-7229.685925,2859.807584,-1983.292129,2386.227714,-4847.320259,1309.304806,-41.58252604,0.335249997,-3288.321801,1713.99494,-2088.302354,4214.126016,-3588.844485,393.0197835,1.386520971,12.18021579,-10.3835727,-7.86449299,9.858289182,-9.916692515,-1.527853696,-3.632245022,-7.815858809,-9.159174433,-4.453584292,31.99787975,-44.99128031,41.37528917,-96.59763976,-30.17454594,104.8342088,-155.8666075,-40.20195754,261.3504537,-264.0004473,91.58982887,-125.0848026,-238.2892486,-269.102605,-354.1233154,199.5420436,-126.7618097,12.88701112,49.33941079,4.516748142,-0.490528638,-0.339776016,0.343739555,0.205925742,-0.113789775,1.68096567,0.838006602,1.027906389,1.184910705,1.026052567,1.185671414,1.268318084,0.977289182,0.896463691,1.017112635,0.902727602,1.177476774,0.914313847,1.050806537,0.562705038,1.11619719,1.028594821,0.987419208,1.1324805,1.079000766,1.200811946,1.010258037,0.77919467,1.732720096,1.282511017,1.028640468,1.102662556,0.833361641,1.280490705,0.918881902,0.481750849,1.051942074,1.043233914,0.983468365,1.133279814,1.057240794,1.229826677,13.45063025,0.143590616,-24.45394103,6813.575424,0.159877671,-23.10016356,-25.0743134,-22.46327361,41.85996018,-8.322138536,0.122386267,-26.46722126,1.0,3.960634098,13.50852796,0.0,4.733119092,4.715006598,4.706585192,4.706241974,4.705991984,4.705824195,4.705490367,4.041300667,1.910119246,1.890781329,1.885686043,1.857884085,1.831388327,3.817151326,3.790581101,3.782745849,3.777335629,3.769738695,5.192601728,5.191684735,5.191646929,5.191621371,5.191544153,5.191482399,10.0,16.0,3.0,24.0,16.0,3.0,0.0,0.0,0.0,0.096225045,0.472852885,16.60316391,1.814166485,3.271616453,0.990416576,6.930504111,0.283137461,0.957735336,22.09612885,9.495188673,5.81988,37.60485535,709.7827129,0.017985888,-50.62891461,4629.396534,8829.0,11.0,0.0,29.0,9.0,14.0,0.0,33.0,25.0,3.0,14.0,24.0,7.0,1.0,2.0,7.0,1.0,14.0,35.0,9.0,14.0,13.0,25.0,10.0,2.0,0.0,0.0,0.0,7.0,0.0,23.0,0.0,0.0,0.0,0.0,0.0,7.0,18.46527298,0.0,11.29088658,-9.442175361,-8.201409493,-8.286991675,2.088924523,0.0,0.0,0.42032601,0.188865445,0.42032601,-1.384310602,2.700307641,0.162264939,0.0,0.662828811,0.27704056,0.348096175,0.241853587,0.091308477,1.058542497,0.435454828,0.38206717,0.188865445,0.410378292,0.614868087,0.869715066,-0.985909904,1.479766576,-1.425748444,0.023883689,2.574651326,0.0,0.0,0.762302571,9.946780371,11.72079654,0.0,0.0,-6.489329855,0.42032601,0.568488527,14.68871108,1.74776548,6.663138356,0.508058856,0.0,7.155542381,3.822246841,6.282544459,7.768812029,6.396270152,6.091060121,0.277931319,0.956207121,0.545371134,0.372177086,0.0,14.68871108,0.42032601,1.704752722,-0.353983341,-6.489329855,8.907374517,129.5,1.02778,0.5,1.94889,1.7255,0.623376623,1.783401801,3.679806819,5.331148323,6.017038249,21.31629457,39.5702179,188.2636282,91.24457657,10.0,6.0,4.54,4.397139788,0.0,0.0,0.0,0.0,0.0,0.0,0.0,0.0,0.908724779,0.914032668,2.095878329,5.224915609,1.555543045,1.997,7.746,13.26,6.211,2.623402934,4.0,0.0,1.0,3.0,0.0,1.0,0.0,0.0,1.0,0.0,0.0,0.0,0.0,1.0,0.0,0.0,3.0,0.11676371,-27.05979727,5706.935404,2.397895273,3.055
0.0,-0.5967258873456197,0.05207524,-1.3717275157158912,48.683895,14.0,3.0,1.0,1.0,0.0,0.0,0.0,0.0,0.0,4484.394886,155.920096,118.0103917,111.8508324,82.53150367,62.06058965,30.55685993,253.4913403,223.5813229,185.3407735,155.9872896,118.9531548,7.610703184,7.649367674,7.703554933,7.774668454,7.635732306,7.494761907,7.320133265,1.830331515,1.454578855,1.282455379,1.059948067,157.4359071,143.2468876,147.540839,151.0907376,149.4853082,151.8846586,157.8999335,159.9537518,165.1006534,4.103160422,3.141297802,2.900876722,3.044609532,3.364961181,3.011400857,2.760335917,2.356753813,-0.12691477,0.051849296,0.039810736,0.08039367,-0.08034284,0.030790824,-0.046345934,93.55649234,-114.1573387,953.6536484,74.59060319,-897.6450541,-1117.339131,-781.7166424,-173.6257834,168.7888755,363.7208876,999.1174309,-154.0248342,-1240.764722,-1147.088233,-1129.985949,-242.1897375,-0.146000077,-0.169502715,0.59555427,0.17132422,-0.462861301,-0.737809669,-0.451924519,-0.192532084,1.249121484,4.229233166,-2.730244751,-4.174879403,-4.442200755,-1.206769911,4.897789017,2.399785942,14.45732665,-16.34490322,-24.10239875,-8.180056379,-17.25886701,-9.839091694,-4.831700115,2.194215029,1.882790146,-2.884679142,-7.225456836,-2.084066702,2.281865667,51.55563714,-11.70498197,-0.117846344,0.020919891,-0.157994304,-0.08401694,-0.03064804,1.328367968,1.04118392,0.904602836,1.005583276,1.099134975,1.145578313,0.971150244,0.904169305,0.936444239,1.163504082,1.277224245,1.19892942,1.140827868,0.81322745,0.775341673,0.766331458,0.94597129,1.460345227,1.294924553,1.148174841,0.974354927,1.131813791,1.096401915,0.94200599,0.990692357,0.897215587,1.140555471,1.064968241,1.068337957,0.992118888,0.650151977,0.826831313,0.917659346,1.627746388,1.128549121,1.169884292,0.979799223,1.303571429,0.246149303,-3.224179108,226.3812311,0.265908908,-3.046583405,-2.484760873,-3.572121413,7.425544579,0.180952381,0.936724475,-0.150342006,1.0,5.444604235,12.60510011,0.0,4.169084138,3.872334335,3.592877907,3.317716469,3.097005004,3.070010263,2.740320841,2.5901285,1.415880729,1.323774724,1.14768453,1.06678626,0.998109223,3.117764131,2.995945005,2.863744783,2.707093513,2.515318898,4.702378819,4.145164577,3.719852839,3.626936922,3.402623727,3.072220964,1.0,10.0,4.0,1.0,1.0,0.0,0.0,0.0,0.0,0.0,0.233772673,1.286724448,0.0,0.527925652,0.0,0.675703181,0.0,0.202011989,4.09215258,1.912010425,4.02987,27.71839356,318.7615259,0.009897943,-10.61548511,355.714598,355.0,1.0,0.0,15.0,0.0,0.0,0.0,1.0,1.0,0.0,0.0,0.0,0.0,0.0,1.0,0.0,0.0,6.0,2.0,1.0,6.0,1.0,2.0,0.0,4.0,0.0,0.0,2.0,0.0,0.0,1.0,0.0,0.0,0.0,1.0,0.0,0.0,19.50220908,0.0,0.0,1.241478332,0.0,2.201444213,1.506550454,0.0,-1.333432569,0.0,0.429095044,-1.333432569,0.11421606,0.0,0.0,0.0,-0.572169307,5.543846073,0.0,0.0,0.0,0.0,0.0,0.429095044,0.0,0.529074822,0.583355891,2.208923375,0.531801225,1.738932219,0.0,0.574883787,0.0,0.0,4.397169312,0.0,0.0,12.91985576,0.0,0.0,0.0,0.0,0.429095044,12.91985576,2.052357962,0.0,0.0,0.0,0.0,5.543846073,0.0,0.0,0.0,0.0,0.0,0.583355891,0.606805306,0.709677107,0.0,12.91985576,0.0,0.606805306,-0.079050926,-1.333432569,5.65775386,31.5,1.36957,0.0,0.81673,0.93404,0.166666667,1.605377607,3.661593962,4.554124146,4.859641,17.33492303,35.9522281,41.28914001,24.50931579,18.0,2.0,2.89,0.0,1.221419954,7.630009832,21.0834393,16.69512555,0.0,0.0,0.0,0.0,0.338061702,0.0,0.25,0.0,0.0,0.18,1.845,2.671,3.118,15.18221813,4.0,0.0,0.0,4.0,0.0,8.0,0.0,0.0,0.0,4.0,0.0,1.0,3.0,2.0,0.0,2.0,0.0,0.016077031,-9.499836385,268.7587168,0.0,2.463
0.0,-0.4544057969536754,3.97e-05,-1.745158840954255,44.338723,20.0,3.0,2.0,0.0,0.0,1.0,0.0,0.0,1.0,4820.89341,185.5330742,141.7909826,119.8165488,102.2139811,89.0892939,28.75281993,270.8353985,252.231711,225.0304816,169.5016563,108.2153586,7.984583559,7.944434775,7.9902257,7.87813,7.89791419,7.93950774,7.756177304,1.822672057,1.617915872,1.253317906,0.893295804,157.717071,145.9570063,148.2035848,154.8611321,155.9754767,151.7597405,153.294139,161.9121418,170.5709867,5.456855124,3.523078634,3.726217421,3.385751029,3.416846708,3.653635117,3.758698092,3.351986044,0.38497403,-0.479677174,0.347811324,-0.043758754,-0.165956474,0.149627625,-0.036640894,3.68392073,22.72353531,-30.61040996,161.8645134,-218.7123165,-924.4585765,-72.48556387,-265.1055015,76.13233337,-334.6435762,10.38498754,291.7890093,-114.598969,-1073.336016,-572.2872299,203.0714402,-0.299014593,1.357038443,-0.843689606,1.203513071,-0.5719229,-1.266913974,0.256426458,-1.1694424,0.244875403,-0.387759068,2.671389268,-5.431484871,-3.965550579,1.293170817,-4.36453074,0.080394764,-16.39615393,22.20512883,-3.07153946,-29.83924393,-15.31915605,5.36931985,-4.634413719,-12.96056386,29.77890151,-6.580911557,-17.66947792,-21.17334079,0.099565425,45.9718171,-12.77780971,-0.125254425,0.372236269,-0.012603263,-0.229473739,-0.460290017,1.661266669,0.602095373,1.407472694,0.782300012,0.968491001,1.076930468,0.856525168,0.922637539,0.902948323,1.0437496,1.307005453,1.259449155,1.343941967,0.909654447,0.421631482,1.023130653,0.766282852,0.932369292,1.161825785,1.241956309,1.680590245,1.007796008,1.06474579,1.145018565,1.055042962,1.157121192,0.988799519,1.143183635,1.011503015,0.778116975,0.480282562,0.913734251,0.636566637,0.751031538,1.015450033,1.574463583,2.000737506,1.575630252,0.181550389,-3.924310687,306.0581717,0.012761803,-10.03098701,-3.835900237,-5.559342162,5.374280705,1.56646365,0.218696949,-3.496157098,0.0,4.609749581,12.08719729,0.0,4.262742471,3.929926503,3.778439481,3.421716143,3.206577707,3.144824452,2.72486156,2.619181914,1.325600561,1.246096103,1.082250302,0.957011485,0.887711567,3.135418771,3.080782753,2.780375785,2.645815032,2.584148241,4.790113712,4.531645888,4.078881974,3.794685729,3.445848847,3.03445823,2.0,12.0,2.0,0.0,0.0,0.0,0.0,0.0,0.0,0.0,0.271019931,1.587800738,0.0,0.42385709,0.0,0.663468305,0.0,0.132683724,3.845104536,1.416890792,1.72953,24.31193146,277.6400187,0.027210314,-8.289566115,269.0474802,330.0,2.0,0.0,15.0,6.0,0.0,2.0,1.0,0.0,1.0,0.0,0.0,0.0,0.0,0.0,0.0,2.0,9.0,0.0,0.0,9.0,0.0,0.0,0.0,4.0,0.0,0.0,0.0,0.0,1.0,2.0,0.0,0.0,0.0,0.0,0.0,0.0,22.81868921,7.381173866,0.398552706,0.0,0.0,0.0,2.141636117,0.0,0.0,0.655089889,0.505498936,0.655089889,0.468687677,0.994881193,0.0,1.19739059,0.331147242,0.0,0.398552706,0.0,0.0,0.0,0.0,0.0,0.0,0.0,0.0,0.0,0.0,1.837561728,0.0,0.913811728,0.0,0.0,0.0,0.0,0.0,11.79459278,0.0,0.0,0.0,0.655089889,0.60839392,12.23302926,2.085486015,7.442500625,0.0,6.183783276,0.331147242,0.0,0.398552706,0.0,0.0,0.0,0.0,0.0,0.576165123,0.0,0.0,12.23302926,0.655089889,0.697519054,0.071442901,-0.500428634,6.917210435,40.0,1.73913,1.5,0.55645,1.18909,0.0,1.725830382,3.115149605,3.814397767,4.594672032,19.93664024,34.33813185,52.62464735,29.98355928,22.0,0.0,2.67,0.0,0.0,10.41762644,20.15144807,11.02627314,0.0,0.25,0.0,0.0,0.0,0.0,0.5,0.707106781,0.0,1.323,0.992,1.272,2.162,24.26383579,4.0,0.0,0.0,4.0,0.0,3.0,0.0,0.0,0.0,2.0,0.0,0.0,1.0,2.0,0.0,2.0,0.0,0.08970604,-5.545799501,378.8162017,0.0,4.156
0.0,0.2077315958719592,1.20406729,-0.4106875788577558,43.959481,0.0,1.0,2.0,0.0,0.0,0.0,0.0,0.0,0.0,3177.895196,144.9722222,85.88905935,92.49141728,44.15070168,40.27961869,17.00560214,227.1434247,156.5299036,146.3919749,115.7520576,82.93501211,7.548857514,7.549161714,7.439272241,7.386130598,7.472579111,7.437298493,7.570873714,1.553138578,1.154502978,0.959672088,0.734246093,158.9526155,143.6791704,149.646255,150.5221195,153.5882951,159.5187201,160.0146135,165.3644815,173.1694703,3.918168168,3.036805556,2.687793427,2.920351474,2.418803419,2.666666667,2.599033816,2.686507937,-0.110877116,0.16586292,-0.085668657,-0.01353933,0.01547227,0.055273958,-0.100219001,38.23300932,171.5021985,-90.16313757,-391.9698264,52.16395166,-437.5097121,-97.61155511,-154.0431249,178.6012719,499.4424517,-249.9288525,-940.0255005,-122.9373575,-897.5451885,-321.8061277,122.6196063,-0.253442142,-0.253713966,0.631863299,-0.185912687,-0.106858121,0.007108505,0.141326957,-0.773455714,1.058073955,-1.090404921,-4.825629233,-4.201973267,-1.729171185,1.385388357,1.48767831,20.03448762,-1.994515206,-34.86468039,-10.96466407,-20.59582756,-8.167124278,8.013735386,-5.950470741,20.88272056,-2.835118903,-8.547906014,-5.451667884,-15.78256635,0.955825233,52.00989949,-9.972724316,-0.148761769,-0.02444068,0.000725,-0.079009679,-0.375775389,1.311224678,0.942977087,0.668449585,0.789520996,0.834283627,1.018175778,1.122116449,1.845652069,1.030090249,0.963818477,1.142160398,1.095510002,1.269987377,0.81918598,0.74876593,0.681433359,0.805997504,0.846764059,1.066017334,1.191032277,2.165533988,1.020913155,0.774927627,1.060029652,0.90978764,1.049907015,1.019480822,1.10031525,0.975625041,0.713457846,0.517388283,0.574064191,0.816920749,0.817827231,1.170434017,1.349453669,2.291676954,0.642857143,0.044184091,-6.238780994,375.6815061,0.107135994,-4.467312566,-6.21016499,-5.200341414,6.840038589,1.287745098,0.215919265,-3.065701427,1.0,5.25787195,11.30821052,0.0,3.997865651,3.68385724,3.358185975,3.099586588,2.848103628,2.72919853,2.588520286,2.438637441,1.426475972,1.339346326,1.082369627,0.941029311,0.861831749,3.078332031,2.810182635,2.72549724,2.580873185,2.431974707,4.387161453,4.008402783,3.926673868,3.516079746,3.416458697,3.009703329,0.0,7.0,5.0,1.0,3.0,0.0,0.0,0.0,0.0,0.0,0.224513414,1.491575693,0.0,0.543651713,0.0,0.805274413,0.0,0.209634507,4.189489444,1.9669593,2.5088,26.79842926,267.9842926,0.003408428,-11.36300825,441.3748125,278.0,2.0,0.0,12.0,0.0,2.0,0.0,0.0,1.0,1.0,0.0,0.0,0.0,2.0,0.0,0.0,0.0,0.0,4.0,3.0,5.0,1.0,3.0,1.0,0.0,0.0,0.0,0.0,1.0,0.0,0.0,0.0,0.0,0.0,0.0,0.0,0.0,15.5008168,0.0,1.221892608,3.00921627,0.380919312,5.686098592,0.0,0.0,0.0,0.0,0.428595522,2.387577475,-0.037993433,0.0,4.199720783,0.0,0.0,1.023305013,1.221892608,0.0,0.0,0.0,0.428595522,0.0,0.0,0.476942122,0.488893495,2.162350561,0.892546296,0.0,0.380919312,0.0,0.0,0.0,0.0,2.387577475,9.798797635,0.0,0.0,0.0,0.0,0.0,0.511770873,10.26032195,2.184197846,0.0,5.250933918,0.0,0.0,1.023305013,1.221892608,0.0,0.0,0.0,0.0,0.618463719,0.547417446,1.069959373,0.380919312,0.0,0.0,0.618463719,-0.108682681,-0.037993433,4.492849588,21.75,1.0875,0.0,0.90133,0.74631,0.294117647,1.399352376,3.285306085,4.334736393,4.810672622,12.31668148,28.21677147,39.85538524,21.31970187,14.0,0.0,3.0,0.0,1.947732718,8.344246029,22.08221839,12.94860915,0.0,0.333333333,0.0,0.0,0.0,0.0,0.0,0.0,0.0,0.838,1.185,2.152,2.346,4.908383751,4.0,0.0,0.0,4.0,0.0,8.0,0.0,0.0,0.0,4.0,0.0,1.0,3.0,1.0,0.0,1.0,0.0,0.058730357,-5.669597055,303.4256294,0.0,1.697
0.0,-0.7212028619272308,0.18774889,-0.9915704089049876,68.690653,18.0,5.0,4.0,1.0,0.0,2.0,0.0,0.0,2.0,8741.248855,328.726728,158.9317974,133.9176942,74.57072939,84.91731647,100.1982319,248.3087927,190.6321197,204.9394404,205.8933995,207.1852701,8.077986164,7.997482678,8.313317504,8.035289559,7.825764453,7.975980758,8.046949492,1.7678234,1.49656622,1.499843845,1.526988521,162.0800118,146.8704266,155.5288937,157.2247191,160.9168646,161.4341482,157.5401546,160.1901748,160.9048535,5.9768496,3.142101653,3.971583279,3.534316226,3.940673414,3.355356224,4.083419067,4.015149891,0.220703305,-0.255129583,0.163414682,0.131899536,-0.276352438,0.224502078,-0.41377044,359.8947517,802.9067056,131.19563,-2059.800158,-964.2442354,673.8643629,948.4587937,201.0273227,-14.26705757,273.7191328,604.150781,-1037.606991,29.94824875,348.3500731,281.8708575,70.94778689,0.021755191,2.207678458,-1.411468949,-2.005543494,-2.154084443,-0.068871117,2.601086756,-0.096303535,-1.672540291,-0.014918946,-8.380517028,2.307159662,1.792631328,0.665400453,-20.98379568,1.423880205,-19.61673598,-5.700984298,19.79071817,-9.018455461,0.326883358,-4.997032668,-19.76788988,3.871975066,-41.64091753,-30.25184269,66.07649887,51.86807043,6.313943012,49.24663762,2.721484946,-0.346805086,-0.313089605,-0.395730695,0.500579537,0.4052193,1.586995353,0.872077843,1.248716652,1.186754446,0.986675093,1.059859654,0.905707769,1.378090272,1.303119654,0.91860832,0.682435452,0.784841611,1.003782519,0.837368244,0.56327343,1.004103711,1.442206487,1.306878696,0.859457211,0.72328516,0.98165394,0.83694781,0.994116965,1.44410992,1.120576809,1.196157736,0.848632605,1.028324398,1.010340208,1.056926145,0.577589706,0.899295385,1.628456666,1.542599366,1.039128271,0.671370538,0.74559787,3.633403361,0.128678902,-6.97147938,699.2081395,0.060127285,-9.558391276,-8.897373054,-9.066673662,16.88771006,-1.169784344,1.117425673,0.377493615,0.0,5.594292754,12.5303933,0.0,4.732327821,3.994265375,3.983012309,3.742883347,3.326553453,3.294693522,3.232740168,3.196040394,1.750322187,1.563026335,1.27210085,1.256173282,1.034322193,3.546616945,3.151265301,3.064849663,2.975983403,2.950308951,4.956126582,4.632674795,4.624559253,3.85,3.823735828,3.823713582,6.0,10.0,2.0,4.0,0.0,0.0,0.0,0.0,0.0,0.0,0.234708048,2.747666639,0.166666667,1.090241981,0.166666667,1.09147477,0.022807523,0.256407191,6.793501789,2.431656474,4.83239,19.2105916,326.5800572,0.088941107,-8.227254893,566.1320276,736.0,2.0,0.0,18.0,2.0,2.0,2.0,5.0,3.0,2.0,0.0,0.0,0.0,0.0,0.0,2.0,0.0,9.0,4.0,0.0,9.0,2.0,2.0,0.0,0.0,0.0,0.0,2.0,1.0,0.0,4.0,0.0,0.0,0.0,0.0,0.0,1.0,16.63388195,0.323421815,0.323276356,0.751147123,0.0,-0.781784528,2.983328098,0.0,0.0,0.749170219,0.427786675,0.365072877,-0.41045077,5.56779363,1.202125881,0.156173312,0.631423042,0.642708601,0.158964631,0.0,0.0,0.0,0.0,0.0,0.427786675,0.440278369,0.0,1.795192468,0.375573561,1.439588582,0.0,0.171048034,2.794404526,0.0,4.207422461,1.476023167,0.0,12.92140775,0.0,0.0,-5.590334765,0.365072877,0.435432597,13.22390486,1.686675866,5.626402137,1.216774821,0.167248503,5.667307994,5.75811924,0.164311724,0.0,0.0,0.0,0.435432597,0.580422447,0.611198618,0.375573561,0.0,13.22390486,0.384097341,1.443605452,-0.049286625,-5.590334765,7.165260876,47.25,1.38971,2.0,0.84949,1.26747,0.181818182,1.92761786,3.828630797,4.41479136,4.735727441,25.12309124,42.80896664,58.55955838,44.13517825,28.0,2.0,2.56,0.25,3.337997278,9.479617627,21.11038125,10.24443221,0.0,1.010184194,0.0,0.0,0.0,0.0,1.103264346,0.554905527,0.0,-0.179,1.863,4.541,2.984,5.690080275,3.0,0.0,0.0,3.0,0.0,0.0,0.0,0.0,0.0,0.0,0.0,0.0,0.0,2.0,0.0,2.0,0.0,0.087090015,-8.298764319,449.3738628,0.0,3.243
0.0,0.8026841954933795,4.31642176,-0.9554823803900856,76.563446,23.0,3.0,2.0,1.0,0.0,0.0,1.0,0.0,1.0,12719.02988,237.3697702,219.2936187,119.4315722,90.29475505,82.04004604,79.6266113,266.0127983,232.2441378,207.8557772,213.7340317,215.4221515,7.636126241,7.742812214,7.752051724,7.684205733,7.663536108,7.708075558,7.724958234,1.95324986,1.553346048,1.593180363,1.631818582,155.1162605,142.2812744,147.690524,152.0840137,152.4349022,150.4044877,154.8799753,154.7310524,152.8605896,4.092582245,3.165621266,3.053376906,3.075723306,3.236666667,3.215827604,3.237073112,3.17703278,0.257421199,-0.308914074,0.098916306,-0.124433059,0.283253744,-0.087774753,0.020544714,52.29951239,642.9249979,-772.111113,-451.2988404,-434.3774648,221.3788207,261.1626065,-4848.971469,-35.63215792,-1.521405293,89.708029,-137.914709,-672.7147558,223.6667273,405.5034517,-1539.69234,-0.020885993,1.309756699,-0.875503025,1.231841793,-0.660935077,0.36887166,-1.890161346,-2.096372276,-0.726784538,0.578230719,-0.904938697,0.379728167,5.427899586,-8.985298204,-17.10507114,-25.19059915,7.335355113,5.507059962,-24.09439438,14.8613559,20.73243954,-18.3719631,-4.285659892,0.998885026,28.46073906,1.039243359,-29.66542393,-24.23918201,0.843540522,52.93870948,1.339321721,-0.069123547,0.196280959,-0.035986984,-0.192632623,-0.167166772,1.630989696,0.815266204,1.667343716,1.207181775,1.334858916,1.086569857,1.366751139,1.146471026,0.745550624,0.494868205,0.5767749,0.794164817,1.609814046,0.832619036,0.546558325,1.167503771,1.056818777,1.191335483,1.205720955,1.640026992,1.591036408,1.006991032,1.218041682,1.16430315,1.188794072,1.033783311,1.120346318,0.953101062,0.889732645,1.049381807,0.561033745,0.850846293,1.112259287,1.265026291,1.420921455,1.833643038,1.5866385,2.382142857,0.083088745,-8.956245705,374.8992923,0.004739341,-19.26668573,-8.072391468,-10.80662204,10.52934183,0.221924752,0.123091895,-7.541366718,0.0,6.426203125,13.03193627,0.0,6.879646693,4.077631786,4.016572073,3.760966422,3.665122561,3.609650831,3.441152422,3.053496846,1.78888184,1.630514044,1.538344882,1.217625192,1.082250302,3.698271124,3.521858936,3.094818924,2.882461434,2.867030931,4.601246189,4.448295978,4.01944504,3.828210023,3.803365061,3.674513243,2.0,22.0,2.0,2.0,0.0,0.0,0.0,0.0,0.0,0.07856742,0.582545833,2.430260517,0.0,0.819344121,0.0,1.328805272,0.0,0.263806541,6.479216364,2.746554721,7.345,21.10639346,379.9150823,0.086359801,-8.817238705,383.4419981,928.0,0.0,0.0,27.0,0.0,0.0,0.0,0.0,0.0,0.0,0.0,0.0,0.0,0.0,0.0,0.0,0.0,15.0,0.0,0.0,16.0,2.0,0.0,0.0,0.0,0.0,0.0,0.0,2.0,1.0,2.0,0.0,0.0,0.0,0.0,0.0,0.0,38.87644515,0.0,0.0,0.0,0.0,0.316991661,6.960978125,0.0,0.0,0.0,0.0,1.695190258,-0.285308152,0.0,0.0,0.0,0.0,0.0,0.0,0.0,0.0,0.0,0.0,0.0,0.0,0.0,0.0,2.035534946,0.0,1.909162537,0.0,0.761977296,0.0,0.0,0.0,1.695190258,0.0,13.85566076,0.0,0.0,0.0,0.0,0.0,13.85566076,2.186795841,0.0,0.0,0.0,0.0,0.0,0.0,0.0,0.0,0.0,0.0,0.0,0.58461877,0.0,0.0,13.85566076,0.0,0.615134415,-0.047973602,-0.285308152,12.79453555,52.25,1.45139,0.5,0.87076,1.25766,0.068965517,1.621018375,3.174827393,3.719545118,4.361532934,23.50887786,38.62994126,81.1571291,52.1587983,33.0,0.0,3.88,0.25,4.791215111,20.45194767,35.00978441,14.11785138,0.0,0.25,0.0,0.0,0.0,0.0,0.0,0.0,0.721124785,0.003,2.364,4.762,4.769,8.118853033,5.0,0.0,1.0,4.0,0.0,0.0,0.0,0.0,0.0,0.0,0.0,0.0,0.0,2.0,0.0,1.0,1.0,0.237729817,-5.171833695,369.3925569,2.397895273,9.067
1.0,0.0902947622223164,0.81685444,-0.150429921592975,89.811306,15.0,6.0,3.0,0.0,0.0,0.0,0.0,0.0,0.0,6315.678615,267.6388889,77.97134093,84.95467848,57.78974534,67.17898632,50.29973107,199.0133542,170.0710087,196.9832387,188.9908082,167.0682644,7.526616444,7.513343774,7.456938644,7.592673921,7.802920514,7.771774394,7.642555241,1.376917951,1.400171849,1.371046662,1.256879331,165.3600778,147.5919074,156.5917269,161.6496666,163.8141134,164.9783955,161.0314087,161.9786832,161.6128552,3.304183813,2.719934641,2.674274593,2.469339623,2.575206211,2.790137615,2.721664436,2.693295019,0.016768203,0.310607634,-0.529132278,0.483570554,-0.017014463,-0.307269403,0.291102828,180.7475701,680.5502173,787.0003868,1175.426133,1507.855871,-424.2446216,-1940.599356,-1788.795379,11.19212419,157.6435409,354.1946654,853.1455937,1960.37128,-243.8811368,-1553.04323,-2112.150795,-0.137744143,2.170435512,2.561864143,0.844662875,2.100691759,-1.320694145,-3.395935918,-1.504176269,-0.886719061,0.801111182,0.452074579,-0.432878485,-4.397945505,-7.267481628,-24.9821534,-15.65525791,-0.040691378,-29.96345021,29.86894366,-8.857259052,15.48439413,-8.460962731,-3.140726346,37.27675744,12.4452658,-19.21022371,-36.34431997,-30.29851056,2.126442002,49.85103785,-1.118720811,-0.036949722,0.053413158,0.125470605,-0.145961124,-0.104477623,1.680485201,0.980023414,0.831989243,1.149480562,1.015232583,1.488370361,1.52351686,1.140053693,0.827086474,0.816089029,1.09599309,1.257382702,1.195674016,1.029252073,0.638391855,0.666527147,0.711178755,0.848180526,1.355968998,1.399603056,1.295044984,0.809262621,1.117761318,1.520619789,1.228974458,1.069201565,0.989393578,1.236630091,1.172751835,1.09921187,0.362183334,0.492709721,0.518629191,0.625794162,1.030100909,1.113710331,1.462609284,1.607142857,0.140397571,-7.656780641,586.3439804,0.142199276,-7.607050833,-7.639915521,-10.86614645,9.975129927,3.799007937,0.884964179,-0.476611629,0.0,4.260897106,12.15585174,0.0,4.135473339,3.831729443,3.689473321,3.657093308,3.479727059,3.282297259,3.202609784,3.103123198,1.814422153,1.69082651,1.644752879,1.570532926,1.540840942,3.663555061,3.353536506,3.226817493,3.122592965,3.097159685,5.070328914,4.3002084,4.043173387,4.019469315,3.702604487,3.651119962,6.0,4.0,1.0,7.0,8.0,4.0,0.0,0.0,0.204124145,0.19641855,0.609947688,2.98256899,0.0,0.731253433,0.0,1.71479103,0.0,0.262719277,6.668444879,3.277947181,8.70535,23.67368346,461.6368274,0.071165013,-10.30674049,611.1066445,901.0,2.0,0.0,11.0,1.0,1.0,0.0,3.0,1.0,0.0,1.0,0.0,1.0,1.0,0.0,1.0,0.0,2.0,19.0,0.0,2.0,5.0,9.0,5.0,2.0,0.0,0.0,4.0,0.0,1.0,1.0,1.0,0.0,0.0,0.0,0.0,0.0,7.426851827,0.0,0.0,9.591335151,2.250845589,-1.160020803,3.377773721,0.0,0.0,0.0,0.204290624,2.194056831,-1.160020803,6.661625586,0.448225239,0.0,1.981062381,1.216668385,0.0,1.193143631,0.0,3.238684505,0.554529112,0.0,0.204290624,0.296463723,0.0,1.951342491,0.519080819,1.988895905,0.173866466,-0.243151601,3.572512858,0.0,4.408310054,0.0,9.825067526,12.01312149,5.840422869,0.0,0.0,0.0,0.554529112,12.01312149,2.072886221,6.661625586,0.448225239,0.0,2.454168083,1.216668385,0.0,1.193143631,0.0,3.238684505,0.204290624,0.680907384,0.521036913,1.234579317,0.750374714,12.01312149,0.0,0.788402794,-0.142319162,-1.160020803,12.65369726,43.25,1.10897,1.0,1.29003,0.89622,0.633333333,1.476285656,3.235686325,4.584652591,5.194245219,13.57549416,31.70826664,61.26641408,34.09512919,20.0,2.0,3.77,1.130604938,7.735637175,9.549300116,29.56731476,20.77797347,0.0,0.5,0.2,0.0,0.0,0.0,2.85649605,1.807452952,0.0,0.785,2.113,2.752,2.895,11.08501497,5.0,1.0,1.0,3.0,0.0,1.0,0.0,0.0,1.0,0.0,0.0,0.0,0.0,3.0,0.0,2.0,1.0,0.019930742,-15.27041853,37785.41839,2.397895273,7.274
0.0,1.5625338891851257,11.08623616,-1.4585846962168774,63.224895,22.0,3.0,2.0,0.0,7.0,1.0,0.0,0.0,8.0,8361.381782,611.0122409,160.7958035,129.3591291,100.4546574,118.2673504,96.3963526,260.3204785,220.2324023,226.8831788,236.3689236,207.4102543,8.906409788,8.645407276,8.478728416,8.490915956,8.829133799,8.909104939,8.535806597,1.643141242,1.375374909,1.443619696,1.335720272,175.2786391,150.0179954,159.5984483,164.892058,166.4803978,167.8148289,173.0177363,171.0750344,169.8452476,11.7502354,4.334970071,6.266568308,6.329493047,5.672476398,8.354723629,8.860885085,5.300914409,-0.416347621,0.277482627,0.215942523,-0.397652589,-0.07128396,0.301924678,-0.05622077,-34.80087523,438.9842134,-337.8264466,111.3396162,-565.2145598,915.2149405,13.45906219,-626.4411424,80.02948802,185.6805125,-602.5737483,-357.7521286,-265.3413927,621.5421749,-739.0666393,-300.0358782,-0.808430718,2.247687034,4.041473244,2.33729536,-1.470506888,5.31807451,5.613179512,-5.599320486,0.189061883,-1.813813107,-1.238020496,2.573118913,-2.274451851,-0.154486982,-9.286202286,28.32147699,10.70903492,5.131539802,-18.43192194,49.64074098,69.55708868,-63.35187669,-21.8621096,47.60036966,39.60500708,143.0535285,174.3452485,-120.5228261,-0.632743186,41.42635323,4.471526438,-0.397492902,0.316840057,-0.253057875,1.320797337,-0.899424075,1.401009148,1.099339372,0.852631803,0.982289624,1.139339719,1.034723753,0.922996536,1.026425125,0.745735499,0.984570391,0.706716333,0.802765723,1.050160339,0.83002914,0.648268689,0.707462631,0.697427271,0.935277261,0.902260744,0.863133653,1.128488185,1.039385168,0.972336235,0.878848148,0.831383541,0.896400169,0.956632109,1.008203325,0.983517349,1.029590277,0.554511417,0.736996374,0.70013416,0.958979751,0.923466922,0.827748007,1.103778524,3.908963585,0.184933404,-6.244710139,345.3462188,0.429592164,-3.126200211,-6.388623523,-0.768217716,9.636325881,7.159477051,0.146122272,-7.116252652,0.0,3.015546692,12.14911971,0.0,4.039192891,3.965913149,3.928949796,3.551894586,3.453991324,3.320227771,3.049267013,3.03002336,1.565748506,1.455107282,1.347292951,1.225544363,1.039530315,3.382826241,3.255318555,3.002888059,2.900116978,2.820668472,5.417009824,5.150301272,5.024594059,4.879779004,4.835936519,4.598802395,3.0,13.0,4.0,3.0,1.0,0.0,0.0,0.0,0.0,0.0,0.243967308,4.036063514,0.353553391,0.951600951,0.0,1.230562753,0.019090089,0.185340488,7.604296944,2.11942357,7.27782,20.90213403,386.6894795,0.515974754,-2.448280535,1053.252663,854.0,2.0,0.0,20.0,0.0,0.0,4.0,3.0,3.0,2.0,1.0,4.0,0.0,1.0,0.0,1.0,0.0,7.0,1.0,0.0,7.0,1.0,1.0,1.0,2.0,1.0,0.0,2.0,0.0,0.0,0.0,1.0,0.0,0.0,0.0,0.0,0.0,0.40896766,18.7250298,10.57629037,-2.172359887,-1.777407289,0.0,-10.64646568,-5.017379918,0.0,0.453910207,0.357502536,0.453910207,-2.162955667,0.0,0.0,0.968685825,0.19431406,1.722407648,5.288145187,1.43840371,0.16227405,0.0,0.357502536,0.0,0.428089206,1.30422178,0.0,1.640413206,-2.172359887,1.275230956,-1.777407289,-2.162955667,2.709591478,0.0,4.044887955,0.0,10.92295303,0.0,4.023478338,12.51011658,0.0,0.453910207,0.428089206,15.27759343,1.749442699,0.0,0.0,6.540172844,6.332256827,5.461778398,5.288145187,1.43840371,5.355445874,0.0,0.428089206,1.30422178,0.682902654,0.0,0.0,0.0,0.453910207,1.488709351,0.053442618,-5.017379918,12.39097009,50.25,1.35811,4.0,0.88252,1.39399,0.166666667,1.949500662,4.195042123,4.909681728,5.286790199,24.14829291,47.32735929,59.12813516,38.6447935,11.0,2.0,2.67,0.0,1.255269423,5.476116345,23.19153621,26.45477793,0.0,0.0,0.125,0.0,0.0,0.0,0.727928251,0.0,0.0,0.265,1.493,2.781,2.532,8.244556129,4.0,0.0,0.0,4.0,0.0,1.0,0.0,0.0,0.0,1.0,0.0,0.0,0.0,2.0,0.0,2.0,1.0,0.171356685,-6.526829669,429.5995154,0.0,5.93
0.0,0.5237489564991893,2.617924,1.361351299571795,86.965997,0.0,2.0,6.0,1.0,1.0,2.0,0.0,0.0,3.0,10187.77751,453.2197836,143.4898241,122.6215493,85.50901192,86.54504903,84.86461837,241.8827015,210.0128937,216.6992194,218.9328663,197.8947554,8.034642296,8.04662504,8.038995563,7.902761258,8.016801967,7.983672822,8.007699934,1.70514151,1.527146861,1.548279524,1.46456605,161.2511698,143.8738411,150.5472107,152.7624338,159.9262839,157.5791681,158.2693404,154.8414248,157.6989458,6.383377233,3.044293553,3.737666101,3.639107878,3.793335568,3.702246586,4.129918346,4.009466159,0.302302668,-0.238649447,-0.061101231,0.078989505,0.108525489,-0.180504984,0.273111524,342.4382158,605.6548739,-1486.497158,-278.994292,1506.036817,-1030.923675,158.6278625,-1518.43342,239.1803084,898.8705428,-1357.028563,239.3979829,1119.353624,-66.7893026,-783.0232723,-2217.212205,-0.16312552,1.323672282,-3.907864298,-1.134894676,2.133420636,-2.459058761,0.235514052,-0.21874157,0.655406042,-7.17027382,2.586911057,1.133801568,-0.761938661,-8.998129149,3.38923287,7.684731422,-63.35615129,13.26411625,-2.372365584,70.45112696,-38.66418618,-20.65867622,-29.02824835,-64.5571333,-31.49218574,-83.19049151,18.13810893,-3.507826363,4.565842877,50.91337312,-0.279453149,-0.387043311,-0.147850637,0.196533851,0.07169213,-0.012944009,1.463109701,0.800928241,1.27543686,1.221035072,0.99166678,0.972492726,1.081075333,0.901830391,0.842729571,0.611091523,0.885645966,0.72655855,1.097598503,0.805878295,0.674903553,1.185977641,1.103781815,0.86462075,1.180406529,0.966185768,1.075732206,0.816947217,1.153837694,1.050359351,0.980399664,1.210098681,1.099611275,1.129832944,1.138682961,1.122913145,0.540938856,1.086646916,1.004108463,0.844316068,1.257708625,1.027164289,1.088472692,4.038165266,0.058826123,-11.89931089,701.5648882,1.47e-06,-56.42065548,-10.31655885,-4.770698496,14.09194246,0.094741305,1.03833846,0.158011566,0.0,4.696306001,14.45027512,0.0,4.721318498,4.034571479,3.89986871,3.879995748,3.813141083,3.570474573,3.311221444,3.274767121,1.636309813,1.60434099,1.443811685,1.432619097,1.372874417,3.733954852,3.494515889,3.432316919,3.125313527,2.919444205,5.098651636,5.000452547,4.796303707,4.770633623,4.209793457,4.032,2.0,13.0,5.0,4.0,3.0,1.0,1.0,0.25,0.321114263,0.055555556,0.506986986,6.009148264,0.747453724,1.944553096,0.448729699,2.957927209,0.274012692,0.571201383,10.98260657,4.576477291,4.2168,22.94573996,481.8605392,0.272959213,-5.453418165,950.9609331,869.0,2.0,0.0,20.0,1.0,0.0,1.0,1.0,3.0,1.0,2.0,0.0,1.0,1.0,1.0,0.0,0.0,0.0,5.0,1.0,9.0,3.0,4.0,0.0,0.0,3.0,0.0,0.0,1.0,0.0,4.0,1.0,0.0,0.0,0.0,0.0,1.0,16.70179467,3.414208659,1.681552598,0.677801797,0.0,1.451354173,0.0,-4.201316936,0.0,0.994690988,0.253695725,0.437492328,-0.754330633,6.373107091,0.0,3.414208659,4.162081029,0.346516545,1.681552598,7.404630584,0.0,0.287013825,0.253695725,0.515101427,0.0,0.55633522,0.937980788,1.262669858,-0.179667073,0.0,0.0,0.0,0.0,0.0,0.0,1.365874591,10.71343874,12.37252852,6.62822598,16.4057988,-5.418260669,0.437492328,0.515101427,16.4057988,1.889976533,6.373107091,0.0,3.414208659,4.162081029,3.646899485,1.681552598,8.45065037,0.0,0.287013825,0.0,0.878861095,0.621697237,0.506522107,0.0,14.37509236,0.55719866,1.293315706,-0.678747646,-5.418260669,7.759787142,45.25,1.07738,0.0,1.3119,1.18691,0.333333333,1.817381743,4.057556721,4.944833387,5.353559443,23.17091351,44.43031855,63.45565592,38.00466803,9.0,3.0,3.44,0.481411137,5.365103121,15.9413053,33.33683266,12.948974,0.6082202,1.294365492,0.893484831,0.0,0.0,0.166666667,0.0,0.0,0.0,0.8,2.868,5.08,3.647,4.128797604,5.0,0.0,1.0,3.0,0.0,1.0,0.0,0.0,1.0,0.0,0.0,0.0,0.0,1.0,0.0,0.0,0.0,0.140826864,-8.232941047,580.6672503,4.110873864,0.237
1.0,0.9656998725905066,5.50465444,1.4112026107510691,82.720032,0.0,5.0,3.0,0.0,3.0,0.0,2.0,0.0,5.0,19809.0457,449.1634945,300.137056,132.5251895,87.75499874,89.83076686,92.94551435,255.0256387,232.0902886,220.0347271,200.9347799,176.0658653,8.177353788,7.935947059,7.811372172,7.699847566,7.701572951,7.560291064,7.439026958,1.804002556,1.598739851,1.533795715,1.434268523,165.4152692,148.1662528,156.154553,157.3991873,158.630776,154.168581,155.3468043,156.4416487,158.1918455,6.805507493,3.531261023,5.018989328,4.43627451,2.701146384,2.745183088,2.566638608,2.326385266,-0.194288321,0.308641633,-0.056652752,-0.087728602,0.248307641,-0.353424884,0.106335111,-46.15122365,420.6397604,-1024.138411,-2067.607974,443.8573331,-747.5337302,1083.907521,2330.745963,96.17965358,-81.74433676,64.07658015,425.6191331,-1.411700857,-1159.941945,-1119.612976,-1089.71199,-0.533263537,4.64456638,5.97181643,-1.368149686,-0.199334116,0.306148926,0.455559636,3.69229319,0.299547422,0.441993928,2.891485943,-4.908566618,-0.530447354,-4.420429827,-5.862673523,79.8812627,19.68769481,47.82735809,6.408444047,11.16352379,2.675671801,-20.72389487,-20.42997719,185.9560819,1.733333046,24.78317834,23.0198829,32.32493974,-0.659303195,49.71261618,-5.63078614,-0.291856817,0.010633945,0.128953246,0.104635831,0.15176028,1.620921202,0.960103117,0.598184285,0.690574956,0.630081151,0.526614221,0.590984812,0.428392842,0.72570453,0.301786168,0.568823522,0.58317073,0.957795028,0.864342307,0.538622563,0.421017073,0.639462421,0.424996981,0.414539951,0.373264613,0.244377157,0.669749735,1.055937396,0.97215156,0.765494799,0.76348484,0.697716066,0.675412747,0.654644064,0.63709001,0.396984157,0.17639709,0.308917244,0.134545671,0.14593954,0.162506126,0.172783678,4.121428571,0.029797838,-14.75594164,6003409.84,0.20703498,-6.614443559,-14.24112026,-5.791835059,8.969449668,4.013084678,0.025102263,-15.4761485,1.0,2.675375,13.73714031,0.0,6.879516345,6.879516115,3.996573488,3.741602387,3.656316326,3.637073851,3.601407118,3.347493212,1.774774337,1.564606374,1.325094251,1.318498378,1.228337286,3.56326674,3.332249949,3.30560219,3.236740992,2.927830549,5.396227592,4.746908031,4.541598695,4.541598695,4.055624889,3.896691616,1.0,16.0,4.0,3.0,3.0,0.0,0.0,0.0,0.0,0.11785113,0.468480722,3.745797958,0.288675135,1.424292593,0.288675135,1.602205623,0.013498731,0.209702256,8.137937808,2.878804851,6.60428,27.45402484,562.3270439,0.055202338,-12.16634986,21323.18768,1805686692.0,2.0,0.0,23.0,1.0,3.0,1.0,0.0,1.0,0.0,1.0,0.0,0.0,1.0,1.0,0.0,0.0,0.0,3.0,2.0,13.0,0.0,3.0,2.0,0.0,1.0,2.0,0.0,2.0,0.0,1.0,1.0,0.0,0.0,0.0,0.0,0.0,35.9092212,0.941789927,0.0,2.25036045,-0.320287998,7.806182556,0.0,-5.083333317,0.0,0.0,0.408891443,2.070809969,-2.756944438,9.099696212,10.82113237,0.941789927,0.0,0.846736476,0.0,2.78335781,0.0,0.0,1.022916684,0.408891443,0.0,0.515644677,0.956979411,0.0,0.618324711,0.0,-0.219105167,0.0,0.0,4.73898766,0.0,2.070809969,7.124999904,8.895833214,6.807082559,10.57870356,0.0,0.0,1.022916684,10.57870356,2.26985103,9.099696212,10.82113237,0.941789927,0.0,0.846736476,0.0,2.78335781,0.0,0.0,0.0,0.683118224,0.711892508,0.859763946,0.0,8.895833214,0.0,1.437499994,-0.484979274,-5.083333317,11.24120697,46.5,1.10714,0.0,1.04925,0.87855,0.206896552,1.892273447,4.076513,4.74478143,5.305011064,29.89611151,50.76250581,74.67144221,45.42137224,15.0,3.0,3.22,0.0,0.0,22.62879749,9.230725985,0.794582782,0.0,0.5,2e-09,0.0,0.3086067,0.40824829,0.5,2.149139864,0.5,1.122,1.797,3.572,3.924,4.675582728,6.0,0.0,1.0,5.0,0.0,6.0,0.0,0.0,1.0,2.0,0.0,0.0,3.0,3.0,0.0,2.0,0.0,2.312471423,3.520930698,357.1139556,2.397895273,3.573
2.0,-3.010705245699389,17.68791249,2.342793711911482,172.442405,12.0,9.0,9.0,0.0,1.0,0.0,1.0,0.0,2.0,18691.69296,776.578275,117.5578174,85.73480576,50.47027014,52.79761503,50.55100495,192.0114968,149.6821092,156.3524417,153.1176831,152.3800865,7.651568761,7.532514676,7.566674333,7.642378943,7.731324793,7.695063933,7.712145969,1.35021561,1.160571098,1.138044468,1.139538472,167.1587272,149.6089447,157.4357669,163.8324001,166.2276655,166.52724,165.6855168,165.822156,165.5062488,4.884140095,2.880070547,2.86742993,2.414724165,2.684069951,2.919288985,3.1795194,3.078138585,1.035065129,-0.308869622,-0.650428289,0.931255183,-0.960222649,0.351912023,0.710675027,10.70412597,168.562087,-833.7106827,-735.5049483,1316.634616,-1254.42503,1094.542227,-704.1008449,47.00491367,-1506.561075,-784.3622454,-119.4201125,1123.253692,-456.535276,730.1255328,-465.5977506,-0.883802411,5.027112574,-2.43010181,-3.580933754,1.286880033,-2.680947912,5.459496297,1.062525414,-0.314648246,-3.244471239,-1.302833883,-2.284416403,-1.084945738,0.038236413,-25.07478669,-18.15030633,-25.05433391,-44.39258883,13.46597963,-8.216372128,-5.644970609,31.77229765,-10.40592009,-51.85826273,-83.94404518,-46.31532574,164.6696172,6.410691733,0.066485254,49.54705535,-0.842316007,-0.064633044,-0.177097142,-0.053234021,0.261380345,0.009029143,1.751386848,0.64070698,0.971342852,1.105182311,0.999978782,1.376098183,1.182109593,1.154113022,0.775953372,0.556453211,0.767875183,0.67794916,0.646586195,1.18958578,0.486192309,0.905456969,1.012740806,0.93496132,1.149837202,0.946551516,1.090332908,0.843034419,0.902696044,1.468925649,1.230610706,1.075675133,0.957827945,1.03825612,1.004941347,0.960796592,0.415905375,0.829408406,0.952462911,0.930062439,1.084965331,0.900693887,1.112567457,4.697619048,0.131611547,-15.00646386,1271.535463,0.154779652,-13.80657052,-14.86253625,-12.93994665,19.91580857,9.532789855,0.026072834,-26.9867741,1.0,3.935295788,12.41601252,0.0,6.879644413,3.822177312,3.768957775,3.721391812,3.684427927,3.649584812,3.597236001,3.540422211,1.928871023,1.892556932,1.851786043,1.813182492,1.738479016,3.660125355,3.591064062,3.52809021,3.459747624,3.427935204,5.321301846,5.122459358,5.122455163,5.05169651,5.032245666,5.030363143,4.0,10.0,2.0,10.0,23.0,2.0,0.0,0.0,0.0,0.0,0.268728739,4.794787455,0.0,0.446383983,0.0,2.356841853,0.0,0.151376666,7.821447367,3.755844013,7.551,23.56077906,709.7827129,0.341351509,-7.953834599,1681.787549,2855.0,8.0,0.0,19.0,10.0,1.0,1.0,11.0,8.0,16.0,18.0,11.0,15.0,2.0,2.0,4.0,0.0,8.0,35.0,4.0,8.0,2.0,28.0,5.0,0.0,0.0,0.0,0.0,3.0,0.0,7.0,0.0,0.0,0.0,0.0,0.0,0.0,12.29987821,0.707529621,39.14160691,10.8562915,-1.72317073,-4.765653162,2.817991408,0.0,0.0,0.0,0.189985957,1.349380232,-1.141647791,0.300334606,0.300384263,0.707529621,0.281686398,0.281732971,0.529531347,0.256363295,0.256405681,0.481927427,0.408400396,0.357147241,0.189985957,0.291976746,0.618177034,1.999269837,-0.393804285,1.362288922,-0.979055282,-0.361539632,2.888589701,0.0,0.0,1.349380232,9.823824586,12.01930216,0.0,13.55547873,0.0,0.0,0.524336732,14.94766487,2.074105486,6.41289386,0.300384263,0.707529621,2.817125175,7.385867396,6.121063249,6.754889199,7.83760975,6.489992712,0.287580688,0.908977862,0.580896287,1.226520593,0.58043593,14.94766487,0.0,0.908977862,-0.350890716,-1.141647791,13.67703116,68.75,0.92905,1.0,1.74989,1.13241,0.648148148,1.573129467,3.368500146,4.962791208,6.06568948,18.37456682,34.1812317,122.2787921,45.96316878,6.0,6.0,5.2,0.5,5.584337426,0.0,0.0,13.82429129,0.0,3.880385129,0.0,0.0,0.843442849,0.857202371,0.774836001,2.730816364,0.793700526,2.768,5.114,6.257,3.478,1.688951711,3.0,0.0,0.0,3.0,0.0,0.0,0.0,0.0,0.0,0.0,0.0,0.0,0.0,0.0,0.0,0.0,4.0,0.229885223,-10.87929591,1375.407122,0.0,8.494
1.0,0.2624140698349195,1.40991876,-0.9610045782631292,68.693481,18.0,2.0,4.0,0.0,0.0,2.0,0.0,1.0,3.0,23514.0256,292.0054346,470.280512,144.9401715,120.3860308,118.2293972,140.6737695,282.2037989,227.0002539,224.9822334,217.542754,201.3252447,8.01729884,7.951023415,8.00958814,8.092423723,8.023027333,7.861850951,7.793549324,2.352242708,1.657744083,1.705561708,1.66501834,155.9299518,142.5747478,148.3872325,150.8967071,154.4605287,155.8939661,154.6635737,153.5643422,156.2259175,5.840108692,3.427135647,3.545182941,3.416081903,4.8607689,4.464587106,3.62325143,3.068284603,0.06022918,0.276036061,-0.364199422,-0.014934016,0.202113777,-0.009263991,-0.250372424,-42.56826324,282.7220722,-3140.45591,-1425.694669,2006.101938,707.0935544,-4104.347439,2071.151883,36.64513285,158.1953281,-940.3672163,-512.4655911,183.9187918,108.9902358,-995.6580521,-81.56488678,-0.30956,1.015516,-0.288708,-2.206236,-0.833444,-0.527044,0.165736,-0.828482,0.14800696,-7.207317314,-3.879777484,7.434643869,-11.74040598,3.228120578,-8.43223632,6.412956972,-17.51278346,-20.75983514,-2.162965746,19.32559383,-17.69590329,-4.168697753,-7.75828584,-11.42880138,-24.35255938,-4.909881944,-46.21843422,-58.86032498,-0.803174778,53.50472924,0.648751404,-0.146382752,-0.170297618,0.23173447,-0.281819721,-0.405933276,1.472883936,0.900574223,0.913017527,1.389557035,1.335272468,1.094492561,0.943722623,0.85557339,0.589098491,0.461164645,0.609009125,1.328624927,0.99706697,0.751119852,0.558881114,0.8722013,1.174677017,1.224025576,1.189049651,0.981005729,1.042664696,0.661012518,1.007555767,1.111917597,1.018846012,1.129350095,1.042384199,0.887802941,1.030727851,0.937419442,0.491185795,0.858298039,1.228476341,1.351996052,1.436667739,1.241765202,1.124809194,3.466624386,0.164277025,-5.96046363,382.7615761,0.132275016,-6.675477822,-6.158974394,-6.600801989,10.09910331,1.29951417,0.175584612,-5.74079296,0.0,5.094246118,13.24779717,0.0,10.6947279,4.005933077,3.962106554,3.867510186,3.584313968,3.450102849,3.218041479,3.160773365,1.578983291,1.436561308,1.231374606,1.109878489,1.082250302,3.412594567,3.232375696,2.992523595,2.92560103,2.666303244,4.747246306,4.665090769,4.608980062,3.845002482,3.826038784,3.780589741,3.0,15.0,3.0,0.0,2.0,0.0,0.0,0.0,0.0,0.0,0.234708048,2.7155412,0.0,0.748397863,0.0,1.596201441,0.0,0.209522921,6.328339054,2.798401164,5.42869,22.92550577,378.2708453,0.175356017,-5.745092056,615.4904244,643.0,1.0,0.0,21.0,1.0,1.0,0.0,1.0,2.0,1.0,0.0,1.0,0.0,1.0,0.0,0.0,0.0,11.0,0.0,2.0,11.0,1.0,0.0,2.0,0.0,0.0,0.0,0.0,2.0,0.0,3.0,0.0,0.0,0.0,0.0,0.0,0.0,23.9496495,0.0,0.27164883,0.0,-2.341896692,-1.923670243,5.415373619,0.0,0.0,1.304061582,0.422147868,0.643492128,-1.161600083,5.340189149,0.539409942,0.0,5.928578819,0.63048007,0.27164883,0.0,0.278857987,0.0,0.422147868,0.0,0.0,0.0,1.07077158,1.654537614,0.0,1.757728811,-1.291315882,0.381566589,0.0,0.0,0.0,1.27777488,10.33139992,12.6500441,0.0,0.0,0.0,0.643492128,0.422147868,14.04384403,1.95271017,5.340189149,0.539409942,0.0,5.928578819,5.833194474,0.27164883,0.0,0.278857987,0.0,0.0,0.0,0.540217372,0.0,0.0,14.04384403,0.660569454,1.095804177,-0.106267008,-1.291315882,7.378965181,45.0,1.36364,1.5,0.93123,1.26699,0.125,1.813336823,3.634415718,4.252585734,4.82875844,34.71655098,52.55083641,70.83222113,46.93354838,12.0,2.0,3.11,0.0,2.005084609,11.28922617,32.8361079,18.32311209,0.0,1.315560521,0.0,0.0,0.0,0.0,0.0,0.0,0.333333333,0.502,1.688,3.492,3.912,4.635858586,4.0,0.0,0.0,3.0,1.0,1.0,0.0,0.0,0.0,0.0,1.0,0.0,0.0,1.0,0.0,0.0,1.0,0.156609315,-6.118203352,416.1257717,0.0,5.779
0.0,0.149953887533737,1.00420441,-1.6083247955787234,48.683309,20.0,3.0,2.0,0.0,3.0,0.0,0.0,0.0,3.0,4937.569252,382.0625,123.4392313,116.3891683,95.66580381,91.04887334,74.37193813,253.6191475,233.5222505,220.2669015,179.9086769,148.0334323,8.3979544,8.017250174,8.162451423,8.107739346,8.331648229,8.341264308,8.763430579,1.615405569,1.4234981,1.162599845,0.959108363,168.207672,148.9018954,157.1451243,155.2392757,163.1134851,159.7283326,163.9743701,169.4477523,181.2427697,9.5515625,3.86498708,6.461419753,4.076086957,4.656383547,5.302380952,5.279780983,8.748903509,0.455832697,-0.653689239,0.55886836,-0.145186652,0.203757248,-0.539880111,0.310849646,10.36069741,493.674059,-151.0573486,306.7986588,373.6179009,-738.0882998,-601.5747264,-49.89189122,78.72391239,25.24615625,-381.1439899,286.2155745,256.263327,-863.2475095,-684.3646427,-6.92924233,-0.423221,5.442692,-1.272292,1.799746,-1.836106,-2.376555,-4.71894,3.516982,0.185532042,-2.893568198,1.706241105,-4.141359606,-5.127761888,2.71380908,-8.293069134,72.85272695,-49.72898027,28.95565336,-61.70243974,-16.91688467,-80.24914317,46.77166555,-15.61012587,-14.35265625,10.73409722,-56.54433594,-106.2237153,93.21651042,0.240946451,43.64234841,-8.221404852,-0.363026183,0.103212473,-0.251419939,-1.021381878,1.226533032,1.789846587,0.567492864,1.327532609,0.702876281,0.991659374,0.99026942,1.338450772,0.762363567,0.821624702,0.792447602,1.1061559,1.266342195,1.310754766,0.860603624,0.329916956,0.707639511,0.713725521,0.979682537,1.163682102,1.492369977,1.251591636,1.057253272,0.84171267,0.930142589,0.684454863,0.952743626,1.169945011,1.115543028,1.316504336,0.937173458,0.364913544,0.6387704,0.757858907,0.921150989,1.148246049,1.503997514,1.324338865,1.928571429,0.004388618,-14.65760031,267.6540565,0.146704204,-5.182209722,-11.98302353,-2.275235707,6.083895554,4.177396617,0.252421509,-3.716968319,0.0,3.995498047,11.9570406,0.0,4.244791481,3.882242444,3.780918342,3.409316337,3.251899388,3.175512011,2.849788715,2.619181914,1.448937042,1.326318392,1.18357974,1.082250302,1.051240724,3.197935024,3.157561187,2.968056804,2.779576707,2.645815032,5.281806531,4.849260276,4.603072174,4.437956204,4.437956204,4.090363611,2.0,10.0,4.0,2.0,0.0,0.0,0.0,0.0,0.0,0.0,0.252291192,3.124650146,0.288675135,0.73812677,0.11785113,0.872780657,0.013498731,0.143154381,5.444307,1.631677844,2.23857,24.91701486,334.4323054,0.017500031,-10.92299205,513.6009674,437.0,2.0,0.0,15.0,6.0,0.0,2.0,0.0,3.0,0.0,3.0,0.0,0.0,0.0,0.0,0.0,2.0,8.0,0.0,0.0,8.0,1.0,0.0,0.0,4.0,1.0,0.0,0.0,0.0,1.0,2.0,0.0,0.0,0.0,0.0,0.0,0.0,12.51849226,7.668148221,0.0,0.0,0.0,0.0,0.462067967,-4.609991733,0.0,0.0,0.559596797,1.267430556,-0.857772581,0.709250079,0.0,0.812190742,0.0,7.657046171,0.0,8.768390993,0.0,0.0,0.0,0.0,0.0,0.0,0.0,1.850574321,0.0,0.97632535,0.0,-0.857772581,0.0,0.0,0.0,0.0,0.0,11.81316596,0.0,13.68314867,0.0,0.0,0.64081676,13.68314867,1.744524991,7.85103217,0.0,6.85595748,0.0,7.657046171,0.0,8.768390993,0.0,0.0,0.0,0.0,0.711236497,0.0,0.0,12.25160243,0.0,1.451467191,0.179097222,-4.609991733,8.997276204,42.0,1.55556,1.0,0.69083,1.27816,0.105263158,1.813775242,3.58418372,4.215311532,4.765311532,19.35875811,35.97353227,54.03110626,33.42643751,22.0,0.0,2.67,0.0,1.78079167,7.926091986,21.38599261,11.95727433,0.0,0.25,0.0,0.0,0.0,0.0,0.5,0.707106781,0.0,1.323,0.875,0.961,1.743,22.38556531,4.0,0.0,0.0,4.0,0.0,3.0,0.0,0.0,0.0,2.0,0.0,0.0,1.0,2.0,0.0,2.0,1.0,0.159026723,-4.964444161,342.3134397,0.0,5.708
0.0,-0.4696392053495722,0.000353,-1.579966978198529,14.831172,0.0,0.0,2.0,0.0,0.0,0.0,0.0,0.0,0.0,1381.584984,123.5555556,115.132082,108.195088,86.000043,0.0,0.0,258.1848285,92.85275528,0.0,0.0,0.0,8.235032,8.143797143,8.321658,8.929548,0.0,0.0,0.0,1.649854968,0.0,0.0,0.0,155.944943,139.9952487,144.3955462,158.5385321,169.1457715,185.09553,0.0,0.0,0.0,10.2962963,4.388888889,5.111111111,5.306878307,17.0,0.0,0.0,0.0,0.049563622,0.021242269,-0.174293031,0.09259339,0.0,0.0,0.0,8.53e-14,-54.108054,-176.874081,-149.820054,176.874081,0.0,0.0,0.0,-4.26e-14,-214.5359973,-162.8995054,-55.63150676,162.8995054,0.0,0.0,0.0,-4.72e-16,-0.06,-0.781896,-0.751896,0.781896,0.0,0.0,0.0,0.0,-0.700708609,-0.012187289,0.0,0.0,0.0,8.44e-15,-8.246277075,-4.123394827,-0.000256,4.123394827,0.0,0.0,0.0,-2.740740741,-22.18518519,-26.66666667,0.0,0.0,0.0,7.11e-15,45.02791735,0.0,-0.228395062,-2.222222222,8.308641975,0.0,0.0,1.112811655,0.647143014,0.935536197,1.77928548,0.0,0.0,0.0,0.0,1.590115025,0.0,0.0,0.0,0.0,1.096385357,0.656272889,1.290168762,1.765590667,0.0,0.0,0.0,0.0,0.0,0.0,0.916652422,1.22220323,1.047627187,0.0,0.0,0.0,0.0,0.625952381,1.261632653,1.811071429,0.0,0.0,0.0,0.0,0.5,1.94e-16,-28.94174783,40.3148575,1.11e-16,-29.38944046,-29.06506837,-28.4163242,2.757270621,1.415873016,3.05e-16,-28.58015973,0.0,4.38775,7.024131645,0.0,3.774574052,3.012573446,2.78450423,2.033170937,0.989437981,0.86540559,0.078647793,0.138895985,0.286367597,0.138895985,0.078647793,0.86540559,0.989437981,1.744267537,0.985397903,0.926790609,0.023385207,0.12318978,4.58013206,4.441154246,3.161233088,2.895648988,1.631116651,1.180500031,0.0,6.0,0.0,0.0,0.0,0.0,0.0,0.0,0.0,0.0,0.083333333,0.577350269,0.0,0.0,0.0,0.136082763,0.0,0.0,0.816496581,0.15713484,0.33687,7.675381755,30.70152702,0.094421893,-1.887985849,23.37145629,58.0,0.0,0.0,6.0,0.0,0.0,0.0,0.0,0.0,0.0,0.0,0.0,0.0,0.0,0.0,0.0,0.0,0.0,0.0,0.0,4.0,0.0,0.0,0.0,0.0,0.0,0.0,0.0,0.0,0.0,2.0,0.0,0.0,0.0,0.0,0.0,0.0,4.767777778,0.0,0.0,0.0,0.0,-0.241481481,0.0,0.0,0.0,0.0,0.0,10.28277778,-0.120740741,0.0,0.0,0.0,0.0,0.0,0.0,0.0,0.0,0.0,0.0,0.0,0.0,0.0,0.0,0.0,0.0,0.0,0.0,0.0,0.0,0.0,0.0,0.0,0.0,10.28277778,0.0,0.0,0.0,0.0,0.0,10.28277778,1.252314815,0.0,0.0,0.0,0.0,0.0,0.0,0.0,0.0,0.0,0.0,0.0,0.623611111,0.0,0.0,10.28277778,0.0,0.623611111,0.54,-0.120740741,1.436641481,10.5,1.3125,0.0,0.35224,0.69705,0.0,1.459147917,1.918295834,1.918295834,1.918295834,13.42349738,18.93327238,26.85614168,26.85614168,8.0,0.0,1.9,0.0,0.0,3.301927249,5.656854249,0.333333333,0.0,0.2,0.0,0.0,0.0,0.0,0.0,0.0,0.0,0.003,0.732,1.008,0.798,2.935483871,1.0,0.0,0.0,1.0,0.0,0.0,0.0,0.0,0.0,0.0,0.0,0.0,0.0,0.0,0.0,0.0,0.0,0.0,0.0,32.54481954,0.0,-0.228
0.0,1.0689350426360067,6.33176569,1.1462301957569705,135.656029,18.0,3.0,11.0,0.0,2.0,2.0,0.0,0.0,4.0,13473.78489,618.7050373,114.1846177,102.0106655,72.38858425,73.65508258,63.56574421,220.5508799,188.9620698,187.1840554,178.1065398,172.0457403,8.00091422,8.030935295,7.826179942,7.990591482,7.980890235,7.954720324,8.081494843,1.487062084,1.320397324,1.265123278,1.236451414,164.2125542,145.7493153,154.2968993,157.424793,161.9483988,161.9444382,160.8300735,162.5743666,164.2642168,5.243263028,3.148181335,3.276670006,3.105448553,3.697359845,3.898014504,3.682739355,3.517309981,0.455967865,-0.271497864,-0.212640872,-0.176681507,0.488782581,0.241093741,-0.763834764,211.9634216,1733.19445,-2338.289622,1922.830835,566.4994927,482.6935564,1088.110263,-3799.497272,-14.51005779,1542.415457,-1895.143625,1692.936874,1009.56506,-774.1967227,-121.0059727,-1510.745844,-0.663698716,3.902299486,-6.064162205,1.210525461,1.140239933,4.095914704,1.428424419,-10.58150474,-2.130633407,-4.672607799,3.702058373,-1.420097163,-3.335564441,2.310357725,-18.93836206,0.448238022,-40.43430235,-36.46302899,18.84218522,-24.44050016,-25.33462774,32.72229493,-11.90373702,-65.25861362,-7.995044172,83.8925588,22.07651169,-135.2411503,1.709382433,49.59618035,-1.897540987,-0.095997879,-0.021095103,0.002893517,0.051822797,-0.32588229,1.553410448,0.979437277,1.259643675,1.049455248,1.193025211,1.013109658,1.047668509,1.253476412,0.750859335,0.796170556,0.860273599,0.946569088,1.250391034,0.844181164,0.783982073,1.192319292,0.889494392,0.99733145,0.934850407,1.010858576,1.443187724,0.895912976,0.969468765,1.205826239,1.000049453,1.092443941,1.064039937,1.116801257,1.100788901,1.053609391,0.51441376,0.88441519,1.004410695,1.218438981,1.091741647,1.199678002,1.466784813,5.139355742,0.364184081,-6.565622853,1934.432988,0.637357719,-2.927757384,-6.730622694,-1.127217251,18.6194426,7.183504829,0.164460695,-11.73304387,1.0,4.472820024,14.61810983,1.0,4.056906026,3.978003266,3.882625242,3.859267811,3.774055621,3.621180308,3.5310191,3.488909677,1.863297483,1.794173754,1.70314193,1.688706141,1.629233004,3.781212085,3.625109297,3.493821548,3.460196471,3.327244965,5.082239346,5.078915491,4.863237331,4.844942482,4.834296374,4.689122833,2.0,15.0,3.0,10.0,10.0,2.0,2.0,0.0,0.0,0.332004208,1.166982373,8.298097598,0.921594772,1.333269163,0.084478929,4.831104205,0.561886724,0.486893263,13.64198792,6.251608399,9.45757,31.31661923,709.7827129,0.503149173,-4.464645811,1397.831101,2831.0,2.0,0.0,22.0,1.0,4.0,0.0,2.0,5.0,3.0,1.0,3.0,2.0,0.0,0.0,2.0,0.0,9.0,20.0,1.0,9.0,9.0,3.0,9.0,0.0,4.0,0.0,0.0,0.0,0.0,3.0,8.0,0.0,0.0,0.0,0.0,0.0,14.30450943,0.0,5.961546097,1.135064516,-7.004605985,-2.601310997,0.603737692,-3.791190765,0.0,0.493548063,0.11831117,0.131124535,-1.090630578,5.297338637,0.338941008,0.0,1.919328086,0.015513497,0.042878752,1.947997994,0.131165812,2.107472689,0.0,0.0,0.11831117,0.433023878,1.045682593,1.346785772,0.289972301,1.342654819,-1.392593384,-0.587970957,2.864826768,0.0,0.0,0.0,0.0,13.20635677,5.382502445,16.22271235,0.0,0.131124535,0.361913072,16.3689542,2.427910554,5.297338637,2.029314833,0.0,1.93663013,5.924138499,5.871211662,1.947997994,1.589173433,4.779553149,0.361913072,1.178635732,0.701005472,0.496543362,0.0,14.63704698,0.362423528,1.178635732,-0.352792613,-1.701769992,13.03580512,71.0,1.09231,3.0,1.49914,1.29452,0.543478261,1.700828681,3.897127208,5.225117837,5.911724193,19.2414163,41.92489605,88.74250571,41.7130879,13.0,3.0,4.65,3.214363094,10.70445696,10.62065456,39.91215089,0.0,0.499155049,0.360562393,3.478854026,5.062571827,0.40824829,0.0,0.333333333,0.0,0.0,0.078,3.672,5.014,3.235,2.917175636,7.0,0.0,4.0,3.0,0.0,1.0,0.0,1.0,0.0,0.0,0.0,0.0,0.0,3.0,0.0,0.0,3.0,0.400320556,-5.950682815,1142.539567,3.713572067,9.202
0.0,-0.2143734056956199,0.16144324,-1.7636260577535254,44.75293,20.0,4.0,4.0,0.0,1.0,0.0,0.0,0.0,1.0,4632.246221,347.5,128.6735061,124.1010039,106.0980187,97.96538563,55.80298651,264.6246828,253.3238528,226.942878,179.1604347,124.9260106,8.488522778,8.195245524,8.371829545,8.272672267,8.4068905,8.606068571,8.574613448,1.655013724,1.430821696,1.136138941,0.838963511,163.749998,150.178558,150.8850427,158.0395978,161.1669348,156.5884514,160.3200336,169.1620334,175.4820725,9.652777778,4.347578348,5.105379189,4.441798942,5.022839506,5.526041667,7.641025641,7.870689655,0.297486274,-0.428411312,0.427158459,-0.012617631,-0.36455951,0.101354372,0.134239816,21.57006285,39.38317343,10.86237846,-55.62496337,-61.56773608,-530.9078259,-190.2034826,-115.2631694,79.02846422,-330.1715444,5.024457367,185.0291582,-51.94050231,-884.8392549,-655.7610564,197.4766343,0.225176454,1.751380861,-1.227883741,-0.09510621,-1.769548278,-2.464398481,1.388097466,0.276381142,0.65378548,-0.881738945,1.527958087,-5.442374819,-2.998591821,2.375971527,-0.858615333,-6.559135716,-17.58128518,8.61410034,-9.86503203,-46.00195674,6.511055871,13.12028004,-4.435185185,-21.05555556,-9.237654321,-67.12037037,37.32716049,23.04938272,0.553078535,39.50336223,-9.217075572,-0.113722697,-0.104973345,-0.409670782,0.410188577,0.39740315,1.544366955,0.742457669,1.288545849,0.787038021,0.94399336,1.186016116,0.945230667,0.775172563,0.900974726,0.852570618,1.099234549,1.268034987,1.551779193,0.964398471,0.457891317,0.881353487,0.907627306,1.013299961,1.214192552,1.227531867,1.358471196,1.040915083,0.845483391,0.99064065,1.014037587,1.083896509,1.055330511,1.259680898,1.051519035,0.590334979,0.469408595,0.786892191,0.887109139,0.970245079,1.215551061,1.278127914,1.450329049,1.904761905,0.114616337,-5.632028815,303.2094256,0.191822673,-4.293078167,-5.635473538,-2.876816061,5.503535854,4.306512605,0.139694401,-5.117575046,0.0,4.156144651,11.87669684,0.0,4.247649832,3.885138324,3.784390485,3.372533221,3.208269977,3.15629002,2.804322405,2.736554579,1.333431352,1.275113442,1.058991078,1.03014307,0.904108441,3.166978409,3.089120072,2.916177735,2.690766951,2.64930024,4.863884473,4.823929144,4.805063499,4.565726226,4.021932079,3.838709677,2.0,12.0,2.0,0.0,0.0,0.0,0.0,0.0,0.0,0.0,0.252291192,2.026632932,0.0,0.612763765,0.0,0.646435556,0.0,0.130498679,4.825503073,1.426732672,0.98243,25.07165423,323.9839959,0.000973,-18.03194669,289.9759441,373.0,2.0,0.0,15.0,6.0,0.0,2.0,1.0,1.0,1.0,1.0,0.0,0.0,0.0,0.0,0.0,2.0,8.0,0.0,0.0,8.0,0.0,0.0,0.0,4.0,0.0,0.0,0.0,0.0,1.0,3.0,0.0,0.0,1.0,0.0,0.0,0.0,10.83355135,7.839239657,9.433333891,0.0,0.0,0.0,-0.974059902,0.0,0.0,0.0,0.578463719,1.189259259,-0.661498488,0.687943334,0.0,0.773893505,8.385648826,6.659259046,9.433333891,7.491252656,0.0,0.0,0.0,0.0,0.0,0.0,0.0,0.0,0.0,1.187552201,0.0,-0.661498488,0.0,0.0,0.0,0.0,0.0,11.51197358,0.0,14.49641275,0.0,0.0,0.650735741,14.49641275,1.573080593,7.948075418,0.0,7.065346151,8.385648826,6.659259046,9.433333891,7.491252656,0.0,0.0,0.0,0.0,0.686013676,0.0,0.0,12.21398321,0.0,0.764987245,0.210287344,-0.800441232,5.337563402,45.25,1.74038,1.5,0.54702,1.36054,0.0,1.872531967,3.482289237,4.183542362,4.926733682,19.94535201,38.05778183,51.62147364,27.69139619,25.0,0.0,2.34,0.0,0.0,7.870104157,20.28342355,13.36604712,0.0,1.060660172,0.0,0.0,0.0,0.0,0.5,0.977846045,0.333333333,1.323,0.79,1.38,2.19,23.562989,4.0,0.0,0.0,4.0,0.0,3.0,0.0,0.0,0.0,2.0,0.0,0.0,1.0,2.0,0.0,2.0,0.0,0.016152708,-10.72673564,450.5664868,0.0,3.695
3.0,-6.097867735237569,86.34869776,3.0321700877051234,192.44537,15.0,12.0,17.0,0.0,0.0,0.0,0.0,0.0,0.0,15453.10162,1119.083333,86.33017668,86.23019222,64.42388298,59.45974793,56.71910099,194.452315,167.1623429,164.6775836,162.6246056,161.0512197,7.857494547,7.784395777,7.827265358,7.994692191,7.996009808,7.932486208,7.847925409,1.300578935,1.162415756,1.155617979,1.161819515,167.2502942,151.1890849,156.5025228,163.8647804,167.4382363,165.3827755,165.6987076,165.0890838,164.0330368,6.251862197,3.323511357,3.323529412,3.243219129,4.584023794,3.963010691,3.655943152,4.014796402,0.489046878,1.395874611,-2.733859225,1.230855275,1.642658322,-2.650886706,0.76806419,-135.9184611,436.3540084,-664.9739201,1036.752531,1569.448057,-1212.758395,-2076.702953,250.6248435,372.9920301,-1272.889249,-1522.322177,2455.382438,303.4428957,-684.8359703,-128.4424285,-935.0234112,-2.255941746,5.344065411,1.130834822,-5.647257139,8.278708739,-2.321582903,-11.57351681,6.131205473,1.877425287,-5.787721843,7.747166708,0.818013004,2.896204622,-4.88492155,-6.321712483,-76.66438478,8.751852232,-0.233623698,-38.59290928,66.09786892,2.636723598,-40.73572909,-40.24446889,-81.71593514,-127.0218418,-102.0330609,-262.0563792,220.7115371,-0.750930724,46.97191724,-1.176694107,-0.222345132,-0.239663852,0.533591805,-0.40628896,0.313510706,1.655458451,0.811204686,0.848393343,1.324798706,1.098787214,1.079787576,1.354912399,0.978000203,0.957706681,0.940032215,1.081971893,1.106232685,0.984662631,1.190298787,0.526905211,0.882453975,1.145635321,0.986849743,1.218254775,1.334994995,0.943985587,1.006416083,1.058987324,1.460832356,1.43598888,1.082446607,1.132878199,0.986906648,1.044024205,1.098304191,0.517519962,0.933871127,1.123425053,0.965536006,1.259769621,1.345891685,0.926542504,5.964285714,0.173967635,-15.56508543,1606.301907,0.194434373,-14.57517922,-15.56009993,-14.03863601,24.63029667,16.00452381,0.147659785,-17.02431519,2.0,3.814922045,11.38403398,0.0,4.042797858,3.814887145,3.756489982,3.733491957,3.705181568,3.668719562,3.619507719,3.568210829,1.897535337,1.877411835,1.857147673,1.835714577,1.78844495,3.635109701,3.604750075,3.573526878,3.542035827,3.498311114,5.046289239,5.046190605,5.044101892,4.97697444,4.973279307,4.965188504,13.0,10.0,3.0,9.0,22.0,3.0,0.0,0.0,0.0,0.096225045,0.389519551,7.207887062,0.0,1.526681817,0.0,3.467882043,0.0,0.293097755,13.26852257,4.763660937,-1.36861,29.13784972,709.7827129,0.105482842,-20.01794203,1601.048301,4692.0,17.0,0.0,26.0,12.0,34.0,9.0,20.0,41.0,13.0,19.0,39.0,15.0,5.0,2.0,9.0,1.0,10.0,34.0,12.0,10.0,7.0,13.0,14.0,2.0,0.0,0.0,0.0,0.0,0.0,12.0,0.0,0.0,0.0,0.0,0.0,0.0,5.944280249,27.31471436,40.23908493,-2.449299582,-17.73446645,-13.21269551,1.009474973,0.0,0.0,0.0,0.251400692,2.205682334,-1.610752403,3.704527678,0.651875407,0.70129484,0.818572196,0.579551225,0.662135016,0.841147103,0.554510066,0.643473547,0.291734461,0.401550706,0.251400692,0.412195918,0.75588819,1.147460938,-1.153882936,1.590120653,-1.990330167,0.462635423,2.205682334,0.0,0.0,0.0,9.0147517,11.05373812,0.0,0.0,0.0,0.0,0.621991061,14.73555082,1.78158999,6.875326303,5.973171639,4.771225501,6.45672229,7.981349832,5.73807426,6.633667659,8.500932076,5.495473947,0.39495229,1.144086989,0.558396607,0.428383029,0.0,14.73555082,0.0,1.144086989,-0.310903578,-1.990330167,3.889036194,88.25,0.99157,0.0,1.68603,1.47584,0.566666667,1.611264757,3.632970496,5.078418815,5.955656682,15.66495483,32.86834228,144.5640231,64.88713392,9.0,6.0,4.87,1.75031674,11.60707719,0.0,0.0,0.0,0.0,11.07990333,0.0,0.0,1.573143927,0.0,5.243164303,0.0,0.0,3.165,8.605,9.957,5.272,2.769540685,3.0,0.0,1.0,2.0,0.0,1.0,0.0,0.0,1.0,0.0,0.0,0.0,0.0,1.0,0.0,0.0,3.0,0.181169449,-15.2040703,1582.911365,2.397895273,0.555
1.0,-1.1913143417464211,1.45902241,-1.43968453564081,78.204997,24.0,1.0,4.0,0.0,0.0,0.0,0.0,0.0,0.0,5721.72166,287.25,88.02648708,92.21890287,59.25032007,56.75971532,52.14066701,232.9127665,180.769875,181.2036558,176.6502352,170.4049155,7.572306954,7.557142477,7.544337701,7.536973964,7.677308643,7.604866375,7.489085854,1.586653696,1.317414593,1.308616796,1.280662044,157.6351101,142.1851012,146.5824061,153.924616,156.7682922,157.2547598,158.1000449,157.4013796,157.4253939,4.419230769,3.199754902,3.216322517,2.825806452,3.385437212,3.326884921,3.130729167,3.021891096,0.102799257,0.11483247,-0.372888175,0.363129552,-0.15369081,-0.120975103,0.165986051,53.99618832,-361.2060941,-659.3059106,-347.9511293,945.0575815,-420.0150709,-487.2334619,336.068909,160.6285999,-856.0141813,-976.4423798,-440.7353927,636.153227,-82.6521346,-468.5658597,14.44632985,-0.192613096,0.970896489,-0.119130551,-1.071165214,1.90081184,-1.903630441,-0.992831209,1.626823895,0.756109373,-3.547694533,-1.93003627,0.536726241,-1.343457575,-0.940763279,3.819168666,-18.92169706,-9.395512821,-15.86820123,-10.43533161,4.08471183,-1.194619355,-4.795980496,-6.378908613,-19.6343524,-24.41408941,-32.57358317,-33.10404339,22.67456279,0.794061593,52.07735858,-0.491976992,-0.09380748,-0.146192152,0.412038133,-0.206900271,0.150162667,1.481936548,0.864063106,0.938910239,1.280062034,0.923317889,1.389455895,1.242133309,0.950361495,1.058710191,0.830719976,1.097861504,1.100755366,0.933243472,1.100643163,0.656972899,0.968299861,1.184411799,0.848417515,1.523219979,1.310046845,0.829372253,0.96435984,1.013262464,1.013844029,1.152140875,1.057725592,1.041149886,0.998338884,0.999620516,0.990376799,0.517814199,0.963501018,1.13116353,0.803546051,1.603770832,1.515428705,0.944271716,1.142857143,0.183102664,-6.111749793,761.4261543,0.282083265,-4.555990742,-6.110756625,-3.280494319,15.04608371,2.38015873,0.027514693,-12.93492644,0.0,4.482971751,11.60509579,0.0,3.880471857,3.841267792,3.760678864,3.685571875,3.578801863,3.32051355,3.073611785,2.937575693,1.887024474,1.674419993,1.520604708,1.335178615,1.128281529,3.697839778,3.46280144,3.239820056,2.988477316,2.851245653,4.699691241,4.586802008,3.904296371,3.900665714,3.820386098,3.781461196,2.0,20.0,4.0,1.0,3.0,1.0,0.0,0.0,0.0,0.0,0.389519551,1.870463667,0.0,0.30274943,0.0,0.825191288,0.0,0.086675282,3.966097416,1.592588434,5.47739,20.50443453,369.0798215,0.249455134,-4.998514329,487.6430591,1162.0,2.0,0.0,26.0,2.0,3.0,0.0,1.0,0.0,1.0,1.0,0.0,0.0,1.0,0.0,1.0,0.0,19.0,4.0,2.0,19.0,0.0,3.0,2.0,0.0,0.0,0.0,0.0,0.0,0.0,2.0,1.0,0.0,0.0,0.0,0.0,0.0,39.98316483,0.0,2.109017736,0.795079329,-1.191041147,-1.368845311,4.595074328,0.0,0.0,0.0,0.363260991,2.726484444,-1.065994117,4.716854452,1.385024088,0.0,6.596111903,0.0,2.109017736,2.949278409,0.0,0.0,0.507988993,0.0,0.363260991,0.736986633,0.747793157,0.0,0.156815949,1.819287945,-1.027052001,0.70099782,2.726484444,0.0,0.0,0.0,9.777104687,11.95199565,5.805791953,0.0,0.0,0.0,0.507988993,12.98475359,1.994694571,6.071482239,4.341693781,0.0,6.596111903,0.0,2.109017736,2.949278409,0.0,0.0,0.363260991,0.919832817,0.543374394,0.456339537,0.0,12.98475359,0.0,0.919832817,-0.125628762,-1.065994117,11.97938161,48.75,1.35417,0.5,0.80456,1.12851,0.161290323,1.369113436,2.985117882,3.757137847,4.533229543,11.89342504,25.53737744,87.88010033,45.77746511,7.0,3.0,4.32,0.0,0.0,0.0,35.45171638,7.951084452,0.0,0.814325285,0.360562393,0.0,0.0,0.0,0.0,0.0,0.0,0.715,1.434,3.037,2.946,4.971412951,4.0,0.0,0.0,4.0,0.0,0.0,0.0,0.0,0.0,0.0,0.0,0.0,0.0,0.0,0.0,0.0,2.0,0.286424984,-4.50100301,473.0095821,0.0,11.436
0.0,-3.470863422821658,24.64030321,0.3854787089205991,119.849236,18.0,6.0,8.0,0.0,0.0,0.0,0.0,0.0,0.0,9192.584591,581.2777778,85.91200552,88.07168751,62.39941038,61.4510332,57.201999,207.2108312,170.3441809,177.4819619,170.9239772,166.9539798,7.724718019,7.742290357,7.768521046,7.856979287,7.884161209,7.801032943,7.729304466,1.400657972,1.259578586,1.228404353,1.213798928,164.1620296,148.2039955,153.7452013,160.6206505,164.6890865,164.0763073,162.7008083,162.635151,162.7934639,5.432502596,3.200505051,3.060280641,3.189880952,4.039879792,3.517008318,3.352166793,3.731816154,0.196392736,0.929451181,-1.682634969,0.841912896,0.80942531,-1.710753764,0.915605077,11.22836605,330.7308043,-530.0190331,-351.4784082,1283.674438,-923.8860943,-1182.970457,1524.18941,244.2281056,-585.3816298,-1280.51428,197.6537988,1020.69129,-523.9286785,-415.7214133,1474.19213,-0.823291616,2.405385041,0.957593943,-4.878298989,3.69745222,-3.010572967,-6.43506924,5.849278243,1.185292678,-5.398991148,-0.427901756,-0.316676121,-1.306996086,6.295877586,-2.163723544,-38.27168518,1.093533757,-23.08820379,-17.1726897,27.34423624,-13.22302533,16.57029156,-16.30360245,-33.16471599,-95.42686164,-96.04320368,-132.4719796,172.5064586,0.102076055,49.21576916,-1.400878819,-0.148214568,-0.290051251,0.384717488,-0.300389976,0.346398511,1.619832821,0.834757088,0.903059172,1.519533246,1.09897306,1.148995719,1.40409839,0.922862179,1.046574116,0.920067386,1.085938391,1.084967518,0.915006596,1.112009146,0.528671131,0.92619875,1.301931382,1.074760688,1.30967534,1.328059256,0.922941173,0.913795521,0.925627981,1.314466268,1.326201915,1.087771385,1.077247428,1.027468889,1.066933914,0.993069812,0.526732858,0.967708784,1.251514169,1.076283959,1.353339465,1.333857603,0.946275806,2.857142857,0.027706502,-19.72348489,923.0622034,0.003400643,-31.26084944,-19.77140954,-30.28319729,15.53809553,6.759581882,0.014496186,-23.28628328,0.0,4.801143937,11.26094988,0.0,3.845715557,3.817532916,3.801632553,3.734313965,3.669403725,3.623650728,3.458660448,3.437208967,1.897938184,1.865072025,1.71509854,1.714254403,1.636468308,3.6449609,3.591595901,3.514082327,3.384932526,3.362807597,4.811739056,4.792859723,4.792676206,4.755493023,4.755394956,4.737131699,6.0,15.0,3.0,5.0,10.0,2.0,0.0,0.0,0.0,0.0,0.268728739,4.180839648,0.0,0.944977955,0.0,2.042404025,0.0,0.268242372,8.922622927,3.553286743,1.7701,35.15034009,709.7827129,0.013710995,-23.59256465,1975.424118,1610.0,8.0,0.0,24.0,6.0,18.0,0.0,6.0,18.0,4.0,12.0,14.0,4.0,2.0,0.0,6.0,0.0,13.0,17.0,6.0,13.0,5.0,4.0,8.0,0.0,0.0,0.0,0.0,0.0,0.0,6.0,0.0,0.0,0.0,0.0,0.0,0.0,18.9522673,0.0,8.37542705,0.43342985,-7.888168211,-4.026672453,1.87621203,0.0,0.0,0.0,0.275133853,2.650028694,-0.726691519,3.810103535,0.747561693,0.0,3.716073929,0.729112606,1.344821557,1.332044549,0.753496884,1.351139805,0.48112055,0.0,0.275133853,0.422013416,0.893912847,1.462387939,-0.057668886,1.438275112,-1.281177133,-0.000642,2.650028694,0.0,0.0,0.0,9.858230961,13.506422,0.0,0.0,0.0,0.0,0.488345399,14.28365058,1.812066256,4.322334296,4.286444159,0.0,4.45662241,4.44154883,2.863531612,6.872157825,6.975355047,2.80304373,0.317363411,1.020298367,0.566530912,0.496325522,0.0,14.28365058,0.0,1.020298367,-0.202356774,-1.281177133,7.793064794,62.0,1.12727,1.0,1.35872,1.34271,0.414634146,1.549015841,3.410066904,4.320420839,5.013689533,14.61141854,29.25274185,105.1161145,59.97962565,7.0,4.0,4.43,1.57018621,8.185678908,20.38233991,48.07626056,30.83728179,0.0,3.164240134,0.0,0.0,0.0,0.0,3.041821709,0.0,0.0,3.771,4.815,5.043,4.374,2.543998344,4.0,0.0,0.0,3.0,0.0,0.0,0.0,0.0,0.0,0.0,0.0,0.0,0.0,1.0,0.0,0.0,3.0,0.065025577,-15.03136026,927.1723514,0.0,8.4
0.0,-0.2361007371925564,0.133956,-0.1322506124052749,94.044962,18.0,5.0,2.0,0.0,0.0,2.0,0.0,1.0,3.0,24617.79968,262.4776568,328.2373291,117.1904894,80.43427268,88.60988762,94.60627724,238.6719051,178.8140056,198.8634594,190.3732657,190.8669714,7.623518907,7.637067594,7.593448922,7.61094159,7.62134555,7.559341328,7.55636786,1.960485957,1.539853216,1.522772852,1.562167001,161.2063438,146.3622713,155.5102618,156.4186664,160.0457965,162.0841081,156.1625685,157.678466,158.1503676,3.499702091,2.768626869,2.55420401,2.523584675,2.862971193,2.888916288,2.716758156,2.455838134,-0.134667852,0.072277515,0.017491099,-0.044750094,-0.062349651,0.183623187,-0.179911127,34.6723801,635.9830839,-1957.823549,535.0322782,3668.860989,1022.69104,-1597.189866,175.0465349,-2.666407182,659.6642483,-790.2700297,0.571120001,2187.969697,-68.01199519,200.4490873,-10.37738531,-0.156432996,-0.15242336,-0.281906364,-0.019694942,-0.446038684,-0.70186696,1.008923644,0.385485253,-0.618162386,-5.570185723,-0.258351863,4.576205255,-3.243992139,4.766183208,-22.16098702,23.87855928,-11.5008323,-21.87560841,56.16441572,0.67926876,3.19403401,18.22209489,-2.55430732,4.092481375,3.52525876,-4.409856583,-2.869271736,-22.97977838,0.438890887,56.47533862,-0.294424222,-0.032333004,0.015195081,0.12675964,-0.011477087,-0.094566989,1.483507442,1.335659347,1.094130985,1.094241887,1.190222468,1.042988508,0.855267498,0.97694535,0.549972829,0.478577108,0.654016533,1.234357499,1.033522038,0.799551357,0.86038777,0.943898088,1.073103514,1.185746542,1.152607749,0.924900224,0.900188232,0.636837426,0.977987138,1.357570998,1.03453459,1.100544304,0.835579958,0.990978374,0.99280097,0.952635143,0.557533364,0.822640759,1.35561683,1.420193514,1.609941944,1.35613012,1.040903194,3.395195814,0.643234737,-1.809106778,673.7433942,0.678636303,-1.589446716,-1.957711047,-1.457497852,13.82141857,0.879023989,0.742527993,-1.220548305,2.0,5.817739253,12.93204414,0.0,10.6947279,4.003649367,3.968426676,3.870562682,3.648556401,3.525573732,3.430879709,3.342642458,1.888795716,1.752106662,1.535519071,1.429366206,1.372874417,3.574699919,3.417016696,3.314078384,3.085184004,2.942962038,4.811251048,4.760000708,3.976674862,3.882939765,3.832018739,3.63736245,2.0,15.0,3.0,7.0,3.0,0.0,0.0,0.0,0.0,0.0,0.30274943,2.968202622,0.0,0.629731008,0.0,1.933843169,0.0,0.182043781,6.676010784,3.326445567,6.94759,27.31213198,559.8987055,0.073208328,-10.719229,4665.143545,1196.0,1.0,0.0,20.0,0.0,0.0,2.0,0.0,1.0,2.0,0.0,0.0,1.0,0.0,1.0,0.0,0.0,10.0,8.0,1.0,10.0,1.0,9.0,1.0,0.0,0.0,0.0,0.0,4.0,0.0,2.0,0.0,0.0,0.0,0.0,0.0,0.0,28.01821311,1.010943204,6.716628571,8.267306942,-0.707125558,-0.123639344,7.589369877,0.0,0.0,1.450548325,0.406643576,0.713492631,-0.090977141,0.0,0.0,0.290137195,0.0,5.861834851,0.774511354,0.0,0.0,0.299718963,0.0,0.406643576,0.0,0.45161684,0.990980201,2.178712032,0.298158692,2.009593332,-0.707125558,0.6444269,0.0,0.0,0.0,1.772574443,0.0,14.41516651,0.0,0.0,0.0,0.713492631,0.406643576,14.61259337,2.109496747,0.0,0.0,0.72080601,0.0,5.861834851,5.942117218,0.0,0.0,0.299718963,0.0,0.673970928,0.486667611,1.107182862,0.0,14.61259337,0.737055694,0.990980201,-0.243475464,-0.707125558,12.66652613,49.75,1.21341,2.0,1.13453,1.10915,0.35483871,1.666639188,3.614740924,4.638706944,5.308558024,28.13649634,45.95961716,74.57324435,40.24059588,12.0,4.0,3.77,0.0,2.363207167,29.16691925,40.56439341,14.36806487,0.0,0.2,0.0,0.0,0.0,0.474736209,0.0,0.0,1.066646194,0.33,2.879,4.259,4.501,4.06913258,5.0,0.0,0.0,4.0,1.0,1.0,0.0,0.0,0.0,0.0,1.0,0.0,0.0,2.0,0.0,1.0,1.0,0.469799189,-3.097344728,868.6775938,0.0,5.476
0.0,-0.8691065123686673,0.458329,0.5076554427326729,71.422618,0.0,2.0,3.0,1.0,0.0,0.0,2.0,0.0,2.0,18301.93058,214.650463,321.0865014,138.518626,78.42056811,90.02909178,71.81732719,240.1484375,173.0773997,172.8990891,160.6723909,154.7959186,7.684879351,7.571553839,7.600788146,7.581439052,7.649454701,7.538858323,7.550461365,1.878407851,1.373839023,1.291196271,1.282718253,159.4635908,143.0557371,149.3676935,156.5387565,160.6683028,159.1307193,158.8905366,160.018112,162.9560558,3.765797596,2.28493726,2.950697799,2.34311363,2.446100803,2.739886996,2.356949423,2.345948462,0.051743064,-0.028263739,0.018832508,-0.254896661,0.372397502,-0.152714507,-0.014160906,316.6864403,264.3868992,5175.725945,111.8906623,2112.715951,3051.265885,2081.612065,654.985054,183.5654993,-309.5735844,57.79841223,368.4761631,352.1462416,-87.15169791,99.62452501,776.2163018,0.295255489,1.204779631,-0.268349524,-0.390209355,-0.410773159,3.236298266,0.210336571,-1.337015779,-0.625164367,3.178563994,1.079839155,2.627731492,-1.113767306,7.554472937,-1.72226159,-13.90609562,-25.73698309,7.745088258,1.444282816,13.07599119,-16.78118969,23.01162941,-15.98298429,12.10568898,11.82942681,18.86270116,-18.11354992,-27.25526349,5.191580989,57.1459998,-0.521866455,-0.262016136,0.066457454,-0.05288962,-0.116861612,-0.216311615,1.480922459,1.011577708,0.997436433,1.129511989,1.259328559,0.905496531,1.056210784,0.931478782,0.595779611,0.431902258,0.471499467,0.532905601,0.729684563,0.950866415,0.73955809,0.864892545,1.007803166,1.049199443,0.849123038,0.992118963,1.238701196,0.789099484,0.728814352,1.182121229,1.154712265,1.121454952,0.989192937,0.9221746,1.029502202,0.815131582,0.521807851,0.685922286,0.919753874,1.151562475,1.077225095,1.165082174,1.415253991,3.317857143,0.346374052,-3.286731636,413.346591,0.008527763,-14.76972755,-7.417220111,-7.211003663,17.5663856,-2.888912893,0.263941776,-4.129282916,0.0,7.05700421,12.44268439,0.0,6.931926495,6.8241433,4.724515283,3.882389742,3.604745071,3.55826904,3.417134488,3.035447162,1.691530255,1.470656425,1.372874417,1.311188695,1.152896965,3.554558585,3.3299,2.994331428,2.853413634,2.792995694,5.279204064,4.255506608,3.981783181,3.891376411,3.64048778,3.566876507,0.0,11.0,1.0,1.0,8.0,2.0,0.0,0.0,0.0,0.11785113,0.419588521,2.748007436,0.204124145,0.817877809,0.102062073,1.601716652,0.025499586,0.538941071,6.134466318,4.100774248,7.29199,25.36933646,392.91599,0.239656533,-4.428500322,322.6206883,830.0,2.0,0.0,12.0,2.0,0.0,1.0,0.0,5.0,0.0,0.0,0.0,0.0,0.0,0.0,2.0,0.0,0.0,11.0,1.0,6.0,0.0,7.0,4.0,0.0,0.0,0.0,0.0,0.0,0.0,2.0,1.0,0.0,0.0,0.0,0.0,1.0,18.08104453,0.660827613,0.0,8.441935789,1.632354197,6.250304233,0.0,0.0,0.0,0.0,0.10667596,2.952104926,0.470405499,4.009471919,0.0,0.660827613,0.0,0.314918626,0.0,0.0,0.0,0.0,0.0,0.0,0.10667596,0.275761746,0.729815877,0.0,0.771685442,0.0,0.026845327,0.0,2.952104926,0.0,0.0,0.0,0.0,13.29693098,6.194719174,0.0,-5.424407382,0.0,0.301533634,13.29693098,2.122900301,4.009471919,0.0,0.660827613,0.0,1.867916183,0.0,0.0,0.0,0.0,0.301533634,0.729815877,0.484669712,1.35814477,0.705631675,13.29693098,0.0,1.417097205,-0.320050254,-5.424407382,7.571430929,30.5,0.98387,0.0,1.30651,0.61829,0.47826087,1.709938345,3.489241329,4.428695277,5.174823786,29.46547117,45.36395895,64.10568395,39.37561923,17.0,0.0,3.11,0.0,0.0,14.94874503,28.84536453,11.52583354,0.0,0.5,0.333333333,0.0,0.0,0.0,0.166666667,0.0,0.0,0.717,1.446,3.189,3.153,3.217801753,5.0,0.0,1.0,4.0,0.0,3.0,0.0,0.0,1.0,1.0,0.0,0.0,1.0,2.0,0.0,1.0,0.0,0.1290542,-6.347320716,469.680709,2.397895273,4.478
0.0,0.0643190698181577,0.741321,-1.7182189144430706,37.40893,12.0,0.0,2.0,0.0,1.0,1.0,0.0,0.0,2.0,4303.700281,213.4775187,148.403458,115.7208156,71.04519408,106.8269853,87.25805175,268.1857755,193.6521207,222.0530288,235.1671182,216.5477361,8.105911621,7.958054767,8.112863857,7.872710533,8.084847568,8.025283647,8.102022353,1.814782278,1.507862434,1.630328178,1.574879826,158.403718,141.362964,143.8305479,153.9544106,160.0747344,159.9243395,156.7941276,154.0846772,158.1657597,7.361293747,3.874759945,3.993737699,4.15877915,3.670141747,6.089978868,4.33805374,3.998910675,-0.020771966,0.049162443,0.023385754,-0.264839151,0.261079299,-0.015455622,-0.038032797,-27.92944385,-46.02938942,-148.3660405,-428.0606724,-235.2513788,723.087499,33.78995662,-696.5707599,87.46313426,-312.3233482,-217.2615269,-431.0803065,137.9365941,323.6115558,75.8216755,-435.6947776,-0.204494196,-0.084810542,-0.970091013,-0.854453228,-0.871578174,2.523400879,-0.763273015,-1.226556464,0.682482605,-1.085440019,-1.945862183,0.821686206,0.966424591,-1.409709487,4.126775209,-15.55829546,-18.06467041,-5.653770977,6.660011894,3.909191501,-7.212672471,-6.018646233,-8.442017209,-10.29868946,-33.89730674,53.24291199,-13.30573484,-18.64532248,-0.930981462,48.71561775,8.746258266,-0.281400574,-0.605309049,-0.448340187,-0.391345142,-0.548391838,1.218219449,0.739647365,0.888962999,1.010448393,1.226787406,0.588654223,1.053768111,0.934711127,1.25282249,1.112059657,0.565385642,0.856036303,1.578123703,0.975466898,0.634886324,1.047675211,1.275975458,1.104246619,0.497387723,1.14750859,1.419058607,0.968122406,1.187925666,0.760935152,1.019325687,1.094778382,0.878024725,0.841658954,1.015215768,1.286457608,0.615423632,0.984098802,1.388295972,1.166384333,0.645501531,1.184428691,1.227705934,1.480392157,0.098257057,-4.408319595,126.2132729,0.080634584,-4.783872506,-4.828370579,-5.247089611,7.090987345,1.681732926,0.025873163,-6.94364315,0.0,4.775260636,9.983710519,0.0,4.009830636,3.832006853,3.400833014,3.304278671,2.894131083,2.648115989,2.619181914,2.403393065,1.082250302,1.043310338,0.94390516,0.773850558,0.506088499,2.843980377,2.757218365,2.645815032,2.489041453,2.083326807,4.721629962,4.550847601,4.096822549,3.661416514,3.459418056,3.173159023,0.0,13.0,2.0,0.0,0.0,0.0,0.0,0.0,0.0,0.0,0.151374715,1.298531346,0.0,0.31030122,0.0,0.507181172,0.0,0.082635934,2.928141203,0.961680833,3.86648,14.25411688,135.4141104,0.037646894,-6.231059142,152.0948446,341.0,1.0,0.0,15.0,0.0,0.0,0.0,0.0,1.0,0.0,0.0,0.0,2.0,1.0,0.0,0.0,0.0,7.0,0.0,0.0,9.0,0.0,0.0,0.0,0.0,0.0,0.0,0.0,0.0,0.0,1.0,0.0,0.0,0.0,0.0,0.0,0.0,15.21131394,0.0,0.0,0.0,0.0,-0.21547899,1.679167665,0.0,0.0,0.52755376,0.633126589,0.52755376,-0.311182603,0.0,0.0,0.0,0.0,7.517973173,0.0,0.0,0.0,0.334008312,0.633126589,0.0,0.0,0.0,0.0,0.0,0.0,1.385006523,0.0,-0.311182603,0.0,0.0,0.0,0.0,9.145645042,11.8743602,0.0,13.58680607,0.0,0.52755376,0.633126589,13.58680607,1.858202682,0.0,0.0,0.0,0.0,7.517973173,0.0,0.0,0.0,8.602168189,0.0,0.0,0.615429579,0.0,0.0,11.8743602,0.52755376,0.633126589,0.294729938,-0.311182603,6.445571884,27.5,1.44737,1.5,0.55059,1.00695,0.0,1.622717551,3.058642738,3.766550497,4.444187892,19.73327773,35.46220801,43.1132557,28.91201079,17.0,3.0,2.67,0.0,0.0,9.526941204,17.26463916,4.591020439,0.0,0.166666667,0.0,0.0,0.0,0.0,0.0,0.0,0.0,0.749,0.776,1.994,1.753,7.496397695,2.0,0.0,0.0,2.0,0.0,0.0,0.0,0.0,0.0,0.0,0.0,0.0,0.0,0.0,0.0,0.0,0.0,0.072798368,-4.978117319,162.5938259,0.0,4.105
0.0,1.0256017613823398,5.97753601,1.4000846145629258,141.260787,18.0,3.0,13.0,0.0,2.0,2.0,0.0,0.0,4.0,13991.81727,647.6911485,111.0461688,98.9868248,67.55256668,72.10771354,61.97241343,211.462602,179.7748099,186.0068558,173.809024,166.1745406,8.024778524,7.979424041,7.777316497,8.000127596,7.968119326,7.882017822,8.009541068,1.424027074,1.324693072,1.254063172,1.205532573,165.535634,147.0624179,157.9821466,158.9927172,161.8015625,164.262888,161.0835044,162.8951071,165.477914,5.14040594,3.214573962,3.231691716,3.163633612,3.637810167,3.85347493,3.559344358,3.409747489,-0.418232965,0.55870329,-0.254248266,-0.645432893,0.841668572,0.026309363,-0.956474844,210.7744477,425.3218208,-710.8228788,2193.969394,301.9568088,-10.66302411,1153.754252,-2121.322002,-282.3533222,1303.066802,-530.2705689,1377.018788,2024.077437,-854.7073218,-214.3208737,-108.5395354,-0.818507184,-1.192053796,0.491093143,1.498722571,-3.256426,3.184164163,1.391279633,-7.766824163,-4.222282407,1.06436661,-0.431748911,0.561683851,-3.971182276,5.542054445,-34.07854567,15.49992554,-13.65530846,-63.38783608,48.51388909,-13.26862379,-33.19296111,38.78825466,-6.132998798,-20.48260817,-0.743715285,80.54185875,15.53774066,-96.14006119,1.633910447,49.05833417,-2.249229794,-0.047542626,-0.002124901,-0.046765162,0.038364792,-0.242166401,1.419758155,1.271996494,1.014799543,0.897434149,1.187030605,0.914974615,0.890478358,1.112252491,0.728468245,0.838595381,0.898797571,0.952573393,1.197045219,0.866455042,1.065612382,0.940104944,0.794761422,1.097858888,0.895631086,0.906990702,1.287283406,0.817773433,0.955591752,1.333113142,0.959880213,1.088708024,1.033955808,1.173886265,1.171975975,1.079901153,0.661059188,0.859209974,1.064921843,1.275949864,1.068833864,1.229036275,1.427751625,5.639355742,1.020858459,0.138314128,1232.017297,1.294696342,1.730450423,0.095920237,2.613690645,22.28265281,8.644744445,0.769499316,-1.75550194,1.0,3.999796476,14.61799381,1.0,4.056906006,3.978003262,3.882170506,3.774138616,3.561509175,3.495294418,3.482254593,3.436505833,1.863297463,1.732629548,1.698880972,1.647802193,1.620116293,3.625111796,3.460290526,3.379540652,3.351671113,3.306723904,5.090935998,5.087657102,4.870263298,4.852044078,4.841414388,4.695072945,2.0,15.0,3.0,17.0,3.0,1.0,2.0,0.0,0.0,0.068041382,0.41820032,5.142302412,0.421594772,1.086075288,0.084478929,3.195606597,0.395220057,0.374335559,9.479352712,4.155647733,7.62608,32.62289763,709.7827129,0.569305997,-3.7743593,1378.83183,4215.0,2.0,0.0,22.0,1.0,4.0,0.0,2.0,5.0,3.0,1.0,3.0,2.0,0.0,0.0,2.0,0.0,9.0,21.0,1.0,9.0,6.0,13.0,4.0,0.0,2.0,0.0,0.0,0.0,0.0,3.0,10.0,0.0,0.0,0.0,0.0,0.0,14.24218452,0.0,6.114188039,4.556532147,-4.483800503,-2.590123064,0.603332504,-2.083953362,0.0,0.496456476,0.125120564,0.132925546,-1.083717867,5.41382289,0.355827842,0.0,2.022724529,0.016631719,0.045485195,1.882526352,0.135354543,1.864338079,0.0,0.0,0.125120564,0.43291013,1.04442805,1.333015662,-0.122646678,1.329424459,-1.34132627,-0.588923857,2.843879769,0.0,0.0,0.0,0.0,12.23921123,4.896195822,16.16620367,0.0,0.132925546,0.372332949,16.30460284,2.417460419,5.41382289,2.067139028,0.0,2.040041111,6.070740854,6.019210283,1.882526352,1.642601696,4.557061605,0.372332949,1.159699661,0.707106732,0.544872733,0.0,14.54027345,0.36353093,1.159699661,-0.224209618,-1.696995627,13.71644332,71.5,1.06716,3.0,1.33408,1.27818,0.543478261,1.699484528,3.65647784,4.864018707,5.385611482,19.21059278,39.17081736,103.3155263,60.03238929,13.0,3.0,4.43,1.296125086,10.42998106,0.0,0.0,23.82333962,0.333333333,0.360562393,3.058033149,5.282274482,0.40824829,0.0,0.333333333,0.0,0.0,0.078,3.464,5.287,2.76,3.520221394,4.0,0.0,1.0,3.0,0.0,0.0,0.0,0.0,0.0,0.0,0.0,0.0,0.0,1.0,0.0,0.0,3.0,1.036250243,0.238578038,1184.497622,2.397895273,6.686
0.0,-0.0678049543964533,0.41383489,-0.0960391949139852,94.044962,18.0,5.0,2.0,0.0,0.0,2.0,0.0,1.0,3.0,24617.79968,263.7554346,328.2373291,117.1904894,79.28675717,85.17435542,93.13453871,238.6719051,180.384325,193.2241983,195.4070181,190.417365,7.623518907,7.663217178,7.610105898,7.621929899,7.639003906,7.575192046,7.542271908,1.960485957,1.493289901,1.565444991,1.580171783,161.2063438,146.3622713,155.4947462,156.5342809,158.4629917,160.9893297,158.2620071,156.8889057,156.601784,3.516739128,2.783043184,2.563463269,2.547696351,2.947463259,2.89122428,2.707010844,2.495950429,-0.114376594,0.013001451,0.125166615,-0.160839456,-0.011784785,0.223365887,-0.211101828,34.6723801,779.0110809,-2015.192502,155.2566575,3250.828854,1539.802378,-1363.117887,-2755.928846,-2.666407182,810.0555826,-471.9974252,-381.4665031,1419.730272,639.2417474,-267.5094605,-1127.62465,-0.156432996,-0.05971536,-0.520699698,0.241859511,-0.842292764,-0.881487716,0.711635342,0.486525191,-0.618162386,-3.8173297,-2.705768637,10.15409386,-3.678753204,-4.980856557,-22.16098702,21.69085942,5.351066722,-22.49608189,17.89674841,30.7095207,15.33998855,-39.24660018,-3.584135009,1.75966916,8.559732326,-11.80507767,-4.264189385,-31.12505701,0.438890887,56.47533862,2.497038076,-0.045368798,0.036424393,0.083253209,-0.016213648,-0.118797928,1.490928303,1.320721341,1.156480501,1.071293281,1.246357987,1.080609639,0.871520472,0.91278142,0.54491124,0.459822925,0.600874892,1.188249765,1.340063666,0.780916962,0.849626704,0.98413455,1.033360331,1.220221705,1.208945715,0.935914138,0.905543194,0.656730097,1.222460984,1.357570998,1.044509959,1.060225722,0.944585672,0.919457067,0.96942147,1.088496461,0.553689992,0.832222795,1.314070957,1.552663286,1.661525437,1.246042963,1.213144518,3.395195814,0.55833184,-2.389487373,2756.806084,0.636633813,-1.851398666,-2.554498289,-1.631465589,13.23832401,0.773762323,0.605912646,-2.054179753,2.0,5.826680459,13.35254987,0.0,10.6947279,4.008870423,3.969520887,3.87184636,3.645718997,3.54572234,3.44007475,3.31415772,1.88241111,1.697164969,1.593808896,1.421010206,1.372874417,3.568806368,3.411086036,3.291386714,3.099148836,2.963327258,4.791206271,4.738779687,3.973214364,3.876220149,3.824964827,3.629451552,2.0,15.0,3.0,7.0,3.0,0.0,0.0,0.0,0.0,0.0,0.30274943,3.105097156,0.0,0.728081099,0.0,2.027462381,0.0,0.242729209,7.148512898,3.656217175,6.5898,26.67455991,546.8284782,0.093107982,-9.733380999,1460.672693,1116.0,1.0,0.0,20.0,0.0,0.0,2.0,0.0,1.0,2.0,0.0,0.0,1.0,0.0,1.0,0.0,0.0,10.0,9.0,1.0,10.0,2.0,7.0,2.0,0.0,0.0,0.0,0.0,4.0,0.0,2.0,0.0,0.0,0.0,0.0,0.0,0.0,28.01644837,0.976829972,6.467363501,6.623352996,-1.105113503,-0.137749206,7.554943352,0.0,0.0,1.435253279,0.388420061,0.704370504,-0.096411259,0.0,0.0,0.273591634,0.0,5.675684617,0.73934349,0.0,0.0,0.283889532,0.0,0.388420061,0.0,0.467108361,0.994239551,2.014743687,0.580773233,2.014291608,-0.733973158,0.637370966,0.0,0.0,0.0,1.810509826,0.0,14.61223346,0.0,0.0,0.0,0.704370504,0.388420061,14.74697262,2.109166824,0.0,0.0,0.703238338,0.0,5.675684617,5.728020011,0.0,0.0,0.283889532,0.0,0.824199239,0.485045652,1.071936685,0.0,14.74697262,0.730882775,0.994239551,-0.27328903,-0.733973158,12.55486848,49.75,1.21341,2.0,1.17452,1.1353,0.35483871,1.666639188,3.64140759,4.708641778,5.35182619,28.13649634,46.27961716,73.89663336,39.97876155,12.0,3.0,3.77,0.076923077,4.963767471,23.61045213,40.01653131,18.1027637,0.0,0.2,0.0,0.0,0.0,0.493617222,0.0,0.0,1.1759842,0.33,2.897,4.22,4.486,4.002045024,5.0,0.0,0.0,4.0,1.0,1.0,0.0,0.0,0.0,0.0,1.0,0.0,0.0,2.0,0.0,1.0,1.0,0.398609409,-3.771070397,794.7907596,0.0,5.578
3.0,-8.395199241253037,171.0262373,3.4039800384993826,221.122542,26.0,16.0,22.0,0.0,0.0,0.0,0.0,0.0,0.0,18964.43129,1402.027778,93.88332323,92.86896303,67.72871028,65.34515323,62.68913389,204.0677176,172.152322,172.3613117,168.773005,169.1079108,8.001661703,7.924666597,7.964259779,8.032795838,8.031320779,7.985156955,7.940232871,1.339243075,1.197255816,1.177822673,1.188957009,166.9189778,151.7753974,156.076301,163.9401333,166.5576794,164.9604521,165.3055882,165.0624326,163.8116195,6.940731573,3.572141316,3.64902507,3.568421619,4.647133221,4.161508541,4.028565002,4.243359755,0.727282884,1.750923319,-3.369619537,1.258134635,2.114054704,-3.109221162,1.040044315,-191.9529285,282.8580632,-1610.11286,-1090.380577,1812.473916,-156.5801278,-1133.796369,1090.410566,576.9017842,-1726.856695,-1851.076437,816.9481281,395.4671256,-320.7703171,719.1803906,100.6485709,-3.405515749,5.562358557,-1.734690846,-10.42925676,8.872076205,1.703632333,-8.646304227,5.13161602,2.885564586,-4.745835814,3.988121947,0.275961359,4.507506336,-1.180437078,-10.26523703,-90.40732202,33.65264212,-10.49545504,-53.91002651,75.93829602,7.346463969,-61.99445426,-57.3157697,-156.0628111,-209.44294,-25.16488375,-138.227428,149.9172337,-0.931810333,46.22399263,-0.488234881,-0.278231892,-0.362358028,0.419037886,-0.186541738,0.187631081,1.633246512,0.801564784,0.860145618,1.309566034,0.995797368,0.945971593,1.232635391,0.932361923,1.050677494,0.910295748,0.995100553,1.035814569,0.946485513,1.175242112,0.560441006,0.961264746,1.191314177,0.911760863,1.014748807,1.158527119,0.947198207,1.001305533,1.027338067,1.425948648,1.430987426,1.037627089,1.119762697,0.986620128,1.025708382,1.089126058,0.542454167,1.004915113,1.160644642,0.948140897,1.063040764,1.143608147,0.972828627,7.785714286,0.128208983,-22.18421161,3007.525947,0.159684311,-19.8132099,-22.16862668,-18.78690837,27.7370252,20.8452381,0.11246211,-23.59950028,1.0,3.915439429,11.29010548,0.0,4.042798076,3.841938668,3.816460476,3.808523222,3.756879581,3.708978429,3.703572607,3.676681989,1.891465493,1.867735257,1.84379142,1.818844477,1.790503268,3.718752619,3.64536683,3.615095253,3.587982434,3.574773036,5.006875112,5.003456514,5.003449875,4.938154268,4.935343001,4.930587349,17.0,16.0,4.0,6.0,25.0,1.0,0.0,0.0,0.0,0.240562612,0.574914957,8.673085074,0.0,1.925656292,0.0,3.512985847,0.0,0.376838683,16.89966383,5.61430362,-5.13171,32.53253594,709.7827129,0.07511472,-27.95837831,3003.062423,6368.0,22.0,0.0,38.0,15.0,42.0,9.0,27.0,57.0,15.0,28.0,56.0,10.0,7.0,2.0,11.0,2.0,16.0,32.0,15.0,16.0,5.0,12.0,15.0,2.0,0.0,0.0,1.0,0.0,0.0,15.0,0.0,0.0,0.0,0.0,0.0,0.0,9.020483618,33.7135104,67.80920298,-6.379506659,-23.76097702,-17.8350013,1.169512571,0.0,0.0,0.0,0.249784178,1.911582373,-1.68704159,4.445665453,0.604703472,0.607021896,0.885651034,0.689242987,0.621130806,0.886274954,0.657198918,0.63296401,0.249784178,0.400347652,0.293753231,0.400464455,0.792161627,1.020383872,-1.104748343,1.248674647,-1.953207578,-0.194332085,1.911582373,0.0,4.186461469,0.0,9.334113763,11.51643044,0.0,0.0,0.0,0.0,0.5806994,15.1340138,1.716179813,6.965971992,5.695224527,5.943015025,7.562636204,8.101595267,8.158430257,7.966009042,7.883980749,8.51811763,0.494530363,1.160287711,0.70711691,0.219022294,0.0,15.1340138,0.0,1.160287711,-0.360890945,-1.953207578,0.329718566,118.0,1.09259,0.5,1.62899,1.7624,0.457142857,1.681534954,3.884795699,5.290135477,6.239646019,16.50536706,35.42716166,171.7447627,70.150871,9.0,5.0,4.98,0.648039038,8.75729078,0.0,0.0,0.0,0.0,0.0,0.0,0.0,1.969082762,0.0,9.061171455,0.0,0.0,4.322,10.955,13.688,7.377,2.831459284,5.0,0.0,2.0,3.0,0.0,1.0,0.0,0.0,1.0,0.0,0.0,0.0,0.0,2.0,0.0,0.0,3.0,0.127617283,-22.23417025,2803.403038,3.044522438,-3.424
0.0,0.439206574445467,2.18655369,0.4693637303938748,64.990067,0.0,4.0,5.0,0.0,3.0,0.0,0.0,0.0,3.0,6629.086293,517.1805556,120.5288417,115.3458897,92.34054989,97.83508056,77.13185065,242.5698069,221.315918,210.8137205,190.2036947,171.2424818,8.439787709,8.120545486,8.287093325,8.333647516,8.526054596,8.447982049,8.549424442,1.533963858,1.318905704,1.207026067,1.109816648,167.9886999,148.8963724,155.2179857,158.9442173,160.265736,161.3115876,166.6480968,169.2733114,172.1142245,9.403282828,3.911723164,5.560496795,3.956498016,4.686622807,6.01161859,5.733468835,7.507267442,-0.079665146,0.136401558,-0.052905235,-0.27835809,0.242320625,-0.128345717,0.251241717,88.14474613,668.4329422,-72.8998549,-285.8203891,-664.4361819,472.0959766,71.32149719,-576.9390561,66.38564797,81.40543263,63.32110731,-241.9668741,-554.7280748,-278.6430823,-264.2462151,-747.2647497,0.692257301,5.373498485,-0.032778096,-1.790555862,-5.409097322,1.774544824,-2.344276152,1.66505035,0.60645184,0.866262017,-1.83450842,-3.504959686,-4.035975763,-1.479070048,0.658343964,46.19302817,45.48230458,-33.25435934,-87.15394116,-42.83250063,-46.43734416,-12.60551703,-8.326331497,-25.18359734,-35.00562443,4.389348026,-56.62695133,135.7152204,1.493978748,43.65644272,-1.339630203,-0.141124263,-0.207133872,-0.660427239,-0.276229031,0.789041979,1.496604492,1.019314363,1.042272885,1.145030959,1.32666849,1.095216633,1.037311701,0.810979308,0.90904475,0.976921734,0.906856013,1.030996706,1.20247802,0.919435629,0.42207509,0.727100677,0.960852081,1.117911629,1.076057292,1.214169516,1.207547016,1.062682705,1.008066375,0.948551557,0.860004051,0.782067033,1.139917867,1.204185338,1.181965411,1.121210886,0.392234432,0.727611788,0.893959568,1.103546589,1.094504219,1.211642478,1.140292807,2.821428571,0.077770776,-9.194362392,374.2934191,0.007481557,-17.62313157,-9.20920004,-6.523585338,10.62695109,6.16677414,0.134051461,-7.234313446,1.0,4.186850417,14.01758821,0.0,4.03284456,3.828710383,3.759353503,3.577720274,3.411935009,3.272921909,3.167466223,2.976620662,1.625810846,1.579520191,1.503996206,1.224135575,1.102295258,3.455615227,3.297290651,3.079432014,2.888466582,2.818931055,5.408345111,5.006749643,4.808589521,4.693124252,4.589641434,4.589641434,2.0,13.0,2.0,3.0,1.0,3.0,0.0,0.0,0.0,0.219821982,0.821443809,3.988932265,0.356716516,1.452720453,0.207593079,1.377506641,0.051671384,0.422250026,8.520550771,3.320059734,4.28661,21.51006666,387.1811999,0.237502885,-5.175271836,427.3906416,609.0,1.0,0.0,17.0,0.0,5.0,1.0,1.0,1.0,0.0,0.0,0.0,0.0,0.0,0.0,1.0,0.0,0.0,3.0,4.0,9.0,2.0,0.0,3.0,0.0,2.0,1.0,0.0,1.0,0.0,3.0,1.0,0.0,1.0,0.0,0.0,0.0,11.01858117,1.929752731,0.0,0.0,-5.397116875,-2.542904436,0.0,-7.06481883,0.0,0.0,0.361070011,0.796825397,-0.974785053,0.0,0.287709755,1.929752731,4.52157187,4.332286402,0.0,0.0,0.0,0.0,0.0,0.0,0.361070011,1.104153912,0.731926833,1.119666255,0.0,0.0,-2.306643991,0.0,2.490855064,3.669908195,0.0,0.796825397,0.0,11.99846641,5.344538927,14.61061366,0.0,0.0,0.361070011,14.61061366,1.618852819,0.0,5.275454441,1.929752731,4.52157187,4.332286402,0.0,0.0,0.0,0.0,0.361070011,1.241979875,0.620385409,0.0,0.0,13.99235717,0.0,1.470812075,-0.0920555,-4.870068263,7.180014239,42.0,1.16667,0.0,1.07729,1.28062,0.291666667,1.870191518,3.920580395,4.523932159,5.138012841,20.02853343,40.89552108,58.88613455,34.85077676,11.0,0.0,2.78,0.111111111,2.462870934,9.39474243,22.624788,18.96641697,0.333333333,1.066242697,0.822267234,0.0,0.0,0.0,0.2,0.986777073,0.166666667,0.188,1.312,2.356,2.582,3.172331068,5.0,0.0,3.0,2.0,0.0,1.0,0.0,0.0,1.0,0.0,0.0,0.0,0.0,3.0,0.0,0.0,0.0,0.072950486,-9.424707646,370.2590656,3.433987204,3.594
0.0,0.7828989718397447,4.182025,0.4080653857560911,61.717688,0.0,4.0,4.0,0.0,3.0,0.0,1.0,0.0,4.0,12466.19107,460.5643861,249.3238215,133.8177584,103.8024229,125.6378975,121.1812965,257.7614406,222.4486338,221.6157384,206.674842,179.6548288,8.5192429,8.102615415,8.287826787,8.360552857,8.672911254,8.697203784,8.573540844,1.72231339,1.398712971,1.317026458,1.237404599,167.7030282,149.2457006,153.9588138,158.1964338,161.7243182,162.6131357,167.9926322,170.7631166,171.745559,9.211287723,3.871599223,5.688401559,3.786959877,4.590920782,6.385628095,6.156049013,6.879892547,-0.134998252,0.295925772,-0.116303395,-0.398759443,0.320255559,-0.013622751,0.10380108,9.080281562,469.2889437,-1147.261619,-740.8641793,-1280.027088,-60.09490858,1190.225707,686.3118591,136.6653834,-120.2028401,-503.7278419,-245.0359704,-192.8523025,172.925748,-568.4520657,-468.7055332,0.58326524,4.85709615,0.6216815,-2.54397315,-5.17467012,1.92173217,-2.14813773,-0.49278315,1.222625701,-2.303094161,-1.01570624,-0.730003069,-5.702812565,1.849423027,8.523447257,47.50417021,29.81674366,-31.31474532,-85.53857438,-40.99401236,-28.96585555,-3.139066407,-7.739141427,-6.663867627,-53.73040826,37.19000319,-71.75527425,36.84395971,0.168153362,44.81845776,0.976981627,-0.143317434,-0.346647795,-0.589504619,-0.429672301,0.27291822,1.526069117,1.049403173,0.914781837,1.148516298,1.374060724,1.084746827,1.002114421,0.729440354,0.62893367,0.730649581,0.863592388,1.072353243,1.200828476,0.902118839,0.431466799,0.673575493,0.992318169,1.140866651,1.123195548,1.311347484,1.248495054,0.934883197,1.02020679,0.863771427,0.832179405,0.788791274,1.13215928,1.239178065,1.233966923,1.040760684,0.369877344,0.655290995,0.914559361,1.09751379,1.123954003,1.381544176,1.285193048,3.4,0.097438082,-7.917029734,465.0884752,0.041568127,-10.8134334,-6.655885634,-12.40801484,10.31932839,5.08888536,0.163380564,-6.159688363,1.0,4.183028258,13.60321432,0.0,6.879519523,4.017486536,3.809955292,3.721949084,3.538844859,3.325562536,3.172803631,3.059439202,1.567062516,1.56648701,1.256752901,1.128017648,1.034652752,3.465100491,3.159370868,2.93431388,2.833970065,2.784736505,5.462031992,5.051821678,4.805970806,4.651982379,4.651982379,4.070484581,1.0,13.0,2.0,2.0,1.0,3.0,0.0,0.0,0.0,0.232307808,0.816821013,3.901204337,0.356716516,1.294575637,0.216421891,1.570651235,0.051671384,0.37853671,8.004344636,3.371493062,5.18111,20.92088702,355.6550793,0.300492874,-4.087926216,2225.882733,573.0,2.0,0.0,16.0,1.0,6.0,1.0,1.0,4.0,1.0,0.0,0.0,0.0,0.0,0.0,2.0,0.0,0.0,3.0,3.0,8.0,1.0,0.0,3.0,0.0,2.0,1.0,0.0,0.0,0.0,2.0,1.0,0.0,1.0,0.0,0.0,0.0,13.36289166,1.895250854,5.489642823,0.0,-4.928927259,0.209767488,0.0,-6.712078609,0.0,0.0,0.352976663,2.575931595,-0.72941173,6.199478416,0.935959999,1.895250854,2.469011609,4.213933305,5.489642823,0.0,0.0,0.0,0.0,0.0,0.352976663,1.069847411,0.723903337,1.348405074,0.0,0.0,-2.16734085,0.0,2.575931595,3.705007325,0.0,0.0,0.0,11.93827737,5.369337561,14.53019648,0.0,0.0,0.459835423,14.53019648,1.837911759,6.199478416,5.128820266,1.895250854,2.469011609,6.681499047,5.489642823,0.0,0.0,0.0,0.459835423,1.208239219,0.587422446,0.0,0.0,13.48195051,0.0,1.445233962,-0.064981458,-4.760852702,6.317164049,39.0,1.14706,0.0,1.12885,1.13433,0.272727273,1.986608528,4.11856294,4.73366069,5.27856294,29.06340531,50.66220667,55.6668528,35.80876758,9.0,0.0,2.56,0.0,1.020842752,7.138539471,21.24773215,18.55305744,0.333333333,0.650697637,0.696238325,0.0,0.0,0.0,0.66943295,0.66943295,0.0,0.097,1.191,2.698,2.701,3.251569507,5.0,0.0,3.0,2.0,0.0,1.0,0.0,0.0,1.0,0.0,0.0,0.0,0.0,3.0,0.0,0.0,0.0,0.101953724,-7.763003274,367.1502859,3.433987204,3.491
0.0,-0.4724916762444214,0.000552,-1.128473725284807,48.661102,12.0,4.0,3.0,0.0,0.0,2.0,0.0,0.0,2.0,6388.544031,239.1286485,163.8088213,122.3687148,72.62309577,68.30397972,98.81278593,252.3541998,183.6667199,166.9187155,187.4344768,205.7279681,8.197940872,8.298018828,8.079098717,8.021948119,7.925272845,7.88279055,8.110762597,1.72106135,1.211832654,1.332832218,1.499986674,162.9535844,149.0033255,155.9735122,160.745998,161.9214355,160.1007277,166.9359728,164.4229306,159.8909969,6.131503806,3.481356017,3.435163139,3.919085448,4.528959377,3.296858428,3.531700103,4.37870831,-0.115935159,0.229086706,-0.234866441,0.125146479,-0.061635341,0.035492731,-0.003775166,23.26986327,626.6266299,398.3980463,-15.72594543,-496.3853861,421.9595143,1130.080078,254.2424153,-40.27288454,419.6434754,-352.5328824,-252.5793765,-982.1100051,516.4518268,876.8670339,121.4073277,-0.156126543,0.653171711,0.56583485,-0.794297552,0.376129678,-0.337791236,0.881388021,-0.547867346,-0.513756141,-0.859396348,-1.460455392,2.23089684,3.444685816,3.20253846,-10.54940813,-20.7608628,13.69667429,4.764111572,-40.72057372,9.235425444,22.25094187,-2.253380214,-4.033147434,-16.57535822,-28.7239247,-26.92439391,2.32233162,2.032388343,0.567557641,47.09366781,5.324245637,-0.09836945,-0.270980422,0.267845711,0.029029145,0.030334154,1.418918619,1.07428555,1.031780108,1.207816252,0.900041456,0.826060231,0.853746713,1.059258031,0.733066771,0.782608661,0.773313239,0.589914555,0.941370296,0.749365613,0.617871385,0.901207425,1.075212902,0.993497604,0.975647147,0.745500162,1.1678886,1.070701835,0.824494812,1.378164725,1.335471696,1.021554025,1.197674755,0.878859345,0.799089539,0.933287615,0.552506954,0.999958463,1.315401814,1.197350772,1.117992006,0.845837323,1.25089344,2.615546218,0.042169311,-7.915156356,313.324694,0.14363676,-4.851169173,-6.05853278,-4.702315819,8.389344264,2.240363559,0.094748584,-5.891320956,0.0,5.340696129,11.60774434,0.0,4.165130382,3.922816214,3.555721262,3.479314558,3.390751729,3.149831687,2.881688229,2.692550604,1.400986396,1.249629723,1.190497417,1.047645576,0.938997288,3.19627009,2.843566303,2.810886107,2.661916919,2.510794867,4.778754436,4.711352271,4.664675187,3.868984098,3.676053014,3.314384113,4.0,8.0,0.0,3.0,0.0,1.0,0.0,0.0,0.0,0.0,0.178172599,2.53675359,0.166666667,1.165947955,0.173406686,1.427168879,0.111803399,0.392486394,6.436581249,2.678630126,2.41536,19.70359954,246.2949942,0.154402512,-4.670480927,176.4999219,462.0,1.0,0.0,11.0,1.0,1.0,0.0,1.0,1.0,0.0,1.0,1.0,1.0,0.0,0.0,1.0,0.0,5.0,2.0,1.0,5.0,2.0,1.0,0.0,0.0,1.0,0.0,1.0,1.0,1.0,3.0,0.0,0.0,0.0,0.0,0.0,0.0,11.22597187,0.0,0.0,-0.186804733,0.0,-0.601909068,3.010231457,-1.056315308,0.0,0.998038047,0.431419881,0.426645895,-0.338699574,5.364434951,0.629258002,0.0,5.612621897,0.518506315,0.0,5.348139445,0.184063521,0.246509934,0.0,0.0,0.431419881,0.57712474,0.923984071,1.688001401,-0.186804733,1.675119817,0.0,0.584591432,2.821798966,0.0,4.119400117,1.458574421,0.0,12.39659943,0.0,0.0,0.0,0.426645895,0.431419881,13.00965057,1.810676466,5.364434951,0.629258002,0.0,5.612621897,0.518506315,0.0,5.348139445,0.184063521,0.246509934,0.431419881,0.57712474,0.616703086,0.0,0.0,13.00965057,0.571392151,0.923984071,0.071894448,-1.056315308,4.739386423,34.75,1.39,1.5,0.81668,1.10127,0.25,1.899303337,3.78887586,4.374895167,4.631305424,23.81924565,41.91812696,45.77218332,30.76934149,12.0,2.0,2.23,0.5,2.371171861,4.433631977,10.89237068,5.959301378,0.0,0.512992784,0.0,0.0,0.0,0.0,0.142857143,1.373178096,0.333333333,-0.243,1.414,2.438,1.982,4.376527256,3.0,0.0,0.0,3.0,0.0,1.0,0.0,0.0,0.0,1.0,0.0,0.0,0.0,2.0,0.0,2.0,0.0,0.185999735,-4.205025074,219.6300972,0.0,1.536
0.0,1.6323890806738792,11.86595809,0.8629810592253925,79.435997,0.0,2.0,4.0,1.0,3.0,2.0,0.0,0.0,5.0,9820.663676,509.101728,146.5770698,121.9296109,68.94462884,62.76899862,61.37095516,229.8643382,191.9693601,181.8620689,163.5448798,141.2391032,8.143195627,7.947139665,7.751332526,7.739331916,7.613064582,7.622827572,7.816753759,1.630500556,1.390986765,1.270622955,1.132933979,166.8337459,145.5977466,155.897932,159.5291415,160.7064952,157.8287136,157.4238155,160.2987892,170.0032883,7.598533254,2.907634789,4.580504115,4.585948456,3.654793244,2.766138035,3.186730039,3.443057792,-0.016621905,0.222845952,-0.412550158,0.37794486,-0.201054194,-0.185540975,0.25545459,412.6698638,1487.960979,121.1895195,-280.185114,-16.60859736,-1072.906361,1485.893328,1432.826142,53.87086659,185.0586608,-550.1244004,506.69137,-309.6181372,-1352.591743,-1202.813723,1459.062754,0.223341299,7.459728491,6.88070807,-0.606113579,3.59097271,-0.051947952,2.865151876,2.412275977,-0.992947031,-1.371389776,2.561116334,-8.731221088,-4.911044995,8.276035295,-10.90252904,47.14267557,43.59638887,24.79825624,41.62332049,-10.49680152,-108.5647038,50.12527307,-24.7085131,191.4557629,31.61328785,-26.17686253,35.83430512,36.43211177,5.980722663,51.0101428,-4.796424622,-0.358094393,0.148419192,0.434667219,0.114486598,0.121846528,1.714754435,0.935181834,0.769690635,1.016023299,0.676188913,0.733943561,0.811180725,0.685688419,0.743255828,0.66357414,0.845042432,0.714135162,1.048416238,0.942749614,0.348874185,0.504329574,0.679779542,0.532851702,0.593589413,0.580360073,0.879114134,0.80951024,0.885647729,1.105105044,0.894764661,0.779418882,0.690285675,0.797542813,0.859778912,0.787171897,0.457627428,0.463340948,0.619799379,0.554961101,0.613369657,0.610470603,0.828660815,4.204831933,0.082073432,-9.500535494,984.3117881,0.441417196,-3.107506348,-5.093710788,-2.360086927,17.95541062,0.28616775,1.132446908,0.472646649,0.0,4.418865845,13.52228256,0.0,4.737112776,3.992799201,3.929186979,3.79182966,3.474114365,3.398988419,3.272594444,3.197116417,1.803024886,1.563026335,1.478901965,1.355132612,1.179092126,3.637790448,3.442228844,3.183032238,2.950308951,2.941865514,5.526590669,5.06457354,4.822169322,4.787923784,4.674157303,4.674157303,2.0,10.0,2.0,3.0,6.0,1.0,1.0,0.0,0.0,0.0,0.205950377,4.900689695,0.571114263,2.446801772,1.21721681,2.197860539,0.167021765,0.327246374,10.15440567,3.779524726,7.3411,18.01311292,342.2491454,0.296792724,-4.615940872,1204.647227,830.0,1.0,0.0,14.0,3.0,3.0,0.0,2.0,0.0,0.0,0.0,1.0,0.0,0.0,0.0,1.0,0.0,0.0,10.0,3.0,8.0,3.0,4.0,3.0,0.0,2.0,0.0,0.0,1.0,0.0,4.0,0.0,0.0,0.0,0.0,0.0,1.0,19.06033289,0.0,0.0,0.8781735,-0.719840846,2.766415383,0.0,-6.862595191,0.0,1.293565364,0.575988709,0.607923906,-1.282291029,6.766049945,7.480511342,0.0,1.050159981,0.0,0.0,0.0,0.350157306,0.0,0.0,0.0,0.575988709,0.398831863,0.710637361,1.573564762,-0.63992074,0.0,-0.324904385,0.0,1.270939772,0.0,0.0,1.823230151,0.0,11.74684475,0.0,12.98725343,-7.634598343,0.607923906,0.575988709,14.20149444,2.103308791,7.322733132,7.480511342,0.0,8.179900453,0.0,0.0,0.0,0.350157306,0.0,0.575988709,0.861363024,0.430526286,0.658261929,0.0,14.20149444,0.685641459,1.788024319,-0.2321263,-7.634598343,10.73466121,37.5,0.98684,0.0,1.36214,1.04534,0.461538462,1.889256817,3.667533602,4.587601877,5.151399451,24.88178221,41.52486881,65.04650016,41.22976569,6.0,5.0,3.0,0.572357121,6.858522449,14.91628265,30.05689541,10.34298486,0.2,1.346165863,0.0,0.0,0.0,0.0,0.0,0.2,0.0,0.359,1.162,3.148,2.127,2.743169399,3.0,0.0,0.0,3.0,0.0,0.0,0.0,0.0,0.0,0.0,0.0,0.0,0.0,1.0,0.0,1.0,0.0,0.268298487,-4.999489606,511.6494618,0.0,3.84
2.0,-3.1615827487758805,19.84078849,1.6761230724919522,150.033889,12.0,10.0,9.0,0.0,0.0,1.0,0.0,0.0,1.0,12232.69724,700.9497409,88.00501609,84.06983414,51.50932503,53.26037205,49.88694102,191.6224497,152.7330367,156.8970734,153.7687313,151.4116842,7.709129763,7.593898179,7.626741742,7.715220806,7.748015971,7.755157391,7.760134525,1.319333655,1.153950085,1.131541849,1.125602033,167.4902921,151.2708738,158.625523,164.062027,166.1934415,167.0026857,166.0574418,166.1873752,166.5296119,5.042803891,3.048162845,3.096146279,2.493999586,2.813918757,2.982044374,3.456981318,3.191526257,1.269681697,-0.451556688,-0.581422475,0.879783342,-1.151895214,0.880069508,0.225113983,-30.80746381,58.73958541,-853.9435621,-526.2991567,400.5595416,-197.6790462,1265.23422,-964.4492206,39.3100494,-1178.255874,-646.3904063,-173.3786287,522.7250006,34.07159428,192.6135717,-190.9429378,-1.135173554,5.411814278,-2.812669854,-3.69076971,0.519424156,-1.881052644,6.756092481,-0.538909322,-0.304874718,-2.061476691,-1.527190831,-1.47347277,-2.719698526,3.254020122,-24.07743727,5.669169801,-11.98243055,-49.45740408,25.90714658,-12.31502426,-12.3767946,55.43088504,-16.77991387,-63.77873669,-83.24735437,-26.80784136,202.7657853,-19.58288898,-0.220053313,48.22952948,0.069818841,-0.119856528,-0.206569118,-0.110372156,0.358877496,-0.030790706,1.829017623,0.587316049,0.989606119,1.07676836,0.963648384,1.306066958,1.068393097,1.116529424,0.956774791,0.870406959,0.940984145,0.873130561,0.949681266,1.181270263,0.466002862,0.944074787,1.040119574,0.986111731,1.095073584,0.935846282,1.138574728,0.908884271,0.925873245,1.576011179,1.23766844,1.099357592,1.023750753,1.096592609,1.070363621,0.97762055,0.397232361,0.863141051,0.978548911,1.005928015,1.036378024,0.913866787,1.182629884,4.325630252,0.243327752,-9.328083412,6649.914422,0.205422444,-10.44573232,-9.329005901,-11.01709568,18.65922271,9.495713668,0.114741921,-14.28946093,1.0,3.912690163,12.359213,0.0,3.964851899,3.786783536,3.76137103,3.678690789,3.583833788,3.541516619,3.482057964,3.467319242,1.898474943,1.854799046,1.819159997,1.736597751,1.690434012,3.578414337,3.51577394,3.482294661,3.428024114,3.323078746,5.05652678,5.056512364,4.990870484,4.984998346,4.964703844,4.962406,3.0,10.0,2.0,10.0,16.0,1.0,0.0,0.0,0.0,0.0,0.185395406,4.421561331,0.0,0.446383983,0.0,1.938135812,0.0,0.151376666,6.845097823,3.03166842,4.4944,21.28101222,702.2734033,0.576613159,-3.633852238,4787.230654,2247.0,9.0,0.0,19.0,13.0,1.0,1.0,12.0,8.0,23.0,18.0,11.0,18.0,2.0,3.0,4.0,0.0,9.0,27.0,3.0,9.0,2.0,21.0,4.0,0.0,0.0,0.0,0.0,3.0,0.0,7.0,0.0,0.0,0.0,0.0,0.0,0.0,15.66357189,0.722833367,67.6753653,4.036317273,-2.276027284,-5.470481899,3.317079303,0.0,0.0,0.688464542,0.242782361,0.688464542,-1.140666453,0.358246415,0.490024803,0.722833367,0.339447265,0.481182225,0.171994272,0.3298808,0.451225098,0.509230373,0.434595279,0.374778261,0.242782361,0.329100958,0.749439334,2.067151476,-0.387147042,1.918372957,-0.964098317,0.989846041,2.584681091,0.0,0.0,1.358751096,9.556057992,11.69797546,0.0,0.0,0.0,0.688464542,0.557182777,14.71739036,2.035010617,6.810158877,0.490024803,0.722833367,4.773238656,7.414211844,8.008616402,7.39108969,7.829411044,8.200276434,0.332088121,0.905280676,0.452449302,0.834686155,0.378576314,14.71739036,0.688464542,0.905280676,-0.300376233,-1.140666453,9.737600001,64.0,0.9697,0.5,1.58506,1.2044,0.586956522,1.595993959,3.496842539,5.001833656,5.967580641,16.53325775,32.55665249,106.98452,44.04188906,6.0,6.0,4.32,0.5,5.007368904,0.0,0.0,11.65546785,0.0,3.880385129,0.0,0.0,1.432690605,1.250682157,0.774836001,2.730816364,0.793700526,3.22,5.243,5.888,3.309,1.73105661,2.0,0.0,0.0,2.0,0.0,0.0,0.0,0.0,0.0,0.0,0.0,0.0,0.0,0.0,0.0,0.0,4.0,0.289659085,-8.177734064,8051.352724,0.0,5.108
0.0,-0.0613110312954136,0.427716,-0.1952785674313617,90.951376,18.0,5.0,2.0,0.0,0.0,2.0,0.0,1.0,3.0,24471.50343,258.2276568,339.8819921,119.5996101,82.88239333,91.64118012,99.30978221,241.8709512,180.9174235,200.5950957,199.9291979,199.7874427,7.649812139,7.668177745,7.618815937,7.624978209,7.673102377,7.603097237,7.60630777,1.991087791,1.542010809,1.580121373,1.620181897,161.0256406,146.4418418,155.5758868,156.0400113,159.9210197,161.496011,157.4353991,156.9239959,155.7594501,3.586495233,2.808835824,2.59920567,2.579235006,2.9192034,2.966396095,2.801650589,2.617809929,-0.134678963,0.056051195,0.0846325,-0.154416965,-0.009641324,0.241938993,-0.228352164,26.78549591,614.4506862,-2198.63784,419.079704,3651.314857,1167.390935,-2000.763608,-751.2292142,-3.439974729,714.1086448,-919.9930487,-46.74086949,1880.769028,468.15954,179.8434953,-1038.942073,-0.176142639,-0.214055729,-0.413386361,0.062839382,-0.488912069,-0.623569618,0.931004806,0.069240132,-0.599214974,-6.197920951,-0.192815164,7.776489652,-4.00739719,-0.445824579,-21.99511112,26.01393694,-12.19582853,-11.4056233,23.787643,22.28179607,22.00822697,-31.12811578,-2.930122602,2.487804636,1.769344889,-3.895565025,-3.305274826,-34.73225062,0.352440736,56.37355912,2.099370134,-0.038554245,0.007934282,0.12644534,-0.014005402,-0.147796811,1.479235762,1.338694271,1.107587355,1.067037955,1.199033224,1.084225139,0.905864634,0.968028879,0.549228551,0.475470074,0.648510758,1.256222836,1.036461398,0.777782471,0.866540668,0.955903311,1.065808848,1.17346808,1.185552514,0.92107275,0.975871418,0.652063346,1.01670045,1.35367146,1.019973156,1.106649151,0.915697955,0.937866738,0.956766283,1.078252718,0.56003124,0.831587789,1.361426754,1.42123061,1.603565435,1.317478964,1.29644395,3.395195814,0.521275374,-2.60590731,2129.200268,0.599746768,-2.044991064,-2.78713627,-1.813096452,13.00440089,0.859597095,0.616314258,-1.935993143,2.0,5.826372841,12.94147243,0.0,10.6947279,4.003660599,3.968429667,3.870724858,3.645483901,3.5255065,3.419017855,3.31259365,1.882272984,1.696022541,1.517247314,1.39230284,1.372874417,3.568806259,3.40022027,3.264024564,3.044966104,2.929606648,4.7971752,4.745110356,3.97138047,3.878204236,3.827103829,3.63116757,2.0,15.0,3.0,7.0,2.0,0.0,0.0,0.0,0.0,0.0,0.30274943,2.968202622,0.0,0.629731008,0.0,1.933843169,0.0,0.182043781,6.676010784,3.326445567,6.55749,26.82699088,536.5398176,0.043775145,-12.51475639,683.9381506,1091.0,1.0,0.0,20.0,0.0,0.0,2.0,0.0,1.0,2.0,0.0,0.0,1.0,0.0,1.0,0.0,0.0,10.0,7.0,1.0,10.0,1.0,8.0,1.0,0.0,0.0,0.0,0.0,4.0,0.0,2.0,0.0,0.0,0.0,0.0,0.0,0.0,27.95772152,1.013673076,6.738201618,6.942092664,-0.71082501,-0.132517725,7.56762712,0.0,0.0,1.449451009,0.408420061,0.713094364,-0.094096444,0.0,0.0,0.291242044,0.0,5.881990898,0.774689964,0.0,0.0,0.300742826,0.0,0.408420061,0.0,0.467108361,0.994239551,2.166655247,0.296064651,2.007593825,-0.71082501,0.640287633,0.0,0.0,0.0,1.768843159,0.0,14.4018168,0.0,0.0,0.0,0.713094364,0.408420061,14.60141707,2.105765464,0.0,0.0,0.722431032,0.0,5.881990898,5.963511654,0.0,0.0,0.300742826,0.0,0.687612509,0.490147693,1.074031497,0.0,14.60141707,0.736356645,0.994239551,-0.238566808,-0.71082501,12.00764508,49.25,1.23125,2.0,1.11041,1.12979,0.333333333,1.686364469,3.636773629,4.62466971,5.294653474,28.77487019,46.59346235,73.81311178,40.29745331,12.0,3.0,3.66,0.0,2.347186546,26.86737636,40.17512015,14.36806487,0.0,0.2,0.0,0.0,0.0,0.493617222,0.0,0.0,1.1759842,0.33,2.879,4.259,4.501,4.053998162,5.0,0.0,0.0,4.0,1.0,1.0,0.0,0.0,0.0,0.0,1.0,0.0,0.0,2.0,0.0,1.0,1.0,0.354834873,-4.144410981,787.365169,0.0,5.118
0.0,-8.354414976543703,169.2731103,3.935165252408103,240.811644,26.0,18.0,19.0,0.0,0.0,0.0,0.0,0.0,0.0,19468.72901,1340.555556,88.09379642,88.73771851,63.99118529,60.30464686,58.45340145,199.2552435,168.6286674,168.2369069,165.2533255,163.5662959,7.855137466,7.85066761,7.841840499,7.949267311,7.947577934,7.898968389,7.827240876,1.330205745,1.190308319,1.175743843,1.176429835,167.119335,151.5736901,156.916606,164.0257127,166.5486917,165.0159278,165.3746755,164.8187581,164.0907386,6.065862242,3.330493827,3.264865997,3.337667455,4.345740176,3.69718417,3.644532306,3.952716049,0.666063368,1.557540005,-3.220371621,1.55552206,1.696476439,-3.159110496,1.645136337,-79.82571671,604.7971516,-1779.513676,213.2178081,1832.276438,-1320.099335,-1864.862908,1737.610083,413.508447,-1404.831451,-2093.997639,1729.672955,417.9221796,-651.636306,45.94007994,70.70557666,-2.622847889,4.923542311,-1.142254505,-7.43300955,9.252377453,-3.805077204,-11.06135113,9.233471737,1.524660125,-5.377023115,5.32390797,0.665710286,2.796156654,-2.758970735,-22.02425454,-92.25190272,41.33550184,-11.69282919,-54.63649129,87.89749578,-5.915966815,-72.88300136,-43.67031399,-143.9510498,-138.4880468,-170.1756289,-222.5998893,294.0600713,-0.354780963,47.05757278,-0.892652474,-0.194090284,-0.216049995,0.451745276,-0.270802785,0.326733413,1.643038605,0.844933614,0.940132524,1.360889917,1.049371037,1.055441683,1.31358119,0.940103993,0.999960748,0.935298083,1.060295192,1.072264369,0.940116879,1.154734327,0.587917995,1.013560916,1.182750415,0.981121299,1.1864901,1.274859247,0.921132485,1.001828166,1.033869768,1.477873506,1.405459542,1.035673619,1.116067493,0.98117926,1.040383482,1.092934308,0.558581552,1.053638957,1.150071653,0.982748673,1.238501073,1.278697554,0.922149301,7.321428571,0.17206276,-19.88682461,3397.985291,0.200537672,-18.15631073,-19.87405121,-17.55666037,28.99587351,19.03665414,0.157236857,-20.9050222,0.0,4.057081126,11.29130428,0.0,4.04279815,3.844619082,3.817059482,3.810378798,3.757360489,3.721814448,3.704455184,3.678430628,1.902240077,1.895946868,1.884926986,1.833945268,1.802481268,3.723879408,3.651650736,3.627897586,3.590288665,3.584265704,4.92042292,4.91559943,4.913068335,4.908995733,4.904915424,4.900325191,17.0,16.0,4.0,11.0,25.0,2.0,0.0,0.0,0.0,0.240562612,0.574914957,9.012297771,0.0,1.876840755,0.0,4.006581514,0.0,0.379038116,16.93024773,5.943823837,-3.93071,33.22078156,709.7827129,0.150699031,-21.38491781,3631.376275,6717.0,21.0,0.0,38.0,15.0,42.0,11.0,23.0,49.0,17.0,27.0,46.0,12.0,4.0,2.0,13.0,2.0,16.0,36.0,15.0,16.0,9.0,13.0,16.0,2.0,0.0,0.0,1.0,0.0,0.0,15.0,0.0,0.0,0.0,0.0,0.0,0.0,14.19708674,31.56411559,51.66141763,-2.480102824,-22.31516505,-13.76702538,1.50457415,0.0,0.0,0.0,0.20866782,2.128675449,-1.121414639,3.871316952,0.52137448,0.547243454,0.7873202,0.533367299,0.567539532,0.779996465,0.665175418,0.566807431,0.20866782,0.55427596,0.260234747,0.427068555,0.598959224,1.144821427,-0.913993668,1.303487402,-1.750454392,-0.158149694,2.128675449,0.0,4.070265264,0.0,9.571250224,11.79312994,0.0,0.0,0.0,0.0,0.601552476,15.27803657,1.755163733,7.094186513,5.175806431,5.757609268,7.917105486,7.895185782,7.931086355,8.360278169,7.703236863,8.279640659,0.438883185,1.135323364,0.6932284,0.282066956,0.0,15.27803657,0.0,1.135323364,-0.393747001,-1.750454392,5.200229665,120.75,1.06858,0.5,1.7415,1.70738,0.5,1.633424668,3.729453755,5.259535074,6.252828517,15.85808498,33.80633313,184.4716872,71.62020474,9.0,6.0,5.75,2.142560611,0.0,0.0,0.0,0.0,0.0,0.0,0.0,0.0,1.998313008,0.0,10.94250781,0.0,0.0,3.658,11.218,15.041,7.69,2.76618706,5.0,0.0,2.0,3.0,0.0,1.0,0.0,0.0,1.0,0.0,0.0,0.0,0.0,2.0,0.0,0.0,3.0,0.172257695,-19.87402979,3527.894903,3.044522438,0.926
2.0,1.004420647716332,5.8081,1.3409380004958225,83.430618,0.0,5.0,2.0,0.0,0.0,2.0,0.0,1.0,3.0,24176.8788,217.2554346,377.7637313,128.5042887,80.15872906,80.73175678,84.42678892,255.9558159,206.0358021,206.496025,191.6262481,181.8737456,7.740541531,7.710789193,7.740610525,7.780879098,7.814310197,7.671828661,7.529404516,2.11113818,1.514040235,1.456882964,1.433910924,159.8554922,145.5545843,150.8113163,155.574359,157.6093539,158.7084091,157.5034417,158.5961688,159.760265,3.394616165,2.986917817,2.756624189,2.576381873,2.972430445,3.098891891,2.762458503,2.432629434,-0.234101877,0.288688911,-0.075409309,-0.159652491,0.144143961,0.046494192,-0.051029558,30.88002439,365.0710711,-1808.486443,-2122.023026,1282.847988,-2416.530248,335.3548648,3837.319549,52.53885466,-206.6517155,-377.1417989,-554.4229608,941.2282824,-1225.838655,-851.2095655,649.3641938,0.43800691,0.4425421,0.487951478,-1.375711177,-1.41279552,-0.580636702,-0.75455796,-0.036067191,0.233891933,-3.0037687,-5.579002182,-5.902394082,-2.660264487,4.671272214,13.4149473,1.105084896,2.509687526,-10.99016294,14.36651185,-3.550524875,-12.808046,-28.93645432,1.787061227,3.453119858,-11.40556158,-0.695600107,-28.25436084,-9.312410754,0.454118006,55.55164814,-5.261110107,0.026280312,-0.063718221,0.0480349,-0.109939147,-0.036954011,1.347571882,1.356602251,1.092786538,1.412007356,1.593376499,1.269777548,0.946068046,0.710533951,0.629809177,0.244111713,0.513762205,0.465415487,0.451912017,0.889376169,0.813311312,0.982679664,1.211138938,1.26850982,1.211816312,1.046181424,0.803084669,0.452400939,0.652616689,0.975033315,1.044880987,0.969927941,0.968787989,1.028764381,1.013190434,1.022552427,0.708709288,0.930311631,1.393302939,1.389904511,1.621974595,1.537005782,0.829674167,3.395195814,0.255192165,-5.189806026,3077.926268,0.222051182,-5.718420015,-4.682987579,-5.31700387,12.2531275,0.966041558,0.174290144,-6.638728712,0.0,5.709394769,13.17697766,0.0,10.69471972,3.984901063,3.928829115,3.808304459,3.704399167,3.588774779,3.335422939,3.29122551,1.826839495,1.619155828,1.439448382,1.320771362,1.099462298,3.604953264,3.401665197,3.202923921,3.123281114,2.898703072,4.727930868,3.998760107,3.896272934,3.842398104,3.814866128,3.436559468,2.0,15.0,3.0,1.0,7.0,0.0,0.0,0.0,0.0,0.144337567,0.378694254,2.423654055,0.0,0.479772273,0.0,1.613015481,0.0,0.161649207,5.657103234,2.850850426,5.8597,20.06494424,381.2339405,0.148586989,-7.245021887,348.7220417,877.0,1.0,0.0,20.0,0.0,0.0,1.0,0.0,1.0,1.0,0.0,0.0,1.0,0.0,0.0,1.0,0.0,0.0,8.0,5.0,12.0,1.0,3.0,4.0,0.0,0.0,3.0,0.0,1.0,0.0,1.0,1.0,0.0,0.0,0.0,0.0,0.0,33.96957529,1.32882674,4.497415521,2.15004916,-1.543601611,7.917728546,0.0,0.0,0.0,1.569264381,0.659895877,0.777234315,-0.019460533,0.0,0.0,1.32882674,0.0,9.523191042,4.497415521,0.0,0.0,0.51289372,0.0,0.0,0.659895877,0.39736847,0.729214033,2.126961246,0.53147112,0.0,-0.603497339,0.0,2.625461806,3.896868639,0.0,2.013691533,0.0,14.43135406,6.815341144,0.0,0.0,0.777234315,0.659895877,14.43135406,2.192323452,0.0,0.0,1.32882674,0.0,9.523191042,4.497415521,0.0,0.0,0.51289372,0.659895877,0.961328711,0.451597553,0.882104167,0.0,14.43135406,0.792030066,0.961328711,-0.606435555,-0.603497339,8.271669629,41.5,1.09211,0.0,1.25064,0.92175,0.285714286,1.743327954,3.673442127,4.530639062,5.085479297,30.67762166,48.98805767,73.30305487,46.26151269,6.0,4.0,3.44,0.0,2.282343384,19.77719064,41.12298071,16.34760227,0.0,0.0,0.333333333,0.0,0.0,0.0,4.242640687,1.154700538,0.0,0.391,1.81,3.595,4.002,3.124434389,5.0,0.0,1.0,4.0,0.0,0.0,0.0,0.0,0.0,0.0,0.0,0.0,0.0,2.0,0.0,1.0,0.0,0.277390404,-4.872851591,510.5304739,2.397895273,4.758
0.0,-0.6391488055477388,0.08886361,3.073213157745465,140.254373,0.0,7.0,10.0,1.0,0.0,0.0,0.0,0.0,0.0,11659.02542,672.4383573,93.27220338,97.6241629,62.65980627,58.83372439,57.71008602,206.7341609,171.6724468,167.6185931,174.4101407,166.5295757,7.762900008,7.773989673,7.811553705,7.965610146,7.835322835,7.833550437,7.740094962,1.429782618,1.216571097,1.264994442,1.228765813,164.4243221,148.0076995,155.8937433,157.3562883,163.1017192,163.4106796,163.8213298,161.6624765,162.3276234,5.379506859,3.053409529,3.276023821,3.228168724,4.028970637,3.469194405,3.425278773,3.56700652,0.215409288,0.668844178,-1.219974173,0.532701755,0.676617642,-1.300116928,0.599508828,577.7066384,1434.964532,-96.39725382,-316.3811383,-1314.555036,-99.64524384,-1655.908757,589.9706739,115.3416609,1019.93753,-1305.907339,766.6487581,-994.7142658,1399.711886,-1307.495173,23.24689312,-0.014376119,4.188838877,0.014694221,-4.971038323,-0.842851548,-1.584087454,-4.952147625,5.224277303,-0.997322989,-3.486450583,-1.745278638,7.012549756,-3.421679615,1.637268507,-8.138207051,19.18659984,-22.36807018,-22.80504092,-0.313992939,54.49141534,-9.34059483,14.13806352,-27.42713933,-34.62848532,-59.23712592,-45.65797547,-121.4810144,104.8701997,4.513333112,49.48832199,3.543574395,-0.214274526,-0.161850071,0.027344811,-0.301441723,0.23566337,1.616375538,0.908697313,0.964977189,1.405263408,1.226719912,1.101764377,1.400228874,0.980842929,1.165700844,1.131006449,1.03275464,1.050393604,0.905648116,0.946987558,0.615249347,0.938517005,1.270872701,1.327660322,1.225151569,1.255166397,0.879531078,1.002145907,0.937691373,1.372573069,1.099288455,1.179075772,1.055178746,0.923693603,1.074327026,0.999420736,0.534448465,0.983996679,1.212288006,1.388003219,1.278484343,1.373577022,0.936926355,4.125,0.5576012,-3.73831211,1006.392732,0.636605117,-2.890276647,-5.425631805,-1.074931538,24.20655399,3.829166667,0.801901832,-1.412922126,0.0,4.319038653,13.59004794,0.0,4.739205109,3.864422918,3.789545007,3.739114577,3.698409041,3.677335712,3.584980639,3.483955742,1.886873833,1.877608631,1.821032775,1.742700376,1.559559082,3.642029284,3.59475876,3.516882235,3.461565663,3.43176142,5.07319066,4.776070456,4.764910845,4.747127023,4.735450431,4.724300496,5.0,14.0,6.0,9.0,8.0,2.0,0.0,0.0,0.0,0.07856742,0.428172599,5.749316771,0.166666667,1.354923472,0.123596937,2.796676701,0.022807523,0.408186868,11.26692238,4.50302056,3.95835,27.04987971,709.7827129,0.449097947,-5.123291334,1592.742075,2616.0,6.0,0.0,26.0,6.0,13.0,2.0,7.0,12.0,4.0,9.0,9.0,5.0,0.0,1.0,5.0,0.0,0.0,14.0,11.0,11.0,9.0,5.0,6.0,0.0,0.0,0.0,0.0,1.0,0.0,8.0,2.0,0.0,0.0,0.0,0.0,1.0,19.60027101,3.193694195,11.23971432,-0.445250405,-5.656679237,0.805055689,0.0,0.0,0.0,0.0,0.278941821,1.300437196,-0.88819344,2.153777478,0.616167736,1.562072576,0.362746319,0.387301407,1.528176055,0.399773534,0.636009963,0.752513534,0.0,0.578661958,0.278941821,0.425033617,0.491794116,1.328012232,-0.245446167,0.0,-1.440736146,0.0,2.068898869,0.0,0.0,1.300437196,0.0,12.22601645,5.159341563,0.0,-6.239609983,0.0,0.578661958,14.57929849,1.818672638,6.682819885,7.447254915,1.631621619,7.442170431,8.293466124,4.066776063,7.453534133,8.306129698,4.481890937,0.519264303,1.059750777,0.585909562,0.192095241,0.0,14.57929849,0.0,1.702744462,-0.316364735,-6.239609983,9.152854864,65.5,1.02344,0.0,1.50905,1.29301,0.434782609,1.615947541,3.75479778,5.315560837,5.969236884,16.58317152,36.65350772,92.21947341,38.43950718,18.0,6.0,4.54,2.918603787,13.83918598,14.77115391,45.09427249,0.0,0.0,3.239338249,1.402910268,0.166666667,0.969950849,0.1,1.892080006,0.666500865,0.0,0.75,4.116,6.875,4.221,3.436180905,4.0,0.0,1.0,3.0,0.0,1.0,0.0,0.0,1.0,0.0,0.0,0.0,0.0,1.0,0.0,0.0,3.0,0.435432265,-5.321062579,1826.66701,2.397895273,2.07
0.0,1.9550824370124584,15.81175696,-0.4645349610968653,52.753067,6.0,1.0,2.0,5.0,0.0,0.0,0.0,0.0,0.0,7742.08884,90.76714678,193.552221,187.3976017,97.16033346,82.49225924,42.41377383,243.9073194,192.9800474,179.276357,143.9773058,119.2678602,7.657545925,7.752906705,7.600561282,7.746142857,7.622738093,7.451766563,7.478862701,2.23124383,1.705759392,1.484921591,1.237252909,157.0138422,141.8892384,157.7372771,143.9993978,152.4981064,153.3197454,152.2650803,155.4266106,164.4455547,2.269178669,2.469696209,2.141549089,2.250685871,1.870590829,1.664503288,1.506652283,1.537037037,-0.322888393,0.144795142,0.078298241,-0.106971054,0.045470145,0.135408913,-0.081125813,1891.233768,2440.128469,2007.422799,1465.591348,-870.778873,-3288.861141,-3834.677757,-1673.817855,91.84385213,2044.495362,387.0874418,542.7086566,-503.6844805,-1942.968186,-2147.423073,47.92576866,0.141169756,-0.914894306,1.058709639,0.578235304,-0.71419207,-0.200699148,0.018089654,-0.898251092,7.441827872,9.02022769,3.424594452,-19.50910647,-23.0730945,-4.550318781,-3.422353082,79.88443231,16.78033732,-0.234272392,-19.9691497,-52.10569896,-71.76322855,3.614878355,3.78053005,3.930520833,-3.141361668,-5.71210841,4.671524134,3.977339892,46.12765288,61.23299423,-18.15858118,0.09220805,-0.030498657,-0.129984905,0.045354603,0.051653765,1.262632244,1.930043775,0.899216709,0.950900893,1.270047077,0.816850823,0.52401576,1.049090966,0.630931266,1.072680656,1.478414299,1.600157867,1.369877285,0.40740406,1.509033876,0.677825609,0.902396601,1.364074409,0.890327389,0.69393191,1.260806775,1.082259825,1.218874249,1.050738678,0.361930588,0.848664683,1.076088421,1.328146831,1.417648948,0.967982576,1.12732671,0.843210715,1.057235781,1.52408768,1.035130973,0.666877544,0.881952524,3.767857143,0.638717887,-0.941414069,180.2126735,0.510044681,-1.413839589,-1.770386881,-1.408188356,15.77699243,-7.695238095,1.375268516,0.669162893,1.0,5.573464701,15.63227357,0.0,4.531598005,3.883547204,3.834210363,3.4027292,3.218007385,3.061807355,2.8603203,2.701814026,1.423045324,1.38691679,1.249629723,1.238186114,0.808155831,3.019673963,2.806471984,2.72114172,2.624217269,2.490827901,3.921419856,3.478990959,3.316920368,3.264921552,2.936023339,2.820712802,0.0,4.0,2.0,2.0,1.0,0.0,0.0,0.0,0.0,0.0,0.037037037,1.281112198,0.0,0.379357062,0.0,0.896677656,0.0,0.224243203,3.171543633,2.146490451,5.44882,18.38327562,193.024394,0.064586959,-5.753459798,165.5263567,295.0,0.0,0.0,6.0,0.0,0.0,0.0,0.0,0.0,0.0,0.0,0.0,0.0,0.0,0.0,0.0,0.0,0.0,2.0,0.0,0.0,5.0,2.0,0.0,0.0,0.0,0.0,0.0,1.0,0.0,0.0,2.0,0.0,0.0,5.0,0.0,0.0,9.475158205,0.0,0.0,2.441910457,0.0,0.0,9.475158205,0.0,-1.106904249,0.0,0.0,-0.549937064,1.105664105,0.0,0.0,0.0,0.0,0.0,0.0,0.0,0.0,0.0,0.0,0.0,0.0,0.438954921,0.0,1.838697037,1.188354251,0.0,0.0,1.105664105,0.0,0.0,0.0,2.334301488,0.0,0.0,5.798945946,0.0,0.0,0.0,0.0,5.884912263,2.0406893,0.0,0.0,0.0,0.0,0.0,0.0,0.0,0.0,0.0,0.0,0.453297325,0.0,1.253556206,0.0,0.0,0.0,0.568993003,-0.116003585,-0.549937064,6.949223182,19.75,0.94048,1.0,1.33574,0.39786,0.538461538,1.761278606,2.835290338,4.077567157,4.177567157,24.14700088,39.45912845,49.81054816,35.36416491,8.0,2.0,2.01,1.749042051,2.669405622,1.0,4.326341831,9.125465128,0.0,0.0,0.0,0.333333333,0.0,0.0,0.0,0.0,0.0,0.003,1.782,2.321,2.706,3.448274014,2.0,0.0,0.0,1.0,1.0,1.0,0.0,0.0,0.0,0.0,1.0,0.0,0.0,1.0,0.0,0.0,0.0,0.282306714,-2.655998437,629.0180411,0.0,2.363
0.0,0.0850146565233402,0.80120401,-1.5590124994015613,46.72193,20.0,3.0,2.0,0.0,0.0,1.0,1.0,0.0,2.0,11204.52656,184.4446826,329.5448989,145.4278963,137.1705626,125.964801,136.2485738,290.609655,260.0264668,238.100483,190.5088289,158.7222108,8.091745235,8.026181525,8.034309875,7.860212575,7.898472238,8.009324156,8.102429457,2.083198148,1.76798779,1.437880174,1.315464836,156.3831951,145.4138815,147.5337309,153.7385377,154.8264833,150.5560382,151.9459598,160.3141354,168.768233,5.424843606,3.480953175,3.698765432,3.372993827,3.375906636,3.603039879,3.66824996,3.269631816,0.40360174,-0.494047265,0.305472005,0.02469486,-0.156356562,0.160194066,-0.202519392,-42.19833472,33.91639344,-883.6369276,-807.3555367,-833.4639723,-2067.583167,240.7943616,1643.467239,75.0417269,-258.0872273,-191.8401346,54.34340594,-200.2161849,-960.1564726,-209.0744883,801.4772092,-0.340421,1.269176,-1.401134,0.84469,-0.123445,-1.125499,-0.006869,-1.228294,0.326518713,-1.562079349,1.808318594,-4.98501941,-3.157235495,6.391058223,-3.713929082,2.469620013,-17.51683351,25.69227287,-6.612940939,-27.53513713,-18.68295059,8.992923321,-4.414577583,-12.59647827,29.33609147,-5.845505287,-19.5177825,-24.02138744,-1.140495533,46.88986144,-11.4304342,-0.119312908,0.366701143,-0.006760378,-0.253477695,-0.522204075,1.642361907,0.584814696,1.392332353,0.788268174,0.867587912,1.028814813,0.855435982,1.241093972,1.016545101,1.129904351,1.337100756,1.240093969,0.872454982,0.826360118,0.443127448,1.08901725,0.769732032,0.758002938,1.030561391,1.225714451,1.884897886,1.049687645,0.81246281,1.120255123,1.018853431,1.168534747,1.020853331,1.134998896,1.057433121,0.732680286,0.474966742,0.911140664,0.641579789,0.754684338,1.018124148,1.591836552,2.022154705,2.404201681,0.241924854,-3.40590749,495.8756478,0.145621946,-4.624179416,-2.962263553,-7.738814928,5.821601931,0.899595083,0.34307566,-2.567530253,0.0,4.635468444,12.49870308,0.0,6.879968006,4.226297747,3.956179096,3.757164306,3.433315492,3.214904107,3.019449269,2.690827824,1.315283052,1.211957863,1.082250302,0.935492586,0.813687181,3.142804278,3.106946952,2.793785527,2.645815032,2.645608152,4.818325013,4.565768558,4.087978867,3.794766291,3.455929747,3.038451017,2.0,12.0,2.0,0.0,0.0,0.0,0.0,0.0,0.0,0.0,0.252291192,1.876475873,0.0,0.42385709,0.0,0.972260478,0.0,0.15947404,4.253352826,1.864168772,2.49203,24.41085626,290.9830472,0.087313253,-5.851807249,325.6343999,386.0,2.0,0.0,15.0,6.0,0.0,2.0,0.0,0.0,1.0,0.0,1.0,0.0,0.0,0.0,0.0,2.0,8.0,0.0,0.0,8.0,0.0,0.0,0.0,4.0,0.0,0.0,0.0,0.0,1.0,2.0,0.0,0.0,0.0,0.0,0.0,0.0,23.06838981,7.324435807,0.397943033,0.0,0.0,0.0,3.592098831,0.0,0.0,0.801173012,0.496700497,0.801173012,0.488307613,1.001934413,0.0,1.215975253,0.0,0.0,0.397943033,0.0,0.482954646,0.0,0.0,0.0,0.0,0.0,0.0,0.0,0.0,1.862082667,0.0,0.958719136,0.0,0.0,0.0,0.0,0.0,11.85963972,0.0,0.0,0.0,0.801173012,0.602809429,12.2980762,2.129979518,7.413396294,0.0,6.108460554,0.0,0.0,0.397943033,0.0,0.482954646,0.0,0.0,0.0,0.571909675,0.0,0.0,12.2980762,0.801173012,0.693686885,0.055517833,-0.485525568,6.953335076,41.0,1.70833,2.0,0.63325,1.16181,0.0,1.868020584,3.381580488,4.065260268,4.771142621,31.73779117,47.72882309,54.28715835,34.39823894,22.0,0.0,2.56,0.0,0.0,7.926091986,21.38599261,11.95727433,0.0,0.25,0.0,0.0,0.0,0.0,0.5,0.707106781,0.0,1.323,0.97,1.484,2.47,24.0257394,4.0,0.0,0.0,4.0,0.0,3.0,0.0,0.0,0.0,2.0,0.0,0.0,1.0,2.0,0.0,2.0,0.0,0.201856738,-3.840472928,360.8336738,0.0,4.379
0.0,0.0514526053562847,0.70526404,-1.7085426210316608,45.47993,20.0,3.0,2.0,0.0,4.0,0.0,0.0,0.0,4.0,5151.196264,439.0625,139.2215206,126.3084668,107.4000707,99.54608081,106.5689708,265.001129,251.3982915,223.9943211,182.2381492,140.0885756,8.762764,8.235685209,8.442067478,8.341385347,8.482715765,8.672172571,9.698231438,1.643344136,1.404366048,1.091083553,0.766648876,171.6300954,150.3201364,158.1683568,158.9495591,164.9579559,160.157768,165.3119183,174.7671844,196.1235144,11.86655405,4.254861111,7.292929293,4.607235142,5.265350877,5.868191721,6.136479592,15.05989583,0.452663259,-0.705303484,0.671800207,-0.203435793,0.379168482,-1.001507629,0.719564089,-11.70869829,219.1937305,-172.5421728,75.5746145,-195.2929928,-537.9383099,-436.6206208,618.6950133,76.05627693,-294.5452396,-113.016127,228.9166889,-167.5686529,-921.7065215,-325.8154991,98.99666352,-0.523579711,4.764457715,-2.263178519,1.066902276,-3.151689327,-2.35246876,-7.008039416,8.289332549,0.19083726,-1.526770537,2.102531604,-5.466936673,-5.078298278,3.200102595,-9.328648061,60.09240203,-48.02550366,37.16217138,-62.5229842,-39.31786046,-121.4608491,85.84712112,-15.22648324,-30.10675879,-7.678531572,-74.63605328,-170.1917458,218.3693085,-0.292717457,39.49532754,-9.036338446,-0.380662081,-0.0834623,-0.586201831,-1.736650467,3.412020445,1.705621345,0.585491307,1.288531136,0.666803067,0.993533049,0.820121447,1.513155366,0.611900001,0.843537563,0.887295846,1.084859611,1.336006544,1.248816105,0.928963686,0.402584037,0.805273203,0.748994824,0.999550929,1.062783825,1.560485165,1.155765985,1.088588985,0.856901933,0.885793759,0.72388822,0.92351326,1.118524483,1.078705303,1.377400055,0.997632424,0.420039332,0.731804723,0.802140082,0.938410174,1.083765935,1.56919684,1.217365093,2.261904762,0.159603541,-4.954668493,300.0758074,0.157904868,-4.983558825,-4.883366125,-2.423893988,5.791199917,4.988095238,0.331877364,-2.978072363,0.0,3.989875,11.86707186,0.0,4.245467847,3.884050783,3.786016014,3.408482804,3.232147365,3.174220393,2.81255195,2.724481178,1.334194916,1.273508411,1.070431963,1.021356821,0.926553154,3.196910824,3.100189562,2.960976381,2.690012655,2.65679495,5.304917001,4.878984493,4.864584644,4.623054996,4.465116279,4.465116279,2.0,11.0,3.0,1.0,0.0,0.0,0.0,0.0,0.0,0.0,0.252291192,3.124650146,0.288675135,0.73812677,0.11785113,0.769108069,0.013498731,0.143154381,5.385223436,1.501329094,1.94764,25.03103956,335.9716736,0.029397793,-9.522456342,395.6241473,390.0,2.0,0.0,15.0,6.0,0.0,2.0,0.0,4.0,0.0,4.0,0.0,0.0,0.0,0.0,0.0,2.0,8.0,0.0,0.0,8.0,0.0,0.0,0.0,4.0,1.0,0.0,0.0,0.0,1.0,2.0,0.0,0.0,0.0,0.0,0.0,0.0,7.600659998,7.846852913,0.0,0.0,0.0,0.0,-1.627155376,-4.704606836,0.0,0.0,0.58781746,1.034930556,-0.97935941,0.608350251,0.0,0.681152418,0.0,8.008567202,0.0,8.966964194,0.0,0.0,0.0,0.0,0.0,0.0,0.0,0.0,0.0,0.884169737,0.0,-0.97935941,0.0,0.0,0.0,0.0,0.0,11.75191338,0.0,13.62424178,0.0,0.0,0.658162439,13.77065394,1.407100813,8.023230391,0.0,7.165700495,0.0,8.094630823,0.0,9.063327175,0.0,0.0,0.0,0.0,0.742171202,0.0,0.0,12.19034986,0.0,1.474904691,0.232986111,-4.704606836,8.753353,42.75,1.58333,1.5,0.64953,1.32773,0.055555556,1.884242055,3.513375325,4.249729717,4.91878073,20.92921003,39.09700521,54.75051945,33.28053783,22.0,0.0,2.45,0.0,0.0,7.87234413,20.94026076,12.53791179,0.0,0.25,0.0,0.0,0.0,0.0,0.5,0.707106781,0.0,1.323,0.868,1.036,1.617,22.42487908,4.0,0.0,0.0,4.0,0.0,3.0,0.0,0.0,0.0,2.0,0.0,0.0,1.0,2.0,0.0,2.0,1.0,0.05468228,-7.84678206,266.5157844,0.0,5.133
2.0,-2.999416743860198,17.53180641,1.6269493183233643,157.23351,18.0,10.0,9.0,0.0,0.0,0.0,2.0,0.0,2.0,24175.03734,710.1843278,172.6788381,97.21250661,55.63329154,57.39708246,53.74861688,205.1118996,156.5994329,160.3698075,155.871817,153.8118386,7.7334535,7.615328034,7.660124262,7.717349199,7.749443211,7.754299937,7.755480501,1.45909171,1.18699686,1.152736964,1.144616164,165.8410931,150.3222998,157.0773646,162.9309799,164.7060582,166.2580357,165.1560978,165.9049841,166.08702,5.072745199,3.09307077,3.163088387,2.527001862,2.822972286,2.990138512,3.439758059,3.19756226,1.272725715,-0.439062054,-0.59998102,0.88682196,-1.125078438,0.781839435,0.380392862,-75.28435136,412.8367833,-1429.088519,-2167.1028,879.3494613,-1520.818062,453.4090031,-821.5545549,148.7368087,-1189.062899,-485.9973672,-1136.375567,436.0702037,-635.8419976,125.4917681,-60.82471518,-1.185679167,5.213132178,-3.057078653,-4.258308237,0.427546452,-1.894536753,6.539493296,0.341017977,0.531040094,-0.450832245,-5.207021452,-4.723608887,-3.223226157,2.029512313,-17.21280689,13.66420193,1.500600276,-56.23743261,31.7502616,-29.96532501,-10.4875001,43.69390566,-16.63972649,-65.99031396,-92.58311448,-24.00330184,205.6610335,-1.304807816,-0.530171488,50.62698956,-1.292361784,-0.117181172,-0.233206837,-0.115492387,0.360176941,-0.002041953,1.812042048,0.588271911,0.992188462,1.102225935,0.957465575,1.287325635,1.068928482,1.108177211,0.725905163,0.418383523,0.638306029,0.569322642,0.528495582,1.121838886,0.472073026,0.961918168,1.080797602,0.996946185,1.099367862,0.942955935,1.123281373,0.765919684,0.815362663,1.454932299,1.181560337,1.053131872,0.997112105,1.097495816,1.040739654,0.966471766,0.407603175,0.873355468,1.008404099,1.010985708,1.034823587,0.901015964,1.153893775,5.335714286,0.196118018,-11.40327067,2825.302543,0.181444083,-11.94765427,-10.824658,-12.59564595,19.91912773,8.439899438,0.156783941,-12.97020614,1.0,3.91301373,12.3705526,0.0,6.879644413,6.879644413,3.787915473,3.766308069,3.728511197,3.718703113,3.672383393,3.576160657,1.925491375,1.855071266,1.819320608,1.731912745,1.713478803,3.661918363,3.576049508,3.483376836,3.429912786,3.356644273,5.010298713,5.010282519,4.944195029,4.938285782,4.91753926,4.91507062,3.0,15.0,3.0,8.0,16.0,0.0,0.0,0.0,0.0,0.0,0.268728739,4.50611232,0.0,0.446383983,0.0,2.113410086,0.0,0.151376666,7.397683681,3.500120438,5.5626,23.05533846,709.7827129,0.311350665,-8.167848223,4442.594494,2673.0,9.0,0.0,25.0,13.0,1.0,1.0,12.0,8.0,22.0,18.0,11.0,18.0,2.0,3.0,4.0,0.0,13.0,24.0,3.0,13.0,0.0,21.0,3.0,0.0,0.0,0.0,0.0,3.0,0.0,7.0,0.0,0.0,0.0,0.0,0.0,0.0,26.70464858,0.725670932,67.82370991,3.689007037,-2.698738163,-5.492175326,5.877510052,0.0,0.0,0.0,0.248384005,1.369502764,-1.140859257,0.361443066,0.490164734,0.725670932,0.340162581,0.483583038,0.544667877,0.343678924,0.455111385,0.512599765,0.426437965,0.374296262,0.248384005,0.495141553,0.756206962,0.0,-0.390220243,1.916910051,-0.971919172,0.998959502,2.596859232,0.0,0.0,1.369502764,9.616062155,11.77266512,0.0,0.0,0.0,0.0,0.557019943,14.81579262,2.118523468,6.855411353,0.490164734,0.725670932,4.838155559,7.439027238,8.109531892,7.375710087,7.85057929,8.252691965,0.332318705,0.914600608,0.45275403,0.717746438,0.0,14.81579262,0.0,0.914600608,-0.315609775,-1.140859257,10.70798322,72.75,1.03929,1.0,1.55236,1.25776,0.489795918,1.644145878,3.574700807,4.848410958,5.816329177,21.65468209,37.54082512,120.9795926,56.10353024,6.0,6.0,4.54,0.0,0.0,0.0,0.0,12.51528499,0.0,3.880385129,0.0,0.0,1.432690605,1.250682157,0.774836001,2.730816364,0.793700526,3.22,5.24,6.644,4.429,1.927299223,3.0,0.0,0.0,3.0,0.0,0.0,0.0,0.0,0.0,0.0,0.0,0.0,0.0,0.0,0.0,0.0,4.0,0.240164054,-9.985031213,4426.570647,0.0,6.655
0.0,-1.6772054477924367,4.03407225,2.805991599830908,132.148271,0.0,6.0,6.0,0.0,1.0,2.0,0.0,0.0,3.0,12559.76144,580.8022596,114.1796495,102.2701997,66.09019428,68.22373666,58.33976504,233.9360263,189.2749123,186.0341069,177.6725278,171.0816148,7.810763073,7.692011873,7.742445573,7.786735758,7.769621224,7.716881491,7.649368727,1.597257087,1.355826481,1.325364293,1.321920231,161.7934513,145.4925346,150.3070045,157.121094,159.0295794,159.536165,159.8419165,160.9747519,161.151541,5.280020541,3.004056375,2.923149101,2.875804162,3.307439896,3.499828091,3.071938966,2.821364689,0.22766354,0.071545686,-0.043437281,-0.41153694,0.485137955,-0.17730728,-0.202122274,104.0062871,337.0940178,570.7661026,17.20792599,-951.869557,351.4778878,321.6215269,-2103.193524,349.1076499,-374.2814179,326.9846849,-89.95526195,-619.7624017,-880.8287211,-586.3084283,-1096.825252,-0.512774281,2.197969504,0.367346992,-1.61286605,-2.944061165,3.12798886,-1.185649818,-2.878623182,1.448835149,-0.863350833,-1.851335128,-2.042059002,-0.626097378,-3.266795368,-0.932694624,-25.59051683,-11.22194201,-26.67472744,-21.57062487,-1.416615644,-19.41795495,-9.200046984,-1.889550238,-12.20071757,-18.35018881,46.12012067,-53.59414862,-16.88413878,0.881409212,50.47827535,-2.264341185,-0.016013138,-0.051545474,-0.129358586,-0.139205581,-0.047966303,1.504493253,0.831955426,0.989808904,1.142367115,1.212962794,0.95158115,0.936980568,0.816091497,0.827145816,0.903270541,0.871642432,1.007985676,1.344501732,0.994789471,0.506382658,0.818643317,1.007745553,1.144078702,0.948088104,1.087779934,1.076945415,0.966069673,1.099491086,1.125372885,1.135984468,1.02623074,1.0530598,1.042863407,1.0886454,1.027322585,0.488982743,0.825088012,1.020524584,1.206227908,1.034711694,1.106622032,0.887888474,3.984593838,0.609353031,-3.120752186,1402.920816,0.613673225,-3.076244009,-3.198880679,-3.052228019,21.95874303,5.78752374,0.553054202,-3.731485382,1.0,4.377653215,15.51384932,0.0,4.077176833,3.960780844,3.944772113,3.838832465,3.794077072,3.705015665,3.511151652,3.4918446,1.905141311,1.865614346,1.835317961,1.805568439,1.595613754,3.770412649,3.645687728,3.619235326,3.458949577,3.402359425,5.149620657,4.949486082,4.902877758,4.897767252,4.8952619,4.887886408,6.0,18.0,6.0,2.0,13.0,2.0,1.0,0.0,0.0,0.205534367,1.12571895,4.747494528,0.13650087,1.72767668,0.230257185,2.453602358,0.098584392,0.692510635,12.65007025,5.881737107,7.58399,35.88579378,709.7827129,0.419887429,-5.466942374,1190.236221,3287.0,5.0,0.0,30.0,5.0,4.0,4.0,2.0,10.0,3.0,1.0,6.0,0.0,0.0,0.0,5.0,0.0,0.0,15.0,6.0,13.0,0.0,13.0,3.0,0.0,2.0,0.0,0.0,1.0,0.0,6.0,0.0,0.0,0.0,0.0,0.0,0.0,29.08372476,1.610176151,0.158972341,8.550363124,-2.381441324,5.098173215,0.0,-1.965141263,0.0,0.849568712,0.022841574,0.251430083,-0.423484627,4.084424254,0.069813765,0.072888122,0.375635311,0.005743059,0.013662428,4.638035214,0.068172317,0.0,0.0,0.0,0.022841574,0.399141835,0.582313666,0.0,0.212131272,0.0,-0.919560876,0.0,2.351101295,0.0,0.0,1.572692941,0.0,11.65093159,0.0,16.44524655,0.0,0.251430083,0.5171717,16.44524655,2.061792668,6.457395653,1.118520225,1.035291402,6.951054386,4.93576552,0.075462531,4.638035214,4.266766899,0.0,0.5171717,0.966518004,0.546120362,1.024107998,0.0,14.70272891,0.598138629,0.966518004,-0.286574308,-1.202752318,11.13863124,68.0,1.07937,0.0,1.3804,1.16107,0.375,1.670783113,3.804118718,5.047958428,6.108632441,18.50640996,38.2596957,102.3282491,34.8466471,12.0,5.0,5.09,0.0,0.0,0.0,0.0,0.0,1.0,1.230622389,0.0,0.0,0.0,0.0,1.07009127,0.459177543,0.0,1.163,3.781,6.173,5.665,2.950555556,9.0,0.0,3.0,6.0,0.0,2.0,0.0,0.0,2.0,0.0,0.0,0.0,0.0,4.0,0.0,1.0,2.0,0.549476208,-3.772375757,1072.755701,3.433987204,2.967
2.0,-0.0003773977118263,0.56911936,0.4445603814211825,62.796274,0.0,6.0,0.0,0.0,2.0,2.0,0.0,0.0,4.0,7604.559756,260.6772596,152.0911951,119.7771193,99.63695842,106.1090534,82.4367737,253.9758841,243.9346131,249.0990225,209.0226824,172.7985461,8.0836954,7.826070159,7.90657411,7.946986413,7.972066225,8.039433179,8.039437897,1.734882606,1.731026373,1.49198823,1.308188769,166.5772145,149.1470271,153.2668432,161.0000851,164.187017,158.9313505,155.5066705,163.3436576,169.388782,5.213545191,3.331008993,3.146353209,3.003364034,3.211199295,3.346432504,3.559278289,3.243198119,-0.226901075,0.186664295,0.051016665,-0.056998947,-0.032114189,-0.076036208,0.072803804,55.07213641,286.5691753,1383.036432,627.3636883,13.80130354,-344.9571625,-757.0223489,-856.4570907,56.02085518,-192.8587872,678.1736037,1227.58206,582.8645063,-1070.829419,-1618.286098,-1282.090442,0.278970118,0.530939142,2.46035857,-0.656591381,-0.51667143,-0.723769997,-1.428201779,0.28842416,0.301054459,0.433748583,5.38651113,-4.582759827,-5.364646802,-5.947457951,8.831334078,-19.46166285,-15.93839609,13.82925028,14.79684614,-48.63933379,-48.84700791,-17.2219593,2.884814144,17.67200829,-5.031755403,-14.60396147,-26.05617631,-9.248562719,1.019854378,47.64795659,-7.541052248,0.053422484,-0.039620121,-0.009042361,-0.150613736,-0.05284893,1.280220055,1.160013053,0.781092362,1.063643304,1.268355557,1.1400679,0.958228789,0.76616687,0.720720035,0.706900757,0.758056018,0.93574584,1.33737345,0.941262154,0.582646451,0.652794679,0.890515549,0.764664498,0.803768187,1.09850702,1.106183635,0.788448577,1.186284167,0.913569923,1.016194073,0.961468748,0.893977038,1.123036146,1.173573444,0.980555366,0.528606199,0.729215376,0.828194356,0.652230106,0.780476222,1.186047365,1.092432548,2.817927171,0.127640767,-6.587313488,388.1025335,0.102933557,-7.27574904,-7.124013866,-8.588981393,8.743439706,2.932547957,0.493042979,-2.262908574,0.0,4.622208792,12.90198361,0.0,4.045647696,3.961290123,3.824291147,3.613888084,3.452778201,3.278995291,3.182759327,2.881488866,1.471026593,1.401879773,1.372874417,1.086049302,1.022247107,3.515606262,3.18163213,2.890672424,2.792995694,2.769589928,5.073383088,5.072211537,4.113780741,3.873552288,3.705649388,3.642051741,2.0,13.0,1.0,0.0,5.0,1.0,0.0,0.0,0.0,0.222904987,0.502921854,2.030027384,0.0,0.74607497,0.0,0.996787615,0.0,0.194570881,5.693950917,2.131578294,6.68058,19.3352252,309.3636032,0.035860667,-10.64996547,655.8175297,594.0,1.0,0.0,16.0,0.0,0.0,0.0,1.0,0.0,0.0,2.0,2.0,0.0,0.0,0.0,1.0,0.0,0.0,6.0,1.0,6.0,0.0,5.0,1.0,0.0,0.0,4.0,0.0,1.0,0.0,0.0,0.0,0.0,0.0,0.0,0.0,0.0,15.14023387,0.0,0.0,5.453275449,0.208399996,4.587428443,0.0,0.0,0.0,0.738972621,0.720242063,0.350367627,-0.221050712,0.0,0.0,0.0,1.39003477,0.0,0.0,0.252349503,0.279889663,0.0,0.0,0.0,0.720242063,0.357067869,0.661726387,0.0,1.002446397,0.0,0.208399996,0.0,2.516113226,3.766042207,0.0,1.929954998,0.0,0.0,0.0,14.1490748,0.0,0.350367627,0.720242063,15.51598547,1.888370197,0.0,0.0,0.0,1.39003477,0.0,0.0,11.17526538,10.19075883,0.0,0.720242063,0.661726387,0.6222891,1.204140904,0.208399996,0.0,0.388604994,0.720242063,-0.124337246,-0.221050712,9.315984726,35.75,1.11719,0.0,1.08842,0.92861,0.272727273,1.790337777,3.830197424,4.319079571,5.05366069,21.95324582,42.32734214,55.25531976,34.00855759,22.0,0.0,2.78,0.0,0.0,12.41251224,29.11939357,17.13713454,0.0,0.0,0.0,0.0,0.0,0.0,4.941453946,1.313263902,0.0,0.391,2.084,3.429,3.44,5.491082045,5.0,0.0,2.0,3.0,0.0,0.0,0.0,0.0,0.0,0.0,0.0,0.0,0.0,2.0,0.0,0.0,1.0,0.064340719,-8.779400249,333.0216889,3.044522438,5.865
1.0,0.1895243348410068,1.13912929,-0.6107379098022812,82.318825,18.0,2.0,4.0,0.0,3.0,1.0,0.0,1.0,5.0,24069.59019,500.7570826,370.3013875,128.8056752,94.63712434,93.08339618,100.7984531,253.9016226,203.2738225,208.8509538,201.9428894,191.2166472,8.126763215,7.824821818,7.957354868,7.889661713,7.751926995,7.683113436,7.707777013,2.019875163,1.58131107,1.591398534,1.535485659,163.8817391,144.9698861,154.3050872,156.025437,159.287508,159.4640699,155.2413395,156.1901645,158.4396026,7.703955116,3.414311305,4.940527725,3.343559596,3.758432827,3.267053385,3.14395125,3.908353574,0.177203769,0.04645909,-0.128273329,0.099075551,0.137101378,-0.449717175,0.143379527,-19.7067785,780.4276132,-1452.641671,-1187.878012,1798.336547,447.6470517,-2878.105944,-1845.967337,45.9765075,-11.23097806,2.979085896,-450.3116923,400.997837,-440.8948963,-1165.267471,-449.4646796,-0.336666153,5.621329197,-0.798855284,-3.541577478,-3.256075751,-1.77390421,0.289677825,8.057671178,0.064620101,-2.601123359,-1.497796695,6.132855558,-7.437731151,-4.591013037,-10.54150353,59.65447938,-27.8336817,-23.2806277,19.26220357,21.24049854,22.22114552,-0.544543257,-15.2172223,1.154736725,-54.99430873,-62.6724379,-30.6446841,150.1391229,-0.289805566,53.08746848,-2.013218705,-0.223782681,-0.290975178,-0.237906828,-0.130960188,0.644373918,1.641498909,0.767022416,0.944586402,1.078704003,0.93822736,0.804739541,0.811036223,0.684607094,0.593839457,0.491585066,0.620678477,1.212091803,1.322832761,0.873971136,0.410166202,0.692289413,0.990678853,0.909026873,0.692946381,0.632188772,0.45765052,0.666504087,1.214786416,0.971267728,0.810548597,0.873015568,0.763588577,0.639002429,0.741573355,0.815037884,0.376299659,0.621405122,0.962273514,0.923913665,0.76881052,0.682809194,0.516861019,3.819565562,0.321292431,-4.541614284,491.137662,0.328048591,-4.458374149,-4.626675583,-4.471325963,12.51900654,3.97116693,0.444595625,-3.24236047,0.0,3.579405212,13.17405216,0.0,10.6947279,3.986758093,3.925592238,3.819970571,3.52929939,3.523568144,3.409273735,3.276745317,1.810161161,1.61449999,1.485252723,1.365410193,1.143415725,3.489687542,3.406959922,3.204193708,3.089283576,2.980337252,5.408549018,4.851366108,4.777029397,4.723768607,4.586490939,4.586490939,3.0,14.0,4.0,3.0,5.0,0.0,0.0,0.0,0.0,0.0,0.234708048,4.037115646,0.288675135,1.08252638,0.144337567,1.668341217,0.013498731,0.256431066,7.62856834,3.018581543,6.4863,25.11174394,502.2348788,1.57e-05,-44.23779949,2722.913541,945.0,1.0,0.0,21.0,1.0,0.0,0.0,0.0,1.0,0.0,1.0,1.0,1.0,1.0,0.0,0.0,0.0,11.0,6.0,2.0,11.0,1.0,4.0,2.0,0.0,1.0,0.0,0.0,2.0,0.0,3.0,0.0,0.0,0.0,0.0,0.0,0.0,19.24659797,0.0,0.0,0.847353329,-1.734641029,-1.7477696,3.306311068,-4.544288872,0.0,0.656141553,0.621189605,0.656141553,-0.938918017,6.867116964,0.0,0.0,0.0,0.934631692,0.0,8.92316267,0.925548393,8.892630143,0.621189605,0.0,0.0,0.583440623,0.675045357,1.82513749,-0.055727982,0.933011464,-1.179814332,-0.842750878,0.0,0.0,0.0,1.489961173,9.059345928,11.05478408,0.0,13.36079906,0.0,0.656141553,0.621189605,14.36463616,1.981197157,6.867116964,0.0,0.0,0.0,0.934631692,0.0,8.92316267,0.925548393,8.892630143,0.0,0.860340576,0.686506235,0.387631348,0.0,14.36463616,0.656141553,1.388131821,-0.193083444,-4.544288872,10.89029666,48.5,1.2125,1.0,1.11276,1.23244,0.275862069,1.841864104,3.861169745,4.805855539,5.287376467,31.78026959,51.21036815,71.26334504,42.00726492,12.0,5.0,3.44,0.0,2.808002694,19.86675233,40.12640313,15.91769505,0.0,0.948683298,0.0,0.0,0.0,0.0,0.0,0.0,0.333333333,0.591,1.575,3.272,3.456,4.254002377,4.0,0.0,0.0,3.0,1.0,1.0,0.0,0.0,0.0,0.0,1.0,0.0,0.0,1.0,0.0,0.0,1.0,0.095160913,-9.408744016,651.3321927,0.0,8.028
3.0,-3.6623431179971737,27.87206436,2.3176028782585565,178.840682,21.0,10.0,14.0,1.0,0.0,1.0,0.0,0.0,1.0,16943.41205,959.1197893,107.919822,102.5357642,68.68571038,62.71013737,63.63268335,211.3202651,175.5106731,171.6920827,165.7733076,172.8810356,7.869556146,7.867229538,7.799309974,7.922186214,7.899736154,7.817654708,7.823471497,1.506521726,1.238748376,1.214449626,1.275062225,164.8316479,148.9366576,154.3539942,161.3672606,164.8524622,162.7648123,163.8378648,164.3485716,161.0797534,6.109043244,3.131722388,3.543976937,3.33264137,4.199685979,3.654144098,3.39597063,3.744183286,0.916567711,0.74073516,-2.220794243,1.147610594,1.158741204,-2.065668247,0.82717466,482.4544585,-118.0585409,-2472.078298,66.73283761,1158.760478,-1066.130386,-374.1400076,-933.9087593,465.5660411,-880.2470228,-2418.617374,1335.969311,164.6794877,-1180.729347,1766.71668,-1762.754602,-2.264919008,6.793073802,-2.586230528,-7.163100222,4.904249411,-1.74071381,-8.04285554,2.847774431,1.185198523,-5.596555497,5.086526602,-2.587335803,10.19903956,-11.9435855,-0.929257389,-67.88671659,19.45696756,-2.26873464,-67.04742089,35.83979776,40.2996275,-88.79173968,-44.96700178,-117.8967335,-148.1848185,-66.15876024,-144.21401,85.98948585,2.996611544,49.32411669,-2.333457207,-0.279298148,-0.323547639,0.350804433,-0.256608559,0.150331269,1.690693003,0.759408691,0.966468921,1.338789114,1.004516865,1.024466618,1.251036494,0.917643063,0.890110912,0.833008403,0.876525478,0.904973324,0.971125861,1.113577722,0.468149361,1.024421588,1.156514335,0.976031725,1.066285355,1.175575462,0.93501785,0.904496472,1.039129397,1.337948665,1.368949974,1.052979503,1.136274481,1.00480346,0.954985463,1.15047799,0.454804796,1.035106009,1.1352981,0.996033899,1.093759718,1.184864979,0.9779561,6.800630252,0.101681274,-18.97307059,1840.831157,0.108486832,-18.43534977,-17.57137614,-19.31730229,24.74249751,6.423695321,0.173269909,-14.5491093,0.0,2.98093489,11.44886364,0.0,4.419890269,4.105310092,3.859010438,3.830100358,3.81035785,3.790688321,3.717248446,3.687794712,1.889332635,1.848387972,1.831697236,1.760857083,1.739639301,3.790481464,3.640150263,3.585799018,3.550549452,3.524676717,4.963453349,4.95515919,4.894549309,4.888407789,4.88101384,4.872087134,11.0,14.0,5.0,7.0,15.0,3.0,0.0,0.25,0.321114263,0.096225045,0.677474136,8.736227849,0.659739608,1.690990579,0.216506351,3.940682974,0.226249213,0.342181026,14.08326106,5.252612932,1.42539,27.50898926,709.7827129,0.100620311,-19.06012947,1864.169905,3802.0,13.0,0.0,30.0,14.0,24.0,2.0,14.0,28.0,3.0,14.0,31.0,9.0,3.0,1.0,8.0,1.0,13.0,21.0,8.0,13.0,6.0,11.0,7.0,2.0,2.0,0.0,0.0,0.0,0.0,11.0,0.0,0.0,0.0,1.0,0.0,0.0,18.68540015,-0.195685692,11.63197343,-0.363394971,-7.885055552,-8.224440054,3.136261808,-3.279290688,-1.320182866,0.518714208,0.249706473,-1.320182866,-1.301864681,3.551664495,0.678852255,-0.362914664,-0.329658208,0.663633696,-0.465074105,-0.337270317,0.153153681,1.114444936,0.405676396,0.529933396,0.249706473,0.404860162,0.631054479,1.272944354,-0.603200152,1.473510645,-1.577493752,0.330202707,2.607224813,0.0,0.0,0.0,9.737736164,11.95505884,0.0,0.0,0.0,0.518714208,0.529933396,14.96618599,1.941239699,6.493127581,4.86855663,0.167228971,7.209143084,6.963906949,7.272078702,7.510331243,6.684632142,7.354045195,0.352280064,1.093886192,0.558831546,0.699719435,0.0,14.96618599,0.518714208,1.280209086,-0.34668903,-5.810389532,8.276621812,90.0,1.08434,0.5,1.5909,1.47333,0.464285714,1.745361675,3.881451328,5.31719402,6.148426462,19.9479124,38.63090096,126.9151607,48.35136207,9.0,5.0,4.65,1.251124316,11.59367634,0.0,0.0,0.0,0.083333333,7.866230673,0.0,0.0,0.772206438,0.0,4.564324215,0.0,0.0,4.104,8.625,11.276,6.152,3.328144765,5.0,0.0,1.0,3.0,0.0,1.0,0.0,0.0,1.0,0.0,0.0,0.0,0.0,1.0,0.0,0.0,3.0,0.128589536,-17.02437764,1904.877716,4.110873864,4.345
1.0,-6.8346548982901085,110.384441,5.9117657359364015,224.910507,0.0,17.0,19.0,0.0,0.0,0.0,0.0,0.0,0.0,18542.06778,1306.777778,90.01003776,90.11207706,65.7457113,62.65728212,60.08849468,200.9454196,170.1929451,169.8888414,167.5151787,166.6384716,7.901043631,7.868548409,7.883209289,7.988922702,7.990483021,7.935322825,7.86605322,1.334075017,1.191306936,1.181529895,1.188819052,167.106322,151.8413382,156.3434994,163.6496853,167.0439396,165.1677985,165.5484806,164.9027227,163.7943116,6.343581446,3.428306878,3.390770852,3.438710017,4.482747575,3.952398615,3.818746326,4.027878666,0.538477113,1.635151972,-3.23502391,1.377751991,1.909657129,-3.03746164,1.284098343,-138.1825758,472.5453711,-1611.711076,-103.7978218,1753.284102,-646.2780566,-1458.480756,1025.070969,545.492457,-1382.810652,-2283.663194,1661.760597,365.327613,-330.0951144,480.0998131,-326.029605,-2.903880826,4.810581313,-0.531953713,-8.373346658,8.629910708,-0.824362706,-9.588069147,6.310097102,2.599787875,-7.15725282,6.034955442,1.261200769,4.352104598,-3.685663382,-9.686187782,-84.99520243,22.87691538,-4.860187382,-53.44204706,85.13512025,2.706693412,-66.61767063,-51.18452362,-128.1367838,-163.7389821,-82.55771043,-169.962613,204.5188493,-0.658012266,46.77963568,-0.489755363,-0.243735827,-0.271991665,0.424376559,-0.224818271,0.247601512,1.614515118,0.83277552,0.895698075,1.335584399,1.048600334,1.012234091,1.282500439,0.937826463,1.014611688,0.928240603,1.032554118,1.057631102,0.953577091,1.16012652,0.5783422,0.97199176,1.197991298,0.969393647,1.13008158,1.240440597,0.942651296,1.00059221,1.044813947,1.43424455,1.410286362,1.058528049,1.119445009,0.975072415,1.033332283,1.098105684,0.558176658,1.019114904,1.168204077,0.989786469,1.180201177,1.233784967,0.95052347,7.178571429,0.142759739,-20.82853666,4113.397139,0.17263895,-18.79511561,-20.81266806,-18.17069137,28.02376864,19.04659624,0.131737899,-21.6882681,1.0,3.926611353,11.29091822,0.0,3.901940835,3.813250811,3.795954948,3.756813377,3.753552815,3.700874694,3.699022827,3.653361882,1.901938255,1.891257023,1.842802092,1.831134287,1.793685039,3.674004874,3.65148562,3.611641149,3.588272584,3.561864915,4.989004467,4.928363775,4.923217653,4.920304692,4.915992169,4.911949283,16.0,16.0,4.0,8.0,24.0,2.0,0.0,0.0,0.0,0.240562612,0.574914957,8.673085074,0.0,1.925656292,0.0,3.882796149,0.0,0.382261044,16.82506487,5.835356108,-4.54971,32.4041613,709.7827129,0.092091683,-25.51918592,4051.865315,6299.0,21.0,0.0,37.0,14.0,42.0,11.0,25.0,51.0,15.0,26.0,47.0,13.0,5.0,3.0,13.0,0.0,0.0,34.0,18.0,16.0,7.0,11.0,16.0,0.0,0.0,1.0,0.0,0.0,0.0,14.0,0.0,0.0,0.0,0.0,0.0,0.0,12.69445802,32.58774535,52.95780019,-4.367718548,-22.57704642,-12.11114834,0.0,0.0,0.0,0.0,0.247592431,2.121312208,-1.398695749,4.279832577,0.602209756,0.618936971,0.830969303,0.655495985,0.620320287,0.799299758,0.69173368,0.634424335,0.247592431,0.398008711,0.282399684,0.398015206,0.789206902,1.140190868,-0.91547051,0.0,-1.769724128,0.0,2.121312208,4.012609035,0.0,0.0,9.549280523,11.76656844,0.0,0.0,0.0,0.0,0.603673343,15.15523148,1.743123875,7.10316371,5.22627368,5.7646461,7.925726667,7.918330738,7.946344762,8.3660895,7.73075822,8.284716257,0.441487076,1.147477135,0.702495781,0.229212473,0.0,15.15523148,0.0,1.147477135,-0.367605475,-1.769724128,1.537433418,107.0,1.0,0.0,1.7482,1.63466,0.478873239,1.651860518,3.819243551,5.247060018,6.222759393,16.09972378,34.6162911,170.7371068,69.28491918,9.0,5.0,5.31,1.355866442,11.63160788,0.0,0.0,0.0,0.0,0.0,0.0,0.0,2.814891632,0.0,9.061171455,0.0,0.0,3.687,10.842,13.85,7.437,2.153268219,5.0,0.0,2.0,3.0,0.0,1.0,0.0,0.0,1.0,0.0,0.0,0.0,0.0,2.0,0.0,0.0,3.0,0.140892036,-20.96944682,3169.562449,3.044522438,-4.534
0.0,-0.7774026076427705,0.27657081,-1.5773173622845322,43.959481,12.0,1.0,2.0,0.0,0.0,0.0,0.0,0.0,0.0,3177.895196,144.9722222,85.88905935,92.49141728,44.15070168,40.27961869,17.00560214,227.1434247,156.5299036,146.3919749,115.7520576,82.93501211,7.548857514,7.549161714,7.439272241,7.386130598,7.472579111,7.437298493,7.570873714,1.553138578,1.154502978,0.959672088,0.734246093,158.9526155,143.6791704,149.646255,150.5221195,153.5882951,159.5187201,160.0146135,165.3644815,173.1694703,3.918168168,3.036805556,2.687793427,2.920351474,2.418803419,2.666666667,2.599033816,2.686507937,-0.114847016,0.174189843,-0.115972204,-0.009226079,0.048761734,0.08295007,-0.111048763,38.23300932,171.5021985,-90.16313757,-391.9698264,52.16395166,-437.5097121,-97.61155511,-154.0431249,178.6012719,499.4424517,-249.9288525,-940.0255005,-122.9373575,-897.5451885,-321.8061277,122.6196063,-0.253442142,-0.253713966,0.631863299,-0.185912687,-0.106858121,0.007108505,0.141326957,-0.773455714,1.058073955,-1.090404921,-4.825629233,-4.201973267,-1.729171185,1.385388357,1.48767831,20.03448762,-1.994515206,-34.86468039,-10.96466407,-20.59582756,-8.167124278,8.013735386,-5.950470741,20.88272056,-2.835118903,-8.547906014,-5.451667884,-15.78256635,0.955825233,52.00989949,-9.972724316,-0.148761769,-0.02444068,0.000725,-0.079009679,-0.375775389,1.342895748,0.943583048,0.667276385,0.803268457,0.819497398,0.984239422,1.099885802,1.902440756,1.030090249,0.963818477,1.142160398,1.095510002,1.269987377,0.81918598,0.74876593,0.681433359,0.805997504,0.846764059,1.066017334,1.191032277,2.165533988,1.020913155,0.774927627,1.060029652,0.90978764,1.049907015,1.019480822,1.10031525,0.975625041,0.713457846,0.517388283,0.574064191,0.816920749,0.817827231,1.170434017,1.349453669,2.291676954,0.642857143,0.135908448,-3.991547593,265.9330631,0.226282024,-2.971946331,-3.97938432,-3.22697063,5.991407791,1.287745098,0.335006258,-2.187212131,1.0,5.257871868,11.3082534,0.0,4.0771479,3.695493217,3.370285388,3.104926663,2.874768798,2.722886334,2.566188855,2.390811121,1.430218389,1.337354126,1.101810791,0.923881243,0.833446951,3.088573061,2.839067483,2.721405021,2.545082368,2.344553496,4.402250151,4.044013531,3.956862414,3.530477141,3.41526064,3.014932466,0.0,7.0,5.0,1.0,3.0,0.0,0.0,0.0,0.0,0.0,0.224513414,1.491575693,0.0,0.543651713,0.0,0.805274413,0.0,0.209634507,4.189489444,1.9669593,2.5572,26.79842926,267.9842926,0.003408428,-11.36300825,441.3748125,278.0,2.0,0.0,12.0,0.0,2.0,0.0,0.0,1.0,1.0,0.0,0.0,0.0,2.0,0.0,0.0,0.0,5.0,4.0,0.0,5.0,1.0,3.0,1.0,0.0,0.0,0.0,0.0,1.0,0.0,0.0,0.0,0.0,0.0,0.0,0.0,0.0,15.5008168,0.0,1.221892608,3.00921627,0.380919312,0.0,5.686098592,0.0,0.0,0.0,0.428595522,2.387577475,-0.037993433,0.0,4.199720783,0.0,0.0,1.023305013,1.221892608,0.0,0.0,0.0,0.428595522,0.0,0.0,0.476942122,0.0,2.162350561,0.892546296,1.589124858,0.380919312,-0.037993433,0.0,0.0,0.0,2.387577475,9.798797635,0.0,0.0,0.0,0.0,0.0,0.511770873,10.26032195,2.184197846,0.0,5.250933918,0.0,0.0,1.023305013,1.221892608,0.0,0.0,0.0,0.0,0.618463719,0.547417446,1.069959373,0.380919312,0.0,0.0,0.618463719,-0.108682681,-0.037993433,6.618288854,25.75,1.2875,1.0,0.7919,0.85573,0.294117647,1.399352376,3.285306085,4.334736393,4.810672622,12.31668148,28.21677147,39.85538524,21.31970187,14.0,0.0,3.0,0.0,1.947732718,8.344246029,22.08221839,12.94860915,0.0,0.333333333,0.0,0.0,0.0,0.0,0.0,0.0,0.0,0.838,1.185,2.152,2.346,8.146884453,4.0,0.0,0.0,4.0,0.0,8.0,0.0,0.0,0.0,4.0,0.0,1.0,3.0,1.0,0.0,1.0,0.0,0.058730357,-5.669597055,303.4256294,0.0,3.149
1.0,0.9166616495471416,5.13203716,-0.1926267867984809,84.658376,12.0,1.0,5.0,1.0,3.0,2.0,0.0,0.0,5.0,10172.01206,547.414228,141.2779453,117.5666858,78.33498712,82.20685516,68.3194995,226.5871153,194.8063502,195.9303723,180.0096648,160.3487779,8.110841819,7.883095879,7.825844383,7.888997945,7.970382732,7.826348481,8.417766883,1.605394166,1.416963845,1.315990568,1.1569531,166.1168593,144.6285462,154.3653788,155.3759075,164.1911139,159.4877099,159.8734762,161.0972966,173.4404498,7.602975389,2.959608914,4.633158588,3.154908135,3.42438774,4.869016178,3.743770502,4.588123622,0.301515116,-0.123324445,0.012885827,-0.366784935,0.268119437,0.517912263,-0.798993529,367.9142291,1140.593944,-3674.855763,121.2758464,699.3794634,661.8715306,2287.528215,-5883.12903,119.2672779,684.8021737,-2591.398242,1339.025626,623.5351399,-743.5858075,683.2365388,-1192.424958,0.069121264,6.466832582,-4.001324378,-2.309335894,-0.890609715,9.221238307,-1.301627461,-21.39357186,0.185682414,-15.24217341,9.852838627,-2.144619588,-8.717239616,6.646388065,-3.544263114,72.70197276,-46.96312419,67.55292295,-8.808355743,-1.925190277,-199.6499907,85.57098878,-27.37137319,-57.52761689,-92.93030259,274.3297503,20.9121824,-450.5382686,4.971813907,51.3813231,-2.495254388,-0.369883421,-0.356054799,-0.28670199,0.060615021,-1.290940598,1.609143271,0.680298815,0.949544745,0.974232978,1.114135778,0.91056493,0.971934754,1.294631545,0.773933155,0.727832707,0.757095792,0.80630311,1.372758802,0.900768115,0.402809442,0.871713246,0.870338394,0.859550595,0.68248242,0.918184965,2.046937015,0.91944529,0.940365375,1.060571967,0.828632862,1.048376732,0.952289495,1.040487497,1.280554726,1.326113887,0.394044904,0.828332174,0.970154297,0.967666778,0.678344973,0.903407895,2.035802804,4.31197479,0.082751055,-9.967674051,484.7854725,0.20385321,-6.361420409,-8.143799589,-5.215955327,18.6351155,0.603325786,1.400963231,1.348640088,0.0,3.883561523,13.92945819,0.0,4.724799519,4.01143037,3.95034323,3.792506035,3.57002875,3.443095724,3.290557296,3.242603166,1.823783395,1.702797002,1.450153575,1.308315335,1.249629723,3.651087821,3.408078353,3.202164088,3.06217974,2.954084872,5.495938076,5.148725159,4.927657486,4.820759965,4.691099476,4.691099476,2.0,10.0,2.0,6.0,5.0,2.0,1.0,0.0,0.0,0.0,0.205950377,6.580923023,0.924667653,2.446801772,1.21721681,3.701477637,0.48614698,0.934848064,10.51556045,5.469586745,7.8056,17.90411314,358.0822628,0.437431514,-3.307340502,464.2858827,734.0,1.0,0.0,14.0,1.0,0.0,0.0,2.0,0.0,0.0,0.0,6.0,0.0,1.0,0.0,0.0,0.0,8.0,11.0,1.0,8.0,4.0,4.0,3.0,0.0,3.0,0.0,0.0,1.0,0.0,4.0,0.0,0.0,0.0,0.0,0.0,1.0,16.61332998,0.0,0.0,-2.693987683,-3.088614873,-1.984029949,3.57166454,-7.472910385,0.0,1.06764749,0.472260315,0.513448021,-1.239049003,5.639705898,0.0,0.0,0.529016183,0.0,0.0,0.0,0.242481124,0.0,0.472260315,0.0,0.0,0.47578449,0.816883149,1.480764217,-1.488374113,1.805116961,-1.674118901,0.614470794,0.0,0.0,0.0,1.120179201,9.739350751,11.94194328,0.0,14.11807213,-5.982890009,0.513448021,0.472260315,14.2731064,1.970676517,5.639705898,0.0,0.0,6.740621728,0.0,0.0,0.0,6.667405197,0.0,0.0,1.003727701,0.458022841,0.111314952,0.0,14.2731064,0.55419947,1.342423643,-0.253982535,-5.982890009,9.73826465,43.25,1.08125,1.0,1.38692,1.18192,0.5,1.823112977,3.714413717,4.686675175,5.127443751,23.74795547,41.98677424,65.07006965,43.39745313,6.0,4.0,3.22,1.5,6.975444205,14.91628265,30.05689541,10.34298486,0.564621617,1.830934239,0.0,0.0,0.0,0.0,0.0,0.0,0.0,0.591,1.938,3.373,2.19,3.105668168,3.0,0.0,0.0,3.0,0.0,0.0,0.0,0.0,0.0,0.0,0.0,0.0,0.0,1.0,0.0,1.0,1.0,0.036781835,-13.21100472,790.2878969,0.0,7.348
0.0,0.653991563740602,3.35842276,0.575229307415127,63.224895,0.0,3.0,2.0,0.0,7.0,1.0,0.0,0.0,8.0,8361.381782,611.0122409,160.7958035,129.3591291,100.4546574,118.2673504,96.3963526,260.3204785,220.2324023,226.8831788,236.3689236,207.4102543,8.906409788,8.645407276,8.478728416,8.490915956,8.829133799,8.909104939,8.535806597,1.643141242,1.375374909,1.443619696,1.335720272,175.2786391,150.0179954,159.5984483,164.892058,166.4803978,167.8148289,173.0177363,171.0750344,169.8452476,11.7502354,4.334970071,6.266568308,6.329493047,5.672476398,8.354723629,8.860885085,5.300914409,-0.316210758,0.290506864,0.112660862,-0.412489712,-0.021214807,0.317495561,-0.020983839,-34.80087523,438.9842134,-337.8264466,111.3396162,-565.2145598,915.2149405,13.45906219,-626.4411424,80.02948802,185.6805125,-602.5737483,-357.7521286,-265.3413927,621.5421749,-739.0666393,-300.0358782,-0.808430718,2.247687034,4.041473244,2.33729536,-1.470506888,5.31807451,5.613179512,-5.599320486,0.189061883,-1.813813107,-1.238020496,2.573118913,-2.274451851,-0.154486982,-9.286202286,28.32147699,10.70903492,5.131539802,-18.43192194,49.64074098,69.55708868,-63.35187669,-21.8621096,47.60036966,39.60500708,143.0535285,174.3452485,-120.5228261,-0.632743186,41.42635323,4.471526438,-0.397492902,0.316840057,-0.253057875,1.320797337,-0.899424075,1.421657923,1.063290355,0.816828639,0.984891359,1.122659024,0.996742625,0.872825958,0.985294595,0.745735499,0.984570391,0.706716333,0.802765723,1.050160339,0.83002914,0.648268689,0.707462631,0.697427271,0.935277261,0.902260744,0.863133653,1.128488185,1.039385168,0.972336235,0.878848148,0.831383541,0.896400169,0.956632109,1.008203325,0.983517349,1.029590277,0.554511417,0.736996374,0.70013416,0.958979751,0.923466922,0.827748007,1.103778524,3.908963585,0.126284042,-7.65611996,342.9207467,0.346775795,-3.918584272,-7.85619543,-1.15178416,10.12664295,7.159477051,0.076270723,-9.521824639,0.0,3.015546692,12.14911971,0.0,3.99006034,3.932646394,3.867819361,3.551366134,3.453583944,3.328835872,3.071429268,3.054633668,1.56756187,1.45649513,1.348736241,1.236015487,1.00658613,3.383855509,3.257297329,3.012525604,2.92713287,2.814471864,5.417006038,5.144284015,5.024371236,4.887454218,4.832068763,4.598802395,3.0,13.0,4.0,3.0,1.0,0.0,0.0,0.0,0.0,0.0,0.243967308,4.036063514,0.353553391,0.951600951,0.0,1.230562753,0.019090089,0.185340488,7.604296944,2.11942357,7.18851,20.90213403,386.6894795,0.515974754,-2.448280535,1053.252663,854.0,2.0,0.0,20.0,0.0,0.0,4.0,3.0,3.0,2.0,1.0,4.0,0.0,1.0,0.0,1.0,0.0,0.0,1.0,2.0,7.0,1.0,1.0,1.0,0.0,1.0,2.0,0.0,0.0,0.0,0.0,1.0,0.0,0.0,0.0,0.0,0.0,0.40896766,18.7250298,10.57629037,-2.172359887,-1.777407289,-10.14041931,0.0,-5.017379918,0.0,0.453910207,0.357502536,0.453910207,-2.162955667,0.0,0.0,0.968685825,0.19431406,1.722407648,5.288145187,1.43840371,0.16227405,0.0,0.357502536,0.0,0.428089206,1.30422178,0.629402424,1.640413206,-2.172359887,0.0,-1.777407289,0.0,2.709591478,4.044887955,0.0,0.0,10.92295303,0.0,4.023478338,12.51011658,0.0,0.453910207,0.428089206,15.27759343,1.749442699,0.0,0.0,6.540172844,6.332256827,5.461778398,5.288145187,1.43840371,5.355445874,0.0,0.428089206,1.30422178,0.682902654,0.0,0.0,0.0,0.453910207,1.488709351,0.053442618,-5.017379918,15.58060451,40.75,1.10135,0.0,1.06722,1.20928,0.166666667,1.949500662,4.233503662,4.986604805,5.363713276,24.14829291,47.78889775,58.27418753,36.93689825,11.0,2.0,2.67,0.0,1.255269423,5.476116345,23.19153621,26.45477793,0.0,0.0,0.125,0.0,0.0,0.0,0.727928251,0.0,0.0,0.265,1.493,2.781,2.532,5.625738674,4.0,0.0,0.0,4.0,0.0,1.0,0.0,0.0,0.0,1.0,0.0,0.0,0.0,2.0,0.0,2.0,0.0,0.171356685,-6.526829669,429.5995154,0.0,3.366
1.0,1.7616606339936411,13.37876929,0.93863581950176,76.586825,0.0,2.0,3.0,0.0,3.0,2.0,0.0,0.0,5.0,8821.316061,454.2744818,140.0208899,110.6049122,79.53406755,77.77232339,70.4908332,243.0228805,210.7896987,202.3096707,188.533361,167.4572683,8.122312984,7.831688671,7.820665317,7.897166143,7.865087558,7.884831423,8.162009058,1.650629867,1.428934085,1.34245052,1.216642466,165.0634601,144.989177,153.4502015,156.818971,160.8888494,157.7005877,158.8691932,162.1300662,169.5870122,7.21070606,3.327854159,4.763303533,2.966098667,3.923142843,3.989642576,3.791032059,4.19371757,0.261776046,-0.099491911,-0.335107014,0.245190745,0.138188442,0.008519454,-0.268270327,14.06388871,483.3118558,-1641.586614,-113.1130757,-4.339472109,75.18401153,856.4081652,-2707.541236,82.88039313,-162.8374359,-1223.590549,510.8882968,-74.47918186,-632.2926306,-16.00816114,-1108.951686,-0.299383761,5.373705257,-2.654937159,-0.985959399,1.851654083,1.463399385,-3.920993974,-8.89721955,0.329489754,-4.041572226,2.868960445,-5.828036519,-1.8970061,-2.39776871,-5.979348331,55.70953953,-6.990738729,41.36704929,8.587207947,-61.17062339,-110.8058552,-15.10324084,-13.89348462,-52.95465873,-30.28772026,49.60534788,-67.6823748,-173.0795421,0.213089223,49.78974261,-2.368137193,-0.210507343,-0.149939209,0.180716825,-0.23258548,-0.62709979,1.583479151,0.699943863,0.917276032,1.077344823,0.957327988,0.862581319,0.991956597,1.070150822,0.770987019,0.689965582,0.777479916,0.799368171,1.345273224,0.948460283,0.401850646,0.819544131,0.763617627,0.725240976,0.822852404,1.047091342,1.571138592,0.890039547,1.076207951,0.977461645,0.836125732,0.894105504,0.848136724,1.083724596,1.173376096,1.232345386,0.361614096,0.776550111,0.794560182,0.78982054,0.852221617,1.06103027,1.546970962,3.329831933,0.002737687,-22.42243917,484.4885409,0.22135619,-5.730332188,-13.86711132,-3.27667545,12.06331355,3.764820102,0.07829951,-9.679412961,0.0,3.765780273,13.69388867,0.0,3.995880784,3.929367881,3.834344934,3.70627892,3.52358665,3.445608747,3.288426689,3.237788966,1.814110187,1.597572259,1.449120513,1.30861075,1.134365581,3.622028544,3.35110198,3.204450393,2.961615229,2.9027767,5.419707738,4.865254584,4.756907766,4.602739726,4.602739726,3.925646534,3.0,14.0,2.0,2.0,5.0,1.0,1.0,0.0,0.0,0.0,0.308012449,4.509899005,0.497890958,0.693988348,0.083333333,2.020426587,0.144090089,0.264506349,6.760192499,3.355852109,7.398,18.87470584,358.6194109,0.131182057,-7.718442865,498.9988828,711.0,1.0,0.0,19.0,1.0,0.0,0.0,2.0,0.0,0.0,0.0,4.0,0.0,1.0,0.0,0.0,0.0,0.0,7.0,4.0,12.0,1.0,3.0,3.0,0.0,2.0,1.0,0.0,1.0,0.0,2.0,0.0,0.0,0.0,0.0,0.0,0.0,23.97754972,0.0,0.0,-1.558109712,-2.546304415,2.267334722,0.0,-5.979525198,0.0,1.178810694,0.48933408,0.569029622,-1.164490615,5.836721496,0.0,0.0,0.638294867,0.0,0.0,0.0,0.278445587,0.0,0.48933408,0.0,0.0,0.616755756,0.781191618,1.566055104,-1.287610224,0.0,-1.414059744,0.0,0.0,4.238584761,0.0,1.304415312,9.739477476,11.92788676,0.0,14.08256739,0.0,0.569029622,0.48933408,14.26148204,2.039661345,5.836721496,0.0,0.0,6.978629198,0.0,0.0,0.0,6.891080162,0.0,0.0,1.071720246,0.633461702,0.206559937,0.0,14.26148204,0.609781071,1.356413179,-0.212976286,-4.584361628,9.287359956,40.25,1.05921,0.0,1.25178,1.11285,0.321428571,1.783436788,3.741601585,4.722148212,5.409431709,21.83000793,40.32189877,68.38921298,37.28446286,6.0,3.0,3.44,0.0,2.797354969,20.7923363,36.58541611,12.63393923,0.2,0.814325285,0.0,0.0,0.0,0.0,0.0,0.333333333,0.0,0.591,1.577,2.668,2.43,3.072212594,4.0,0.0,0.0,4.0,0.0,0.0,0.0,0.0,0.0,0.0,0.0,0.0,0.0,2.0,0.0,2.0,0.0,0.013520191,-16.35357008,467.1230006,0.0,3.712
2.0,-7.654406480773689,140.5908204,3.389413645129053,213.798542,21.0,14.0,20.0,0.0,0.0,0.0,0.0,0.0,0.0,17771.57495,1292.222222,90.67130077,90.44828107,65.62831813,61.43813222,60.37247883,201.3022207,170.3566607,167.8685366,164.9685045,167.8387515,7.929326163,7.868536941,7.922697166,8.020012708,7.966431527,7.966400112,7.90206,1.332871903,1.18062385,1.159778743,1.195603503,166.6870515,151.1008849,156.1252055,163.5806194,166.5142895,164.8669852,165.3200858,165.201107,163.4148048,6.592970522,3.43125,3.420590082,3.455827887,4.597318673,3.882408847,3.90975136,4.167181751,0.463996492,1.745630922,-3.03937228,1.208321814,1.627079559,-2.537289417,0.88291667,-125.9896412,392.1411334,-1106.277667,-102.5991218,1021.101644,-562.0357051,-1237.222898,-306.5855115,491.3793185,-1322.556573,-1799.609907,1398.732233,-174.028027,-497.4478554,1003.485619,-1675.151166,-2.777471262,4.869597356,0.429662751,-8.24250591,7.696010194,-1.28171675,-9.904087751,5.498439302,2.371273271,-5.975486604,4.551563533,-1.440166934,7.596922758,-6.999256818,-10.77268782,-83.01956426,35.01745783,-11.17955137,-53.47416694,66.28936825,7.160636441,-65.34243747,-48.11348859,-102.6105269,-186.0865351,-76.66711498,-205.5001591,196.809116,-0.629948206,46.82420142,-0.773635856,-0.240567443,-0.324758351,0.441324643,-0.28741281,0.260674326,1.620633976,0.83409625,0.862100854,1.334033624,1.027210897,1.01536195,1.266466173,0.956640904,1.01516765,0.956964141,1.021035146,1.059339892,0.993260478,1.157771171,0.569338505,0.913283451,1.203930197,0.975957173,1.071559585,1.262482546,0.934635895,1.001843182,1.065524009,1.435618315,1.418619819,1.047083868,1.129839978,0.992896703,1.011517109,1.120907446,0.547942221,0.955613309,1.198839031,0.981333848,1.091301688,1.277044894,0.938446075,7.0,0.038877353,-33.12290238,2416.739953,0.030374546,-35.64033343,-33.14367452,-36.0387172,26.77108757,18.50886438,0.004969771,-54.10469191,1.0,3.91656113,11.40783603,0.0,4.042817845,3.829701134,3.812484963,3.79096277,3.745642604,3.71288848,3.689019321,3.669149943,1.91268853,1.872767061,1.837262068,1.806004288,1.799001498,3.688917362,3.646783451,3.612118557,3.581540057,3.570937912,5.020553842,5.018698205,4.95980222,4.951393031,4.944443909,4.94346521,15.0,15.0,4.0,9.0,23.0,2.0,0.0,0.0,0.0,0.214076175,0.608935648,8.215789921,0.0,1.940522109,0.0,3.706448693,0.0,0.39819257,16.56541185,5.792088209,-3.70671,32.38244698,709.7827129,0.029425938,-35.9639634,2370.928126,5879.0,19.0,0.0,34.0,13.0,39.0,11.0,21.0,44.0,18.0,22.0,40.0,16.0,6.0,2.0,10.0,1.0,14.0,34.0,14.0,14.0,6.0,13.0,15.0,2.0,0.0,0.0,0.0,1.0,0.0,14.0,0.0,0.0,0.0,0.0,0.0,0.0,8.980909099,32.66128196,64.22817993,-4.696037825,-20.98785038,-15.15623886,1.040113485,0.0,0.0,0.0,0.278714338,1.038464187,-1.420258974,3.996789888,0.362266114,0.371223973,0.886163552,0.289434859,0.969611676,0.882426488,0.300309465,0.956334448,0.357474025,0.479645688,0.278714338,0.466446934,0.879083666,1.194689882,-0.971270267,1.271003317,-1.877206703,-0.189587823,2.201357356,0.0,0.0,1.038464187,9.692468956,11.89334394,0.0,0.0,0.0,0.0,0.548339425,15.01849174,1.724968355,7.016858833,6.057695936,5.365331727,7.966701461,8.199063051,6.789995486,7.863239047,8.235231122,6.772998816,0.422720224,1.143113124,0.599955432,0.36100786,0.0,15.01849174,0.0,1.143113124,-0.347552746,-1.877206703,2.119556224,107.25,1.05147,0.5,1.66654,1.65159,0.5,1.64623864,3.766991337,5.247724836,6.193196439,16.05319071,34.24553006,165.9693869,66.5243343,9.0,5.0,5.2,1.159793329,10.9658964,0.0,0.0,0.0,0.0,0.0,0.0,0.0,1.837066102,0.093048421,5.969639362,0.789202248,0.0,3.108,10.556,12.738,7.015,2.762029474,5.0,0.0,2.0,3.0,0.0,1.0,0.0,0.0,1.0,0.0,0.0,0.0,0.0,2.0,0.0,0.0,3.0,0.050834858,-30.38756429,2380.532635,3.044522438,-1.747
1.0,0.7023621872128322,3.65689129,-0.4248729817045049,77.144411,12.0,2.0,5.0,1.0,3.0,2.0,0.0,0.0,5.0,9930.335428,539.101728,152.7743912,125.9828172,70.28969143,69.58029874,72.5970171,232.7941084,192.899486,187.2324679,168.3095465,155.5998248,8.2764366,8.00817946,7.779853381,7.864679245,7.733408875,7.779255948,8.029239422,1.633978699,1.407425574,1.280180106,1.194103823,167.1797324,146.2479122,156.0764687,159.4495005,161.2392124,159.515933,157.6658793,162.4356563,167.9641689,8.293872739,3.092688563,4.979389858,4.733488837,3.488365213,3.058758283,3.459615166,4.049884573,-0.041055096,0.365156311,-0.473956657,0.309237386,0.063030494,-0.313496454,0.348309983,355.8834058,1260.565902,-661.7636735,-268.0522678,-972.5526326,-874.1492404,1635.854659,-263.8960303,97.50480749,74.90496989,-920.2599395,424.0500234,-253.4194558,-1642.429838,-15.94648299,657.3690656,-0.053830046,7.36427429,6.329662303,-2.563020027,-0.28985536,1.232347957,-0.53734325,-1.034345178,-0.57694378,-2.781195688,2.610608904,-9.143401839,2.343862883,-1.833187808,-9.157829062,49.47159145,45.7048392,15.79677399,47.27609703,-5.249342896,-58.89356367,-36.08942844,-28.16933394,190.1379839,-37.72936671,-23.04496266,-16.06215706,12.41620942,5.311692624,49.91471838,-6.038344993,-0.42043782,-0.179663651,-0.053389886,-0.052149861,0.043262054,1.720643793,0.898931426,0.671272349,0.937474268,0.723751732,0.73012748,0.852902477,0.899726917,0.747140322,0.763532146,0.833333684,0.759347285,1.21622595,0.948502421,0.365901745,0.516732463,0.723188974,0.711110248,0.591374374,0.752479383,1.017917891,0.825990624,1.111691766,1.091801766,0.894913044,0.778360416,0.731328366,0.799527215,0.872816622,0.938842179,0.44030392,0.4577743,0.682855985,0.733852788,0.634540418,0.750172249,0.954601615,4.454831933,0.019664633,-14.92994745,1802.891901,0.490786806,-2.704632704,-5.410362393,-1.990822105,16.73784338,1.107084972,1.217567652,0.748049534,0.0,4.338274215,13.68527946,0.0,4.735271528,4.012149101,3.950374127,3.793576544,3.477848918,3.384056137,3.271856546,3.201432117,1.782918825,1.473676705,1.432088678,1.308325186,1.146714656,3.654778078,3.395693855,3.186933693,2.952513108,2.849567587,5.552411187,5.081695398,4.938143467,4.831695273,4.705882353,4.705882353,2.0,10.0,2.0,3.0,5.0,1.0,1.0,0.0,0.0,0.0,0.205950377,5.020262851,0.571114263,2.446801772,1.21721681,2.190241477,0.167021765,0.327246374,10.11279085,3.703433351,6.4891,18.29034889,347.5166289,0.253648372,-5.21286406,461.0893189,746.0,2.0,0.0,14.0,3.0,4.0,0.0,3.0,0.0,0.0,3.0,3.0,2.0,1.0,0.0,1.0,0.0,8.0,9.0,1.0,8.0,2.0,4.0,3.0,0.0,2.0,0.0,0.0,1.0,0.0,4.0,0.0,0.0,0.0,0.0,0.0,1.0,17.91115573,0.0,0.0,-0.628322003,-1.859659938,-1.654479315,3.972552564,-6.677051301,0.0,1.17659926,0.433053469,0.567923906,-1.15660506,5.180126347,0.636612194,0.0,0.720884949,0.0,0.0,0.872412026,0.245941417,5.865855459,0.490379749,0.0,0.433053469,0.487842091,0.79534797,1.578821505,-0.588502714,1.903174249,-0.908573633,0.778434547,1.779053944,0.0,0.0,1.470054485,9.674374521,11.84780038,0.0,13.15120304,-7.40431257,0.567923906,0.490379749,14.09038333,2.040808791,5.809921371,5.695174101,0.0,6.909638633,0.0,0.0,5.130731055,0.278498382,5.865855459,0.433053469,0.858716468,0.448518912,0.23343474,0.0,14.09038333,0.608675354,1.730136723,-0.204348522,-7.40431257,10.13486491,41.75,1.09868,1.0,1.23615,1.17947,0.44,1.947861732,3.926340801,4.875762813,5.306532044,25.86696622,44.23691551,61.28985513,40.74635698,6.0,4.0,2.78,0.166666667,4.654936833,14.91628265,30.05689541,10.34298486,0.142857143,1.702081659,0.0,0.0,0.0,0.0,0.0,0.333333333,0.0,0.792,1.441,2.781,2.1,3.214424375,3.0,0.0,0.0,3.0,0.0,0.0,0.0,0.0,0.0,0.0,0.0,0.0,0.0,1.0,0.0,1.0,1.0,0.248746238,-5.287023706,501.7050102,0.0,5.691
0.0,-3.837072133024214,30.99482929,-0.0548943830860959,111.675685,18.0,5.0,5.0,0.0,0.0,0.0,0.0,0.0,0.0,8221.372091,435.2638889,85.63929261,91.48930783,56.47947728,51.72931981,33.46694252,219.3904815,178.4009465,171.0284887,155.2440975,135.8780875,7.596445792,7.554156707,7.611725362,7.622126155,7.598231305,7.487941983,7.336078756,1.496026049,1.280700427,1.207522254,1.109868895,161.4929134,145.251555,150.4894773,157.1176481,158.1725804,159.3603343,159.5410975,160.4170251,162.8826971,4.533998843,2.833265912,2.704427083,2.618865332,2.993075454,2.981481481,2.720243748,2.217987805,0.21179594,0.032744617,-0.165715146,-0.034102583,0.211531887,-0.093554481,-0.12459018,173.2633054,100.0282694,457.6707915,8.93315141,-368.664056,-1381.999336,-1823.551316,-957.0603418,324.6158994,-428.3804559,492.6455776,-224.1324583,-346.358745,-1673.570955,-2486.094008,-1142.337149,-0.26895091,1.933197875,0.342642043,-0.30940875,-0.954040574,-1.295375668,-1.700576566,-1.264959469,1.260274907,1.289736441,-2.068286205,-5.545061679,-9.486608599,-4.000220652,-1.353563459,-15.93424697,12.01210353,-21.19104157,-8.911374184,-17.64634284,-46.61275335,-17.07957284,-0.407323013,-10.73096306,-0.48746142,-19.54864728,-21.16446036,-28.84095293,1.682168013,50.87980508,-4.687873823,-0.003954592,-0.001523317,-0.00282923,-0.060297608,-0.087929735,1.538571233,0.853456657,1.023012888,1.199543083,1.179360153,1.052767754,0.914556148,0.722124784,0.978723654,1.024449421,1.106681243,1.140214627,1.073408122,1.051587872,0.504525137,0.859306304,1.041798176,1.142040584,1.143352658,1.026494064,0.820088153,0.998527718,1.041475401,1.211639638,1.191482709,1.015076206,1.039523731,1.041556384,1.061654923,0.961240518,0.483316611,0.846925459,1.000356755,1.095203977,1.128554872,0.993316645,0.782574823,1.964285714,0.412295991,-4.518670188,672.0917447,0.46266758,-3.930806903,-4.514968537,-3.695545777,18.78419354,4.448412698,0.337450885,-5.540310056,1.0,4.377703505,15.23326389,0.0,4.037188,3.960614022,3.769813686,3.709396065,3.654571376,3.520788974,3.397409282,3.310517587,1.896141282,1.865361866,1.820431286,1.629425679,1.519109167,3.643880029,3.620526226,3.47810639,3.376693868,3.223393571,4.963536912,4.916753827,4.910054728,4.902323604,4.843014911,3.988652273,5.0,13.0,5.0,2.0,13.0,2.0,1.0,0.0,0.0,0.205534367,1.091698259,3.449145623,0.13650087,1.430907395,0.230257185,1.844900211,0.098584392,0.644877952,9.842845444,4.970511897,5.11968,31.61383086,709.7827129,0.294492916,-6.234751688,701.4263367,2057.0,4.0,0.0,23.0,4.0,4.0,3.0,1.0,4.0,0.0,0.0,1.0,1.0,0.0,0.0,4.0,0.0,12.0,15.0,3.0,12.0,0.0,13.0,3.0,0.0,2.0,0.0,0.0,1.0,0.0,5.0,0.0,0.0,0.0,0.0,0.0,0.0,28.40931994,0.990247151,0.0,9.629279578,-1.571470855,-0.946970669,5.51008297,-1.436450206,0.0,0.0,-0.004726923,1.597830832,-0.403425931,2.916128127,-0.067311283,-0.068110655,6.772354551,0.659257349,0.0,0.0,0.327211115,2.709407239,0.0,0.0,-0.004726923,0.365725496,0.656201001,0.0,0.230834449,1.81718662,-0.629097376,0.632939045,2.368656109,0.0,0.0,1.597830832,0.0,11.65234311,0.0,0.0,0.0,0.0,0.511873505,14.4090895,2.075316404,6.39758316,0.817887268,1.073575058,6.772354551,3.975141215,0.0,0.0,0.327211115,2.709407239,0.511873505,0.851967191,0.504269969,1.120864227,0.0,14.4090895,0.0,0.851967191,-0.236155435,-0.904275746,11.98706289,58.5,1.14706,0.0,1.25002,1.08545,0.43902439,1.480667683,3.490592559,4.693421094,5.678508855,13.467428,31.46282569,91.88748245,34.65357188,9.0,5.0,4.87,0.0,0.0,0.0,51.13094449,15.17288805,1.0,0.974062663,0.0,0.0,0.0,0.0,0.764724491,0.479072149,0.0,1.174,3.312,4.578,4.55,3.168085293,8.0,0.0,3.0,5.0,0.0,2.0,0.0,0.0,2.0,0.0,0.0,0.0,0.0,4.0,0.0,1.0,1.0,0.420510747,-4.418054731,679.8754079,3.433987204,7.595
1.0,-0.1498590107759453,0.25816561,-0.5522775116214013,75.571204,12.0,1.0,5.0,0.0,3.0,2.0,0.0,0.0,5.0,8851.575964,509.309204,136.1780918,106.0240128,69.3100697,65.5652965,66.49043539,226.8634813,194.3528917,184.895981,165.753844,152.8492073,8.204336523,7.98697261,7.852746264,7.866540655,7.788401815,7.794177177,8.001935986,1.535725051,1.348671366,1.222981211,1.12284634,167.0742268,146.5456429,154.7997041,158.3565405,164.1635151,158.8265553,158.4998756,163.3171565,166.4265839,7.835526216,3.367840581,4.891679527,4.322769175,3.598225856,3.439570427,3.725637469,3.836543493,0.076756208,0.271027133,-0.31368859,0.179213237,-0.018012943,0.081664936,-0.182937872,-55.49022941,860.2262792,-819.0384599,-648.7946482,-652.4639595,-1048.051334,1679.151866,-83.34923212,169.4654446,140.8296885,-1132.298659,743.6707815,-244.7715903,-1620.343104,199.3061363,-634.3865832,-0.731402075,6.235933146,3.910741693,-3.775561418,0.468967849,-0.745378467,0.954804077,-5.335219705,1.168481799,-3.188191295,5.991378295,-7.621073651,-0.055377757,-8.903601425,0.040182562,58.8048198,-5.988565472,59.7235464,58.94037976,-39.56241367,-40.02140162,-158.04132,-25.33081265,117.9657858,-80.55730518,-28.26527146,16.36726493,-89.84345466,-0.828212379,49.71100864,-5.766345566,-0.378071831,-0.366169569,-0.028791182,0.051795142,-0.308740394,1.665492821,0.820052583,0.86218468,0.890287313,0.817169077,0.815180095,0.771863604,1.152067034,0.819362017,0.734531548,0.822740022,0.753869307,1.12659554,0.952849609,0.40896009,0.629965,0.898385894,0.70828594,0.7436626,0.810661056,1.123575115,0.880592324,1.107895844,1.007901232,0.859272918,0.908370745,0.71779925,0.929877658,0.962131255,1.061581141,0.401322138,0.569780731,0.917178663,0.774711498,0.77401339,0.840748482,1.053724573,3.68697479,0.22101835,-5.58518534,918.8310142,0.396244082,-3.425182087,-5.918003335,-1.814550898,11.87316655,4.921794137,0.316103312,-4.26123887,0.0,3.602190918,13.56402876,0.0,4.012835777,3.950417425,3.805745052,3.67225583,3.458206977,3.345522549,3.267757185,3.190581335,1.796187103,1.527115862,1.457502897,1.308451809,1.172671508,3.527571615,3.257780794,3.165126959,2.952512977,2.840432871,5.556714903,4.972541902,4.867057162,4.754285714,4.754285714,4.44014548,2.0,10.0,2.0,3.0,7.0,1.0,1.0,0.0,0.0,0.0,0.205950377,5.020262851,0.571114263,2.446801772,1.21721681,2.218147876,0.17385407,0.341043273,9.986521344,3.746600025,5.6024,17.78860814,329.0892506,0.331089529,-4.089855899,600.6184131,677.0,3.0,0.0,14.0,3.0,6.0,2.0,2.0,2.0,0.0,0.0,7.0,7.0,3.0,0.0,0.0,0.0,8.0,9.0,1.0,8.0,2.0,4.0,3.0,0.0,3.0,0.0,0.0,1.0,0.0,2.0,0.0,0.0,0.0,0.0,0.0,0.0,17.39805743,1.05275627,0.0,-1.43480023,-2.321925635,-1.782007675,3.825231131,-10.72763376,0.0,1.147153153,0.40015554,0.553200852,-1.185976086,3.988261122,5.400900355,0.526378135,0.649854399,5.621122411,0.0,0.0,0.273293874,0.221366386,0.40015554,0.0,0.0,0.504189539,0.801872284,1.536839425,-1.145758373,1.861192169,-1.205332892,0.715238725,0.0,0.0,0.0,1.315433831,9.649899977,11.8224925,0.0,13.49700258,0.0,0.553200852,0.494022872,14.04734372,2.011403755,5.840581697,5.400900355,0.526378135,6.939709082,5.621122411,0.0,0.0,4.923815904,6.667827972,0.0,0.930348072,0.454730726,0.19082766,0.0,14.04734372,0.593952301,1.463587754,-0.198892173,-5.323588298,8.54836111,38.75,1.0473,1.0,1.30467,1.12014,0.461538462,1.788800144,3.810805801,4.760227813,5.244993582,22.01791711,40.60011441,61.42001685,40.13028413,6.0,6.0,3.11,0.166666667,4.654936833,14.91628265,30.05689541,10.34298486,0.965489385,1.830934239,0.0,0.0,0.0,0.0,0.0,0.0,0.0,1.787,1.87,2.634,2.137,3.153823628,3.0,0.0,0.0,3.0,0.0,0.0,0.0,0.0,0.0,0.0,0.0,0.0,0.0,1.0,0.0,1.0,1.0,0.092611433,-8.803567929,547.4752479,0.0,6.014
1.0,1.5329774354448793,10.76430481,0.8969281807640347,79.273204,0.0,1.0,6.0,1.0,3.0,2.0,0.0,0.0,5.0,10135.38757,549.6295058,151.2744413,124.6817683,88.01024948,92.36468284,76.41711534,232.2282731,199.8115174,204.9664581,189.359432,167.7990572,8.289215507,8.094544723,8.010193735,8.030388336,8.217260619,8.056485675,8.402064196,1.62500496,1.421802913,1.34463004,1.192371011,166.4568035,145.1641422,155.4517359,157.8310346,163.9409411,160.5632418,161.0980508,161.6227,171.3368328,8.20342546,3.10966109,5.040209877,3.494536281,3.608809156,5.534322131,4.35253179,4.640108859,0.137090857,-0.097429642,0.253893631,-0.328748136,-0.246796401,0.647215197,-0.458100674,341.9478636,813.6328101,-3529.160907,-107.2231577,1397.271802,420.52068,1376.133393,-3263.706419,71.30362961,297.4754555,-1867.634648,843.7862865,1074.656995,-311.2924928,-157.1884838,-634.7827163,-0.084957687,5.432680497,-4.474780452,-1.501431441,-0.283890979,6.479118097,1.298816483,-16.65566409,-0.295365356,-11.19983181,7.197915569,-0.474890664,-5.628968122,3.012147666,-7.200433039,58.11858177,-24.37714219,47.51196514,-16.59414405,4.676522173,-125.3353358,13.04014334,-28.5792976,-63.30064944,-82.25271892,235.2596562,3.294715137,-347.045267,4.95576614,50.06676021,-1.23528767,-0.414192719,-0.375583191,-0.223344566,0.011400398,-1.172450227,1.561948759,0.888183303,1.033322365,0.934340798,1.149975221,1.130808796,0.930557979,1.100165511,0.807418692,0.697333126,0.747232768,0.801581689,1.220848153,0.922383526,0.522964532,0.971431531,0.89377377,0.859548795,0.814618372,0.931103579,1.7211574,0.936920836,0.975417906,1.069258163,0.855731987,0.982912269,0.982732361,1.066268095,1.252938074,1.318678781,0.428555376,0.87906608,0.981263817,0.904074146,0.768639503,0.991705364,1.784647508,4.56197479,0.094841817,-9.186624972,486.4840346,0.12797997,-8.017937901,-8.468920339,-6.941238907,18.53482066,1.196007802,1.400078277,1.312459775,0.0,3.851616211,13.37877519,0.0,4.724795605,3.985473677,3.929014372,3.755466172,3.555676291,3.433811773,3.288601625,3.233438485,1.755722953,1.655823213,1.400938414,1.249629723,1.249629723,3.562057599,3.380378688,3.188006796,3.060854763,2.917201064,5.496482685,5.14916321,4.928248008,4.822094168,4.691729323,4.691729323,2.0,10.0,2.0,5.0,6.0,1.0,0.0,0.0,0.0,0.0,0.212027588,5.970787255,0.780330086,2.232585698,1.133883476,3.013508913,0.36114698,0.83730373,9.358504095,4.418945356,6.4108,18.02542451,351.495778,0.460891054,-3.020914996,443.7643061,717.0,1.0,0.0,14.0,1.0,0.0,1.0,2.0,0.0,0.0,0.0,6.0,0.0,1.0,0.0,0.0,0.0,0.0,10.0,4.0,8.0,3.0,3.0,4.0,0.0,2.0,0.0,0.0,1.0,0.0,4.0,1.0,0.0,0.0,0.0,0.0,1.0,15.17181914,3.365216153,0.0,-3.082802635,-5.386152913,0.821503574,0.0,-6.001115907,0.0,0.994879423,0.552260315,0.46641555,-1.352474929,6.437552116,0.0,3.365216153,0.544484458,0.0,0.0,0.0,0.257582799,0.0,0.552260315,0.0,0.0,0.488130169,0.92799426,1.458220648,-1.533374113,0.0,-1.732660567,0.0,0.0,0.0,0.0,0.985919942,9.494142418,11.65673494,6.09353245,13.99137145,-5.99181858,0.46641555,0.552260315,13.99137145,1.896759283,6.437552116,0.0,3.365216153,7.635742831,0.0,0.0,0.0,7.72687921,0.0,0.0,1.099722713,0.509553957,0.0,0.0,13.82634714,0.528463873,1.356835042,-0.489636961,-5.99181858,6.602692709,39.25,1.00641,0.0,1.35514,1.13116,0.461538462,1.900685713,3.823993702,4.748122586,5.106331541,25.13862191,43.99990038,63.26285081,43.02098233,6.0,4.0,2.89,1.5,4.292604279,12.14809535,29.42659095,13.39702277,0.2,1.830934239,1.058479718,0.0,0.0,0.0,0.0,0.0,0.0,0.591,2.236,3.598,2.209,2.712101911,3.0,0.0,0.0,3.0,0.0,0.0,0.0,0.0,0.0,0.0,0.0,0.0,0.0,1.0,0.0,1.0,0.0,0.016296133,-16.05562704,620.8412996,0.0,3.73
1.0,-0.0187060404829851,0.52446564,-0.7277063299794891,77.974239,18.0,2.0,4.0,0.0,0.0,2.0,0.0,1.0,3.0,23952.91435,303.4776568,405.9815991,132.0526449,104.0980226,100.3788427,109.018084,263.8515783,212.967141,214.0146118,209.660739,200.9881226,7.860970746,7.766253573,7.832259491,7.839130775,7.76067436,7.608665879,7.596915639,2.18044937,1.637688846,1.669264684,1.653371648,157.3963826,142.8319353,149.294492,154.3348954,157.5378261,156.5406075,154.3866569,153.2742098,154.5579382,5.143689098,3.160382982,3.215707431,2.922853827,3.598605533,3.234307444,2.899386,3.017464299,0.130727302,0.059358927,-0.162729358,0.035494564,0.170841721,-0.252289491,0.05186815,-25.01343084,403.2779927,-2102.331156,-774.5473841,1948.296839,251.8672057,-3213.430795,69.60640595,42.90546562,-121.429987,-428.4798094,72.74939552,286.7065397,-246.7654261,-714.8347138,-333.0001449,-0.247857014,1.248337003,-0.825133997,-1.989312624,-1.697735937,-1.437964495,0.030800363,2.763169409,0.099696133,-3.953036196,0.88264569,6.03894408,-9.125804333,0.809183723,-8.927106627,-4.290210827,-16.67307015,-3.1861672,8.910771996,26.69774906,-7.914583627,-12.09289262,-4.650770726,-14.59513861,-26.11255272,-45.20281143,-30.23046094,39.64789607,-0.403442433,55.64612622,-1.305637175,-0.075012431,-0.158257895,-0.039351662,-0.152679096,0.204370598,1.483026454,0.832299265,0.983852789,1.237001425,1.160585744,0.874936329,0.811800598,0.631984501,0.602917812,0.499068434,0.641788504,1.262522846,1.032208948,0.864081661,0.538203127,0.91573896,1.154145583,1.123967905,1.037606209,0.76021167,0.608065142,0.680078719,1.01679259,1.144850086,1.102382723,1.113360473,1.020057242,0.897568239,1.017702846,0.994251084,0.463948588,0.85541696,1.200503644,1.247017601,1.256036208,0.948459642,0.628251594,3.466624386,0.371337328,-3.566319806,736.4268487,0.327063771,-4.023360387,-3.819200234,-3.697135607,11.98662084,1.447223683,0.477272407,-2.662804321,0.0,3.790540385,12.8539789,0.0,10.6947279,3.998764509,3.958558768,3.870213188,3.527684993,3.519275867,3.385846387,3.259489099,1.809352414,1.548336682,1.42689706,1.215038517,1.10392492,3.486402986,3.367180234,3.15874895,2.984174593,2.908894569,4.823782415,4.749868311,4.694940761,3.881807045,3.855800315,3.809792709,3.0,15.0,3.0,2.0,4.0,0.0,0.0,0.0,0.0,0.0,0.234708048,2.685406851,0.0,0.511879878,0.0,1.549127935,0.0,0.14802309,5.599398601,2.552731373,6.66358,24.61780534,443.1204962,0.017252534,-14.61526658,2557.508369,834.0,1.0,0.0,21.0,1.0,0.0,0.0,0.0,1.0,0.0,1.0,1.0,1.0,1.0,0.0,0.0,0.0,11.0,4.0,2.0,11.0,0.0,5.0,1.0,0.0,0.0,0.0,0.0,2.0,0.0,3.0,0.0,0.0,0.0,0.0,0.0,0.0,27.83362754,0.0,0.0,1.810785062,-0.751160669,-1.117082053,6.737193636,0.0,0.0,1.478953763,0.621341407,0.712802646,-0.841457235,6.854346139,0.0,0.0,0.0,1.067864786,0.0,8.856987298,1.073424365,8.781968967,0.621341407,0.0,0.0,0.551986562,0.64824667,0.0,0.061934582,1.905475628,-0.751160669,0.566274533,0.0,0.0,0.0,1.718644169,9.056369249,11.03152963,0.0,0.0,0.0,0.712802646,0.621341407,14.25462266,2.094989755,6.854346139,0.0,0.0,0.0,1.067864786,0.0,8.856987298,1.073424365,8.781968967,0.0,0.712485588,0.512013585,0.552242722,0.0,14.25462266,0.766151117,0.996830608,-0.168006283,-0.841457235,9.027360152,46.5,1.29167,1.5,1.00826,1.15473,0.222222222,1.739865294,3.731522186,4.614700078,5.170778643,31.69601748,50.67911984,70.14764654,42.20382485,12.0,5.0,3.44,0.0,0.0,23.31548848,39.8485301,12.65427385,0.0,0.948683298,0.0,0.0,0.0,0.0,0.0,0.0,0.333333333,0.591,1.67,3.598,3.898,4.358527132,4.0,0.0,0.0,3.0,1.0,1.0,0.0,0.0,0.0,0.0,1.0,0.0,0.0,1.0,0.0,0.0,1.0,0.168122266,-6.419029636,608.5607753,0.0,6.55
0.0,0.8111809173078242,4.37479056,1.0520800773358412,74.883653,0.0,2.0,2.0,1.0,1.0,0.0,2.0,0.0,3.0,18978.87807,278.5835905,338.9085369,138.3436655,97.2402969,91.63868866,121.0320036,271.2100544,212.9223522,206.4874835,196.9023286,198.6823523,7.808145554,7.714673114,7.674410856,7.716350626,7.704951075,7.613984487,7.686726321,2.065514786,1.586162845,1.56912002,1.58023578,156.9663663,141.4896033,145.1453944,151.2606397,152.6809426,154.1106608,155.2866147,157.2558445,157.5097345,4.974706974,2.958991095,2.838571752,2.649334857,2.844436531,3.063104876,2.664539587,3.107824646,0.082571038,-0.119293266,0.092619922,0.023141106,0.034354574,-0.251847652,0.210347699,11.25626751,-113.9160775,-1429.43771,372.6953047,-1278.42396,-2186.304337,204.6527218,-1318.649093,152.3662676,-241.1979193,-325.5142498,-346.9011159,-446.6242406,-1134.720375,284.0172955,503.8561614,-0.130868195,0.590829249,-1.054164075,-0.143029871,-1.251619813,-0.427230204,-1.023822259,1.424067855,0.884408882,-1.782610918,-0.345645719,-3.471463284,4.645384834,-1.305364893,0.222692127,-9.416787209,-5.11763714,-4.43937388,-19.45176647,-3.270313178,7.455817612,-4.511412682,-0.103077578,-18.91646573,-1.737508305,-0.204680266,-19.64448972,31.16707658,0.184528976,54.6346238,-5.702112438,-0.001689796,-0.009599493,-0.159842889,-0.100740973,0.192389362,1.362149454,0.834519214,1.047142075,0.994576908,1.090203578,0.962459916,1.005390614,0.824032376,0.755991546,0.704540605,0.794842187,1.036581599,1.391014689,0.881722801,0.535667125,0.9076901,0.806028235,0.998696843,0.966151546,0.933294588,0.882107387,0.994347375,1.129121287,0.904421257,0.976641441,0.973963281,0.943108,0.934951285,0.883213657,0.930782353,0.492857022,0.878089921,0.806276064,1.081460173,0.972177771,0.871334598,0.866948003,3.401190476,0.285988379,-4.381314359,457.4506951,0.402039842,-3.189214298,-5.610343186,-2.055063697,12.86323227,-0.810209627,0.009869041,-16.16423397,0.0,4.329086164,16.53930714,0.0,6.879586632,6.879515786,4.095766531,3.831212623,3.684222304,3.613854381,3.465850989,3.185216737,1.794911987,1.446223378,1.338544392,1.200477821,1.105054155,3.609076694,3.315579286,3.020519634,2.981965506,2.806143692,5.010909324,4.78223146,4.772062145,3.890326281,3.826245376,3.727901417,2.0,16.0,2.0,2.0,1.0,4.0,0.0,0.0,0.0,0.068041382,0.581209973,2.833939654,0.068041382,0.891850864,0.093473444,2.138759444,0.088388348,0.573395308,7.224036843,5.144952489,7.53879,26.07417454,456.2980545,0.145099556,-6.756173118,439.0987229,743.0,1.0,0.0,20.0,1.0,1.0,0.0,0.0,1.0,0.0,1.0,0.0,1.0,0.0,0.0,1.0,0.0,0.0,6.0,2.0,11.0,0.0,3.0,3.0,0.0,1.0,0.0,0.0,1.0,0.0,2.0,0.0,0.0,0.0,1.0,0.0,0.0,28.8018317,0.0,0.0,2.10654836,0.553384892,7.014501118,0.0,-0.398890542,-1.734699828,0.0,0.286107899,-1.734699828,-0.329570035,4.004216192,-0.496311324,0.0,0.0,0.50985496,0.0,3.789012583,0.0,4.032111853,0.0,0.0,0.286107899,0.47153651,0.640323817,0.0,0.497919701,0.0,0.068552742,0.0,3.297667201,0.0,0.0,1.782037342,0.0,13.24329944,0.0,14.09297633,0.0,0.0,0.286107899,14.09297633,2.261042192,4.004216192,0.0,0.0,0.0,0.50985496,0.0,3.789012583,0.0,4.032111853,0.286107899,0.7021738,0.600748037,1.066907547,0.313630861,13.99547584,0.0,0.7021738,-0.144696284,-1.734699828,7.439346781,38.5,1.1,0.0,1.33925,0.80052,0.259259259,1.760557986,3.688840268,4.529434872,5.351823226,30.60982611,48.78484528,72.2755263,36.96047076,9.0,0.0,3.55,0.0,0.0,17.55124373,39.31473932,17.2180211,0.0,0.125,0.0,0.0,0.0,0.0,0.0,0.166666667,0.0,-0.008,1.28,3.496,4.14,2.889862328,6.0,0.0,1.0,5.0,0.0,2.0,0.0,0.0,1.0,1.0,0.0,0.0,0.0,3.0,0.0,2.0,0.0,0.248278397,-4.876216083,500.5740391,2.397895273,2.858
0.0,-0.3270156606071119,0.04674244,-1.414032616865596,41.292309,10.0,1.0,2.0,0.0,0.0,0.0,0.0,0.0,0.0,3173.83094,169.7222222,96.17669515,101.1996814,55.93132656,49.79849077,20.20648631,250.9082344,183.2049062,168.3217158,126.0308326,86.93559831,7.649511273,7.622776964,7.50661411,7.506948315,7.563772686,7.491511357,7.73859375,1.687505326,1.27830355,1.012745264,0.732113183,155.8053383,140.848699,147.9934926,148.749647,150.565817,156.1692779,156.525568,163.4322351,173.0749429,5.143097643,3.162808642,3.05026455,3.552208835,2.95380774,3.15,3.032738095,3.447916667,-0.185006181,0.060110923,0.042537753,-0.081750649,-0.013026779,0.137996473,-0.0162245,64.876211,184.457847,61.70698756,-164.8967259,-36.65340444,-469.3408176,37.64814856,-80.57343711,59.61950934,509.9572588,33.28048925,-609.149846,-189.2489908,-988.5772314,-147.3403205,303.1329754,-0.006924595,-0.239351526,0.631020305,-0.02797106,-0.233482461,0.062634924,0.239032327,-0.85278461,0.11870957,0.18887345,-3.594547268,-4.704915091,-1.098885897,2.332011414,-3.557071367,19.66249745,3.830126363,-27.85424267,-9.557426243,-22.33745765,-6.822853547,11.3488124,-1.699954086,28.25104581,0.75936129,-8.397357413,-7.531017243,-25.94990307,1.802116972,50.3429274,-14.12253188,-0.047220947,0.00834463,-0.002013094,-0.134482451,-0.810934471,1.101117419,1.264937901,0.81751428,0.703182011,0.960696629,1.020660658,0.86225432,1.543471822,0.964703989,1.006878271,1.214154142,1.127671886,1.416627488,0.728715878,0.72318226,0.688369838,0.737986922,0.912657676,1.011904832,1.147856737,2.530043837,1.048593126,0.753300265,1.053086829,0.827172107,0.948810075,1.04812319,1.17868519,1.010571644,0.681671649,0.516325931,0.597548149,0.727308369,0.844411412,1.094456546,1.361398395,2.773720191,0.642857143,0.043556148,-6.267408843,209.1338518,0.102445653,-4.556845669,-6.311149367,-4.031498897,5.807908746,1.409150327,0.029274815,-7.062055369,0.0,4.897919266,11.27568237,0.0,4.101402027,3.691788622,3.366830185,3.180866859,2.952533661,2.735639071,2.585190847,2.428825126,1.400713698,1.300641265,1.086606548,0.916261029,0.768648839,3.139426606,2.884863456,2.729218405,2.550217034,2.391520539,4.831011239,4.475980477,4.034889742,3.51615464,3.381187947,3.025775614,0.0,9.0,5.0,1.0,1.0,0.0,0.0,0.0,0.0,0.0,0.224513414,1.491575693,0.0,0.543651713,0.0,0.715184396,0.0,0.16900011,4.189489444,1.678222243,2.95508,26.79842926,267.9842926,0.003408428,-11.36300825,441.3748125,278.0,0.0,0.0,14.0,0.0,0.0,0.0,0.0,0.0,0.0,0.0,0.0,0.0,0.0,0.0,0.0,0.0,4.0,2.0,0.0,6.0,1.0,2.0,0.0,2.0,0.0,0.0,0.0,1.0,0.0,2.0,0.0,0.0,0.0,0.0,0.0,0.0,16.21299414,0.0,0.0,1.943545761,0.0,-0.817783683,3.816667611,0.0,0.0,0.0,0.0,2.212655423,-0.428363804,0.0,0.0,0.0,0.0,0.0,0.0,0.0,0.0,0.0,0.0,0.0,0.0,0.523526786,0.0,2.066092845,0.969844104,1.949074074,0.0,0.563333333,0.0,0.0,0.0,2.212655423,0.0,11.67145243,0.0,0.0,0.0,0.0,0.0,12.22659273,2.107331349,0.0,0.0,0.0,0.0,0.0,0.0,0.0,0.0,0.0,0.0,0.527337569,0.616445224,0.973701657,0.0,12.22659273,0.0,0.616445224,-0.009396613,-0.428363804,6.670620604,27.25,1.3625,0.0,0.69707,0.95056,0.176470588,1.420376403,3.312234742,4.415458134,4.779094498,12.51026072,30.90081124,39.17794672,21.94865658,17.0,0.0,3.0,0.0,1.947732718,8.344246029,22.08221839,12.94860915,0.0,0.333333333,0.0,0.0,0.0,0.0,0.0,0.0,0.0,0.003,1.171,2.385,2.496,10.01115324,4.0,0.0,0.0,4.0,0.0,8.0,0.0,0.0,0.0,4.0,0.0,1.0,3.0,1.0,0.0,1.0,0.0,0.058730357,-5.669597055,303.4256294,0.0,2.932
0.0,0.9461574124172843,5.354596,1.6391453445157322,148.249959,18.0,3.0,14.0,0.0,2.0,2.0,0.0,0.0,4.0,14540.37777,668.4411485,109.3261486,98.13471214,65.9273312,71.04412143,60.70361794,209.2635144,176.3105162,183.9426981,172.5329965,163.5479314,8.018260887,7.98580088,7.762969781,7.989124446,7.973537084,7.86581051,7.998795673,1.409224564,1.311331828,1.247738025,1.188014817,165.685718,147.1839935,158.4050919,159.4685979,161.7224079,164.634823,161.3763787,162.7872628,165.7711091,5.025873297,3.186985597,3.201806974,3.141936187,3.565070697,3.810304996,3.500677298,3.35197056,-0.531391375,0.652005408,-0.25521345,-0.737769827,0.934970691,0.025344178,-1.048811778,233.7020139,308.6105753,-718.0398791,2233.422306,439.0057915,-16.5342282,1217.968304,-1980.222243,-331.4322921,1273.585699,-418.5393562,1248.433977,2269.698315,-740.2125569,-332.9454026,118.9307034,-0.86315838,-1.861432804,0.733606154,1.675772948,-3.643282335,3.426922326,1.583266982,-8.149114963,-4.778096636,2.31306711,-1.528613876,1.818256577,-5.021027157,6.456658748,-37.91844319,15.05915017,-7.25757662,-70.4110489,51.03115078,-7.069859257,-40.37559467,41.03433787,-6.046147825,-19.27415883,2.409571795,83.1025585,19.93128028,-95.12147778,1.718397161,48.96728549,-1.87395584,-0.044456969,0.006601567,-0.04189564,0.047455429,-0.228657398,1.406782456,1.309934809,1.017128141,0.879843689,1.191923812,0.919494487,0.874470566,1.120230494,0.733054387,0.842141853,0.908490859,0.951748934,1.188043179,0.876321079,1.107180058,0.95171417,0.781681553,1.106008053,0.906485037,0.891724878,1.286400153,0.813542868,0.946701422,1.360088023,0.965523032,1.075350901,1.026357207,1.165750735,1.18940662,1.072565629,0.682787154,0.866369794,1.061940241,1.276503567,1.079279983,1.230390916,1.428736712,5.889355742,1.046547588,0.318477147,1451.06178,1.292809705,1.797725408,0.279452775,2.635824049,23.77688439,9.186245293,0.837786073,-1.238947457,1.0,3.999796043,14.61799418,1.0,4.056906006,3.978003262,3.882170506,3.774138616,3.56151054,3.495667019,3.486998512,3.44711109,1.863297463,1.735151379,1.708596049,1.666637991,1.626992805,3.625111796,3.460290528,3.381253045,3.358144263,3.320935294,5.110980017,5.107801133,4.88646028,4.868415196,4.857818576,4.708776555,2.0,15.0,3.0,19.0,3.0,1.0,2.0,0.0,0.0,0.068041382,0.41820032,5.142302412,0.421594772,1.086075288,0.084478929,3.195606597,0.395220057,0.374335559,9.479352712,4.155647733,7.64268,34.70766104,709.7827129,0.61764618,-3.372876564,1406.769792,4763.0,2.0,0.0,22.0,1.0,4.0,0.0,2.0,5.0,3.0,1.0,3.0,2.0,0.0,0.0,2.0,0.0,9.0,23.0,1.0,9.0,6.0,15.0,4.0,0.0,2.0,0.0,0.0,0.0,0.0,3.0,11.0,0.0,0.0,0.0,0.0,0.0,14.22340114,0.0,6.109578021,5.468052606,-4.493511258,-2.59587157,0.592557705,-2.087856955,0.0,0.49346928,0.124710399,0.13135857,-1.086284089,5.411384572,0.354795908,0.0,2.017537263,0.01638178,0.045158971,1.882725483,0.134647899,1.865084349,0.0,0.0,0.124710399,0.433567592,1.045293102,1.332464782,-0.126829842,1.328964494,-1.345123302,-0.589905087,2.844958482,0.0,0.0,0.0,0.0,12.26471765,4.89797502,16.17777887,0.0,0.13135857,0.371841802,16.31679775,2.418255988,5.411384572,2.066004327,0.0,2.034874364,6.067267476,6.015574443,1.882725483,1.639548299,4.560534708,0.371841802,1.161299661,0.707401872,0.553897376,0.0,14.55292155,0.36211071,1.161299661,-0.226594131,-1.699051139,14.15259982,73.5,1.05,3.0,1.34696,1.26394,0.5625,1.688761579,3.587682013,4.763629396,5.265216887,18.99386945,38.37950014,111.6809871,68.417027,13.0,3.0,4.54,1.25688245,10.55662882,0.0,0.0,23.82333962,0.333333333,0.360562393,3.064310738,5.943732682,0.40824829,0.0,0.333333333,0.0,0.0,0.078,3.675,5.472,2.774,3.484280467,4.0,0.0,1.0,3.0,0.0,0.0,0.0,0.0,0.0,0.0,0.0,0.0,0.0,1.0,0.0,0.0,3.0,1.051660184,0.352590303,1322.087307,2.397895273,6.496
2.0,-3.282054125930682,21.64854784,2.060490557532205,161.234268,12.0,10.0,9.0,0.0,0.0,0.0,2.0,0.0,2.0,24181.13372,706.4343278,165.6242036,93.76228693,52.93859448,55.65266747,52.87188642,197.9600576,151.0935116,156.9287727,153.4788387,152.2913682,7.691741603,7.554946977,7.598068586,7.673060651,7.724277776,7.742514648,7.752876233,1.4174008,1.168593947,1.139668135,1.136368575,166.6250613,150.4358233,157.4037171,163.5668715,165.4438174,166.9122195,165.6162412,166.2944751,166.3267769,4.838591287,2.941775108,2.978073799,2.376385337,2.713665944,2.910408935,3.372140058,3.156898527,1.26603562,-0.445568697,-0.599482802,0.885280099,-1.117580392,0.785251378,0.38205012,-56.934518,414.657408,-1043.058845,-1555.423502,1375.458285,-1232.85414,470.031721,-1111.857999,126.7121217,-1389.178086,-426.1554564,-731.033332,959.5320603,-308.676271,280.3143757,-169.1156945,-1.10904019,5.413562024,-2.529979419,-3.580887951,0.963328935,-1.569669933,6.565896248,0.148181599,0.342715904,-0.630181577,-4.089358513,-3.700921608,-2.673859059,1.594773392,-19.24925673,5.88588254,-4.634016514,-57.12639678,35.55777507,-26.59670532,-6.854431344,44.1593901,-12.94231093,-52.20451032,-76.71411922,-17.73858874,202.7436447,-5.98434426,-0.384692689,50.39761897,-0.606436682,-0.087448047,-0.178404928,-0.083777568,0.345978916,-0.009178442,1.812930897,0.582043398,0.952587935,1.062126115,0.949865681,1.305528575,1.104925343,1.151631646,0.701325972,0.414319359,0.639959595,0.577318279,0.541170246,1.159046527,0.459750137,0.910656791,1.029116613,0.977570423,1.101943944,0.968404489,1.164017752,0.758282895,0.824475313,1.510732481,1.225116956,1.063840911,0.991058736,1.104320964,1.051402144,0.984639346,0.388133169,0.820756468,0.956862097,0.987821366,1.035291925,0.928267331,1.200246103,5.335714286,0.141571255,-13.68466486,2161.106762,0.141038002,-13.71108136,-12.884444,-14.32708044,19.11516639,9.001340826,0.019007352,-27.74050614,1.0,3.913049124,12.37168048,0.0,6.879644413,6.879644413,3.769206708,3.728585706,3.720031652,3.677457264,3.646386816,3.576132567,1.925794236,1.855188453,1.819378592,1.738389863,1.730961856,3.658220677,3.575468539,3.483331079,3.429800634,3.353027542,5.135167673,5.135155796,5.070343202,5.064550803,5.045012146,5.042974062,3.0,10.0,2.0,8.0,21.0,1.0,0.0,0.0,0.0,0.0,0.268728739,4.50611232,0.0,0.446383983,0.0,2.199683101,0.0,0.151376666,7.397683681,3.713717043,6.2903,23.05533846,709.7827129,0.311350665,-8.167848223,4442.594494,2673.0,9.0,0.0,19.0,13.0,1.0,1.0,12.0,8.0,22.0,18.0,11.0,18.0,2.0,3.0,4.0,0.0,8.0,30.0,3.0,8.0,0.0,26.0,4.0,0.0,0.0,0.0,0.0,3.0,0.0,7.0,0.0,0.0,0.0,0.0,0.0,0.0,16.09978812,0.72669906,65.5019153,10.42422421,-2.039935633,-5.356022226,4.828836961,0.0,0.0,0.0,0.21295239,1.382974761,-1.129077778,0.322571184,0.485835618,0.72669906,0.314462393,0.473622688,0.542040498,0.294507781,0.443568356,0.507644627,0.42087202,0.367067167,0.21295239,0.291911548,0.749259596,0.0,-0.376748247,2.024036392,-0.953751726,1.009350651,2.618360052,0.0,0.0,1.382974761,9.629534152,11.78613712,0.0,0.0,0.0,0.0,0.548663121,14.83134886,2.124103857,6.761096568,0.485835618,0.72669906,4.682267082,7.382458368,8.009688933,7.290325578,7.793292818,8.13741415,0.320734961,0.90482818,0.428499151,1.228178351,0.583096929,14.83134886,0.0,0.90482818,-0.323966598,-1.129077778,11.11603651,66.75,0.95357,1.0,1.6741,1.13602,0.612244898,1.616455522,3.427442553,4.825405716,5.896715055,21.20273325,36.56913053,121.7448484,51.49308317,6.0,6.0,4.54,0.0,0.0,0.0,0.0,12.51528499,0.0,3.880385129,0.0,0.0,1.432690605,1.250682157,0.774836001,2.730816364,0.793700526,3.22,5.196,6.329,3.998,1.722231218,3.0,0.0,0.0,3.0,0.0,0.0,0.0,0.0,0.0,0.0,0.0,0.0,0.0,0.0,0.0,0.0,4.0,0.240164054,-9.985031213,4426.570647,0.0,6.192
0.0,0.7828989718397447,4.182025,0.4080653857560911,61.717688,0.0,4.0,4.0,0.0,3.0,0.0,1.0,0.0,4.0,12466.19107,460.5643861,249.3238215,133.8177584,103.3290469,121.1631125,97.8017818,257.7614406,221.753497,217.1661445,200.5222812,174.1241535,8.5192429,8.102615415,8.289639019,8.350879143,8.648036712,8.648162623,8.553114578,1.72231339,1.346584209,1.291250619,1.202690735,167.7030282,149.2457006,153.9588138,158.1964338,161.6866242,162.7575903,168.356613,171.3218916,171.9624317,9.211287723,3.871599223,5.688401559,3.784823124,4.586332488,6.437582828,6.164966364,6.843935757,-0.130309487,0.26773235,-0.083005639,-0.53564837,0.567729296,-0.023057633,-0.099019299,9.080281562,469.2889437,-1147.261619,-583.3877633,-511.7485544,1691.285251,-1945.781182,-1622.11692,136.6653834,-120.2028401,-503.7278419,-349.3707291,-3.971093669,302.3402058,-678.937141,-909.6825036,0.58326524,4.85709615,0.6216815,-2.26307715,-4.98788682,2.95484007,-4.90210983,-1.43836185,1.222625701,-2.303094161,-2.37413423,-1.414757353,-1.465341159,0.010396941,8.523447257,47.50417021,29.81674366,-37.15730957,-84.18475626,-45.31305058,-4.394073856,3.224192855,-7.739141427,-6.941645405,-54.18238357,44.55902068,-70.58107157,32.89277829,0.168153362,44.81845776,1.708136756,-0.143317434,-0.349563765,-0.606717706,-0.422641147,0.24365021,1.522389243,1.046597658,0.928182599,1.13491709,1.421058831,0.998114732,1.002008291,0.818374225,0.621495077,0.595012741,0.500265952,0.901543626,1.198898709,0.902118839,0.431466799,0.673575493,0.981729222,1.134030136,1.088122399,1.406677517,1.288998038,0.878704758,1.026544138,0.863771427,0.832179405,0.788791274,1.128889831,1.246199245,1.181738749,1.023893316,0.369877344,0.655805795,0.915036704,1.101152427,1.113658958,1.379987773,1.292645956,3.4,0.080517041,-8.565573872,405.989673,0.102987526,-7.728701181,-11.76684012,-3.401308157,10.32543084,5.08888536,0.029328514,-11.99926322,1.0,4.176930224,13.70034082,0.0,6.879520747,4.016957132,3.796454544,3.751350069,3.562830908,3.281277892,3.17182921,3.058942736,1.579654399,1.542872075,1.240356027,1.125255312,1.102295258,3.471244457,3.209033309,2.92474471,2.822395599,2.747399105,5.462032427,5.051822151,4.807139216,4.651982379,4.651982379,4.070484581,1.0,13.0,2.0,2.0,1.0,3.0,0.0,0.0,0.0,0.232307808,0.820257801,3.901204337,0.356716516,1.294575637,0.216421891,1.570651235,0.051671384,0.37853671,8.004344636,3.37335382,5.18111,20.94474684,356.0606962,0.275368139,-4.384797728,569.2494876,623.0,2.0,0.0,16.0,1.0,6.0,1.0,1.0,4.0,1.0,0.0,0.0,0.0,0.0,0.0,2.0,0.0,0.0,3.0,3.0,8.0,1.0,0.0,3.0,0.0,2.0,1.0,0.0,0.0,0.0,2.0,1.0,0.0,1.0,0.0,0.0,0.0,13.36300703,1.891869288,5.304357102,0.0,-4.96534982,0.325598989,0.0,-6.71218377,0.0,0.0,0.352976663,2.575931595,-0.715566946,6.018883313,0.955484576,1.891869288,2.383634036,4.210021396,5.304357102,0.0,0.0,0.0,0.0,0.0,0.352976663,1.070975883,0.723983686,1.346000133,0.0,0.0,-2.177134708,0.0,2.575931595,3.699374895,0.0,0.0,0.0,11.92719474,5.35975742,14.48849857,0.0,0.0,0.44472797,14.48849857,1.782571439,6.018883313,5.114101876,1.891869288,2.383634036,6.443440557,5.304357102,0.0,0.0,0.0,0.44472797,1.208801847,0.572398077,0.0,0.0,13.53385377,0.0,1.445607225,-0.061550316,-4.766396681,6.308254657,39.0,1.14706,0.0,1.12091,1.13701,0.272727273,1.986608528,4.11856294,4.67856294,5.16836744,29.06340531,50.66220667,55.6668528,37.53227429,9.0,0.0,2.56,0.0,1.035983682,7.5193729,21.06450686,18.32070647,0.333333333,0.650697637,0.696238325,0.0,0.0,0.0,0.66943295,0.66943295,0.0,0.177,1.156,2.66,2.701,3.329801325,5.0,0.0,3.0,2.0,0.0,1.0,0.0,0.0,1.0,0.0,0.0,0.0,0.0,3.0,0.0,0.0,0.0,0.010326091,-15.54847695,377.1200452,3.433987204,4.124
2.0,-2.673264007925738,13.32031009,1.8249150249826127,152.941096,12.0,11.0,11.0,0.0,0.0,0.0,1.0,0.0,1.0,18067.75994,800.0504973,128.1401414,90.90169542,53.39534317,55.47200565,51.34573215,194.8934042,153.431219,158.4050854,154.5355909,152.0342279,7.801716149,7.631063481,7.674795401,7.743882695,7.762945596,7.779764375,7.78360596,1.347441654,1.162695134,1.134075816,1.127395484,167.7289506,151.910689,158.6702002,163.9136243,166.2327909,167.1003015,165.9884244,166.2541559,166.6209035,5.674117002,3.199117545,3.347805483,2.629680786,2.892013889,3.015485639,3.507759292,3.242481058,1.250268852,-0.445624358,-0.589752751,0.872480544,-1.13461301,0.86025295,0.278481261,-27.32125896,458.9484319,-899.0989769,-973.9586733,508.1952265,-719.973733,665.5143041,-1328.458197,26.52549674,-1025.982717,-551.716256,-230.9359282,585.5565594,-53.52276545,28.57445177,-352.2377887,-0.511122924,6.123087,-2.94065824,-4.515057582,-0.303966512,-2.299507721,5.566391725,-1.482975598,0.052117383,-2.249195525,-1.99989889,-2.127893542,-3.433451818,3.171249484,-19.94844554,5.850558224,-15.77040039,-52.12762088,25.71465479,-14.57317199,-16.4331205,58.92376502,-15.13870758,-53.11309443,-90.71199747,-29.53472898,181.4657066,-43.46886715,-0.192403232,48.15771798,-0.109230134,-0.106610617,-0.220710456,-0.14142598,0.317803339,-0.067708516,1.810954568,0.603191259,0.980062083,1.061361016,0.957357835,1.295938855,1.061490529,1.101205028,0.77646233,0.556555828,0.723015456,0.662479544,0.634938336,1.158297639,0.445686589,0.888513017,1.0216865,0.952970931,1.002330803,0.895649887,1.068628978,0.847306415,0.876844169,1.551643135,1.235924069,1.112599729,1.012508717,1.098360258,1.068196891,0.967129875,0.378933748,0.78442664,0.940232239,0.939093101,0.906440095,0.845244719,1.064608162,5.15,0.398816427,-6.342852941,3203.021754,0.357440739,-7.098621297,-6.387385893,-7.069187352,19.23383274,10.97757861,0.218715352,-10.48789068,1.0,3.673286284,12.36041803,0.0,6.879644413,3.86069174,3.768174845,3.720099127,3.677943771,3.579503841,3.53937169,3.482273708,1.898428065,1.854726785,1.819161054,1.736835699,1.691267859,3.578668091,3.515781949,3.482812501,3.429704841,3.342913722,5.22982305,5.072096058,5.07208219,5.006597658,5.000739752,4.980596305,3.0,10.0,2.0,10.0,16.0,1.0,0.0,0.0,0.0,0.0,0.166666667,4.921561331,0.0,0.61305065,0.0,2.194331541,0.0,0.151376666,7.885537937,3.375610288,4.3707,22.24948927,709.7827129,0.665659637,-2.808139883,2008.696778,2576.0,9.0,0.0,19.0,13.0,1.0,1.0,12.0,8.0,22.0,18.0,12.0,18.0,2.0,3.0,4.0,0.0,8.0,27.0,3.0,8.0,2.0,21.0,4.0,0.0,0.0,0.0,0.0,3.0,0.0,8.0,0.0,0.0,1.0,0.0,0.0,0.0,11.37134403,0.696034492,68.25857841,2.883594003,-2.418919512,-5.743945416,3.008907196,0.0,0.0,0.0,0.246436339,1.294301903,-1.175962955,0.356762555,0.485561407,0.696034492,0.329627278,0.472685063,0.532435819,0.318963023,0.434115442,0.488990724,0.434312363,0.377802677,0.246436339,0.333915001,0.755663653,2.052483757,-0.428975416,1.390369861,-1.021230213,-0.054946546,2.567543415,0.0,0.0,1.294301903,9.561613928,11.09766993,0.0,0.0,0.0,0.0,0.559951634,14.74121174,2.046389926,6.850694463,0.485561407,0.696034492,4.826324019,7.519517254,8.05744494,7.397411814,7.927355895,8.254365598,0.335405087,0.920815805,0.599442985,0.814481869,0.359106871,14.74121174,0.0,0.920815805,-0.30352197,-1.175962955,7.853369169,69.0,1.0,0.5,1.58428,1.25496,0.586956522,1.647168759,3.633075847,5.127149892,6.052429278,19.43393718,37.1539799,105.7942677,44.05623942,9.0,6.0,3.99,0.5,4.942943846,0.0,0.0,12.51528499,0.0,4.936335002,0.0,0.0,1.432690605,1.325088248,0.774836001,2.714113224,0.863790456,3.22,5.03,6.157,3.763,1.864255853,2.0,0.0,0.0,2.0,0.0,0.0,0.0,0.0,0.0,0.0,0.0,0.0,0.0,0.0,0.0,0.0,3.0,0.485682797,-4.983176883,4129.723315,0.0,4.278
2.0,-4.874279103087467,52.94454169,1.608445301303067,158.094338,21.0,10.0,13.0,1.0,0.0,0.0,0.0,0.0,0.0,13741.9185,895.5867627,97.46041488,94.60916072,67.57291571,63.85218289,67.46902425,209.176512,170.534673,169.002521,167.849088,177.0042521,7.888776291,7.833029926,7.83744805,7.927327017,7.976567212,7.943644934,7.954625811,1.421631232,1.197930191,1.192275879,1.258467317,165.2601017,150.1032579,154.2969049,161.9055475,165.2975336,164.1573153,165.3014628,165.1754611,162.4222824,6.351679168,3.41409465,3.466962963,3.379638398,4.405090668,4.037563293,3.735479948,4.28869348,0.569319862,1.037944929,-2.341464709,1.150966586,1.130710454,-2.037931643,0.789712608,-10.84400051,-439.1627692,-1570.827718,-448.3325365,2018.540858,-172.4334824,-342.2117509,226.5874335,453.2035087,-1350.20783,-1795.534644,512.067548,319.4431433,-344.1509408,1335.691688,148.5068709,-1.775445715,4.198763131,-0.841880721,-6.654154696,7.946107946,0.334371952,-7.505545375,4.234194185,3.062334219,-5.738346036,2.001046721,-0.275152047,7.66402625,-0.673493857,5.316918197,-59.47621311,14.8390107,-20.12057736,-58.24937032,40.33826986,21.23030758,-12.56274294,-29.65738045,-87.12872733,-155.6943052,-29.45587487,-165.4398397,126.8650379,-0.075305559,48.161725,-0.792974518,-0.205954031,-0.392177091,0.536864325,-0.354260899,0.26596444,1.649424176,0.777738915,0.8578138,1.347723475,0.988064161,1.070306432,1.36816997,1.024591919,0.981226346,0.843507391,0.980879961,1.02340596,1.029048126,1.173854667,0.505639702,0.957667901,1.193192006,0.861696628,1.120869007,1.32367709,1.031219881,0.978217182,1.044119436,1.301561743,1.37651296,1.0401637,1.131205711,0.972963469,0.974770972,1.059744776,0.485780241,0.997816709,1.164023006,0.879703946,1.167562055,1.327538544,1.046297249,5.303571429,0.01551987,-31.24225629,1509.568702,0.003372492,-42.69077577,-25.55023936,-28.99477181,22.22319136,10.77799564,0.117893658,-16.03479197,1.0,3.907008376,11.37362213,0.0,4.042811791,3.832348535,3.818063277,3.788232352,3.723038329,3.69145103,3.654955708,3.583280518,1.891277232,1.838746633,1.817577411,1.757761892,1.71748117,3.621940694,3.608245671,3.576514143,3.510963017,3.448756788,4.952923052,4.950506425,4.888554847,4.88082808,4.873224726,4.861961264,11.0,15.0,4.0,4.0,15.0,1.0,0.0,0.0,0.0,0.096225045,0.472852885,5.663008684,0.0,1.058671748,0.0,2.317972357,0.0,0.202575305,10.59107461,3.601617071,-0.19901,26.46680183,709.7827129,0.055635759,-21.66696848,1535.660614,3362.0,13.0,0.0,30.0,10.0,24.0,4.0,17.0,29.0,8.0,19.0,28.0,7.0,3.0,2.0,7.0,1.0,14.0,19.0,10.0,14.0,3.0,10.0,8.0,2.0,0.0,0.0,0.0,0.0,0.0,10.0,0.0,0.0,0.0,1.0,0.0,0.0,15.97654781,8.511292771,25.1058475,-2.056739888,-9.879583682,-10.01221778,1.547291195,0.0,-1.31810026,0.0,0.307801211,-1.31810026,-1.496355621,4.161301474,0.764696419,-0.412784246,-0.463012599,0.721211897,-0.53488515,-0.436799333,-0.615803864,1.126652201,0.461397759,0.405800049,0.307801211,0.405347446,0.839585228,1.80755451,-0.955135412,1.320821153,-1.800274943,-0.12368929,2.343109355,0.0,0.0,0.0,9.54943555,11.72676114,0.0,0.0,0.0,0.0,0.556199632,14.62696506,1.806866839,6.653551692,5.392207641,4.294208028,7.124547219,7.250683991,7.699773819,7.566204169,6.827444688,7.79625153,0.416772773,1.113417969,0.592374531,0.661121253,0.0,14.62696506,0.0,1.113417969,-0.265231782,-1.800274943,5.598899037,83.25,1.11,0.5,1.41334,1.47306,0.411764706,1.681759142,3.818065891,5.210110613,6.03725931,17.36656599,35.2883694,123.2046184,49.56654541,9.0,5.0,4.43,0.27849533,4.872353749,0.0,0.0,0.0,0.0,7.53106639,0.0,0.0,1.490823763,0.0,3.8852773,0.0,0.0,4.058,6.954,9.512,5.545,3.250927015,4.0,0.0,1.0,3.0,0.0,1.0,0.0,0.0,1.0,0.0,0.0,0.0,0.0,1.0,0.0,0.0,3.0,0.03823419,-24.48018844,1591.690552,2.397895273,3.348
1.0,-7.178225913944181,122.6002563,7.287606940624725,268.317125,0.0,17.0,24.0,7.0,0.0,0.0,0.0,0.0,0.0,27187.49477,1604.874057,110.9693664,118.9007809,64.26467268,61.75707665,60.46749307,195.4524295,157.8482726,155.4728992,165.0246527,147.2398188,7.909392208,7.914618957,7.733185699,7.986142098,7.887038422,7.92590766,7.96165702,1.433691058,1.184459645,1.245051053,1.138865202,167.4984519,149.4582389,160.3110744,163.7679633,164.3736533,166.2658284,167.5434671,162.0944116,167.5603824,6.550506355,2.609555406,3.883776373,3.08311392,4.155223869,3.162877703,3.98617706,3.86857739,1.253716733,0.131844882,-2.469402738,2.532759825,-0.606105649,-1.461440073,1.629593097,3356.563494,532.5507196,-7348.543663,3195.825539,-1816.468268,1266.215454,-4471.250076,1473.678795,-121.3315606,-146.6476454,-3280.569654,1365.758864,-1795.680798,3891.041359,-3488.546811,-576.4403664,1.40378997,12.20679616,-11.18197174,-6.508010318,11.08721898,-12.54653414,-0.640181535,-2.906244689,-8.042543843,-7.019322574,-5.480684143,33.11893596,-44.85388989,36.67267995,-101.7151887,-42.07994014,121.8148376,-162.4496562,-48.55750048,274.7085669,-261.0079356,53.31937049,-125.2535493,-273.086416,-257.6405029,-372.8378374,212.3310335,-140.0227491,13.58932589,48.71040422,4.299493214,-0.50709939,-0.334598056,0.385738358,0.226849395,-0.130496504,1.675058993,0.83054771,1.037596055,1.15748208,0.987324388,1.204809449,1.240068453,0.947397115,0.883031632,1.052111008,0.952607787,1.231045486,0.925907032,1.074947429,0.562851384,1.145482418,0.979949627,0.952584906,1.171113756,1.069894731,1.203069885,1.024482805,0.790263363,1.79309706,1.313110275,1.005788279,1.105089673,0.816200018,1.292354265,0.936407809,0.474847048,1.080409116,0.992136376,0.930872775,1.136783569,1.039948998,1.235093041,12.80357143,0.032590383,-41.08485643,4371.301186,0.069296018,-32.03241408,-34.28937166,-33.48271039,39.23979774,-7.561044974,0.241386415,-17.05627495,1.0,3.960573256,13.17247717,0.0,4.715006598,4.706624028,4.706374158,4.706034081,4.705990777,4.705697658,4.705452377,3.89716076,1.905401362,1.890000228,1.856033169,1.831387993,1.808717103,3.788601778,3.782715718,3.777553367,3.777144598,3.768058147,5.216516601,5.21647385,5.216472586,5.216413282,5.216353564,5.21630987,10.0,10.0,3.0,24.0,16.0,3.0,0.0,0.0,0.0,0.096225045,0.389519551,16.62549301,1.936174953,3.082620687,0.968087476,6.80225629,0.305944984,0.959357877,20.63819143,9.068827015,4.30409,36.28793183,709.7827129,0.005007272,-63.56236912,4602.792996,8119.0,11.0,0.0,23.0,9.0,14.0,0.0,33.0,25.0,3.0,14.0,22.0,7.0,1.0,2.0,8.0,0.0,0.0,35.0,11.0,10.0,14.0,25.0,10.0,0.0,0.0,0.0,0.0,7.0,0.0,23.0,0.0,0.0,0.0,0.0,0.0,7.0,11.17666657,0.0,11.40438061,-9.217692503,-8.047006865,-5.843805443,0.0,0.0,0.0,0.0,0.190279693,0.757979759,-1.382050737,2.714756598,0.164008625,0.0,0.672304746,0.278274863,0.348806198,0.242214107,0.151312134,1.060868823,0.447573093,0.383481419,0.190279693,0.393404554,0.59789435,0.866244609,-0.980589482,0.0,-1.413647382,0.0,2.55310454,0.0,0.0,0.757979759,9.877387597,11.70472804,0.0,0.0,-6.45326841,0.0,0.569246905,14.61120523,1.745894936,6.662880207,0.508302855,0.0,7.155511822,3.963158721,6.386531491,7.766921401,6.539582323,6.178343561,0.31955221,0.95266096,0.545260953,0.374074814,0.018507705,14.61120523,0.0,1.56222787,-0.323227841,-6.45326841,5.957960958,114.75,0.95625,0.0,1.99701,1.62155,0.680555556,1.756494721,3.546327463,5.177334568,5.80469008,20.40670218,37.48130976,186.3867841,102.5445552,9.0,6.0,4.1,5.051056106,0.0,0.0,0.0,0.0,0.0,0.0,0.0,0.0,0.908724779,0.914032668,2.095878329,5.224915609,1.555543045,1.997,7.755,12.701,5.452,1.936699598,3.0,0.0,1.0,2.0,0.0,1.0,0.0,0.0,1.0,0.0,0.0,0.0,0.0,1.0,0.0,0.0,3.0,0.057022816,-34.37164567,4321.154551,2.397895273,-1.972
0.0,2.186496724715864,18.98954929,1.379342278216588,76.563446,0.0,3.0,2.0,1.0,0.0,0.0,1.0,0.0,1.0,12719.02988,237.3697702,219.2936187,119.4315722,90.29475505,82.04004604,79.6266113,266.0127983,232.2441378,207.8557772,213.7340317,215.4221515,7.636126241,7.742812214,7.752051724,7.684205733,7.663536108,7.708075558,7.724958234,1.95324986,1.553346048,1.593180363,1.631818582,155.1162605,142.2812744,147.690524,152.0840137,152.4349022,150.4044877,154.8799753,154.7310524,152.8605896,4.092582245,3.165621266,3.053376906,3.075723306,3.236666667,3.215827604,3.237073112,3.17703278,0.225894583,-0.38854719,0.104725139,-0.052411213,0.242867626,-0.066341631,0.073751619,52.29951239,642.9249979,-772.111113,-451.2988404,-434.3774648,221.3788207,261.1626065,-4848.971469,-35.63215792,-1.521405293,89.708029,-137.914709,-672.7147558,223.6667273,405.5034517,-1539.69234,-0.020885993,1.309756699,-0.875503025,1.231841793,-0.660935077,0.36887166,-1.890161346,-2.096372276,-0.726784538,0.578230719,-0.904938697,0.379728167,5.427899586,-8.985298204,-17.10507114,-25.19059915,7.335355113,5.507059962,-24.09439438,14.8613559,20.73243954,-18.3719631,-4.285659892,0.998885026,28.46073906,1.039243359,-29.66542393,-24.23918201,0.843540522,52.93870948,1.339321721,-0.069123547,0.196280959,-0.035986984,-0.192632623,-0.167166772,1.467578962,0.756312291,1.592486077,1.156514929,1.273338807,1.100816581,1.338258652,1.09193414,0.745550624,0.494868205,0.5767749,0.794164817,1.609814046,0.832619036,0.546558325,1.167503771,1.056818777,1.191335483,1.205720955,1.640026992,1.591036408,1.006991032,1.218041682,1.16430315,1.188794072,1.033783311,1.120346318,0.953101062,0.889732645,1.049381807,0.561033745,0.850846293,1.112259287,1.265026291,1.420921455,1.833643038,1.5866385,2.382142857,0.17879858,-6.197383297,389.4767608,0.134372012,-7.225715219,-5.764202552,-8.07138877,11.07171005,0.221924752,0.224290051,-5.381334692,0.0,6.426203125,13.03193627,0.0,6.879516245,4.050689366,3.882683994,3.729876634,3.63736816,3.591039205,3.43195476,3.058037734,1.793526972,1.61500145,1.538762104,1.202672297,1.102295258,3.680442199,3.500914652,3.094912898,2.931412532,2.8801592,4.600972728,4.44816982,3.875351272,3.798249985,3.771627796,3.656452542,2.0,22.0,2.0,2.0,0.0,0.0,0.0,0.0,0.0,0.07856742,0.582545833,2.430260517,0.0,0.819344121,0.0,1.328805272,0.0,0.263806541,6.479216364,2.746554721,7.3208,21.10639346,379.9150823,0.086359801,-8.817238705,383.4419981,928.0,0.0,0.0,27.0,0.0,0.0,0.0,0.0,0.0,0.0,0.0,0.0,0.0,0.0,0.0,0.0,0.0,0.0,0.0,2.0,16.0,2.0,0.0,0.0,0.0,0.0,0.0,0.0,3.0,0.0,2.0,0.0,0.0,0.0,0.0,0.0,0.0,38.87644515,0.0,0.0,0.0,0.0,7.277969786,0.0,0.0,0.0,0.0,0.0,1.695190258,-0.285308152,0.0,0.0,0.0,0.0,0.0,0.0,0.0,0.0,0.0,0.0,0.0,0.0,0.0,0.543437483,2.035534946,0.0,0.0,0.0,0.0,0.0,0.0,0.0,1.695190258,0.0,13.85566076,0.0,0.0,0.0,0.0,0.0,13.85566076,2.186795841,0.0,0.0,0.0,0.0,0.0,0.0,0.0,0.0,0.0,0.0,0.0,0.58461877,0.0,0.0,13.85566076,0.0,0.615134415,-0.047973602,-0.285308152,9.853972648,45.25,1.25694,0.0,1.00687,1.12155,0.068965517,1.621018375,3.047299098,3.626499582,4.46498121,23.50887786,37.09960173,85.14048522,48.99536968,33.0,0.0,3.88,0.25,4.791215111,20.45194767,35.00978441,14.11785138,0.0,0.25,0.0,0.0,0.0,0.0,0.0,0.0,0.721124785,0.003,2.364,4.762,4.769,5.092189501,5.0,0.0,1.0,4.0,0.0,0.0,0.0,0.0,0.0,0.0,0.0,0.0,0.0,2.0,0.0,1.0,0.0,0.237729817,-5.171833695,369.3925569,2.397895273,3.948
0.0,0.696111027592205,3.617604,-0.481818076666596,81.922825,18.0,3.0,3.0,0.0,1.0,2.0,0.0,1.0,4.0,24400.37797,301.2276568,387.3075868,131.2850475,97.18606325,105.100609,107.9341394,258.045951,197.8003516,216.2058134,220.6896559,202.6030072,7.898803778,7.847686135,7.825867082,7.795684165,7.848169025,7.780388699,7.726992486,2.114312438,1.614927023,1.697461339,1.610755181,160.5136344,144.6288049,154.0738353,156.7098385,158.936635,160.5427298,157.2882408,153.8838931,157.21879,4.781391378,3.00579387,2.944712701,2.921653463,3.34609325,3.461961062,3.430936274,2.901518858,-0.191662632,0.120268092,-0.044273067,0.009488119,-0.044657103,0.109245426,-0.070034177,30.26039446,271.8162085,-2393.937681,-214.9832604,3462.832122,847.9192293,-3606.196499,-560.021976,-65.94500454,344.1173242,-505.1035802,-464.9149055,1601.378404,602.0231796,-1103.241611,-785.9607942,-0.16022711,-0.797634923,-0.951277753,-0.158645875,-0.862327157,-0.576403204,1.494102496,0.188148626,-1.085314275,-3.523294427,-2.759328435,8.543413351,-11.42276895,-2.018232071,-22.24387272,7.596372223,-2.323777801,-21.2542354,14.90238919,38.8367915,-27.02826489,-28.07872499,-1.256676586,-3.933799223,-15.8653391,3.157375821,6.479405739,-21.71574406,0.451647678,55.20758048,3.055955227,-0.018756367,-0.086695842,0.062406477,0.031453426,-0.099613505,1.321309323,1.359892968,1.116282647,1.069707249,1.145162839,1.114646754,0.846407368,0.82719821,0.57942489,0.470736566,0.643781669,1.282137583,0.991338033,0.782565897,0.875764024,0.950327724,1.000140773,0.980610313,1.010084205,0.832067009,0.896172419,0.63289227,1.00387756,1.179115803,0.976173494,1.011263344,0.8824759,0.870966903,1.065133596,1.080219036,0.594750761,0.839911017,1.31970946,1.178332131,1.244807102,1.198842908,1.016420321,3.692814862,0.257202425,-5.159989054,645.2771493,0.388917763,-3.588671983,-5.486205866,-3.193184489,11.60412486,1.4950039,0.347044686,-4.021546573,1.0,4.999572611,12.8768301,0.0,10.6947279,4.006783639,3.971852137,3.871231532,3.600109733,3.525937956,3.407793528,3.25835481,1.830810034,1.589222574,1.468181691,1.372874417,1.215172269,3.515262104,3.378928808,3.169046072,2.973591268,2.905197068,5.009055034,4.799218104,4.747420464,3.881093006,3.828419415,3.736824672,2.0,15.0,3.0,7.0,1.0,0.0,0.0,0.0,0.0,0.0,0.321478169,2.679527487,0.0,0.629731008,0.0,1.68145751,0.0,0.17029486,6.267762493,2.938513432,5.35289,26.15463975,496.9381552,0.002131873,-23.37286585,1204.25617,911.0,0.0,0.0,20.0,0.0,0.0,0.0,0.0,0.0,0.0,0.0,0.0,0.0,0.0,0.0,0.0,0.0,10.0,6.0,1.0,10.0,0.0,7.0,1.0,0.0,0.0,0.0,0.0,3.0,0.0,2.0,1.0,0.0,0.0,0.0,0.0,0.0,24.21252461,0.0,0.0,4.227574111,-0.839479725,-0.369533023,5.44377926,0.0,0.0,1.246587781,0.0,0.548973365,-0.324049905,0.0,0.0,0.0,0.0,0.0,0.0,0.0,0.0,0.0,0.0,0.0,0.0,0.582274448,1.033047815,0.0,0.034326866,1.553206492,-0.839479725,-0.324049905,0.0,0.0,0.0,1.589264078,0.0,14.26015422,5.496787061,15.06930167,0.0,0.548973365,0.0,15.06930167,2.046186382,0.0,0.0,0.0,0.0,0.0,0.0,0.0,0.0,0.0,0.0,0.74183744,0.574505066,0.82510607,0.0,14.46356225,0.697614416,1.033047815,-0.199158848,-0.839479725,10.83156102,48.0,1.26316,2.0,1.04483,1.15928,0.285714286,1.815182819,3.706773244,4.537136178,5.223156511,32.41547904,51.20517463,69.73550488,42.21748691,12.0,2.0,3.44,0.0,0.0,24.56959498,39.65133312,14.36806487,0.0,0.2,0.223606798,0.0,0.0,0.0,0.0,0.0,0.793700526,0.003,2.275,3.813,4.005,4.098709471,5.0,0.0,0.0,4.0,1.0,1.0,0.0,0.0,0.0,0.0,1.0,0.0,0.0,2.0,0.0,1.0,1.0,0.109211107,-8.414995525,683.6230579,0.0,5.706
0.0,-0.599942503461088,0.05452225,0.3870394712359515,72.513997,0.0,2.0,3.0,1.0,3.0,0.0,0.0,0.0,3.0,6907.026554,412.9453018,109.6353421,112.5313622,56.67030422,59.79467761,58.37733584,218.3025566,161.2954188,165.4552362,155.2735802,153.4266097,7.945248016,7.612010711,7.719444772,7.806346201,7.663190682,7.681986388,7.851520993,1.528676718,1.286579324,1.197161494,1.15401327,167.1316902,145.6994077,154.8479905,157.4533711,163.1938923,166.2869221,160.8489996,162.3045751,166.1231189,6.55468733,2.645499355,4.594002139,2.77388546,3.014400707,3.013574212,2.651452433,4.890990281,0.072434749,-0.004434356,0.111099981,-0.418695108,0.695313251,-0.561716407,0.098362503,525.3086629,474.1299047,292.9816809,378.5450975,-556.1680089,228.6870568,-190.5669269,643.6844665,209.2712472,-166.15561,-373.6316995,26.34864008,229.8550747,-115.2043332,-399.9632246,213.9144569,0.184141311,5.623238736,-0.145685946,-1.041098775,-4.135308318,4.242108127,-1.343314913,5.286632714,-0.161315927,-3.343515742,-2.328395708,-0.270403359,-5.444054191,2.948364657,-2.044934162,57.65195817,-56.05628831,-53.71628189,42.00931848,43.94671295,-34.76126657,14.51837109,-23.72007082,29.64716755,23.65632075,56.48866911,-73.54674793,164.4945878,7.840427805,50.60194648,-0.643599627,-0.354030908,0.117110499,-0.408550626,-0.432627929,1.166628282,1.694468691,0.872402197,0.888307582,1.002450798,1.062896717,0.67642027,1.201778469,0.81093389,0.930377827,1.074179575,1.010721155,1.108540768,0.846089673,1.027076435,0.476910682,0.60209297,0.834281184,1.156615679,0.490170864,0.858659834,0.702143114,0.921394301,0.827871255,1.027749762,0.826466478,0.916683157,0.869299818,0.582260168,0.810389535,0.769211468,0.353269086,0.48041583,0.720474595,1.119782484,0.496855407,0.955708373,0.694133783,2.660714286,0.064818993,-9.302932492,601.7610761,0.109904074,-7.507700976,-10.07835947,-6.119269792,17.13097574,0.477956349,0.179711116,-5.83577574,0.0,3.700761657,12.35357205,0.0,4.72480992,3.88556933,3.840558565,3.597928634,3.424296506,3.318199689,3.035453364,2.875218789,1.69294208,1.473217366,1.41630264,1.372874417,1.311208285,3.557901911,3.337711122,3.057428516,2.986046716,2.868559822,5.651648527,5.282509712,4.868154158,4.868154158,4.259634888,3.982867831,0.0,9.0,3.0,3.0,8.0,2.0,0.0,0.0,0.0,0.11785113,0.419588521,3.99618171,0.49279928,1.088097867,0.219913203,1.385416613,0.038998317,0.290108645,7.198023217,2.935021196,6.47271,25.75220444,437.4787488,0.357004628,-3.502022216,296.1615116,971.0,2.0,0.0,12.0,2.0,0.0,1.0,0.0,8.0,0.0,0.0,0.0,0.0,0.0,0.0,2.0,0.0,0.0,11.0,2.0,6.0,1.0,7.0,4.0,0.0,1.0,0.0,0.0,0.0,0.0,2.0,1.0,0.0,0.0,0.0,0.0,1.0,9.849980325,0.76403109,0.0,7.855056782,1.150226714,1.383684948,0.0,-4.473730576,0.0,0.0,0.125131555,2.572818792,-0.768495478,4.843699937,0.0,0.76403109,0.0,0.321940816,0.0,0.0,0.0,0.0,0.0,0.0,0.125131555,0.289991674,0.634021972,1.32746769,0.664605535,0.0,-0.12292587,0.0,2.572818792,0.0,0.0,0.0,0.0,13.23791501,6.105822705,13.04964579,-5.813973065,0.0,0.365895984,13.23791501,1.824362596,4.843699937,0.0,0.76403109,0.0,4.774812983,0.0,0.0,0.0,0.0,0.365895984,0.761911454,0.677196374,1.293665739,0.610264323,13.23791501,0.0,1.507001647,-0.310470398,-5.813973065,11.29125332,32.75,0.96324,0.0,1.19018,0.8546,0.52,1.715571533,3.496680465,4.631343614,5.23093786,19.43407178,35.61360464,59.36422376,33.7579729,17.0,0.0,3.22,0.0,1.621450164,14.94874503,28.84536453,11.52583354,0.0,0.5,0.333333333,0.0,0.0,0.0,0.166666667,0.0,0.0,0.637,1.412,2.668,2.253,3.251104101,5.0,0.0,1.0,4.0,0.0,3.0,0.0,0.0,1.0,1.0,0.0,0.0,1.0,2.0,0.0,1.0,0.0,0.134143053,-6.830084853,479.8812359,2.397895273,4.244
0.0,0.1068633697604831,0.86694721,-0.5661317124789008,80.705825,18.0,4.0,3.0,0.0,0.0,2.0,0.0,1.0,3.0,24091.37057,285.0054346,388.5704931,129.2883426,111.0495736,105.3340913,113.234899,256.4459383,216.1964738,222.6045865,215.4784254,196.8522177,7.811060613,7.819557684,7.78532219,8.003135464,7.898467876,7.844305709,7.676903587,2.117944107,1.631612462,1.638729334,1.588829309,159.5685599,145.638489,153.5288797,154.405465,159.6528763,159.6335801,155.5420853,154.7441237,158.2540666,4.596861848,3.099561887,2.993027917,3.041741715,4.245110054,3.881394188,3.361738823,2.694383392,-0.016861328,0.277809306,-0.370675034,-0.057389164,0.374382753,-0.171443504,-0.281293014,-13.07870198,554.6771753,-2655.486169,607.6725783,2364.242136,-335.0776736,-1146.964446,2365.483282,17.32142064,525.7937484,-1026.935715,1046.390704,1272.49267,167.9293651,-1217.001917,37.18345602,-0.258986976,0.350299434,-0.175727476,-0.928355938,-0.564733486,0.09906497,-1.317114722,-0.368297107,-0.216347126,-6.653377496,2.790494563,2.687688053,-5.005834785,5.103208623,-13.8541591,22.47102007,-9.110670215,-16.82535121,27.54696509,22.7538379,-26.80569693,9.807124489,-4.259667022,-12.91082973,3.576485231,16.27070899,-71.62110532,-37.12221902,-0.2012108,55.46151998,0.870100337,-0.065533339,0.019980364,0.196715173,-0.347675269,-0.174282718,1.495037858,1.172471911,0.994326659,1.387363715,1.512443629,1.138431357,1.115989486,0.926949771,0.568492596,0.494873869,0.65907193,0.884676483,0.850916633,0.762123457,0.712606381,0.948600282,1.141832674,1.36482156,1.177253201,1.217608154,0.931081078,0.6354134,0.880069389,1.256464284,0.988634791,1.087045568,0.958394154,0.931202625,1.0741558,0.947169646,0.563467101,0.975570055,1.238224819,1.641946966,1.495002139,1.674320143,0.94806406,3.502338671,0.453711547,-2.924086473,349.2530919,0.554736246,-2.180271292,-3.172664371,-1.919684465,11.59373806,1.154820633,0.413979527,-3.263173401,1.0,5.660928711,13.55462296,0.0,10.6947279,4.004232436,3.962149038,3.856698656,3.613871342,3.476512935,3.392583008,3.175875703,1.773967248,1.564892913,1.464014819,1.276426819,1.249629723,3.449141849,3.350506346,3.191137974,2.994453127,2.882610563,4.706608452,4.661939302,4.635845755,3.854099223,3.834887906,3.790867197,3.0,15.0,3.0,2.0,2.0,0.0,0.0,0.0,0.0,0.0,0.234708048,2.907544402,0.0,0.553078857,0.0,1.820686744,0.0,0.155877267,5.944671976,2.757712191,4.4705,23.50088625,434.7663956,0.35953697,-3.784871603,382.2042155,784.0,2.0,0.0,21.0,2.0,3.0,1.0,1.0,4.0,2.0,0.0,3.0,0.0,0.0,0.0,2.0,0.0,11.0,2.0,2.0,11.0,2.0,2.0,2.0,0.0,0.0,0.0,0.0,2.0,0.0,3.0,0.0,0.0,0.0,0.0,0.0,0.0,26.23573806,5.385788931,0.469617735,1.095482113,-1.926099472,-0.937514647,5.872344673,0.0,0.0,1.3635829,0.313171347,0.680643429,-0.321622575,4.339716957,0.469495137,5.385788931,4.491531067,0.936293515,0.213158019,0.0,0.213877074,0.0,0.0,0.0,0.313171347,0.571854243,1.05413751,1.943177907,0.433271562,1.81714757,-0.966721211,0.439290223,2.989716408,0.0,0.0,1.499163769,0.0,13.80775033,0.0,0.0,0.0,0.680643429,0.375523346,14.34208816,2.001334746,5.185132601,0.622616194,5.385788931,4.491531067,5.203748833,0.256459715,0.0,0.746578251,0.0,0.375523346,0.651686084,0.540618856,0.662210551,0.0,14.34208816,0.682939471,1.05858408,-0.164734388,-0.966721211,9.306438977,47.75,1.29054,1.5,1.01146,1.23922,0.222222222,1.773014781,3.698036099,4.432931628,4.962103165,31.5295216,49.0334681,72.00189052,46.44288929,12.0,2.0,3.33,0.5,3.275424075,14.58659902,36.6956068,18.32311209,0.0,0.564621617,0.0,0.0,0.0,0.0,0.166666667,1.013114248,0.166666667,-0.194,2.652,3.982,4.114,4.393479284,4.0,0.0,0.0,3.0,1.0,1.0,0.0,0.0,0.0,0.0,1.0,0.0,0.0,1.0,0.0,0.0,1.0,0.29788863,-4.480831675,329.9699323,0.0,5.28
0.0,-2.6424937367834285,12.952801,0.2071166964747123,114.592306,18.0,5.0,5.0,0.0,1.0,2.0,0.0,0.0,3.0,11092.66822,496.2189262,115.5486273,101.6198754,64.82181314,67.1701789,49.87389191,230.7627178,185.6055716,181.7767477,170.4846937,152.700244,7.804735979,7.679053244,7.728036737,7.747704309,7.769891821,7.726596336,7.625091378,1.58437199,1.330630878,1.287938119,1.223441353,162.3795786,145.5317212,150.7900723,157.5277477,158.9149936,160.1560392,160.5792795,161.7295239,163.9884478,5.168947148,2.911335351,2.80908672,2.777792319,3.173175563,3.474836025,3.024301525,2.478934558,0.164517013,0.098022432,-0.081198446,-0.424488404,0.370173445,0.162655588,-0.349573949,99.53837268,358.0769198,672.7234265,-108.8971602,-406.4945748,422.3795893,-170.9625632,-2677.284121,301.4818411,-203.7913933,537.6679642,-231.9482592,-203.3918092,-825.6545882,-1638.197252,-1591.513151,-0.41014225,1.829051,0.66295175,-1.230799,-1.67921725,2.80767875,-1.10028975,-4.7777555,1.208036483,0.455472847,-1.814194764,-2.280156849,-5.344781054,-3.988092144,-1.703289007,-19.23004575,0.082472681,-25.08690498,-13.87641155,-10.78401325,-47.87247951,-5.531524655,-0.233695364,-9.381438062,-18.60967295,55.27090473,-48.0554795,-66.60112086,0.966391968,50.8478611,-2.31275795,-0.002268887,-0.058155228,-0.052917881,-0.136910198,-0.203052198,1.477793933,0.849076222,0.965567826,1.118963399,1.215942179,1.021483896,0.923068899,0.870681083,0.809988474,0.851148912,0.849467365,1.023982219,1.390660023,0.989861459,0.507178289,0.794400966,0.974328182,1.049305754,0.95847553,1.111964202,1.183487214,0.950350364,1.101433677,1.138592934,1.126624269,1.000702879,1.042321892,1.055807432,1.138601216,1.014772771,0.483173563,0.815440938,1.006733827,1.089960036,1.041561966,1.146810436,0.993969623,3.591736695,0.519684447,-3.534480812,637.2110147,0.5612302,-3.119170244,-3.632830083,-2.957911507,18.55175449,4.99087346,0.429657079,-4.561746546,1.0,4.377704664,15.4663892,0.0,4.091185078,3.984243131,3.960617609,3.814180404,3.709362398,3.536003075,3.487612238,3.403780904,1.865361144,1.862067685,1.819095494,1.617335901,1.512572979,3.660372516,3.620553702,3.479365227,3.385373846,3.233677211,5.232857922,5.01404937,4.96801531,4.961973081,4.954862238,4.897666215,5.0,13.0,5.0,2.0,13.0,2.0,1.0,0.0,0.0,0.205534367,1.042385617,4.135389205,0.13650087,1.636728766,0.230257185,2.231899713,0.098584392,0.687834434,11.33592615,5.53194498,6.56558,32.13090322,709.7827129,0.359615182,-5.522692097,1274.735854,2229.0,4.0,0.0,23.0,4.0,4.0,4.0,2.0,7.0,3.0,0.0,2.0,1.0,0.0,0.0,4.0,0.0,9.0,15.0,3.0,9.0,0.0,13.0,3.0,0.0,2.0,0.0,0.0,1.0,0.0,5.0,0.0,0.0,0.0,0.0,0.0,0.0,22.35232747,1.260413748,0.141172072,8.858016642,-2.16774496,-1.255010409,6.255780253,-1.823819121,0.0,0.911871318,0.004144566,0.287445332,-0.418340688,3.045911962,0.013172599,0.013296313,0.06771216,0.001191336,0.002587974,0.0,0.132220658,2.808202005,0.0,0.0,0.004144566,0.383750187,0.660243382,0.0,0.216241582,1.78027052,-0.796453815,-0.296976618,2.361399441,0.0,0.0,1.582282313,0.0,11.67379386,0.0,16.33757745,0.0,0.287445332,0.512247786,16.33757745,2.085169631,6.41545464,0.810520612,1.01770356,6.793445397,4.417285443,0.077718259,0.0,0.335044366,2.808202005,0.512247786,0.908000578,0.507441375,1.057142519,0.0,14.61774565,0.624425986,0.908000578,-0.276984556,-1.132091246,12.03585758,62.25,1.15278,1.5,1.30868,1.1536,0.43902439,1.675001616,3.75080558,4.969360938,5.889599089,18.84879734,38.34074315,86.9387038,34.26369102,9.0,5.0,4.54,0.0,0.0,0.0,0.0,21.32920803,1.0,0.974062663,0.0,0.0,0.0,0.0,0.764724491,0.479072149,0.0,1.254,3.275,4.814,4.702,3.257415254,8.0,0.0,3.0,5.0,0.0,2.0,0.0,0.0,2.0,0.0,0.0,0.0,0.0,4.0,0.0,1.0,1.0,0.502159361,-3.719723894,643.3526608,3.433987204,6.48
0.0,-0.05378536340262,0.44408896,-1.6609512763672658,46.37593,20.0,4.0,4.0,0.0,0.0,1.0,0.0,0.0,1.0,5528.009397,285.310852,153.5558166,129.1676739,93.24250867,87.61281412,108.7291588,273.705987,241.1866713,219.7003687,189.7664453,180.680094,8.379512361,8.114115524,8.14908425,7.937359419,7.989114222,8.129106843,8.814839821,1.778406807,1.505631305,1.299974136,1.200451038,159.9890388,148.8922362,149.2924538,155.3496741,157.7122153,153.4865683,155.7906992,162.2703239,172.664843,7.925301445,4.05750765,4.735792671,3.955908289,3.967341372,4.152309099,4.394070108,6.79218107,0.430526985,-0.547443096,0.300653026,-0.020779104,-0.052944011,0.074788599,-0.043713392,8.874243854,48.28184177,-645.1254384,-604.5716516,82.7777161,-75.41667663,703.0025103,32.24593564,80.84625059,-295.1415485,-278.3549767,-138.8719928,-133.3925903,-611.5927079,113.0184186,512.7312368,0.265592947,1.839198049,-2.046433602,-0.124181164,-0.279775535,-0.352253708,-0.501190121,-0.523182003,0.738500295,-1.837597195,0.346710347,-3.167748028,-0.882397735,3.607606058,1.354528625,-0.233824883,-20.63893364,17.1253489,-3.061196522,-27.7742335,-19.79914561,10.06610539,-3.507468021,-11.33543611,5.865116024,-18.23153652,-26.02596231,20.38297243,0.227544714,40.89851253,-6.795474532,-0.089935077,0.066649046,-0.136567877,-0.313565811,0.36398165,1.595206459,0.596201997,1.376910992,0.744745143,0.843650369,0.966214221,0.96047885,1.152656939,0.956657305,0.639496718,0.804679741,0.923972816,1.622860395,0.912856264,0.418905264,0.965843449,0.862854756,0.749857828,0.848413365,1.090386984,1.625879159,0.984530046,0.854384061,1.104174712,1.073745104,1.183538959,1.007907229,1.139083581,1.036657508,0.786970214,0.408117325,0.710790396,0.80163223,0.753328418,0.88091219,1.17988799,1.519186641,2.218487395,0.169035734,-4.621877376,322.5328035,0.227206236,-3.852932573,-5.3796402,-2.379199351,6.036210064,3.179353943,0.012449162,-11.40386513,0.0,3.828638622,11.79575937,0.0,4.243216936,3.956280136,3.848533283,3.528649883,3.316271261,3.155847373,2.936659679,2.769716961,1.335181339,1.243893737,1.082250302,1.018172178,0.880857323,3.218263927,3.096634269,2.805676495,2.743770703,2.645815032,4.862022841,4.817998822,4.565735232,4.08049818,3.838709677,3.777951347,2.0,12.0,2.0,0.0,0.0,0.0,0.0,0.0,0.0,0.0,0.252291192,2.165745264,0.0,0.532766047,0.0,0.815286277,0.0,0.101132151,4.818448596,1.525237099,1.49673,24.69650025,319.1070753,0.007056457,-12.87991185,340.8492721,474.0,2.0,0.0,15.0,6.0,0.0,2.0,0.0,0.0,1.0,2.0,1.0,0.0,0.0,0.0,0.0,2.0,8.0,0.0,0.0,8.0,0.0,0.0,0.0,4.0,0.0,0.0,0.0,0.0,1.0,3.0,0.0,0.0,1.0,0.0,0.0,0.0,17.3850051,7.605334637,0.377582496,0.0,0.0,0.0,1.900308452,0.0,0.0,0.711890705,0.530393912,0.711890705,-0.069235219,0.918083116,0.0,1.090260148,0.0,0.0,0.377582496,5.887421118,0.448394204,0.0,0.0,0.0,0.0,0.0,0.0,0.0,0.0,1.401070053,0.0,-0.069235219,0.0,0.0,0.0,0.0,0.0,11.1000918,0.0,0.0,0.0,0.711890705,0.629863827,12.28346393,1.979120274,7.736909605,0.0,6.515074488,0.0,0.0,0.377582496,6.991546309,0.448394204,0.0,0.0,0.0,0.672303193,0.0,0.0,12.28346393,0.711890705,0.722820168,0.120273596,-0.612641078,5.289983568,45.25,1.74038,1.5,0.5564,1.30187,0.0,1.872531967,3.482289237,4.169925001,4.781036113,22.23885273,40.35128255,52.77034586,30.26591598,25.0,0.0,2.34,0.0,0.0,8.035903768,22.09833364,11.0796046,0.0,0.984629682,0.0,0.0,0.0,0.0,0.5,0.898956081,0.2,1.323,0.79,1.462,2.443,24.08789778,4.0,0.0,0.0,4.0,0.0,3.0,0.0,0.0,0.0,2.0,0.0,0.0,1.0,2.0,0.0,2.0,0.0,0.033664497,-8.817409888,905.1388126,0.0,3.832
0.0,0.7790754470232447,4.15629769,0.3376643982111538,62.428067,0.0,4.0,4.0,0.0,3.0,0.0,0.0,0.0,3.0,6228.854171,466.4305556,117.5255504,113.1055683,86.48647614,98.49535668,64.06546762,239.6496548,209.6741425,205.9363332,187.6921783,161.9762752,8.364077208,8.022204147,8.180986347,8.200870559,8.475388909,8.612953634,8.423961923,1.527092607,1.284001772,1.183061109,1.09957927,168.4364689,149.3404017,154.7301263,157.8104409,161.019251,162.5900208,167.8783395,173.4425175,172.1424645,8.80057652,3.802387914,5.461221122,3.736468546,4.276135006,6.044191919,5.997382199,6.5,-0.142087947,0.289823691,-0.178283982,-0.444704309,0.476223836,0.053620781,0.02719207,73.95826956,640.6375161,-126.1121546,-519.0082126,166.0321151,1611.005369,-1410.127604,-2010.405606,142.6725303,123.4718719,-398.0286409,-575.1359913,102.3565263,448.4945529,-611.8834674,-1694.517312,0.660521108,5.194059559,0.999558422,-1.856457256,-3.687711428,4.122761783,-6.43762276,-2.083321925,1.17607928,-1.414988189,-2.983069119,-2.995604295,-0.982217628,-3.371968606,8.116990266,50.2008031,31.64709143,-37.19603654,-91.24434723,-71.60918231,7.317532214,2.61475038,-8.657504648,-8.774576263,-50.9491812,83.20417507,-120.4246074,36.64688897,1.297513501,44.48779667,2.265124005,-0.151886046,-0.305084917,-0.485514803,-0.630495327,0.234915955,1.529691103,1.059050272,0.933415898,1.162904988,1.350219904,1.11920559,1.023656459,0.799570711,0.965810515,0.90260411,0.78013603,1.269780981,1.419374852,0.921848377,0.412084471,0.647329267,0.950389554,1.056572172,1.027545769,1.589595696,1.276824111,1.03773219,1.032595471,0.900359382,0.840851482,0.81699853,1.122592393,1.258086787,1.268622566,0.998892229,0.364189597,0.656382197,0.893112572,1.04843575,1.022521879,1.557743775,1.2463731,2.571428571,0.150360201,-6.442053171,440.4666708,0.05334104,-9.965567471,-6.437896823,-27.75768767,10.3923138,5.644522084,0.145521579,-6.553265031,1.0,4.180689411,13.58440808,0.0,4.021989199,3.81373431,3.779951459,3.587387087,3.326592921,3.1731318,3.071902671,2.893441757,1.586766233,1.56654029,1.414287066,1.256951936,1.128672639,3.462498584,3.158469192,2.925918165,2.923299241,2.824044238,5.433819157,5.028131848,4.78266455,4.619246862,4.619246862,4.041841004,1.0,12.0,3.0,3.0,1.0,3.0,0.0,0.0,0.0,0.232307808,0.816821013,3.81764756,0.356716516,1.380606048,0.216421891,1.374770256,0.051671384,0.422351995,8.167693959,3.322408608,4.67724,21.02492718,357.4237621,0.300091582,-4.092469766,3164.778046,571.0,2.0,0.0,16.0,1.0,6.0,1.0,1.0,4.0,1.0,0.0,0.0,0.0,0.0,0.0,2.0,0.0,0.0,3.0,4.0,8.0,2.0,0.0,3.0,0.0,2.0,1.0,0.0,0.0,0.0,2.0,1.0,0.0,1.0,0.0,0.0,0.0,12.5544411,1.878794427,5.478483295,0.0,-5.018381992,-0.287328725,0.0,-6.753155707,0.0,0.0,0.350236678,2.564605064,-0.743161848,6.188035311,0.925783627,1.878794427,2.460991499,4.182437804,5.478483295,0.0,0.0,0.0,0.0,0.0,0.350236678,1.071699263,0.605820696,1.340146329,0.0,0.0,-2.193966364,0.0,2.564605064,3.698335538,0.0,0.0,0.0,11.94174702,5.364356576,14.54673973,0.0,0.0,0.458767322,14.54673973,1.687705998,6.188035311,5.0948018,1.878794427,2.460991499,6.673568827,5.478483295,0.0,0.0,0.0,0.458767322,1.209525227,0.587298989,0.0,0.0,13.48839601,0.0,1.446178784,-0.069041241,-4.781391251,7.123756276,39.0,1.14706,0.0,1.08026,1.19364,0.304347826,1.850421676,3.953597813,4.614344039,5.128402766,19.70173715,40.41521877,54.6756158,33.89054944,9.0,0.0,2.78,0.125,2.582269725,7.177948234,20.55740756,19.50513919,0.333333333,0.650697637,0.696238325,0.0,0.0,0.0,0.66943295,0.66943295,0.0,0.097,1.209,2.462,2.401,3.224361845,5.0,0.0,3.0,2.0,0.0,1.0,0.0,0.0,1.0,0.0,0.0,0.0,0.0,3.0,0.0,0.0,0.0,0.046800268,-10.41034561,389.3902446,3.433987204,3.974
0.0,-0.135839419782112,0.28217344,-0.1482284024879631,94.673513,15.0,6.0,2.0,1.0,3.0,0.0,0.0,0.0,3.0,8313.620243,417.8047649,98.97166956,100.6356573,65.01885049,70.81214038,59.9614592,207.4289681,174.1377246,194.435778,185.324707,175.0783997,7.78416806,7.649072417,7.62072444,7.702970643,7.756873221,7.826735683,7.714540127,1.459192668,1.407682733,1.376606261,1.340046559,168.673612,148.0904962,159.0146444,163.2829698,165.9972817,166.5353067,161.2767854,164.2544671,162.4244108,4.973866249,2.639403292,3.579322836,2.44446681,2.83627101,2.674961162,2.885154031,2.61609674,0.106573186,-0.100607058,-0.307849545,0.572774679,-0.366583562,0.123395389,-0.087291445,454.0696952,507.0600983,1040.412298,1793.597202,1764.101134,-131.4110718,-1533.568011,-2148.937899,29.3739024,-347.7099301,-64.87976026,894.9248511,1908.806194,-353.4439382,-1054.746215,-1872.207807,-0.012160188,5.200162187,1.136527625,4.172214875,4.317470562,-2.009506188,-0.106218,-1.489517813,-0.874489589,-1.79372136,1.593451947,-2.345182675,-2.209513744,-6.538712818,-30.26309755,48.77429795,-40.41970201,-27.60919121,87.84540144,-63.92824587,55.54317338,18.0067292,-13.63232977,-24.70786573,118.9985444,-15.29018609,24.25267012,-28.91578021,5.101906688,50.01316617,-1.419453567,-0.153172245,0.475994177,0.292608638,0.085396726,-0.091796128,1.691207592,1.067345121,1.042435762,1.158259564,0.997942623,1.422960193,1.259365647,1.113746762,0.705840526,0.73511484,0.899174105,1.150477121,1.22290553,1.061556925,0.558334709,0.714165796,0.501745048,0.536483417,0.775412339,0.78594127,0.847069961,0.753364378,1.179297317,1.255747065,0.929322866,0.974105372,0.678891134,1.02523124,0.858290666,0.907125665,0.381656471,0.718992286,0.308119126,0.361505144,0.538297718,0.57065634,0.80361832,2.982142857,0.153784243,-8.050480106,830.1218834,0.022649776,-16.28670283,-15.3689982,-16.9666096,14.19390609,2.474337558,1.101250246,0.414718322,0.0,3.762098755,12.45348114,0.0,4.201638823,3.967585171,3.804179011,3.693489954,3.64271089,3.491374539,3.365727045,3.193016267,1.799546673,1.737313914,1.593157873,1.536832096,1.431626817,3.666695616,3.466153288,3.370333664,3.164840447,3.074689052,5.737061113,4.968280467,4.968280467,4.679351675,4.26904354,4.001660491,2.0,6.0,1.0,8.0,9.0,3.0,0.0,0.0,0.204124145,0.19641855,0.727301712,4.013639471,0.353553391,0.626882341,0.0,1.710455244,0.019090089,0.223550608,6.76942607,3.490269435,8.26425,25.87705442,556.3566701,0.303213603,-5.131266374,483.2388107,1050.0,1.0,0.0,11.0,0.0,1.0,0.0,1.0,0.0,3.0,1.0,0.0,0.0,0.0,0.0,1.0,0.0,5.0,19.0,0.0,5.0,2.0,12.0,5.0,2.0,1.0,0.0,3.0,1.0,1.0,0.0,1.0,0.0,1.0,0.0,0.0,0.0,13.38166776,0.0,7.307174288,9.019767781,1.616113569,0.0,2.167751662,-4.514056344,0.0,0.0,0.182783461,2.206007342,-0.138198318,0.0,0.403221656,0.0,0.411210042,0.0,2.435724763,1.082910659,0.0,0.0,0.0,0.0,0.182783461,0.304000546,0.0,2.101117509,-1.299002336,1.987872227,-0.076552028,-0.138198318,3.54955042,0.0,4.531997871,2.249711436,0.0,0.0,5.92455496,13.32573939,0.0,0.0,0.182783461,13.32573939,2.084631125,0.0,0.403221656,0.0,0.411210042,0.0,2.435724763,1.082910659,0.0,0.0,0.182783461,1.000235347,0.461681022,1.173255982,0.707468439,0.0,0.0,1.329053011,-0.192037155,-4.760115086,15.13089286,45.0,1.04651,1.0,1.35131,0.91261,0.64516129,1.683931943,3.503503929,4.842355257,5.296613851,18.43449517,36.88816765,64.07549488,38.73658159,13.0,2.0,3.55,0.090909091,4.523590445,22.10170851,35.46963097,13.46680856,0.0,0.0,0.1,0.0,0.0,0.0,2.121320344,2.505601599,0.5,0.197,1.855,3.387,3.533,5.574762658,6.0,1.0,1.0,4.0,0.0,1.0,0.0,0.0,1.0,0.0,0.0,0.0,0.0,3.0,0.0,2.0,1.0,0.055429762,-12.43834599,507.3172904,2.397895273,7.374
2.0,-3.2652427549121024,21.39155001,2.104826164995088,175.788233,18.0,9.0,9.0,0.0,0.0,0.0,2.0,0.0,2.0,24999.86684,720.4621056,159.2348206,93.24503038,53.17680773,55.73882016,53.25359598,202.4133202,153.1819931,159.6163043,157.0134737,155.7131377,7.638016369,7.53318341,7.575464565,7.659915254,7.70756713,7.704583551,7.714272398,1.448890964,1.188716956,1.168370551,1.162587329,165.1475645,148.6985872,155.9588109,162.541566,164.7539839,166.0904208,164.7898282,164.9696155,165.0200633,4.588930609,2.883641975,2.867113665,2.375,2.711919399,2.87899284,3.200270495,3.075233674,1.039808499,-0.327717298,-0.592611622,0.836961681,-0.877742657,0.347375341,0.599219464,-7.347386735,244.7758949,-1128.995077,-1428.239096,1442.641041,-1340.757917,170.3977979,-865.2215937,139.7502432,-1565.419679,-634.8674341,-732.2208215,1071.89945,-254.7014613,182.3091728,-46.54025839,-0.874085019,4.85911768,-2.384325047,-3.282784875,0.88800378,-1.525679164,5.387369163,0.848300569,0.34702119,-1.755132912,-4.549252669,-2.76842173,-2.981860533,1.490241515,-18.42662022,-4.681922035,-8.397450269,-58.11398013,31.31947171,-11.01293378,-8.900730744,38.49347948,-9.750570687,-52.13694148,-69.26401453,-17.60288716,163.569464,9.981469955,-0.045921167,51.31541302,-0.473422791,-0.060941067,-0.150573945,-0.071270058,0.262551307,0.014178224,1.751170566,0.640426206,0.985499541,1.127520464,1.035233959,1.360066391,1.205956348,1.180050759,0.709346758,0.428870334,0.657114596,0.593813577,0.547014925,1.148539041,0.48668317,0.930711544,1.064400697,1.052026614,1.167354771,1.024434438,1.185613069,0.763213761,0.834679908,1.44285459,1.22606754,1.064579788,0.99848317,1.079452963,1.057124331,0.996157289,0.419119693,0.847092874,0.994445642,1.061866934,1.100693503,0.986558351,1.217042327,5.192857143,0.140080891,-14.93806776,1190.766464,0.166432058,-13.62807767,-14.05458858,-13.74773026,20.67605159,7.925927364,0.071430173,-20.05666531,1.0,3.940320544,12.42622735,0.0,6.879644413,6.879644413,3.803323552,3.765692772,3.728486518,3.718270963,3.674356628,3.644418642,1.952042523,1.924332167,1.854382052,1.817936321,1.7383871,3.678193328,3.657620574,3.574661205,3.483982089,3.429925697,5.05956301,5.059558135,4.988077383,4.968086093,4.966079004,4.964142501,4.0,15.0,3.0,8.0,22.0,1.0,0.0,0.0,0.0,0.0,0.370790812,4.590663309,0.0,0.446383983,0.0,2.33077745,0.0,0.151376666,7.901841018,3.952455739,7.9809,24.51494435,709.7827129,0.183431191,-12.88895904,1230.778693,2998.0,8.0,0.0,25.0,10.0,1.0,1.0,11.0,8.0,16.0,17.0,11.0,15.0,2.0,2.0,4.0,0.0,13.0,30.0,4.0,13.0,0.0,27.0,4.0,0.0,0.0,0.0,0.0,3.0,0.0,7.0,0.0,0.0,0.0,0.0,0.0,0.0,26.74143481,0.727923349,38.87875068,10.72580912,-1.959424436,-4.7051849,5.602299168,0.0,0.0,0.0,0.191185128,1.402308258,-1.121005411,0.304176389,0.335007427,0.727923349,0.288857186,0.318135484,0.538424917,0.268100484,0.295274901,0.499734774,0.401623165,0.35636585,0.191185128,0.294631722,0.753655941,0.0,-0.371872939,1.822322893,-0.952056713,0.755698695,2.974360699,0.0,0.0,1.402308258,9.895988075,12.10841009,0.0,0.0,0.0,0.0,0.519089397,15.02146128,2.131109714,6.377848128,0.335007427,0.727923349,3.141781475,7.358117547,6.167226457,6.710045634,7.797481284,6.45391316,0.27056022,0.909600608,0.473669876,1.230706751,0.58315284,15.02146128,0.0,0.909600608,-0.361526119,-1.121005411,14.10818985,76.0,1.0,1.0,1.67854,1.20017,0.553571429,1.576159756,3.457928254,4.849142673,5.935873535,20.28343577,36.26339654,132.3985399,55.05353343,6.0,6.0,5.42,0.0,0.0,0.0,0.0,14.02612891,0.0,3.880385129,0.0,0.0,0.843442849,0.857202371,0.774836001,2.730816364,0.793700526,2.768,5.133,6.883,4.543,1.891209028,4.0,0.0,0.0,4.0,0.0,0.0,0.0,0.0,0.0,0.0,0.0,0.0,0.0,0.0,0.0,0.0,4.0,0.211922599,-11.79165969,1217.19591,0.0,10.23
0.0,4.333618327225974,62.33892025,2.6451724692208294,121.493685,0.0,1.0,4.0,0.0,0.0,2.0,0.0,0.0,2.0,10915.58448,309.2391118,112.5317988,103.6397377,67.66865255,54.79061332,65.0242935,243.8678412,217.2192461,179.5823365,157.2893496,188.7445334,7.489117299,7.579001675,7.559593734,7.511733624,7.4385542,7.408597083,7.447356359,1.923584502,1.398006036,1.276744652,1.514270735,157.2789686,140.1712577,147.0027654,147.3022182,155.7183593,149.352404,154.2054946,161.0218317,156.0898657,3.18803208,2.707956271,2.603845165,2.705359831,2.638432836,2.535713033,2.288723385,2.257824838,0.064685172,0.180841117,-0.217940677,-0.100507,0.244799105,-0.15813296,-0.056703109,403.7141537,1511.719364,-2173.719085,-629.8939427,-1483.582591,-1289.093163,2939.496892,1389.760603,467.7411982,1836.911138,-2913.366661,1282.332901,-2566.944528,-4228.353259,4137.084252,1893.179702,-0.652314323,0.919417612,0.491085752,-1.784308826,-0.435060485,1.660798246,-0.062712576,0.342384036,2.351334909,-26.47412636,-4.84436108,-20.15959251,33.15681086,6.863505891,1.861906082,35.07838119,-85.17375278,54.04237333,-60.77634071,-115.6457132,100.5555337,34.74725998,-12.64140243,-0.934549609,1.842599092,13.93608739,-7.904189017,-18.63172659,3.919554891,60.21863525,-9.609893771,-0.122732062,0.00583101,-0.00621988,-0.01718302,-0.05218971,1.475644454,1.089160681,1.452837413,1.517519058,1.138120793,0.91294952,1.124503283,1.09141121,0.965368649,0.729687601,0.789299904,0.711253943,0.968981643,0.883061555,0.969947588,1.479190071,1.513665869,0.878049134,0.805113507,1.103253699,1.113462456,0.800217103,1.154281289,1.131880597,1.046778749,1.570875999,1.082475098,1.09775894,0.806779971,0.980949518,0.757370564,1.198290148,1.125648664,0.920181381,1.02311884,1.177002611,1.038356559,3.008403361,0.196415505,-8.463119282,564.2975214,0.029609262,-18.30227392,-8.447543474,-36.41161023,23.87756331,-4.262888181,1.179115008,0.856773653,0.0,5.809444433,14.31867172,0.0,4.25732599,4.027127897,3.937610483,3.882851482,3.711395923,3.652700772,3.566210006,3.492840263,1.869607702,1.85884367,1.776771235,1.638077947,1.522941661,3.734809498,3.69296688,3.665206063,3.486039101,3.4360959,4.642991266,4.115777815,3.900956121,3.869460783,3.807225085,3.762359574,1.0,25.0,5.0,7.0,3.0,3.0,0.0,0.25,0.353553391,0.055555556,0.892353851,6.101279026,0.790642081,2.230334161,0.757073553,6.206695989,1.03334051,2.165141488,12.06656539,11.07357283,8.41139,24.54645328,638.2077852,0.437155851,-4.302820648,761.8718927,1442.0,1.0,0.0,31.0,0.0,0.0,0.0,0.0,2.0,1.0,0.0,0.0,1.0,1.0,0.0,0.0,0.0,0.0,8.0,1.0,21.0,5.0,4.0,0.0,0.0,4.0,0.0,0.0,1.0,0.0,1.0,2.0,0.0,0.0,0.0,0.0,0.0,54.189376,0.0,1.408532747,2.516222296,0.0,9.262666681,0.0,-2.866347395,0.0,1.478844717,0.188253111,0.714356973,-0.098379857,0.0,0.0,0.0,0.0,0.362146608,1.408532747,0.0,0.0,1.480726231,0.188253111,0.0,0.0,0.409775844,0.829161327,1.762126657,0.342783617,0.0,0.0,0.0,0.0,0.0,0.0,1.923721773,11.03362873,14.83443331,7.482122034,0.0,0.0,0.714356973,0.188253111,14.83443331,2.277491772,0.0,0.0,0.0,0.0,2.792628215,1.408532747,0.0,0.0,1.480726231,0.0,0.837382685,0.48940675,0.894786717,0.0,14.83443331,0.764487744,1.416926439,-1.095852176,-4.391311307,16.81336874,56.5,1.08654,0.0,1.49307,1.11695,0.295454545,1.47260995,3.340852046,4.217369674,5.117299053,16.65399179,33.63966456,107.7701539,48.8741224,9.0,3.0,5.42,1.62637987,16.06265996,0.0,43.7851031,8.681402478,1.11903459,0.166666667,0.601168164,0.333333333,0.0,0.0,0.0,0.0,0.0,0.348,2.101,3.62,4.079,3.785927029,7.0,0.0,1.0,5.0,0.0,1.0,0.0,0.0,1.0,0.0,0.0,0.0,0.0,1.0,0.0,0.0,2.0,0.058226309,-14.78577353,543.6869222,4.110873864,5.518
0.0,-0.1953771633533263,0.18757561,-1.8645733934703648,46.385516,21.0,2.0,2.0,1.0,0.0,0.0,0.0,0.0,0.0,4541.118646,151.2492379,129.746247,116.3352504,89.84345319,96.41741595,77.27489421,271.7856086,219.7303312,226.5278032,217.6014297,210.9031083,7.777183114,7.743752921,7.843668347,7.856033391,7.814586316,7.783514667,7.78621217,1.932913225,1.688557516,1.600909228,1.571728128,154.3435068,141.4660663,145.6484144,151.5395385,154.043549,155.591757,151.964505,154.3894732,154.3441005,4.321406798,3.394520251,3.577057613,3.173760017,3.349406572,3.247852141,3.296013879,3.253217757,0.183564032,-0.161553022,0.04685986,0.000585,0.072510931,-0.057884227,0.013150204,-110.2980305,84.75776487,193.8289429,-109.5786467,-24.37182247,-221.6519312,-227.1972914,-256.0529935,-57.75742793,-374.5901575,54.87290898,-193.9787874,242.982635,-314.4164558,-71.96320291,-50.37638382,-0.105313184,0.992731184,-0.423414796,-0.000753,-0.050269653,-0.204249061,-0.706698408,-0.772650449,-1.302384323,0.626229094,-0.016301123,-3.939365784,0.272890699,0.681817233,-10.87111307,-18.18564307,-1.702626379,-2.822177505,13.56256463,-15.4660994,3.700486499,7.498307523,-2.487807421,0.383064148,4.350947466,-9.394910339,-6.593383724,-6.27399516,-2.90257975,49.02455025,-5.516078173,-0.065468616,0.058012633,-0.056098027,-0.129282034,-0.133489259,1.623931616,0.827474768,1.193541453,1.15501463,1.256531149,1.011701001,1.224397363,1.090486971,0.980113176,1.167617274,1.397278552,1.088229116,1.164368533,0.903417069,0.639721805,1.01673868,1.183884071,1.218471934,1.109731347,1.329473632,1.495080002,0.990466961,0.977318206,1.11622089,1.156541158,0.993211321,0.930823938,1.213519999,0.956350958,0.860829406,0.546694221,0.75619621,1.065923261,1.387583062,1.464172001,1.343317749,1.431254517,1.410714286,0.065298852,-6.276195902,276.3857236,0.061654887,-6.408266399,-5.786482819,-8.026843587,6.256641321,0.997178131,0.135664049,-4.594419452,0.0,4.865436548,11.02504127,0.0,4.173262677,3.993891258,3.675228781,3.495774924,3.157079306,2.919238683,2.738885029,2.619181914,1.395833931,1.135987925,1.122188984,1.082250302,0.832447038,3.314278707,2.859658878,2.712642039,2.645815032,2.589383166,4.664435699,4.037783288,3.899514269,3.692723434,3.166564536,2.987838938,2.0,13.0,2.0,0.0,0.0,0.0,0.0,0.0,0.0,0.096225045,0.448287117,1.410236714,0.0,0.411866187,0.0,0.593893472,0.0,0.110550293,3.640176595,1.26906821,3.34663,20.02041812,230.2348084,0.157355329,-4.253272211,235.6643541,471.0,1.0,0.0,17.0,1.0,0.0,0.0,0.0,2.0,0.0,0.0,0.0,0.0,0.0,0.0,0.0,0.0,11.0,0.0,0.0,11.0,0.0,0.0,0.0,2.0,0.0,0.0,1.0,0.0,1.0,1.0,0.0,1.0,0.0,0.0,0.0,0.0,26.02540842,0.0,0.0,0.0,0.0,0.0,3.229218632,0.0,0.0,0.0,0.580546114,2.045941953,0.503717089,1.187763651,0.0,0.0,0.0,3.142255849,0.0,0.0,0.0,0.0,0.0,0.0,0.0,0.0,0.0,0.0,0.0,1.795342389,0.0,0.503717089,0.0,0.0,4.611544277,0.0,0.0,12.2901307,0.0,0.0,0.0,0.0,0.580546114,12.2901307,2.031446497,1.187763651,0.0,0.0,0.0,7.13498762,0.0,0.0,0.0,0.0,0.0,0.0,0.619344136,0.0,0.0,12.2901307,0.0,0.720433813,0.024377441,-0.352773824,7.631852523,38.5,1.67391,1.0,0.55614,1.09275,0.0,1.641334445,3.03576791,3.791313833,4.626150432,18.21806744,33.73444076,51.75137872,27.92456563,22.0,0.0,2.89,0.0,0.0,12.46562428,19.46325587,7.413369361,0.0,0.0,0.5,0.0,0.0,0.0,0.0,0.5,0.0,0.003,1.961,3.888,2.86,22.7407435,4.0,0.0,1.0,3.0,0.0,1.0,0.0,0.0,0.0,1.0,0.0,0.0,0.0,2.0,0.0,1.0,1.0,0.052336409,-6.785144905,318.1646005,2.397895273,5.682
0.0,0.7564377524747605,4.00560196,1.0548465880695734,74.77386,0.0,2.0,2.0,1.0,2.0,0.0,2.0,0.0,4.0,19338.80133,340.3613683,345.335738,141.8860054,100.1945979,92.45512751,128.9296796,273.8164877,214.5659502,207.7315168,200.1540614,203.592344,7.973887268,7.815175797,7.785090547,7.803227836,7.736294995,7.718566395,7.851610074,2.06311543,1.584394685,1.565472194,1.573519174,159.0848718,142.1955608,145.9355487,152.4866885,154.0303804,155.1961709,155.719036,158.4521306,159.5148364,6.077881577,3.124747015,3.05263903,2.932386896,3.232470719,2.936499628,3.100468679,3.475299116,0.065965684,-0.045074361,-0.095253255,0.260714919,-0.114199579,-0.214073256,0.169834964,-0.461714788,-110.7277813,-1530.664384,189.2724613,-1398.658554,-2303.347596,238.8783922,-1486.999483,146.586948,-215.0700143,-334.0608472,-384.9655789,-579.2468629,-1104.845015,386.3044535,530.4462277,-0.169587297,0.518623453,-0.863960156,0.342752578,0.022956922,-1.926855266,-0.063480953,0.664561406,0.889744921,-1.740948243,-0.255889301,-3.560103571,4.605972881,-1.42100575,0.227009107,-12.67524871,1.064036718,3.572161379,2.503874362,-12.32884001,-0.085240343,-16.31180529,-0.064237505,-18.18688176,28.77356186,-46.26533786,10.80898565,6.9285483,-0.007569095,53.1589276,-5.551985,-0.001053074,0.158969955,-0.017343042,0.055430696,0.042768817,1.338118498,0.834153417,0.98207158,1.062646141,0.928150132,0.978342593,0.971593923,0.876984977,0.761733428,0.710303842,0.802070489,1.038889826,1.39525631,0.877008031,0.539305036,0.848487528,0.775903643,0.837982973,0.87749463,0.844292378,1.000948343,0.988718043,1.130974878,0.856352704,0.929165367,0.917438209,0.831136582,0.838125181,0.863470712,1.001038828,0.493607333,0.837411002,0.741266747,0.898676234,0.88254313,0.778530088,1.005559071,3.73452381,0.256886602,-4.892833909,497.4120559,0.394597659,-3.347599023,-6.281008391,-1.925219642,12.77799919,0.05831608,0.053371713,-10.54970779,0.0,4.072757308,16.53824081,0.0,6.879586632,6.879515786,4.096058457,3.861206405,3.689915097,3.616367197,3.470588783,3.187025507,1.788870643,1.445923234,1.334817944,1.197989769,1.104880484,3.612069702,3.316229896,3.022613545,2.986314589,2.807392755,5.081861691,4.991013034,4.805852205,4.794430373,3.897804104,3.83398767,2.0,16.0,2.0,2.0,1.0,4.0,0.0,0.0,0.0,0.068041382,0.565918022,3.039058011,0.068041382,0.975590082,0.093473444,2.183328039,0.088388348,0.583950672,7.72038438,5.228587324,7.67789,26.20335574,471.6604033,0.163076009,-6.528739943,459.2508664,820.0,1.0,0.0,20.0,1.0,1.0,0.0,0.0,1.0,0.0,1.0,1.0,0.0,0.0,0.0,1.0,0.0,0.0,6.0,2.0,10.0,0.0,3.0,3.0,0.0,1.0,0.0,0.0,1.0,0.0,2.0,0.0,0.0,0.0,1.0,0.0,0.0,23.43210469,0.0,0.0,1.692015942,0.197909436,4.932074423,0.0,-0.482816345,-1.808277578,0.0,0.294787881,-1.808277578,-0.720527569,4.124180492,-0.533058316,0.0,0.0,0.445102495,0.0,3.900391993,4.371734561,0.0,0.0,0.0,0.294787881,0.491455492,0.674815739,0.0,0.346382866,0.0,-0.037974668,0.0,3.253464016,0.0,0.0,1.509907712,0.0,13.23118162,0.0,13.64776606,0.0,0.0,0.294787881,14.83010274,2.201807781,4.124180492,0.0,0.0,0.0,0.445102495,0.0,3.900391993,4.371734561,0.0,0.294787881,0.751119378,0.732353333,0.986301574,0.20710345,13.99033257,0.0,0.751119378,-0.142526288,-1.808277578,8.304552428,39.25,1.09028,0.0,1.35391,0.83346,0.259259259,1.828416985,3.790071227,4.624518655,5.423251797,31.90136818,50.66639466,71.4262176,36.83825416,9.0,0.0,3.44,0.0,0.0,15.09784259,39.55103228,19.30495791,0.0,0.125,0.0,0.0,0.0,0.0,0.0,0.166666667,0.0,-0.008,1.254,3.504,4.022,2.894098626,6.0,0.0,1.0,5.0,0.0,2.0,0.0,0.0,1.0,1.0,0.0,0.0,0.0,3.0,0.0,2.0,0.0,0.252450864,-4.955539128,722.1812022,2.397895273,2.974
3.0,-7.63838409106645,139.9654625,3.9508919351002496,230.710507,21.0,17.0,19.0,2.0,0.0,0.0,0.0,0.0,0.0,20597.75498,1328.034636,99.02766817,95.14754093,67.91363637,62.84047634,64.67014019,204.7514947,170.6124716,168.8229035,167.3110138,171.4838576,7.909147529,7.84792425,7.880744796,7.986102229,7.933267541,7.91009196,7.930028947,1.402112758,1.206364829,1.199848019,1.231519871,166.5315478,151.2625371,155.8737796,163.4871,165.6926989,164.7984031,165.1340324,164.7545726,163.2521717,6.384781906,3.370850804,3.422425777,3.317474514,4.514846134,3.812993097,3.575128979,4.158453187,1.064138125,1.232124004,-3.339146688,1.689920484,1.658653529,-2.946820855,1.086758212,39.48797928,-936.8388631,-2029.231268,-308.2010733,1946.273535,-80.76796219,-786.3415582,-294.0001762,581.5071947,-2152.759025,-1918.779028,1090.391775,144.2465274,-184.7846397,1445.55936,-939.6762252,-2.770506936,6.529963153,-1.398525834,-10.49052258,11.126557,0.95387775,-11.40441979,5.990131993,4.022098916,-6.075959595,3.093388144,2.397444396,8.209879332,-6.221110996,-6.01427295,-82.58290593,42.23418334,-38.04844381,-58.9529554,80.187709,11.37566697,-35.2168331,-41.17888612,-129.0812978,-246.2147379,-26.13643517,-246.8117265,200.9182212,0.186264053,47.70403121,-0.273350059,-0.194240029,-0.415201919,0.533353814,-0.329521664,0.254972362,1.664262717,0.765708577,0.90006414,1.343286362,0.990922395,0.999183467,1.255553904,0.974932605,0.95163483,0.882080056,0.925466781,1.003841688,1.004041451,1.199099999,0.511608581,0.958565227,1.234478159,0.923590272,1.043133635,1.251267539,0.997071706,0.96923337,1.050109172,1.389993736,1.394567249,1.017705092,1.105808033,0.958786489,1.003805352,1.074880964,0.472453292,0.983484909,1.209867446,0.931695346,1.062287265,1.246620827,1.000312777,8.428571429,0.034522225,-36.69105634,2802.425265,0.025643473,-39.93178157,-44.59930466,-35.3372745,28.44871322,16.56720881,0.10300339,-24.77562784,4.0,3.907780526,11.37562093,0.0,4.042811796,3.835291526,3.827512009,3.819178655,3.792500963,3.752103006,3.735344815,3.706729737,1.895941414,1.859897741,1.838774487,1.816312513,1.784149769,3.699613343,3.630398489,3.619869694,3.594550785,3.55726249,5.04251392,5.039836107,5.037734788,4.970698658,4.968081916,4.962259205,16.0,15.0,4.0,7.0,25.0,1.0,0.0,0.0,0.0,0.214076175,0.608935648,8.151227663,0.0,1.611989256,0.0,3.176379446,0.0,0.329538592,15.44133029,5.258114877,-2.26254,34.21516935,709.7827129,0.098051767,-25.31263074,3576.357692,6747.0,20.0,0.0,36.0,20.0,33.0,8.0,27.0,43.0,16.0,31.0,44.0,14.0,4.0,3.0,11.0,1.0,14.0,32.0,15.0,14.0,4.0,19.0,12.0,2.0,0.0,0.0,0.0,1.0,0.0,15.0,0.0,0.0,0.0,2.0,0.0,0.0,8.05998308,16.19059271,42.75704314,-1.92707729,-16.67505339,-16.34836081,1.067688602,0.0,-2.644245267,0.0,0.259124407,-1.606160954,-1.607026182,1.36385177,0.369360075,-0.41968277,-0.518136989,0.369498694,-0.4163517,-0.502762756,-0.636805924,-0.416195504,0.39647703,0.359629687,0.259124407,0.39872562,0.744063282,1.686542989,-1.103341381,1.269089114,-1.996263559,-0.194588114,2.155106385,0.0,0.0,1.425416001,9.583225451,11.54650584,0.0,0.0,0.0,0.0,0.611790992,15.06028706,1.725021214,7.064048262,5.467418721,5.026194583,7.223717259,8.122692075,7.307484281,7.909042296,8.19530235,7.418833148,0.435300051,1.170588427,0.601351386,0.897792659,0.0,15.06028706,0.0,1.170588427,-0.353266445,-1.996263559,3.29327505,114.5,1.05046,0.5,1.7105,1.63793,0.492957746,1.714209709,3.852471155,5.449455031,6.445766386,18.10489596,36.34991917,172.7327798,61.48549173,9.0,5.0,5.09,0.332987048,7.890784773,0.0,0.0,0.0,0.0,0.0,0.0,0.0,3.08984207,0.398024631,6.609826718,0.88348354,0.0,5.305,11.479,13.794,7.874,2.683658518,5.0,0.0,2.0,3.0,0.0,1.0,0.0,0.0,1.0,0.0,0.0,0.0,0.0,2.0,0.0,0.0,3.0,0.031979793,-37.52489654,2569.84232,3.044522438,0.187
0.0,0.9632115469162764,5.48543241,0.4323643552288149,66.775825,0.0,1.0,3.0,0.0,0.0,2.0,0.0,0.0,2.0,6965.245556,213.8994818,126.6408283,101.5511412,66.50550522,61.49048315,62.12562387,233.4895941,197.3043278,184.8608525,169.1987384,155.7346652,7.6971276,7.608559348,7.678879686,7.601524287,7.52749794,7.545216279,7.632711,1.64896972,1.40736726,1.320535902,1.244064763,159.4530659,142.5433679,150.78714,155.1448108,158.226769,154.931796,155.3488573,158.6380643,161.3198774,3.889081487,2.755977721,2.618542491,2.436797712,2.888368573,2.555622095,2.5287868,2.512768633,0.094127741,0.060544506,-0.395289832,0.306538816,0.064634485,-0.198208399,0.13004304,76.60201514,53.30440236,-483.6610936,-684.850784,-10.80444997,-368.6195729,387.2786525,39.01673104,40.52149717,-173.2667716,-384.4086335,141.4375893,-77.16396469,-823.9825265,-83.7332578,-291.8156874,-0.024980628,0.753472132,-0.882781521,-2.180510198,1.776453025,-0.100320992,-1.196934215,0.313107405,-0.258724437,-2.363537151,2.402094371,-4.81856325,1.861929414,-4.26503248,-6.520822873,-2.820890057,-20.59493039,22.776026,9.697585847,-20.97017485,-9.814999977,-24.67105225,1.084329075,-9.47397028,-33.66463645,-7.139451946,-19.08645376,2.039618658,1.320724399,53.48178851,-4.099415555,0.018695329,-0.211727273,0.215585613,-0.091761797,0.011331215,1.409259111,0.928645441,0.997740077,1.395005123,0.810981306,0.84295368,1.035728706,0.932961738,0.839260161,0.69698458,0.827865775,0.849076448,1.239984107,0.971354501,0.676856354,0.910993081,1.1803111,0.714930432,0.805834662,1.010906919,1.127277938,0.9040785,1.138335917,1.220811409,1.119671946,1.153767666,1.002139423,1.076479687,0.99975691,0.997954724,0.536754572,0.901536545,1.475422187,0.882869714,1.003182008,1.148979216,1.000480571,2.18697479,0.201948385,-4.799229396,743207.5947,0.299438264,-3.617541042,-5.265239416,-2.24716838,10.96877063,1.091700646,0.22724095,-4.44523311,0.0,4.457178699,12.93486407,0.0,3.989539174,3.92919003,3.784386179,3.628118639,3.457863919,3.28645617,3.251518006,2.930086361,1.584949762,1.476791304,1.372874417,1.357900179,1.111109651,3.568881508,3.244364772,2.964236179,2.889670893,2.744063043,4.854270225,4.819925935,3.920168631,3.848181817,3.621168086,3.364464927,2.0,10.0,2.0,1.0,5.0,3.0,0.0,0.288675135,0.204124145,0.0,0.348110351,2.145876277,0.0,0.389111245,0.0,1.31418029,0.0,0.164702425,4.504312471,2.287016685,5.2988,17.5356712,263.0350679,0.04590579,-9.243492066,479.8482066,564.0,0.0,0.0,14.0,0.0,0.0,0.0,0.0,0.0,0.0,0.0,0.0,0.0,0.0,0.0,0.0,0.0,0.0,9.0,4.0,8.0,1.0,5.0,4.0,0.0,0.0,0.0,0.0,1.0,0.0,2.0,1.0,0.0,0.0,0.0,0.0,0.0,22.77487744,0.0,0.0,4.046400445,0.510182021,5.099324545,0.0,0.0,0.0,1.631533461,0.0,0.799946847,-0.295310577,0.0,0.0,0.0,0.0,0.0,0.0,0.0,0.0,0.0,0.0,0.0,0.0,0.356797249,0.637466774,1.402877138,0.168982794,0.0,-0.308743843,0.0,0.0,0.0,0.0,2.102540312,0.0,12.07120706,4.91609758,0.0,0.0,0.799946847,0.0,13.5689759,2.309112994,0.0,0.0,0.0,0.0,0.0,0.0,0.0,0.0,0.0,0.0,0.727671625,0.408906644,1.194810589,0.596650977,13.5689759,0.831586614,0.727671625,-0.168319318,-0.308743843,7.50426612,30.75,1.025,0.0,1.13187,0.82166,0.416666667,1.546988945,3.376964153,4.535371986,5.07191335,17.99890346,35.64001614,56.62040312,33.01878133,6.0,2.0,3.44,0.0,1.666267604,17.23463684,34.95470449,12.70469421,0.0,0.2,0.632455532,0.0,0.0,0.0,0.0,0.0,0.0,0.003,1.305,2.439,2.27,2.915632754,4.0,0.0,0.0,3.0,0.0,0.0,0.0,0.0,0.0,0.0,0.0,0.0,0.0,1.0,0.0,1.0,0.0,0.048171291,-9.098976196,1485.015393,3.713572067,2.713
1.0,0.2438426635833481,1.33818624,-0.4103953418084181,80.201169,15.0,6.0,3.0,0.0,3.0,0.0,0.0,0.0,3.0,6956.559648,437.6180556,96.61888401,97.20967019,68.15895672,72.07406568,59.0465615,209.7348514,182.4215955,195.0042563,179.2454322,167.5742883,7.980114,7.766985617,7.752355558,7.812670981,7.890395115,7.952066581,7.91590258,1.390178956,1.359223229,1.256814746,1.212271299,170.2803645,150.1611574,161.0360481,164.0851046,168.7741694,166.1708627,162.5473336,167.0643614,166.497977,6.078028549,3.120248538,4.311011905,3.085492228,3.101495726,3.112327189,3.475246416,3.964323579,-0.041865313,0.494156745,-0.596125308,0.573854792,-0.29492096,-0.313817374,0.483198364,126.9216613,619.6822891,452.5362898,289.4092376,1145.826357,-305.3732524,-538.9834813,-831.5476907,-34.82885549,-28.16345917,-285.3524577,753.0765816,1284.010572,-870.0685402,-971.4573715,-1073.299498,-0.528265222,5.381415889,3.180832361,-1.970269639,2.905115111,-0.329907972,0.242651222,4.461784611,-1.215595339,-1.642890498,2.515480672,-5.277949397,-4.856284149,-0.810951368,-33.36733507,58.69525513,-3.084908902,-2.704431709,42.17103825,-46.29584655,-1.826282664,66.04945737,-13.03901427,49.11459539,-29.35473331,-11.81740693,17.89303627,114.9377652,1.670021859,47.43055157,-4.009532444,-0.171565977,-0.135275269,0.266384085,0.07214934,0.43869376,1.738701841,1.045975354,0.792618716,0.994724008,0.873052726,1.2204837,1.19053941,0.94398788,0.923698911,0.765793793,0.921342824,0.992501329,1.047305832,1.003311036,0.532018808,0.577519484,0.877041841,0.557649188,0.741686251,0.851122349,0.83173147,0.834209876,1.002411174,1.274210022,0.880564853,0.912513076,0.747369024,1.031734527,0.9757594,0.84173445,0.343778634,0.509840302,0.7841698,0.400884374,0.62488661,0.74395646,0.831946208,2.607142857,0.023157949,-14.68512697,674.3167739,0.047433173,-11.88889042,-15.1417258,-7.076854879,10.23772827,5.88859127,0.593231971,-2.036462119,0.0,3.589794634,12.19366466,0.0,4.090433439,3.815233643,3.669292557,3.613247838,3.536229362,3.396608941,3.097992137,3.019499317,1.743785035,1.66036398,1.584610701,1.372874417,1.353530306,3.456640604,3.391854925,3.264120101,3.068025794,2.879788346,5.661078966,5.070313146,4.881355932,4.881355932,4.243233877,4.034296342,4.0,6.0,1.0,7.0,6.0,2.0,0.0,0.0,0.0,0.07856742,0.526117248,3.718390994,0.288675135,1.170219183,0.204124145,1.447876701,0.015586992,0.211204941,7.445074479,2.784831508,7.17115,25.14955735,490.4163683,0.264879734,-5.181069616,412.20951,865.0,2.0,0.0,12.0,1.0,4.0,0.0,4.0,1.0,1.0,4.0,0.0,1.0,1.0,0.0,1.0,0.0,5.0,14.0,0.0,5.0,2.0,8.0,4.0,2.0,1.0,0.0,3.0,1.0,1.0,1.0,1.0,0.0,0.0,0.0,0.0,0.0,9.468264962,0.0,1.253596437,6.015826916,-1.214617311,-1.439338474,0.752129332,-4.559064162,0.0,0.0,0.46426069,1.89712774,-1.439338474,7.101655682,0.880761834,0.0,0.968762845,1.139721556,1.253596437,2.695777269,0.0,3.488383968,0.600761631,0.0,0.46426069,0.320081448,0.0,0.978109746,0.413126277,1.930177188,-1.95830653,-0.607729135,2.420479259,0.0,4.029552046,2.086678595,9.627632087,11.82108728,5.806602463,13.57212112,0.0,0.0,0.600761631,13.57212112,2.002181586,7.101655682,6.301002323,0.0,5.488066145,1.139721556,1.253596437,8.153609627,0.0,3.488383968,0.46426069,1.090910545,0.483071758,1.076092872,0.632663942,11.82108728,0.0,1.367591616,-0.15038868,-4.559064162,11.63219465,43.75,1.12179,0.5,1.18161,1.04655,0.555555556,1.727334467,3.767973771,4.911186245,5.294653474,17.75607544,37.82305798,54.63684425,34.6584389,14.0,3.0,3.11,0.090909091,3.381948864,16.90213957,27.89458136,13.70005794,0.0,0.5,0.2,0.0,0.0,0.0,2.121320344,2.505601599,0.5,0.804,2.177,3.014,2.987,6.040479778,5.0,0.0,1.0,4.0,0.0,1.0,0.0,0.0,1.0,0.0,0.0,0.0,0.0,3.0,0.0,2.0,1.0,0.027895687,-13.95920439,15163.38603,2.397895273,6.779
0.0,0.2931236501071259,1.532644,-0.0048634002394503,92.566962,12.0,4.0,4.0,1.0,4.0,2.0,0.0,0.0,6.0,11156.1319,597.7753391,141.2168595,119.6860139,72.76956768,74.27730303,60.97550346,226.7603714,191.8332155,186.941089,171.1003,168.2147407,8.174072949,7.922743357,7.643109686,7.927004904,8.036515199,7.90273165,7.771689993,1.586739883,1.331066362,1.274299866,1.299592085,168.8058323,147.7897074,155.5771532,160.2852791,163.9756458,162.1555284,163.760273,165.4975736,162.9778391,7.566776445,2.918361718,4.290710404,4.239440195,3.396292892,3.912270857,3.276450984,3.131098838,-0.15307944,0.294240034,0.082598298,-0.418116928,0.272452936,0.028056087,-0.034917341,399.8178126,1498.458259,-284.9958552,2317.477819,-898.9168009,-1288.448354,-1160.651674,-1948.627895,240.5297839,260.3092066,-1587.017124,2676.089378,521.6888165,-1364.002186,-866.5947112,-1994.950079,-0.134867,7.245861,7.697305,0.985732,-4.74808,-3.54973,-3.81315,-0.32137,0.121690502,-5.409785933,7.648734029,-2.667130406,0.580753691,-5.115919184,-4.28967369,38.53304104,28.56603996,3.924815753,-7.227999734,-17.5724331,17.54728649,27.58522667,-25.75480555,192.3508914,12.17343821,-86.92036281,-116.4484972,-10.18306279,4.81708208,49.85989767,-4.592599954,-0.310298862,0.043476565,-0.31323408,-0.376855978,-0.035730045,1.677973607,0.959442018,0.756912703,0.839142033,1.257275976,0.990911096,0.858677125,0.757967169,0.676199782,0.825260763,0.834073506,0.94552464,1.038592147,0.952613884,0.391114059,0.504769308,0.59108605,0.903067591,1.021994178,0.945430503,0.742799793,0.882534899,0.97669103,1.06846887,0.932482026,0.837317078,0.835381392,0.988102452,0.851557757,0.751623901,0.442433924,0.480452481,0.575474822,0.908867338,1.061409271,0.936373494,0.683388345,4.823879552,0.465327151,-3.442565564,884.1959984,0.745907245,-1.319193103,-2.383172118,-1.020271753,18.81057672,2.272809997,1.244011605,0.982535955,1.0,4.436222122,14.96868674,0.0,4.736138279,4.088440702,3.968597739,3.795058369,3.654264452,3.500509148,3.440477273,3.269375511,1.851092674,1.606603539,1.56860738,1.382760563,1.372874417,3.630706723,3.589352821,3.446774257,3.206984542,2.943053532,5.691765057,5.236078607,5.208542825,4.968989922,4.956021514,4.873096447,2.0,10.0,2.0,3.0,9.0,1.0,2.0,0.0,0.0,0.136082763,0.670303432,6.588651323,0.835885641,2.782411569,1.242143943,3.571846101,0.437241822,0.463146836,12.13741089,4.801951939,7.43029,23.30960057,524.4660127,0.180839337,-7.695658266,586.9644348,1296.0,4.0,0.0,14.0,4.0,6.0,4.0,3.0,6.0,6.0,6.0,1.0,2.0,0.0,0.0,4.0,0.0,6.0,13.0,1.0,6.0,3.0,5.0,5.0,0.0,3.0,0.0,0.0,0.0,0.0,4.0,0.0,0.0,0.0,0.0,0.0,1.0,13.56544861,2.234179801,10.89610509,1.443912644,-3.258795144,-0.633703052,3.199459957,-6.780401532,0.0,0.775548035,0.062221221,0.247609283,-0.367183221,2.896679932,0.190399496,0.075996293,0.384160441,0.032848994,0.015406552,0.117170633,0.050512553,0.730347154,0.0,0.0,0.062221221,0.39252221,0.903128277,2.050247671,0.16204683,1.463615926,-0.865516226,-0.367183221,1.883129751,0.0,0.0,0.0,0.0,11.7379109,0.0,12.94023665,-7.190995154,0.247609283,0.410010026,15.26684089,2.017067681,4.81266116,5.30562677,1.079451221,4.685702012,4.358063969,5.821871173,3.114451528,0.050512553,0.730347154,0.410010026,0.903128277,0.563800799,0.516535435,0.0,14.30740213,0.527938752,1.657278134,-0.219757083,-7.190995154,11.97314022,47.5,1.05556,1.5,1.38206,1.12933,0.533333333,1.921749679,3.937540837,4.917413109,5.36657695,24.81667037,44.21312476,65.39249356,41.32785999,9.0,3.0,3.11,1.5,4.631909246,10.39397234,32.15238849,20.31685839,0.397773174,0.810760202,0.0,0.0,0.0,0.0,1.066646194,0.0,0.0,0.966,1.993,3.728,2.734,3.10541752,5.0,0.0,2.0,3.0,0.0,1.0,0.0,0.0,1.0,0.0,0.0,0.0,0.0,2.0,0.0,0.0,1.0,0.576792552,-2.476226725,534.5229199,3.044522438,6.554
2.0,-2.845626079018753,15.47399569,2.3821547953789683,169.18144,12.0,10.0,9.0,0.0,0.0,0.0,2.0,0.0,2.0,24617.99034,715.9343278,160.9018977,92.77420109,53.22022963,55.58731969,53.14671504,198.0199614,152.1464778,158.2872608,153.7488004,153.6566152,7.663331229,7.542415617,7.610363184,7.673859057,7.722945278,7.718774586,7.728023772,1.418860578,1.179279006,1.144983438,1.146790732,166.3223047,149.9981968,157.5010041,163.5338589,165.7360552,166.724182,165.178365,166.0647451,165.7691068,4.679309332,2.910533652,2.908132332,2.368755119,2.725087719,2.888748064,3.241570153,3.094473732,1.195101835,-0.368910054,-0.657381149,0.949618814,-1.164892009,0.716092474,0.514526211,-29.34188844,316.0297589,-821.2095154,-1637.407167,1379.132335,-1604.263942,614.2385619,-757.5271442,51.47229021,-1545.096241,-385.2930772,-600.1865553,1092.526388,-645.5327162,526.9959355,-64.60232198,-0.990463751,5.318507474,-2.255790713,-4.056229384,0.874825287,-1.840116595,6.80031672,0.983356858,-0.217991929,-1.242561021,-3.164056247,-4.664106483,-1.478630451,0.552555355,-26.14977618,2.265053653,-14.78240951,-49.65157023,38.70082772,-29.06461302,1.887421387,35.10090312,-11.55736755,-47.43086851,-82.37214844,-23.60019996,184.2018603,11.28445658,-0.189302506,50.61516012,-1.22724851,-0.074563662,-0.184690916,-0.061907686,0.30000303,0.016473659,1.803694287,0.624770989,0.979489591,1.131578178,0.986518095,1.341629065,1.12070031,1.158644732,0.713356393,0.424416015,0.656360608,0.58126693,0.54131591,1.160189004,0.4816527,0.912803078,1.099703613,1.020873167,1.145013427,0.972138305,1.149468307,0.759426027,0.839580026,1.528102442,1.23023981,1.079229094,0.991043985,1.113506918,1.042388368,1.002673193,0.413186692,0.825268604,1.02617535,1.019899966,1.082159806,0.943313354,1.18411263,5.335714286,0.153765651,-13.66797675,1388.117238,0.131011186,-14.83704976,-12.89834559,-15.92161684,20.1708492,8.068724452,0.067899715,-19.63498108,1.0,3.930898738,12.40738086,0.0,6.879644413,6.879644413,3.769679743,3.728628063,3.720719461,3.679710216,3.64818281,3.586659482,1.92600495,1.855896909,1.822126075,1.740020716,1.7309633,3.658613819,3.578060678,3.490471541,3.430871472,3.386663291,5.063984249,5.063977964,4.992545703,4.975403232,4.972115854,4.969861848,4.0,11.0,2.0,9.0,21.0,1.0,0.0,0.0,0.0,0.0,0.268728739,4.386539164,0.0,0.446383983,0.0,2.191788572,0.0,0.151376666,7.532772232,3.745243526,7.03339,23.41568291,709.7827129,0.34111826,-7.851340223,2314.184089,2808.0,9.0,0.0,21.0,13.0,1.0,1.0,12.0,8.0,22.0,18.0,11.0,18.0,2.0,2.0,5.0,0.0,8.0,30.0,4.0,10.0,0.0,27.0,4.0,0.0,0.0,0.0,0.0,3.0,0.0,7.0,0.0,0.0,0.0,0.0,0.0,0.0,21.6620054,0.726945781,56.44940967,10.673957,-2.004520732,-4.990840012,4.834798414,0.0,0.0,0.0,0.202213435,1.391905563,-1.126041513,0.314296773,0.423604916,0.726945781,0.3019559,0.406972055,0.539294401,0.281462005,0.379350662,0.503482816,0.410902732,0.361721966,0.202213435,0.293548204,0.681269651,0.0,-0.375549267,2.029569764,-0.954620699,1.011828759,2.666956337,0.0,0.0,1.391905563,9.773320596,11.9605337,0.0,0.0,0.0,0.0,0.522266596,14.93193396,3.654824755,6.39187788,0.423604916,0.726945781,4.026227954,7.37177364,6.221798792,6.992669783,7.798450324,6.462034875,0.380260343,0.908043581,0.475141621,1.228485284,0.581718634,14.93193396,0.0,0.908043581,-0.343666354,-1.126041513,12.78984088,69.5,0.95205,1.0,1.69179,1.16292,0.596153846,1.597742621,3.500314462,4.990624499,6.010368316,20.74572686,36.97860776,122.6316252,50.81999486,6.0,6.0,4.87,0.0,2.878690831,0.0,0.0,12.51528499,0.0,3.880385129,0.0,0.0,0.992256939,0.857202371,1.38238173,3.058792954,0.793700526,2.971,5.286,6.384,4.074,1.710734201,3.0,0.0,0.0,3.0,0.0,0.0,0.0,0.0,0.0,0.0,0.0,0.0,0.0,0.0,0.0,0.0,4.0,0.24009941,-10.41492631,1556.873436,0.0,7.325
0.0,0.8385524997243556,4.56548689,0.6388850309175698,67.708067,0.0,4.0,4.0,0.0,3.0,0.0,0.0,0.0,3.0,6661.646534,477.2083333,118.9579738,115.1487521,88.86937062,101.0039225,75.78253729,249.4996858,219.5972704,216.6161876,203.684822,182.3581666,8.319957857,7.969221551,8.151572183,8.187261016,8.429361865,8.498738951,8.481442659,1.594689432,1.359113604,1.275731474,1.190966077,166.2056414,147.8619725,152.272183,156.6385092,159.4234448,160.4680251,165.3097922,169.0417081,170.8040728,8.521577381,3.784380692,5.374091381,3.65792706,4.254605642,5.866586538,5.887001079,6.531657356,-0.150347054,0.315694307,-0.160741583,-0.496154802,0.377478763,0.121191867,0.141002004,75.56997137,389.1771184,-4.600598722,-595.701495,-234.0141644,1544.604072,-139.3422839,-1556.161261,178.0057871,-177.596443,-189.2393522,-565.760827,-322.5821542,366.3270323,-190.8930431,-801.0840119,0.692786801,5.119162485,1.236609179,-1.777592393,-3.790234566,4.540822837,-3.551953969,-3.342192352,1.449358043,-0.386265604,-2.413857866,-2.752066597,-3.259006033,0.170404346,11.54349768,51.4532921,40.38808671,-27.78739865,-86.32661578,-65.24598632,-42.25552786,2.387687862,-8.602714002,-4.894097222,-51.31969246,77.06122449,-50.30265023,14.56430697,1.23885199,44.31943769,1.761187655,-0.141028098,-0.293255385,-0.501545556,-0.244187622,0.081364843,1.502090015,1.054273389,0.897848809,1.156987642,1.378778007,1.11424998,1.08234941,0.854910297,0.98045327,0.949973022,0.78188872,1.061731968,1.343864568,0.944299812,0.411650068,0.631548441,0.95570247,1.073989531,1.021041973,1.409204115,1.463516599,1.047763777,0.981639577,0.846818642,0.826519147,0.7742111,1.114478752,1.245420172,1.303130445,1.159345799,0.367909154,0.642143783,0.901091977,1.072736899,1.03884223,1.378801245,1.404448646,2.571428571,0.158506784,-6.815244182,569.8207699,0.00081,-26.33707472,-6.828955157,-8.273561399,11.0515632,5.547916667,0.099046883,-8.554999292,1.0,4.191362128,13.73007322,0.0,4.027956075,3.877222261,3.806831164,3.629143033,3.334635232,3.292264087,3.172621212,3.082884069,1.636857686,1.566541659,1.510015092,1.258315507,1.179726701,3.509634274,3.285368862,3.157020637,2.98057591,2.872543415,5.39269249,4.993614304,4.748773147,4.571428571,4.571428571,4.0,1.0,15.0,4.0,2.0,1.0,3.0,0.0,0.0,0.0,0.232307808,0.884862395,3.884694729,0.356716516,1.40797794,0.216421891,1.385934805,0.051671384,0.422351995,8.554008554,3.425079509,5.57181,24.27965702,449.1736548,0.385369076,-3.52814893,400.3426453,699.0,2.0,0.0,20.0,1.0,6.0,1.0,1.0,4.0,1.0,0.0,0.0,0.0,0.0,0.0,2.0,0.0,0.0,3.0,3.0,11.0,1.0,0.0,3.0,0.0,2.0,1.0,0.0,0.0,0.0,2.0,1.0,0.0,1.0,0.0,0.0,0.0,18.61701779,1.865122474,5.487590639,0.0,-5.144018802,0.332263033,0.0,-6.819299178,0.0,0.0,0.343070791,2.602084987,-0.75089102,6.204855761,0.914579598,1.865122474,2.468198959,4.146759964,5.487590639,0.0,0.0,0.0,0.0,0.0,0.343070791,1.114268707,0.734518835,1.344261556,0.0,0.0,-2.23127551,0.0,2.602084987,3.738235229,0.0,0.0,0.0,12.08718456,5.436552816,14.81511653,0.0,0.0,0.454000732,14.81511653,1.771039331,6.204855761,5.082633743,1.865122474,2.468198959,6.726073752,5.487590639,0.0,0.0,0.0,0.454000732,1.238516156,0.590916596,0.0,0.0,13.66706113,0.0,1.46723356,-0.09663596,-4.814462987,7.885679841,44.0,1.18919,0.0,1.05893,1.25742,0.230769231,1.813123798,3.907852099,4.594354015,5.273885226,19.15583238,40.21333245,62.85351153,33.20183914,10.0,0.0,3.11,0.0,1.322622085,12.65793739,29.6394121,22.01717,0.333333333,0.650697637,0.696238325,0.0,0.0,0.0,0.66943295,0.66943295,0.0,0.097,1.273,2.828,3.129,3.594464945,6.0,0.0,3.0,3.0,0.0,2.0,0.0,0.0,1.0,1.0,0.0,0.0,0.0,3.0,0.0,0.0,0.0,0.129857796,-7.552866632,469.2942744,3.433987204,4.724
0.0,0.900153732879078,5.00953924,2.205489922538126,117.474443,0.0,5.0,4.0,0.0,0.0,2.0,0.0,0.0,2.0,10340.64135,348.0175373,101.3788368,91.32257065,56.35397666,62.05296498,54.15599369,211.9217934,173.8269904,186.2344923,188.0022795,168.7668882,7.576750961,7.561800045,7.530257571,7.530268606,7.638611358,7.598239668,7.524309318,1.493714452,1.373352095,1.405714164,1.3008592,163.1068511,146.3930679,155.4404532,157.9397115,161.5427268,161.3215958,159.0829721,157.6273972,160.0881433,3.411936641,2.761918627,2.513679913,2.491301908,2.463323045,2.623802961,2.56590661,2.345616184,-0.0169176,-0.020151066,0.063464022,-0.088933175,0.174614783,-0.026023954,-0.38225475,157.9978076,563.624959,-475.6286611,263.0886652,1288.601716,-46.39474592,-599.3193274,-301.2698752,-4.937959694,601.9659694,-565.4832668,579.4618995,1955.975146,609.1129557,-1002.285129,-820.2736671,0.228108232,0.909589892,-0.283344752,0.155837532,-0.548245885,-0.90923146,-1.562236577,-1.839171518,-0.637714835,-2.988567427,1.345402897,4.180598831,-3.499917372,0.227776533,-20.38822987,25.38372268,-24.72451231,-7.773984205,30.45793232,22.40295393,-13.32301195,7.515941015,-0.840254849,16.21591991,-5.046915521,0.715162488,-26.38693011,-44.13905288,1.490545355,52.15901462,1.915449546,-0.007926933,-0.016656487,-0.006381937,-0.076929825,-0.112313112,1.462383009,1.095778932,1.098364898,1.00347497,1.139512099,1.218243324,1.081657874,1.104097093,0.822584865,0.652883709,0.831790616,0.903835548,0.872199926,0.935725678,0.767110472,0.922155701,0.937786947,0.944206887,1.129521974,1.020869005,1.012155839,0.814069045,0.964474142,1.406533406,1.078396545,1.145420528,0.995107478,1.034350426,1.127402502,1.026172055,0.569067283,0.743889975,1.067275546,1.001281939,1.009968376,1.101309594,0.965797075,3.008403361,1.00823808,0.041842095,779.6205987,0.984186754,-0.081292005,-0.003751293,-0.064743289,17.90118708,2.549874945,1.15012572,0.713343416,3.0,3.867488989,13.25792442,0.0,4.006052448,3.928336215,3.881493987,3.731405766,3.621827519,3.556452786,3.391070084,3.389909885,1.865186571,1.847099448,1.730692671,1.682509751,1.62251813,3.604852854,3.528998884,3.474567472,3.33423794,3.28739796,4.825622916,4.808143809,4.179029268,4.010613928,3.900161659,3.838896887,2.0,14.0,4.0,10.0,8.0,0.0,1.0,0.0,0.0,0.07856742,0.499485066,4.070099789,0.288675135,0.968340531,0.144337567,2.68137406,0.25,0.413066352,8.061072075,3.895435616,8.63659,24.86456951,634.0465225,0.294534051,-6.234039372,717.8840301,1920.0,2.0,0.0,21.0,1.0,1.0,0.0,0.0,0.0,0.0,0.0,1.0,1.0,1.0,0.0,1.0,0.0,0.0,18.0,3.0,11.0,4.0,12.0,2.0,0.0,1.0,1.0,0.0,3.0,0.0,2.0,1.0,0.0,0.0,0.0,0.0,0.0,32.00365961,0.0,0.0,9.913432409,-0.550464997,8.025379375,0.0,-0.057364948,0.0,1.540557512,0.663687943,0.762541565,-0.317461459,7.452284808,8.098743943,0.0,0.0,0.0,0.0,0.0,1.632507442,1.774121642,0.721260505,0.0,0.663687943,0.363555536,0.567493529,2.003538256,0.366179967,0.0,-0.293417162,0.0,1.702277736,5.464756158,0.0,1.978458678,8.66431418,11.22859755,6.314140255,0.0,0.0,0.762541565,0.721260505,14.98046071,2.204164157,7.452284808,8.098743943,0.0,0.0,0.0,0.0,0.0,1.632507442,1.774121642,0.663687943,0.921356936,0.470269675,1.104955841,0.0,14.98046071,0.778015947,0.921356936,-0.369176073,-0.317461459,14.30797305,50.25,0.98529,0.0,1.43208,0.97266,0.475,1.537322825,3.559651719,4.823099115,5.543420288,16.66564725,35.81226308,81.02127799,39.29961803,13.0,8.0,4.65,1.603567451,9.439653282,0.0,45.32295324,14.13056741,0.0,0.349951402,0.236081598,0.0,0.0,0.0,0.0625,0.905443344,0.965489385,0.003,3.657,3.861,3.455,4.0072095,5.0,0.0,1.0,4.0,0.0,0.0,0.0,0.0,0.0,0.0,0.0,0.0,0.0,2.0,0.0,1.0,2.0,0.860164638,-0.76822049,686.3545074,2.397895273,5.364
2.0,-3.979392223416158,33.66088324,2.3777755690766686,172.275026,12.0,10.0,9.0,0.0,0.0,0.0,2.0,0.0,2.0,24764.28659,711.2121056,158.7454269,92.40719237,52.78798469,55.26443573,53.26475628,197.3252467,152.6254794,158.5835022,153.438851,153.2834959,7.650430269,7.53353837,7.601246384,7.673993477,7.700458015,7.697119077,7.719831412,1.415152527,1.184936958,1.145644643,1.143931537,166.3073223,149.7456246,157.1597852,163.8443268,165.8073202,166.4518164,164.8997783,165.7733142,165.8125123,4.559051959,2.826131687,2.808936923,2.346083789,2.686721992,2.82426339,3.138084372,3.076927269,0.927213128,-0.096413932,-0.690915802,0.773069432,-0.806101693,0.082853237,1.094735889,-4.993962801,243.9455252,-797.4365523,-1398.362391,1024.747494,-1457.075267,483.7878012,-108.1430312,120.8561927,-1589.570027,-515.3054477,-365.311001,919.5525242,-571.9117831,392.7537154,486.9321991,-0.967480627,4.68286338,-1.619856589,-3.939380398,0.261127921,-1.181208777,5.441200453,2.711788285,0.122223043,-1.585001322,-2.423336907,-4.506486323,-2.924420007,2.498367805,-23.61793991,-11.56105147,-4.474387523,-48.64063769,35.82689058,-18.0926559,-19.44431694,46.19339885,-9.118899662,-39.07023641,-85.6279107,-10.0507117,172.0020863,40.40118629,-0.031408571,50.65003052,-1.063033054,-0.05735157,-0.186960504,-0.097694492,0.271725255,0.057063822,1.755589038,0.700914764,0.944961496,1.13826736,1.015484146,1.284684589,1.179746561,1.116571298,0.70835539,0.435197238,0.653634095,0.582443733,0.533327618,1.164246739,0.507470966,0.894808799,1.111005377,1.060234694,1.106160434,0.992350319,1.129561959,0.764704876,0.830292757,1.518089399,1.269321519,1.056794347,0.99923912,1.102631219,1.068838931,0.989559747,0.414526875,0.815057815,1.060737094,1.0789517,1.042707846,0.948699556,1.181562304,5.335714286,0.166969624,-13.245581,1307.583282,0.163033538,-13.42211516,-12.51944992,-13.9952387,19.36500978,8.799596664,0.048113105,-22.4530851,2.0,3.942315323,12.43021593,0.0,6.879644413,6.879644413,3.772783279,3.730929125,3.727174136,3.702275995,3.662133464,3.632535953,1.926579331,1.857433465,1.825877637,1.740515805,1.730963245,3.665416233,3.627931055,3.554897197,3.46613445,3.428523813,5.160335498,5.160331579,5.090038511,5.070943738,5.069183543,5.067498418,4.0,10.0,2.0,9.0,24.0,1.0,0.0,0.0,0.0,0.144337567,0.352062073,4.500232957,0.0,0.564235114,0.0,2.301745173,0.0,0.172209999,8.151617574,4.021881762,6.4902,23.85922002,709.7827129,0.2809364,-9.395239566,1535.462137,2895.0,9.0,0.0,19.0,10.0,4.0,1.0,11.0,9.0,16.0,23.0,12.0,15.0,2.0,2.0,5.0,0.0,8.0,34.0,4.0,8.0,0.0,29.0,5.0,0.0,0.0,0.0,0.0,3.0,0.0,7.0,0.0,0.0,0.0,0.0,0.0,0.0,16.998005,0.729588583,38.75632053,13.05156523,-2.349924946,-4.584764289,4.861391129,0.0,0.0,0.0,0.188967051,1.40659532,-1.115218564,0.303189385,0.311151268,0.729588583,0.286826586,0.294358775,0.539653322,0.265800169,0.272780195,0.500092916,0.403841833,0.355534324,0.188967051,0.29164245,0.739982207,0.0,-0.364146888,2.039348451,-0.940419158,1.021295213,2.974854612,0.0,0.0,1.40659532,9.859966251,12.06126057,0.0,0.0,0.0,0.0,0.518691177,14.98792063,2.132836639,6.36241776,3.105032814,0.729588583,2.884443691,7.339745711,6.199684019,6.738605909,7.774102194,6.436234986,0.269997693,0.903960412,0.424546825,1.236123952,0.592025221,14.98792063,0.0,0.903960412,-0.356780617,-1.115218564,12.17766887,69.5,0.93919,1.0,1.73794,1.11767,0.641509434,1.588942896,3.389527657,4.852557675,5.978905183,20.55610919,36.2447912,128.3523553,51.28330593,6.0,6.0,4.98,0.0,0.0,0.0,0.0,14.28692882,0.0,3.880385129,0.0,0.0,0.977332669,0.857202371,1.287840054,2.980862378,0.793700526,2.934,5.63,6.731,4.25,1.663040304,4.0,0.0,1.0,3.0,0.0,0.0,0.0,0.0,0.0,0.0,0.0,0.0,0.0,1.0,0.0,0.0,4.0,0.26603133,-9.798644852,1433.050505,2.397895273,6.965
0.0,-0.9625097614574528,0.69039481,-0.4044358707208093,95.220962,18.0,4.0,4.0,0.0,6.0,0.0,0.0,0.0,6.0,9058.082556,698.4652778,109.1335248,104.1880278,70.91151485,59.00735381,55.16457745,226.277382,190.6030581,178.8880451,160.3260519,156.6731652,8.223605349,7.890162477,8.123873115,8.109371108,7.740009465,7.614045162,7.765805298,1.469911431,1.306572601,1.19466638,1.136537713,170.2782143,147.5136397,159.7500661,160.1866911,164.9169481,163.934456,159.6105627,163.5074414,166.1796232,8.415244311,3.449872286,5.474699222,3.444317023,4.335042735,3.210212688,2.76305793,3.371507472,-0.034654236,0.270402292,-0.322353379,-0.159235965,0.398364671,-0.158021085,-0.358590209,121.8520412,797.0776162,913.6981022,-683.7171318,-1268.315858,-940.1793576,444.8990441,1284.37,-56.57766528,-144.0629358,451.4585645,-127.3617324,-824.9884485,-1900.882739,-188.0541479,154.0646436,-0.342332646,8.277460599,-0.328566088,-6.130420578,-0.349605813,3.814246191,0.960879641,2.357192192,-1.313833374,-2.1847049,-1.055182486,-6.143967535,-3.632227084,-4.579715348,-24.09154304,111.1178143,-65.97591015,-49.30662198,83.92352848,-17.40858362,-46.4026703,-89.07130884,-14.19271161,45.44387893,-98.34878167,77.55531262,0.170316809,-20.88802902,1.400598175,47.13280156,-6.273540394,-0.163134616,-0.403068777,-0.002712386,0.000485,-0.061076108,1.598852287,0.98717754,1.083906576,1.327637097,1.074211978,0.766845597,0.733336989,0.9094758,1.020905366,1.046933356,0.945728287,0.905673612,0.897315446,0.985699534,0.511265659,0.72211998,1.107931478,0.915495033,0.51050166,0.598454853,0.748079488,0.944636019,1.031801044,1.041008182,0.761327634,0.83111995,0.733572828,0.658831268,0.739842155,0.880859116,0.364042881,0.508765966,1.015908432,0.900458942,0.464799393,0.589657679,0.788800622,3.571428571,0.451817868,-3.892933024,2412.299033,0.456465408,-3.842787559,-3.911761267,-3.892239045,14.54812225,7.67494898,0.333644328,-5.378630723,0.0,3.529276794,13.44206546,1.0,3.92325876,3.869103724,3.836729105,3.764521987,3.595781602,3.370489962,3.307090622,3.258362118,1.880294553,1.849084132,1.725192734,1.383151706,1.372874417,3.697019144,3.549844045,3.262931666,3.15803709,3.064045447,5.494306998,5.494297544,4.828995448,4.816449587,4.694951984,4.686192469,4.0,11.0,4.0,6.0,8.0,1.0,0.0,0.0,0.0,0.0,0.392258898,5.250913561,0.660683603,1.497826018,0.344321911,1.535373199,0.068664129,0.294213208,9.83628988,3.252351698,7.60276,23.66903998,579.8914795,0.023022681,-18.47924948,925.0811618,1585.0,0.0,0.0,20.0,0.0,0.0,0.0,0.0,0.0,0.0,0.0,0.0,0.0,0.0,0.0,0.0,0.0,11.0,12.0,0.0,11.0,1.0,9.0,2.0,0.0,3.0,0.0,1.0,2.0,0.0,2.0,2.0,0.0,0.0,0.0,0.0,0.0,11.74828281,0.0,0.0,2.164822097,-1.31160856,-1.48268827,-1.77566931,-11.27996159,0.0,0.0,0.0,1.224204529,-1.168294149,0.0,0.0,0.0,0.0,0.0,0.0,0.0,0.0,0.0,0.0,0.0,0.0,0.470523375,0.0,1.793476329,0.029363326,0.715495127,-1.053282627,-1.168294149,0.0,0.0,3.760198544,1.224204529,0.0,13.94960642,6.062411787,13.35420539,0.0,0.0,0.0,14.67647373,2.039237606,0.0,0.0,0.0,0.0,0.0,0.0,0.0,0.0,0.0,0.0,0.987320088,0.78299619,0.424422378,0.0,14.67647373,0.0,1.484527052,-0.607568993,-4.849421325,13.7112521,56.75,1.15816,1.0,1.21221,1.26268,0.441176471,1.748431995,3.719624548,4.750544401,5.365708859,18.36554036,38.26781512,79.99062089,48.33351949,9.0,3.0,3.77,0.0,3.00408641,0.0,37.81438343,7.775916024,0.396850263,0.166666667,0.730296743,0.142857143,0.055555556,0.169030851,0.0,0.353553391,0.25,0.003,2.88,3.696,2.361,2.790328395,5.0,0.0,0.0,5.0,0.0,0.0,0.0,0.0,0.0,0.0,0.0,0.0,0.0,3.0,0.0,3.0,2.0,0.483900169,-3.556795616,748.2043159,0.0,7.969
0.0,-1.5844697982747855,3.44362249,-0.7693425329940432,42.58186,0.0,2.0,3.0,0.0,0.0,0.0,0.0,0.0,0.0,3200.315075,208.3333333,82.0593609,83.04511218,40.68080649,39.13840482,38.42438258,197.0951844,139.2890222,138.2928296,134.6149829,135.497007,7.702433949,7.555376522,7.541006093,7.605243325,7.59993093,7.563012308,7.590818596,1.34067872,1.069780146,1.055687397,1.051800172,165.4437951,149.4221593,153.980712,164.4280297,166.0757317,165.6394409,165.0944391,165.6187765,166.1564271,5.341880342,3.301282051,2.96185738,2.979166667,2.882034632,2.833333333,2.688888889,2.798245614,0.003562968,0.028587667,-0.045500602,0.02744919,0.041358791,-0.003811439,-0.261467758,-17.18919744,-226.883799,-63.41136767,-61.74152212,-123.4421873,-257.2437483,-252.5873098,-172.5696599,50.07171713,-716.5513505,-104.5741164,44.62822171,69.25984347,-130.8051227,-138.5941146,-57.76107349,0.091583385,0.749777278,0.175993254,-0.76379858,-0.95698187,-0.956438935,-0.826990154,-0.742742343,0.587455432,-0.388149313,0.072439514,-0.155487598,-0.146819684,0.029896429,4.614977268,-19.99121889,-3.8670949,-0.520692528,3.823612373,-0.554778195,-0.516102755,0.091277325,-0.403846154,7.700690335,-13.5739645,-23.61637081,-22.49145299,-17.99013807,-0.440748652,48.78856126,-1.842325672,-0.01035503,-0.157836796,-0.260515126,-0.346022354,-0.315616457,1.383246189,0.774488473,0.816325186,0.940908615,0.958259062,0.907183875,0.927209631,1.249783503,0.989583154,1.029499062,1.081381728,1.081036378,1.065011331,1.299279874,0.514876804,0.857337224,1.025117609,1.179632788,1.184273242,1.118665033,1.153703905,0.918842754,0.93671447,1.253184851,1.389450523,1.001648172,0.895168787,0.938905514,0.936225859,0.932534608,0.54840061,0.862471781,1.001618252,1.210073814,1.23460013,1.144386643,1.142695534,1.035714286,0.214556992,-2.924441766,193.7674384,0.195698695,-3.099240238,-2.926884767,-2.836612288,10.76950709,2.624489796,0.31816457,-2.17585438,0.0,3.859064752,8.66969355,0.0,3.764871719,3.570149674,3.462513584,3.203542946,2.840727417,2.64911457,2.639733204,2.422312749,1.407429495,1.177163174,1.102295258,1.037964258,0.875601692,3.092324045,2.780410043,2.675203415,2.572902573,2.239845047,4.826204146,4.809696197,4.17956697,3.88243493,3.407557692,3.069815312,2.0,6.0,0.0,0.0,6.0,0.0,0.0,0.0,0.0,0.0,0.102062073,0.781474414,0.0,0.0,0.0,0.227670901,0.0,0.0,1.270116357,0.308313037,2.4711,13.26093538,125.9788861,0.179297843,-3.265543166,359.314506,413.0,3.0,0.0,8.0,2.0,1.0,0.0,0.0,0.0,0.0,0.0,4.0,3.0,1.0,0.0,2.0,0.0,0.0,6.0,2.0,5.0,0.0,6.0,0.0,0.0,0.0,0.0,0.0,0.0,0.0,2.0,0.0,0.0,0.0,0.0,0.0,0.0,9.825711771,0.0,0.0,4.131811833,0.0,0.465961827,0.0,0.0,0.0,0.0,0.431362563,1.598343128,-0.359425318,5.000102328,8.520160599,0.0,0.0,0.0,0.0,0.0,0.689465389,2.242301108,0.793998463,0.0,0.431362563,0.39269172,0.556351844,0.0,0.326102952,0.0,0.0,0.0,1.598343128,0.0,0.0,0.0,8.297954737,10.73070162,0.0,0.0,0.0,0.0,0.793998463,11.59141463,1.900979035,7.530414294,8.520160599,0.0,0.0,0.0,0.0,0.0,8.134431232,9.203565406,0.701763459,0.565844998,0.499357048,0.903688744,0.0,11.59141463,0.0,0.793998463,0.329513588,-0.359425318,4.54656267,18.5,0.97368,0.0,0.80336,0.6453,0.428571429,1.529083801,3.176714246,3.78887586,4.342969206,14.49524291,26.24993292,40.82359884,25.31011872,9.0,8.0,2.45,0.0,0.0,14.32110559,8.693439588,0.598408481,0.0,0.464158883,0.0,0.0,0.0,0.0,0.111111111,0.0,0.0,-0.088,0.942,2.478,1.299,2.328767123,1.0,0.0,0.0,1.0,0.0,0.0,0.0,0.0,0.0,0.0,0.0,0.0,0.0,0.0,0.0,0.0,0.0,0.144124551,-3.680447088,167.4439349,0.0,1.182
0.0,1.5339484893665305,10.77480625,1.6459122557470671,90.996583,0.0,5.0,3.0,0.0,0.0,0.0,2.0,0.0,2.0,19166.13254,242.6634945,262.5497608,119.5872039,84.19540337,82.95100644,89.14446816,243.6807816,226.2831417,209.2757178,190.1845865,174.2008586,7.689810219,7.724263055,7.835823386,7.77579204,7.669283983,7.556436386,7.487417564,1.775512494,1.530381548,1.450191764,1.379386687,160.0212674,145.5982887,152.5085928,153.9384922,162.8621125,155.7217666,156.0744552,158.0140152,159.3531658,3.324157459,2.99386673,2.833571623,2.751602564,2.763361561,2.64620957,2.498293116,2.328763751,-0.061382987,0.172703118,-0.064456874,-0.087560007,0.117788797,-0.141841149,-0.080833092,81.67138673,835.4968542,-1790.288842,-1210.130659,-629.3948872,-681.4931465,1658.659001,3199.531067,9.04919297,634.3326949,-1272.197934,2090.253451,-209.5309553,-1082.335366,-396.918318,-258.6493177,0.455673947,1.012358626,-0.260245302,-3.297684604,-1.669084665,-0.46570243,0.381396263,2.247971247,-0.451587566,-8.994464202,13.21793536,-5.671166655,2.157692094,-2.396890845,-6.155098163,27.19668783,-61.45903557,65.6345579,8.768463149,-15.05518695,-4.118538816,-38.09234652,-0.846490017,8.968279702,-37.42086946,-5.366268674,-5.211096703,-0.179681968,1.047069061,53.56369785,-4.472460189,-0.010852436,-0.174050556,-0.067761835,-0.019739003,-0.000699,1.464847979,1.091144366,1.113807103,1.299699984,1.259021478,1.012508664,0.9145769,0.821993415,0.64613791,0.33061262,0.55165614,0.544708628,0.867881767,0.802651094,0.830100272,1.039480493,1.725746158,1.108895491,0.900972951,0.771952876,0.626082972,0.686139899,1.011740423,1.181134016,0.962356201,1.254171572,1.103331936,1.115942255,1.034446232,1.062311756,0.634368055,0.80158569,1.759034184,0.860224645,0.733995359,0.706532208,0.614501885,3.121428571,0.682253201,-1.605888596,544.8028217,0.942745108,-0.247629192,-1.755821485,0.473915029,13.45590603,1.04411178,0.609354494,-2.08049137,0.0,4.660229677,13.7678549,0.0,6.879516345,6.879516115,3.996618895,3.741690856,3.657005584,3.639550847,3.599756001,3.355760422,1.856104183,1.766330773,1.560712122,1.317848052,1.249629723,3.572541682,3.557663838,3.308624991,3.236777889,2.927898838,4.690477109,4.041434785,3.881908951,3.799358265,3.784642749,3.457497733,1.0,16.0,4.0,5.0,3.0,0.0,1.0,0.0,0.0,0.11785113,0.468480722,3.661246969,0.288675135,1.170639625,0.204124145,2.714088424,0.25,0.315140736,7.774969439,3.493599073,7.31667,34.02401576,709.7827129,0.186289116,-7.057912781,1706.048274,1136.0,1.0,0.0,23.0,0.0,1.0,1.0,0.0,1.0,0.0,1.0,0.0,0.0,0.0,0.0,1.0,0.0,0.0,6.0,2.0,13.0,3.0,3.0,2.0,0.0,1.0,2.0,0.0,2.0,0.0,1.0,2.0,0.0,0.0,0.0,0.0,0.0,37.6928259,1.044455628,0.0,1.87814927,-0.453641928,9.862085961,0.0,-0.56432875,0.0,0.0,0.461738667,2.039599923,-0.278311243,0.0,5.650008018,1.044455628,0.0,0.941762151,0.0,3.166926651,0.0,0.0,0.0,0.0,0.461738667,0.448744144,0.982155674,1.842879053,0.509019136,0.0,-0.285782132,0.0,2.871343844,4.780541686,0.0,2.039599923,0.0,12.23637615,5.319158381,0.0,0.0,0.0,0.461738667,12.23637615,2.252119753,0.0,5.650008018,1.044455628,0.0,0.941762151,0.0,3.166926651,0.0,0.0,0.461738667,0.755572877,0.722141785,0.718318348,0.0,12.23637615,0.0,1.001428633,-0.514137433,-0.56432875,9.726522917,46.5,1.10714,0.0,1.30074,0.94407,0.28125,1.642638071,3.814933845,4.651416853,5.240725757,24.74543584,45.97284034,74.07825541,44.11335294,15.0,3.0,3.88,1.5,4.329038852,22.62879749,43.25291861,17.36721602,0.0,0.0,0.426401433,0.111111111,0.0,0.0,0.685006711,2.334815149,0.5,0.003,1.493,3.573,4.15,4.519565217,6.0,0.0,1.0,5.0,0.0,6.0,0.0,0.0,1.0,2.0,0.0,0.0,3.0,3.0,0.0,2.0,0.0,0.59497293,-2.180805358,638.3573198,2.397895273,4.502
0.0,0.2120406476492846,1.21969936,-1.6058678396454011,47.10293,20.0,3.0,2.0,0.0,3.0,1.0,0.0,0.0,4.0,6046.959439,376.873352,163.4313362,131.2484701,107.7382739,98.83162932,112.7144972,273.8369926,250.3659728,224.9420014,185.3743409,159.3486143,8.656699811,8.170511953,8.387601543,8.251259347,8.372452824,8.501220653,9.23478225,1.763402272,1.460492976,1.197400184,1.03312788,167.9707837,149.0659726,156.6481583,156.3739794,163.056743,158.6072373,163.361133,171.2889857,186.5936171,10.18576627,3.977597737,6.88795361,4.175279931,4.967949968,5.378126765,5.450916478,9.919335134,0.461352836,-0.651078484,0.521418012,-0.097970451,0.241403358,-0.482156667,0.069591724,-21.35199623,214.2886751,-432.9021091,-443.9863829,37.8829459,-564.1809136,-81.58989426,393.4156352,75.37700869,-257.7994509,-222.8962637,8.039039711,-206.6436328,-874.5808741,-152.337409,804.1693274,-0.500104272,4.907798438,-1.860661901,0.602873365,-2.052719556,-2.349877696,-5.242992504,1.950590845,0.219086921,-2.384546886,0.872619165,-4.005086049,-1.904880475,7.637922193,-8.141668638,68.61396163,-46.20224878,32.35372091,-59.2549737,-26.28537935,-77.50305264,40.31163696,-14.65512401,-10.77128005,1.666258552,-58.52207658,-114.0525341,82.09657414,-0.533799906,40.8481376,-8.574322295,-0.3663781,0.018111506,-0.401652752,-1.163801368,1.282758971,1.745861616,0.571751609,1.288926886,0.739074229,0.946152402,0.85924511,1.254210152,0.98964737,0.875384903,0.636915858,0.879347909,1.106890075,1.540055577,0.880365819,0.369653303,0.7686219,0.793826986,0.976300775,1.095895059,1.486030362,1.471014869,1.037773623,0.730212226,0.905288893,0.68937403,0.909969422,1.184688766,1.100698009,1.285495791,0.972537376,0.376887538,0.63952794,0.803558803,0.955674664,1.118184247,1.512453812,1.473385395,2.575630252,0.098120629,-6.268205642,253.5680419,0.144912631,-5.215385512,-8.162789787,-2.259445744,6.09691652,3.880631553,0.232346553,-3.940718202,0.0,3.998226562,12.00069687,0.0,4.248211922,3.956373643,3.853999231,3.46839528,3.384497071,3.178304889,3.017418626,2.668497617,1.331945819,1.25284087,1.082250302,1.061727269,0.871576082,3.197103795,3.119127847,2.963264628,2.693862145,2.645815032,5.304916208,4.865958107,4.623056239,4.465116279,4.465116279,4.095078902,2.0,11.0,3.0,1.0,0.0,0.0,0.0,0.0,0.0,0.0,0.252291192,3.124650146,0.288675135,0.73812677,0.11785113,0.895096227,0.013498731,0.143154381,5.444307,1.657445645,2.46194,24.91701486,334.4323054,0.017500031,-10.92299205,513.6009674,437.0,2.0,0.0,15.0,6.0,0.0,2.0,0.0,3.0,1.0,3.0,1.0,0.0,0.0,0.0,0.0,2.0,8.0,0.0,0.0,8.0,0.0,0.0,0.0,4.0,1.0,0.0,0.0,0.0,1.0,2.0,0.0,0.0,0.0,0.0,0.0,0.0,13.02359573,7.678410342,0.335111184,0.0,0.0,0.0,0.662044819,-4.601913696,0.0,0.599257145,0.559210995,0.599257145,-0.847548816,0.718925087,0.0,0.823520526,0.0,7.655426213,0.335111184,8.769203821,0.383866057,0.0,0.0,0.0,0.0,0.0,0.0,0.0,0.0,0.984403386,0.0,-0.847548816,0.0,0.0,0.0,0.0,0.0,11.81970917,0.0,13.68969188,0.0,0.599257145,0.640569846,13.68969188,1.817227323,7.852198466,0.0,6.854889816,0.0,7.655426213,0.335111184,8.769203821,0.383866057,0.0,0.0,0.0,0.710931665,0.0,0.0,12.25814564,0.599257145,1.451162359,0.178411351,-4.601913696,8.519347056,42.75,1.58333,1.5,0.66948,1.29951,0.055555556,1.971947799,3.513375325,4.216078028,4.790270257,24.8440551,41.3455812,55.87688775,36.29495511,22.0,0.0,2.45,0.0,0.0,7.926091986,21.38599261,11.95727433,0.0,0.25,0.0,0.0,0.0,0.0,0.5,0.707106781,0.0,1.323,0.868,1.118,1.87,22.38556531,4.0,0.0,0.0,4.0,0.0,3.0,0.0,0.0,0.0,2.0,0.0,0.0,1.0,2.0,0.0,2.0,1.0,0.159026723,-4.964444161,342.3134397,0.0,5.27
0.0,-0.4932479538197071,0.00332929,0.8756966179499163,74.53579,0.0,2.0,6.0,0.0,0.0,0.0,0.0,0.0,0.0,5853.813291,210.0833333,90.05866602,95.85228597,58.39412562,56.00511575,56.24049926,217.7298721,177.3639075,176.3154621,188.4783211,170.8983327,7.779406462,7.884570719,7.854241595,7.625164772,7.786805826,7.663430239,7.663604453,1.460275556,1.276548077,1.359226175,1.239896771,161.6333079,145.9180014,157.1858799,151.1064651,153.6410281,159.2241799,161.7396084,155.9341049,160.5252097,3.232051282,3.264705882,3.011111111,3.030381944,2.580795262,2.66980057,2.744565217,2.690202518,-0.183330322,-0.2925446,0.631171253,-0.317951451,-0.170906224,0.192632946,-0.033891067,181.9437584,391.6157734,-206.5206091,-716.9829797,216.7942084,-664.2455776,12.09168534,595.150832,-133.280989,1621.305051,-224.0034204,-1720.761265,-233.6445546,538.0072114,-686.0911377,822.0960874,-0.247026318,-2.461016227,-1.695212793,2.5080852,0.023992547,-2.207505908,0.970262898,0.326769697,-2.36387061,-1.510138724,-6.654815037,6.383586474,-4.849937525,2.255222762,-19.98172231,42.25277054,-23.92039813,-43.5443879,-27.84349835,65.11939121,-21.59771582,25.54247332,-1.794707429,-6.554240631,3.509368836,-17.78205128,9.357659435,8.573800131,2.675643506,49.78261703,2.75901134,-0.026392756,0.022211195,0.013876791,0.050856845,0.042235469,1.280075895,1.405166534,1.244715935,0.805607901,1.011633192,1.194239986,0.838816054,0.956446332,1.041635591,0.91450289,1.087719231,0.931159794,0.899581303,0.659415792,1.512679962,1.113977704,0.745913816,0.77224549,1.175507904,0.778736364,0.925427028,1.054183866,0.935717971,1.37819561,0.799734847,1.269851201,1.157176436,0.802772451,1.122232287,0.902417873,1.290054169,1.009533778,0.885780872,0.824645339,1.197027649,0.775454979,0.889783272,1.785714286,0.01448524,-14.82118769,487.1820426,0.104186287,-7.91551167,-14.6740734,-7.090333712,10.54328826,3.120399765,0.114649885,-7.58055295,2.0,4.847334275,12.02975246,0.0,3.948339488,3.80340196,3.779833103,3.484068107,3.127529169,3.099084095,3.03165781,2.910829458,1.492294716,1.448558733,1.43687528,1.418613196,1.404784399,3.387695975,3.007886648,2.965622087,2.891832201,2.840096505,3.984768714,3.87831619,3.862335669,3.601215175,3.365550021,3.356746479,1.0,15.0,3.0,0.0,2.0,0.0,0.0,0.0,0.0,0.096225045,0.370790812,1.95945292,0.0,0.438832194,0.0,0.833506923,0.0,0.136638221,5.500733577,2.032835082,5.39788,20.31928245,355.5874428,3.33e-16,-124.733659,13000000.0,797.0,1.0,0.0,19.0,0.0,0.0,2.0,1.0,2.0,1.0,0.0,0.0,0.0,0.0,0.0,1.0,0.0,0.0,2.0,2.0,9.0,6.0,0.0,2.0,0.0,0.0,1.0,0.0,0.0,0.0,0.0,6.0,0.0,0.0,0.0,0.0,0.0,24.64380969,3.191853173,1.513718768,0.0,-0.569520713,7.488877573,0.0,0.0,0.0,0.0,0.280491701,3.597984064,0.651288723,0.0,0.0,1.584561595,1.605577462,1.504100244,1.513718768,0.0,0.0,0.0,0.0,0.0,0.280491701,0.930093537,0.930093537,1.622770715,0.0,0.0,-0.319482579,0.0,3.597984064,5.10966073,0.0,0.0,0.0,0.0,5.362369856,0.0,0.0,0.0,0.280491701,5.730264283,1.988141351,0.0,0.0,1.607291578,1.605577462,1.514389587,1.513718768,0.0,0.0,0.0,0.280491701,0.96481576,0.623970768,0.0,0.0,0.0,0.0,0.96481576,-0.175346632,-0.319482579,7.734540207,38.0,1.08571,0.0,1.02568,1.05749,0.296296296,1.513160806,3.068113399,3.670488005,4.213322043,14.0758923,27.34503537,78.89003013,47.1691806,11.0,0.0,3.55,1.478418959,7.996780416,7.243739842,27.52107438,18.05191508,0.0,0.0,0.0,1.869439351,0.0,0.0,0.5,0.0,0.0,0.169,2.532,2.772,2.557,5.082338152,4.0,0.0,1.0,3.0,0.0,0.0,0.0,0.0,0.0,0.0,0.0,0.0,0.0,1.0,0.0,0.0,0.0,0.090674211,-8.401688025,358.9563926,2.397895273,2.725
0.0,0.2278202738761101,1.27780416,-0.4438012836260638,41.292309,0.0,1.0,2.0,0.0,0.0,0.0,0.0,0.0,0.0,3173.83094,169.7222222,96.17669515,101.1996814,55.93132656,49.79849077,20.20648631,250.9082344,183.2049062,168.3217158,126.0308326,86.93559831,7.649511273,7.622776964,7.50661411,7.506948315,7.563772686,7.491511357,7.73859375,1.687505326,1.27830355,1.012745264,0.732113183,155.8053383,140.848699,147.9934926,148.749647,150.565817,156.1692779,156.525568,163.4322351,173.0749429,5.143097643,3.162808642,3.05026455,3.552208835,2.95380774,3.15,3.032738095,3.447916667,-0.193009498,0.051121674,0.058770336,-0.082906046,-0.015357424,0.140426383,-0.02098182,64.876211,184.457847,61.70698756,-164.8967259,-36.65340444,-469.3408176,37.64814856,-80.57343711,59.61950934,509.9572588,33.28048925,-609.149846,-189.2489908,-988.5772314,-147.3403205,303.1329754,-0.006924595,-0.239351526,0.631020305,-0.02797106,-0.233482461,0.062634924,0.239032327,-0.85278461,0.11870957,0.18887345,-3.594547268,-4.704915091,-1.098885897,2.332011414,-3.557071367,19.66249745,3.830126363,-27.85424267,-9.557426243,-22.33745765,-6.822853547,11.3488124,-1.699954086,28.25104581,0.75936129,-8.397357413,-7.531017243,-25.94990307,1.802116972,50.3429274,-14.12253188,-0.047220947,0.00834463,-0.002013094,-0.134482451,-0.810934471,1.086577273,1.22034519,0.809352207,0.706215963,0.966766962,1.042136359,0.907855762,1.538022607,0.964703989,1.006878271,1.214154142,1.127671886,1.416627488,0.728715878,0.72318226,0.688369838,0.737986922,0.912657676,1.011904832,1.147856737,2.530043837,1.048593126,0.753300265,1.053086829,0.827172107,0.948810075,1.04812319,1.17868519,1.010571644,0.681671649,0.516325931,0.597548149,0.727308369,0.844411412,1.094456546,1.361398395,2.773720191,0.642857143,0.008711358,-9.486255279,361.8226814,0.111905552,-4.380200104,-9.681730342,-4.013138459,6.560073391,1.409150327,0.062217704,-5.554231371,0.0,4.897919113,11.27568245,0.0,4.021128295,3.694303819,3.374488342,3.146846966,2.919772016,2.74218659,2.618737022,2.467094787,1.388810182,1.292505202,1.073134785,0.902996451,0.821866432,3.105457851,2.847710085,2.73437256,2.588409422,2.425688968,4.830442214,4.474655899,3.95370798,3.503836513,3.393440412,2.995661234,0.0,9.0,5.0,1.0,1.0,0.0,0.0,0.0,0.0,0.0,0.224513414,1.491575693,0.0,0.543651713,0.0,0.715184396,0.0,0.16900011,4.189489444,1.678222243,3.08308,26.79842926,267.9842926,0.003408428,-11.36300825,441.3748125,278.0,0.0,0.0,14.0,0.0,0.0,0.0,0.0,0.0,0.0,0.0,0.0,0.0,0.0,0.0,0.0,0.0,0.0,2.0,1.0,6.0,1.0,2.0,0.0,0.0,0.0,0.0,0.0,1.0,0.0,2.0,0.0,0.0,0.0,0.0,0.0,0.0,16.21299414,0.0,0.0,1.943545761,0.0,5.027309854,0.0,0.0,0.0,0.0,0.0,2.212655423,-0.428363804,0.0,0.0,0.0,0.0,0.0,0.0,0.0,0.0,0.0,0.0,0.0,0.0,0.523526786,0.523526786,2.066092845,0.969844104,0.0,0.0,0.0,0.0,0.0,0.0,2.212655423,0.0,11.67145243,0.0,0.0,0.0,0.0,0.0,12.22659273,2.107331349,0.0,0.0,0.0,0.0,0.0,0.0,0.0,0.0,0.0,0.0,0.527337569,0.616445224,0.973701657,0.0,12.22659273,0.0,0.616445224,-0.009396613,-0.428363804,4.252482077,24.75,1.2375,0.0,0.75514,0.89249,0.176470588,1.420376403,3.145271863,4.187889195,4.718488437,12.51026072,28.89725669,43.47824779,22.13316532,17.0,0.0,3.0,0.0,1.947732718,8.344246029,22.08221839,12.94860915,0.0,0.333333333,0.0,0.0,0.0,0.0,0.0,0.0,0.0,0.003,1.171,2.385,2.496,6.362143475,4.0,0.0,0.0,4.0,0.0,8.0,0.0,0.0,0.0,4.0,0.0,1.0,3.0,1.0,0.0,1.0,0.0,0.058730357,-5.669597055,303.4256294,0.0,1.456
0.0,-2.5472090707214443,11.847364,3.0169889141717414,139.57065,0.0,7.0,7.0,0.0,1.0,2.0,0.0,0.0,3.0,13303.50192,644.0800373,113.7051447,102.2329685,68.25205692,68.61776361,58.00984558,231.9055802,190.1893126,186.2131419,175.9504285,170.9592392,7.845929179,7.712992778,7.79472607,7.828537545,7.816299711,7.740516602,7.659643488,1.576607882,1.349470727,1.309243531,1.3181985,162.4129287,146.2356771,150.930747,158.4650682,160.0396704,159.8992246,160.1980761,161.9080677,161.5051211,5.504957584,3.057384774,2.985064255,2.94653594,3.524991317,3.583166984,3.18740147,2.825789686,0.348679248,-0.177077984,0.002932175,-0.15588923,0.162425185,0.023271454,-0.222642314,97.42203665,366.4491394,1205.592406,508.0679861,-523.5637372,-159.7454979,469.3199539,-2270.196121,356.2106877,-537.1109017,1084.099546,421.1668135,-314.6810763,-1264.115612,-326.074343,-1061.253276,-0.643541829,2.578279278,0.318350284,-0.545269525,-1.505877367,1.832402977,-0.169291706,-3.114541795,1.44321336,1.233224249,-0.175142118,-2.968495254,1.112015233,-2.324123538,-2.977844109,-35.83444764,-10.871155,-15.67468108,-19.95857229,-8.543250933,3.397862711,12.88180681,-2.509320211,-7.346966836,15.58343526,19.09911015,-23.35872441,-23.41183392,0.779376293,49.97713242,-3.1445662,-0.020074562,0.042231532,-0.039239653,-0.05810628,-0.063792463,1.50831642,0.795383697,1.04232241,1.146135187,1.162581166,1.013210975,0.894210978,0.819452188,0.812526155,0.888795066,0.90546995,1.005461519,1.344588378,1.01594047,0.503263742,0.827430114,0.994704903,1.103348619,1.0030229,1.034133925,1.043640268,0.963043118,1.090645861,1.159266258,1.173921529,1.025837728,1.054156544,1.059763834,1.056007077,0.993904638,0.493878767,0.815200143,0.992953468,1.163270064,1.080960883,1.021705496,0.853892074,4.37745098,0.577426554,-3.679465958,1055.679989,0.612638765,-3.282864708,-3.752855364,-3.134997475,24.19949835,6.889064985,0.518647612,-4.398755034,1.0,4.382015556,15.51380998,0.0,4.077176831,3.972854336,3.960780821,3.838859089,3.794097248,3.703454929,3.526369853,3.491853317,1.905717667,1.872378228,1.860684631,1.835294594,1.693563109,3.770419873,3.645690968,3.613348681,3.514542096,3.40750606,5.158889597,4.98089135,4.943956183,4.910305536,4.905270144,4.895478764,7.0,19.0,5.0,2.0,14.0,2.0,1.0,0.0,0.0,0.191116977,1.148609187,4.884389062,0.13650087,1.835587471,0.230257185,2.412721956,0.098584392,0.689005474,13.14915315,5.782914241,8.81338,38.14736397,709.7827129,0.414917973,-5.893818712,2210.661178,3868.0,6.0,0.0,31.0,5.0,4.0,6.0,4.0,10.0,6.0,3.0,5.0,1.0,0.0,0.0,6.0,0.0,0.0,17.0,4.0,13.0,0.0,14.0,3.0,0.0,2.0,0.0,0.0,1.0,0.0,7.0,0.0,0.0,0.0,0.0,0.0,0.0,25.55726789,5.326118688,5.769921895,9.670555683,-2.754875858,2.376577841,0.0,-1.971144684,0.0,0.842968252,0.022887302,0.248133119,-0.64377974,4.085469488,0.069886395,0.072985523,0.376461,0.005679098,0.013614171,0.773381918,0.06820839,3.404966102,0.0,0.0,0.022887302,0.399721685,0.706384391,0.0,0.058579275,0.0,-1.018830276,0.0,2.217815034,0.0,0.0,0.965550052,0.0,11.62352436,0.0,16.44846547,0.0,0.248133119,0.551349845,16.44846547,2.059222424,6.860936729,1.118043694,3.466037254,7.363930177,4.937918262,3.229289486,4.636299392,3.016398047,3.404966102,0.551349845,0.966840301,0.577170174,1.020982431,0.0,14.70497712,0.594835132,0.966840301,-0.287273733,-1.205754028,11.67518191,72.25,1.07836,0.0,1.38131,1.1878,0.38,1.693539182,3.776124757,4.902396241,5.976951685,18.73479544,37.84011197,110.7929978,39.16500566,12.0,7.0,5.09,0.0,0.0,0.0,0.0,0.0,1.0,1.697810715,0.0,0.0,0.0,0.0,1.409674108,0.573861375,0.0,1.264,4.106,6.205,6.057,2.97409606,9.0,0.0,3.0,6.0,0.0,2.0,0.0,0.0,2.0,0.0,0.0,0.0,0.0,4.0,0.0,1.0,3.0,0.52853937,-4.272174483,1140.309474,3.433987204,2.85
1.0,-4.485068553115808,44.023225,2.218986944779768,177.507096,21.0,10.0,14.0,1.0,0.0,1.0,0.0,0.0,1.0,16941.37992,983.1197893,109.2992253,103.622667,69.18310486,63.6121223,63.81347491,213.6458977,176.0449505,173.2789406,166.9258825,173.0850511,7.884408948,7.854557995,7.814315707,7.929259218,7.915506245,7.828080622,7.825948126,1.520223775,1.24613263,1.220350988,1.275628955,164.5724737,148.4807127,154.4376336,161.1642228,164.6820274,162.8495795,163.754616,164.240974,161.1076734,6.342708318,3.099564537,3.673743831,3.328335136,4.245397504,3.703474391,3.42482403,3.76375352,0.666020041,0.974775443,-2.313363694,1.181552856,1.167061785,-2.066130102,0.871798489,522.482923,129.2870617,-2235.733887,-98.78741636,1241.733724,-1162.837491,-495.7260892,-910.1919471,384.1573051,-820.2180449,-2317.041565,1192.178753,349.6659131,-1205.64086,1671.405616,-1703.379648,-1.932820005,6.692810012,-1.95403306,-7.392234835,4.813516128,-1.990107481,-8.245043576,2.808803814,0.424824989,-5.863128529,4.67924804,-2.420042103,10.00299854,-11.63495407,-4.22894705,-66.12139193,18.53161571,-2.57775909,-62.16676107,38.32550235,40.5462761,-87.23170091,-40.60522971,-106.7991814,-152.1841914,-74.65371761,-149.5219582,80.0670913,3.286056119,49.29193455,-2.420965583,-0.255378803,-0.337437232,0.343622495,-0.268924385,0.140468581,1.717027843,0.801908753,0.914833829,1.386954837,1.008626502,1.023028649,1.284881589,0.929157231,0.897615161,0.828685382,0.879853939,0.909454818,0.969303909,1.096645172,0.467538722,0.973981212,1.1646432,0.975784001,1.073892619,1.178428903,0.93045608,0.893257797,1.032429905,1.345296564,1.345902914,1.05231624,1.122103689,0.999055313,0.951932799,1.139994601,0.445211907,0.969578082,1.107252488,0.982700304,1.075184917,1.141910235,0.950782846,6.800630252,0.101681274,-18.97307059,1840.831157,0.108486832,-18.43534977,-17.57137614,-19.31730229,24.71173748,6.504194187,0.172434597,-14.58921927,0.0,2.787422037,11.44848551,0.0,4.468907763,4.105310141,3.859014248,3.830226121,3.81105028,3.790742016,3.717494684,3.687879068,1.88933264,1.848392106,1.831697339,1.76085606,1.739639209,3.7904831,3.641152909,3.58641078,3.551994926,3.527828118,5.148077001,4.95515919,4.894549325,4.888407931,4.881013896,4.872087184,11.0,14.0,5.0,7.0,15.0,3.0,0.0,0.25,0.321114263,0.096225045,0.677474136,8.736227849,0.659739608,1.690990579,0.216506351,3.617675763,0.1875,0.342181026,14.08326106,5.118509158,0.16139,27.50898926,709.7827129,0.100620311,-19.06012947,1864.169905,3802.0,11.0,0.0,30.0,10.0,24.0,2.0,14.0,28.0,3.0,14.0,27.0,3.0,1.0,1.0,8.0,1.0,13.0,21.0,8.0,13.0,6.0,11.0,7.0,2.0,2.0,0.0,0.0,0.0,0.0,11.0,0.0,0.0,2.0,1.0,0.0,0.0,18.06459122,-0.200756936,11.66730114,-0.678920073,-7.955902282,-8.318585533,2.94906856,-3.299352416,-1.326355706,0.513174042,0.252665053,-1.326355706,-1.308037521,3.591499523,0.682316744,-0.367202099,-0.335123735,0.670096775,-0.469085731,-0.345479086,0.152827029,3.108343379,0.492762417,0.530878575,0.252665053,0.405728217,0.632188265,1.268409206,-0.676147284,1.393510645,-1.586382641,0.205202707,2.597020731,0.0,0.0,0.0,9.732195998,11.75151608,0.0,0.0,0.0,0.513174042,0.530878575,14.94965707,1.934319284,6.502701503,4.885514968,0.166445163,7.219346788,6.980125938,7.287548265,7.520052633,6.70101025,7.366629151,0.353665106,1.097358414,0.561053768,0.692799019,0.0,14.94965707,0.513174042,1.405209086,-0.342556799,-6.310389532,7.940522273,90.0,1.08434,0.5,1.5909,1.47333,0.464285714,1.75374553,3.849590782,5.286085718,6.115140515,20.06573262,38.92145457,127.5587656,49.07092556,9.0,5.0,4.65,1.251124316,11.59367634,0.0,0.0,0.0,0.083333333,7.866230673,0.0,0.0,0.772206438,0.0,4.564324215,0.0,0.0,4.104,8.011,10.782,6.03,3.328144765,5.0,0.0,1.0,3.0,0.0,1.0,0.0,0.0,1.0,0.0,0.0,0.0,0.0,1.0,0.0,0.0,3.0,0.128589536,-17.02437764,1904.877716,4.110873864,4.345
2.0,-2.7092536938969207,13.756681,1.9898817569744047,156.380682,12.0,10.0,9.0,0.0,0.0,0.0,2.0,0.0,2.0,23890.57335,703.4343278,168.2434743,93.84483865,54.20180283,56.27168578,52.88939324,197.1335713,153.2337562,157.7141268,153.2761764,152.0632274,7.707579676,7.589812654,7.619912262,7.702574501,7.734229835,7.753669234,7.741996854,1.411785148,1.172205128,1.13767543,1.136643851,166.928415,150.8942216,158.2608261,163.6704832,165.8784143,166.890942,165.4352541,166.5847475,166.0598899,4.953762872,3.00675559,3.048710189,2.459355132,2.776962629,2.951449437,3.397682778,3.165053748,1.273171207,-0.449045575,-0.587527575,0.860775786,-1.06157822,0.690245866,0.476474286,-78.16194148,698.8658569,-1266.749147,-1338.953925,1065.918935,-1305.898012,272.6285416,-957.9946856,53.13905741,-1006.712727,-579.1429445,-280.6889356,796.6418532,-475.6962293,380.6581675,-463.4326205,-1.136447419,5.439473946,-2.823898675,-3.696790134,0.568716582,-1.549843,6.056836694,0.838191067,-0.044041389,-1.218551076,-2.14813784,-4.685806462,-1.277785121,-0.83095186,-22.59333972,10.40132431,-7.893474827,-48.6838208,39.13022703,-35.87552438,10.0452487,23.54317546,-16.10363332,-61.35682287,-80.73053679,-18.98805159,194.0242303,9.107416187,-0.546587003,50.20682296,-0.95713527,-0.11261282,-0.195947905,-0.104430923,0.336263831,0.014186007,1.827645121,0.586668888,0.98532558,1.074562371,0.964296496,1.282792597,1.091319104,1.111180185,0.700278866,0.415689247,0.635667623,0.573649951,0.530623378,1.130916114,0.464632139,0.944154323,1.045033484,0.994032193,1.088932767,0.969754134,1.106659784,0.758173694,0.842838456,1.54109578,1.209944553,1.083486922,0.99559108,1.124817994,1.032199997,1.009936327,0.395513395,0.856963425,0.974299258,1.004471397,1.030555071,0.924406002,1.141940924,5.335714286,0.229156518,-10.01878017,4028.036453,0.200284161,-10.93452319,-9.539966148,-11.70659046,19.1449648,8.741134752,0.12131016,-14.34395201,1.0,3.912700784,12.36053497,0.0,6.879644413,6.879644413,3.768978949,3.728563266,3.719592823,3.67411111,3.576238515,3.54108643,1.911441784,1.85466134,1.819215626,1.731773062,1.70256466,3.578910039,3.53234236,3.482974745,3.429273672,3.333347102,5.078268238,5.07825458,5.012833396,5.006981359,4.986897608,4.984675301,3.0,10.0,2.0,10.0,17.0,1.0,0.0,0.0,0.0,0.0,0.166666667,4.710236465,0.0,0.446383983,0.0,2.403807246,0.0,0.151376666,7.253346113,3.569379476,5.7561,21.87841276,709.7827129,0.565965309,-3.870712956,2679.638715,2477.0,9.0,0.0,19.0,13.0,1.0,1.0,12.0,8.0,22.0,18.0,11.0,18.0,2.0,3.0,4.0,0.0,8.0,28.0,3.0,8.0,2.0,22.0,4.0,0.0,0.0,0.0,0.0,3.0,0.0,7.0,0.0,0.0,0.0,0.0,0.0,0.0,15.98597099,0.725763105,66.71719968,5.205880257,-2.16952432,-5.416490204,4.81530854,0.0,0.0,0.0,0.234653779,1.373890318,-1.13441107,0.349352994,0.488067636,0.725763105,0.336888876,0.479397598,0.543369099,0.322388555,0.450396655,0.510498228,0.42786469,0.371571312,0.234653779,0.307827005,0.749259596,2.115312636,-0.381328544,2.017760486,-0.957881141,1.004635299,2.596944729,0.0,0.0,1.373890318,9.584416546,11.73201122,0.0,0.0,0.0,0.0,0.553843923,14.76908678,2.120278808,6.790455372,0.488067636,0.725763105,4.735271166,7.399509816,7.999984681,7.343499908,7.801829694,8.17976896,0.327825773,0.90482818,0.430056724,0.957452618,0.470580523,14.76908678,0.0,0.90482818,-0.311014592,-1.13441107,10.36684687,65.25,0.95956,1.0,1.65893,1.15866,0.595744681,1.626410281,3.506906056,5.003217148,5.929435764,21.47447661,37.56495145,112.4391748,50.71126903,6.0,6.0,4.32,0.5,4.940973384,0.0,0.0,12.36763964,0.0,3.880385129,0.0,0.0,1.432690605,1.250682157,0.774836001,2.730816364,0.793700526,3.22,5.21,6.179,3.79,1.760359589,2.0,0.0,0.0,2.0,0.0,0.0,0.0,0.0,0.0,0.0,0.0,0.0,0.0,0.0,0.0,0.0,4.0,0.310834288,-7.945768354,2716.631773,0.0,5.394
0.0,0.7828989718397447,4.182025,0.4080653857560911,61.717688,0.0,4.0,4.0,0.0,3.0,0.0,1.0,0.0,4.0,12466.19107,460.5643861,249.3238215,133.8177584,116.4943473,151.4815569,107.1518344,257.7614406,227.6545217,225.5747324,206.8382689,176.406589,8.5192429,8.103358169,8.319904916,8.3923955,8.70786739,8.678393784,8.570085378,1.72231339,1.408221657,1.330757826,1.21684875,167.7030282,149.2457006,153.9588138,158.2285319,161.2815288,162.1946705,167.6119698,171.0010464,171.7824068,9.211287723,3.873656836,5.685834958,3.778745252,4.543577307,6.420459301,6.146420123,6.917969822,-0.138962552,0.336742074,-0.133972805,-0.51867828,0.385860748,0.07492541,0.092622629,9.080281562,469.2889437,-279.1689306,-2177.607091,-1691.200896,2818.621409,777.0989998,-1207.665517,136.6653834,-120.2028401,-189.4403567,-497.3921116,-235.2557173,262.3393056,-235.4955776,-907.2179107,0.58326524,4.85709615,0.7182395,-3.00776505,-5.26100802,4.48503357,-3.47744043,-0.95927115,1.222625701,0.087755784,-2.399575632,-4.741656652,-0.562328583,-0.925616569,8.523447257,47.50417021,33.9894942,-31.20344913,-87.0970919,-62.54216222,-12.14614273,1.835383244,-7.628030316,-5.463805898,-53.35405538,42.30514379,-73.21630134,41.22840415,0.168153362,44.81845776,1.48214297,-0.141259821,-0.344219712,-0.630473198,-0.438420966,0.305395586,1.525356889,1.051059412,0.894923107,1.156859423,1.418968339,1.06398973,0.96972128,0.736248483,1.028966742,1.055032334,0.938434424,0.987699391,1.303546815,0.902118839,0.431466799,0.669235552,1.010907916,1.144890054,1.039222832,1.357515256,1.268685486,1.035698422,1.088522537,0.863771427,0.832179405,0.777720191,1.136828944,1.282098377,1.198735342,1.028051363,0.370495706,0.653872435,0.914276513,1.1074552,1.116576234,1.383767493,1.27710984,3.4,0.074561054,-8.826865702,534.0742273,0.023350444,-12.77427353,-7.421591598,-10.44367318,10.29945265,5.08888536,0.15182449,-6.409102322,1.0,4.195198281,13.79139535,0.0,6.87957197,4.015608807,3.809666682,3.714686837,3.545380707,3.326099309,3.173031932,3.069916415,1.576332354,1.566538831,1.256952846,1.128688576,1.024142619,3.460470429,3.158316702,2.925887472,2.82485494,2.791409444,5.462031535,5.051821643,4.805970156,4.651982379,4.651982379,4.070484581,1.0,13.0,2.0,2.0,1.0,3.0,0.0,0.0,0.0,0.232307808,0.816821013,3.81764756,0.356716516,1.380606048,0.216421891,1.513906043,0.051671384,0.468730591,8.167693959,3.643728946,5.18111,21.02492718,357.4237621,0.300091582,-4.092469766,3164.778046,571.0,2.0,0.0,16.0,1.0,6.0,1.0,1.0,4.0,1.0,0.0,0.0,0.0,0.0,0.0,2.0,0.0,0.0,3.0,3.0,8.0,1.0,0.0,3.0,0.0,2.0,1.0,0.0,0.0,0.0,2.0,1.0,0.0,1.0,0.0,0.0,0.0,13.30987513,1.878555687,5.475133223,0.0,-4.885118103,0.162835176,0.0,-6.701200974,0.0,0.0,0.34895067,2.590582431,-0.724076436,6.184971141,0.927483271,1.878555687,2.46585299,4.171109428,5.475133223,0.0,0.0,0.0,0.0,0.0,0.34895067,1.068805745,0.723794741,1.351691825,0.0,0.0,-2.156558957,0.0,2.590582431,3.712947806,0.0,0.0,0.0,11.95329251,5.383441988,14.56582514,0.0,0.0,0.458043942,14.56582514,1.764163229,6.184971141,5.08275444,1.878555687,2.46585299,6.671787969,5.475133223,0.0,0.0,0.0,0.458043942,1.207673375,0.58672743,0.0,0.0,13.50300828,0.0,1.444892776,-0.069986064,-4.755413885,6.200430566,39.0,1.14706,0.0,1.14422,1.12968,0.272727273,1.986608528,4.11856294,4.67856294,5.15856294,29.06340531,50.66220667,55.6668528,37.60861504,9.0,0.0,2.56,0.0,1.00394485,7.177948234,20.55740756,19.50513919,0.333333333,0.650697637,0.696238325,0.0,0.0,0.0,0.66943295,0.66943295,0.0,0.097,1.191,2.698,2.701,3.224361845,5.0,0.0,3.0,2.0,0.0,1.0,0.0,0.0,1.0,0.0,0.0,0.0,0.0,3.0,0.0,0.0,0.0,0.046800268,-10.41034561,389.3902446,3.433987204,3.491
2.0,-2.9122039635219363,16.34908356,2.4430115373644194,175.645784,12.0,9.0,9.0,0.0,0.0,0.0,1.0,0.0,1.0,18478.06595,719.578275,114.0621355,83.87621519,49.48470258,52.39379139,50.11357229,190.5527909,148.3565891,156.5468432,152.1991356,151.3704586,7.582070006,7.496015825,7.53019751,7.621382493,7.709700393,7.667289255,7.693606223,1.348745504,1.166446164,1.137880934,1.135998004,166.3964875,149.2500984,157.2063722,162.9803469,165.8089757,166.5287048,165.1815144,165.568118,165.4576321,4.441841204,2.802996086,2.757480991,2.326245211,2.640020985,2.872944275,3.119769026,3.01844769,1.038519276,-0.314976893,-0.639398869,0.922812639,-0.953822379,0.325682671,0.748135892,20.56981993,224.6921231,-975.7297885,-680.1733092,1397.706566,-1204.82591,1175.068922,-785.6330443,42.14498789,-1333.714843,-1047.240404,-234.5752168,1276.982939,-597.3896305,844.3186341,-380.5057866,-0.778177456,5.137196804,-2.079113377,-3.024636049,1.601359996,-1.904471131,6.101522113,1.408920387,-0.317504884,-4.155754142,-2.011163908,-3.166633265,-0.285609095,-1.241757341,-23.66796098,-4.919961112,-23.1206489,-46.77023218,24.13699508,-10.92365032,-6.558124981,21.67988942,-10.28360031,-52.59976059,-77.06737731,-33.24497177,180.1445305,16.52949447,0.125425731,49.82301254,-1.096127762,-0.06270488,-0.15857485,-0.045739736,0.281916323,0.022989561,1.7732511,0.637848161,0.987260089,1.121829535,1.028303218,1.426093421,1.218977828,1.197495454,0.776516983,0.5623483,0.778200954,0.684263972,0.711761956,1.178439633,0.47776024,0.91735774,1.060736443,1.036665212,1.247539076,1.020196014,1.207621192,0.838332956,0.920216237,1.532336267,1.249812099,1.110974417,1.01527554,1.104861545,1.065111229,1.030037609,0.406302914,0.842018003,0.999054994,1.032512611,1.176632175,0.965486023,1.223207081,4.364285714,0.123100257,-15.50119559,1262.738487,0.142583678,-14.41391414,-14.63386189,-14.63198796,20.13467379,8.643043478,0.003643043,-41.55052566,1.0,3.935297584,12.41439588,0.0,6.879644413,3.817662018,3.761583914,3.728051939,3.683754002,3.64949972,3.59666724,3.541633381,1.930883934,1.892778808,1.851864383,1.813169428,1.738353723,3.66019614,3.59115206,3.528172144,3.459962385,3.428522121,5.106762093,5.106757762,5.035812686,5.0162194,5.014294028,5.012474606,4.0,9.0,3.0,11.0,23.0,2.0,0.0,0.0,0.0,0.0,0.268728739,4.794787455,0.0,0.446383983,0.0,2.460514441,0.0,0.151376666,7.821447367,3.875554806,7.43992,23.56077906,709.7827129,0.341351509,-7.953834599,1681.787549,2855.0,8.0,0.0,19.0,10.0,1.0,1.0,11.0,8.0,16.0,17.0,11.0,15.0,2.0,2.0,4.0,0.0,8.0,35.0,4.0,8.0,3.0,28.0,5.0,0.0,0.0,0.0,0.0,3.0,0.0,7.0,0.0,0.0,0.0,0.0,0.0,0.0,16.38791359,0.725275867,38.32553768,11.70051315,-1.633990309,-4.5871792,4.587008601,0.0,0.0,0.0,0.185908349,1.401162172,-1.119328577,0.297321147,0.297999444,0.725275867,0.280480171,0.281120047,0.533780178,0.260487746,0.261082012,0.495732711,0.403255651,0.353801095,0.185908349,0.289784979,0.615125096,1.987206948,-0.36851488,1.980958359,-0.945747486,0.984434365,2.970052893,0.0,0.0,1.401162172,9.834344036,12.02982161,0.0,0.0,0.0,0.0,0.517624499,14.96540359,2.130744453,6.34507974,0.297999444,0.725275867,2.765299484,7.318834614,6.088697859,6.720271569,7.746459531,6.417181941,0.268696372,0.900210794,0.425785623,1.234847542,0.59095538,14.96540359,0.0,0.900210794,-0.356467973,-1.119328577,14.1631661,68.0,0.91892,0.5,1.77608,1.10622,0.654545455,1.516001752,3.311864882,4.982262038,6.060076469,17.35641783,33.20672151,123.1839244,45.29225172,6.0,6.0,5.42,0.323165204,8.586185552,0.0,0.0,13.82429129,0.0,3.880385129,0.0,0.0,0.843442849,0.857202371,0.774836001,2.730816364,0.793700526,2.768,5.121,6.182,3.604,1.688951711,3.0,0.0,0.0,3.0,0.0,0.0,0.0,0.0,0.0,0.0,0.0,0.0,0.0,0.0,0.0,0.0,4.0,0.229885223,-10.87929591,1375.407122,0.0,9.913
2.0,-7.593169392839584,138.2082384,3.4914238578179293,223.945714,26.0,16.0,20.0,0.0,0.0,0.0,0.0,0.0,0.0,18600.82367,1325.777778,90.7357252,90.59976543,66.33582782,62.97405931,60.48057365,201.6426795,171.0644777,170.2535849,167.794362,167.1358891,7.922178556,7.874390646,7.896657776,8.00110998,7.997321925,7.946322592,7.878111912,1.335648998,1.191987758,1.181026887,1.189746628,166.8936385,151.5132442,156.2123196,163.5601544,166.8858263,164.9975868,165.4550904,164.7712596,163.6543477,6.467208672,3.451089846,3.447396306,3.454953528,4.533268734,3.970566319,3.858528848,4.068243335,0.580167341,1.739301315,-3.228178143,1.313197113,1.906107534,-3.035461424,1.287071392,-143.1289612,447.8633998,-1543.731971,-92.85033114,1699.889253,-631.0813721,-1448.667155,1009.597599,521.1074641,-1430.504296,-2239.986382,1698.729108,270.6541597,-334.7626905,484.3466555,-302.0884966,-2.967362791,5.143729887,-0.338187849,-8.315381636,8.831261247,-0.777532558,-9.519460722,6.330206366,2.501054552,-7.119866154,6.384709825,1.149114342,4.384762748,-3.277447609,-11.90788924,-85.6474416,22.11876769,-6.137907168,-54.45452779,84.42000471,2.699097909,-68.6851235,-51.62650274,-125.568444,-162.938298,-83.15626876,-168.8139381,207.3352442,-0.684827565,46.75496307,-0.498901178,-0.24701676,-0.272017192,0.438456876,-0.224188497,0.252539883,1.636894821,0.824678711,0.879884032,1.324525604,1.041496913,1.003549014,1.273994776,0.930098815,1.013297892,0.926197884,1.027831981,1.055037977,0.951948379,1.160765091,0.569194784,0.950680077,1.186517286,0.948541068,1.104503156,1.22202451,0.933422698,1.002710288,1.04138244,1.436029739,1.413427158,1.060245895,1.126653833,0.978283384,1.033176607,1.101060754,0.550212934,0.998701275,1.161114405,0.972185166,1.15701149,1.219852652,0.94204959,7.285714286,0.143863419,-20.74613276,4036.995355,0.175910204,-18.59426332,-20.73058579,-17.80448438,27.87744244,19.18607199,0.130377357,-21.79934845,1.0,3.926607654,11.29090854,0.0,4.042798151,3.844712769,3.817041739,3.810208756,3.757142545,3.708906767,3.703552012,3.676015034,1.902188623,1.891466568,1.847240493,1.833346328,1.791302428,3.723828524,3.651405368,3.615109631,3.588953564,3.574551523,4.992498321,4.98900448,4.923828814,4.920974302,4.916081168,4.913255119,16.0,16.0,4.0,8.0,24.0,2.0,0.0,0.0,0.0,0.240562612,0.574914957,8.673085074,0.0,1.925656292,0.0,3.867459395,0.0,0.376838683,16.82506487,5.80356099,-3.95041,32.4041613,709.7827129,0.092091683,-25.51918592,4051.865315,6299.0,21.0,0.0,37.0,14.0,42.0,11.0,25.0,51.0,15.0,26.0,47.0,13.0,6.0,2.0,11.0,2.0,16.0,34.0,14.0,16.0,7.0,11.0,16.0,2.0,0.0,0.0,1.0,0.0,0.0,14.0,0.0,0.0,0.0,0.0,0.0,0.0,11.94831596,34.93469787,54.20796857,-4.556100575,-22.9852794,-15.38207661,1.352031925,0.0,0.0,0.0,0.248000595,1.996312208,-1.623701162,4.299536197,0.602773449,0.598061809,0.833084964,0.626851926,0.620710248,0.8024414,0.656878975,0.6346766,0.248000595,0.398373941,0.283784725,0.398343937,0.789592705,1.108940868,-1.04047051,1.26401388,-1.813968416,-0.17494104,1.996312208,0.0,4.010058014,0.0,9.366919412,11.54434622,0.0,0.0,0.0,0.0,0.570515496,15.15069633,1.739343157,6.803625929,5.457440474,5.839854359,7.458696529,7.938280374,7.969191397,7.892480142,7.744004073,8.310268027,0.472737076,1.148345191,0.703133536,0.227751553,0.0,15.15069633,0.0,1.148345191,-0.366471688,-1.813968416,2.838680295,115.5,1.07944,0.5,1.671,1.71186,0.478873239,1.653567065,3.840455523,5.259024167,6.214672484,16.13149353,34.90918513,169.0574454,69.51725522,9.0,5.0,5.31,1.355866442,11.63160788,0.0,0.0,0.0,0.0,0.0,0.0,0.0,1.969082762,0.0,9.061171455,0.0,0.0,3.734,10.647,13.268,7.25,2.83382296,5.0,0.0,2.0,3.0,0.0,1.0,0.0,0.0,1.0,0.0,0.0,0.0,0.0,2.0,0.0,0.0,3.0,0.140892036,-20.96944682,3169.562449,3.044522438,-1.464
0.0,0.4323485061238084,2.15326276,-1.9567103233293888,51.848516,22.0,3.0,1.0,0.0,5.0,0.0,0.0,0.0,5.0,5690.992078,460.5833333,135.4998114,122.7423339,96.52651333,103.1615816,89.81634018,264.2479332,222.4705686,230.2860733,223.30342,202.5264454,8.641167333,8.405775333,8.44717196,8.345574796,8.396406248,8.621817486,8.520045191,1.660159616,1.450247004,1.383092431,1.266892359,171.8722518,148.7323427,153.0694081,164.0607624,167.3410254,166.0064352,165.1254995,170.1747427,172.1684721,10.96626984,4.456790123,4.731481481,6.027777778,5.797195254,5.996296296,6.751322751,5.867021277,-0.145688813,-0.004299779,-0.049283536,-0.012925625,0.039234888,0.260759236,-0.260652311,-28.09888492,-84.55450703,63.2204128,-303.4655109,241.9862668,374.9673502,-271.8938361,-454.5624517,112.8228311,-330.7735703,-320.615557,-434.4153926,198.7605578,172.8208368,-261.4456308,-197.0644026,-0.562114687,-0.807606014,0.985285918,0.448678907,1.674709458,0.341364048,-1.048164429,-4.270971433,0.622635363,-2.119161735,-1.345084642,-0.580118603,-1.105117988,-1.787536589,-4.388582822,-39.42551877,-10.34199855,17.10985641,47.05837612,-36.95144901,-16.7933233,-63.87568038,-13.29908352,28.72099395,6.719923154,5.231150794,-30.40509259,-100.0337617,-0.624419665,41.30878432,1.645912731,-0.295535189,0.067199232,0.269965259,-0.28957231,-1.064188954,1.232670359,0.950532064,0.954549784,1.116099698,1.091747022,1.047867499,0.965478696,1.106045156,1.014906007,0.894212149,0.840980582,1.051815435,1.22518876,0.956015029,0.6877897,0.825431298,0.880045369,0.790448575,0.901009607,1.138923195,1.36403954,0.891452167,1.094618769,0.830219036,0.977656103,0.965272933,0.74391759,1.001665234,1.099301298,1.242178258,0.643913566,0.810797268,0.874552337,0.801211721,0.900592916,1.150955762,1.37400956,2.345238095,0.075796223,-7.739120444,281.0959499,0.34189618,-3.219744466,-7.586426766,-2.556602788,8.217092676,5.412037037,0.022605565,-11.36867746,0.0,3.967093294,11.84174358,0.0,4.029896574,3.91116063,3.790065204,3.403377833,3.068901725,3.049267013,2.919338421,2.822646764,1.559185686,1.260040936,1.049160852,0.989095943,0.843309471,3.366204517,2.98965889,2.829288752,2.789411591,2.698122677,5.039752367,4.900697718,4.874242094,4.750047597,4.70228237,4.249832449,3.0,14.0,3.0,0.0,1.0,0.0,0.0,0.0,0.0,0.0,0.267583143,2.227580138,0.0,0.726558286,0.0,0.753951497,0.0,0.136540218,5.768913935,1.556474008,5.84528,20.13094283,301.9641425,0.390060345,-2.824361462,248.4424413,591.0,2.0,0.0,20.0,0.0,0.0,4.0,3.0,2.0,2.0,0.0,1.0,0.0,1.0,0.0,1.0,0.0,9.0,0.0,0.0,9.0,0.0,0.0,1.0,2.0,0.0,0.0,2.0,0.0,0.0,0.0,0.0,0.0,0.0,0.0,0.0,0.0,2.529866018,19.99795938,11.00851664,0.0,-1.611511716,0.0,-8.796008928,0.0,0.0,0.0,0.396222246,2.601553997,-1.64441715,0.0,0.0,1.030793567,6.269100982,5.781418858,5.504258319,0.0,5.224181524,0.0,0.396222246,0.0,0.475473002,0.0,0.0,0.0,0.0,0.086482657,-1.611511716,-1.64441715,2.601553997,0.0,3.749504756,0.0,10.70844503,0.0,0.0,13.18497782,0.0,0.0,0.475473002,14.59135351,1.651603975,0.0,0.0,6.937794653,6.605197594,5.781418858,5.504258319,0.0,5.224181524,0.0,0.475473002,0.0,0.91700689,0.0,0.0,0.0,0.0,1.210436508,0.154961102,-1.64441715,10.5757768,45.0,1.5,3.5,0.68586,1.32222,0.047619048,1.782252093,3.549458127,4.344317127,5.106603137,19.32652661,36.87202653,63.9056219,33.19530436,11.0,0.0,2.78,0.0,0.0,7.406145961,24.85613273,20.0977867,0.0,0.0,0.0,0.0,0.0,0.0,0.727928251,0.0,0.0,0.265,1.418,2.854,2.549,9.135430379,4.0,0.0,0.0,4.0,0.0,1.0,0.0,0.0,0.0,1.0,0.0,0.0,0.0,2.0,0.0,2.0,0.0,0.030827046,-10.43808862,299.8540445,0.0,4.7
1.0,0.8602798312212923,4.71975625,0.6961721514633303,75.571204,0.0,1.0,5.0,0.0,3.0,2.0,0.0,0.0,5.0,8851.575964,509.309204,136.1780918,106.0240128,69.3100697,65.5652965,66.49043539,226.8634813,194.3528917,184.895981,165.753844,152.8492073,8.204336523,7.98697261,7.852746264,7.866540655,7.788401815,7.794177177,8.001935986,1.535725051,1.348671366,1.222981211,1.12284634,167.0742268,146.5456429,154.7997041,158.3565405,164.1635151,158.8265553,158.4998756,163.3171565,166.4265839,7.835526216,3.367840581,4.891679527,4.322769175,3.598225856,3.439570427,3.725637469,3.836543493,0.077301727,0.270919531,-0.305291338,0.163672831,-0.075546124,0.105776597,-0.121329716,-55.49022941,860.2262792,-819.0384599,-648.7946482,-652.4639595,-1048.051334,1679.151866,-83.34923212,169.4654446,140.8296885,-1132.298659,743.6707815,-244.7715903,-1620.343104,199.3061363,-634.3865832,-0.731402075,6.235933146,3.910741693,-3.775561418,0.468967849,-0.745378467,0.954804077,-5.335219705,1.168481799,-3.188191295,5.991378295,-7.621073651,-0.055377757,-8.903601425,0.040182562,58.8048198,-5.988565472,59.7235464,58.94037976,-39.56241367,-40.02140162,-158.04132,-25.33081265,117.9657858,-80.55730518,-28.26527146,16.36726493,-89.84345466,-0.828212379,49.71100864,-5.766345566,-0.378071831,-0.366169569,-0.028791182,0.051795142,-0.308740394,1.661429423,0.820842025,0.865261211,0.892783457,0.829790953,0.835539973,0.779073276,1.140245971,0.819362017,0.734531548,0.822740022,0.753869307,1.12659554,0.952849609,0.40896009,0.629965,0.898385894,0.70828594,0.7436626,0.810661056,1.123575115,0.880592324,1.107895844,1.007901232,0.859272918,0.908370745,0.71779925,0.929877658,0.962131255,1.061581141,0.401322138,0.569780731,0.917178663,0.774711498,0.77401339,0.840748482,1.053724573,3.68697479,0.176854993,-6.409972974,648.9106172,0.397582014,-3.412709954,-6.83169373,-1.729206296,12.19099172,4.921794137,0.251846545,-5.102060711,0.0,3.602190918,13.56402873,0.0,3.993601874,3.929222551,3.80435933,3.672458562,3.460079529,3.347070649,3.267255171,3.190148421,1.792768809,1.527101205,1.458452269,1.308733677,1.1759241,3.527223991,3.258543848,3.168061591,2.957153322,2.853480902,5.556714903,4.972541683,4.867049974,4.754285714,4.754285714,4.440145002,2.0,10.0,2.0,3.0,7.0,1.0,1.0,0.0,0.0,0.0,0.205950377,5.020262851,0.571114263,2.446801772,1.21721681,2.218147876,0.17385407,0.341043273,9.986521344,3.746600025,5.6024,17.78860814,329.0892506,0.331089529,-4.089855899,600.6184131,677.0,3.0,0.0,14.0,3.0,6.0,2.0,2.0,2.0,0.0,0.0,7.0,7.0,3.0,0.0,0.0,0.0,0.0,9.0,3.0,8.0,2.0,4.0,3.0,0.0,3.0,0.0,0.0,1.0,0.0,2.0,0.0,0.0,0.0,0.0,0.0,0.0,17.39805743,1.05275627,0.0,-1.43480023,-2.321925635,2.043223456,0.0,-10.72763376,0.0,1.147153153,0.40015554,0.553200852,-1.185976086,3.988261122,5.400900355,0.526378135,0.649854399,5.621122411,0.0,0.0,0.273293874,0.221366386,0.40015554,0.0,0.0,0.504189539,0.7485956,1.536839425,-1.145758373,0.0,-1.205332892,0.0,0.0,0.0,0.0,1.315433831,9.649899977,11.8224925,0.0,13.49700258,0.0,0.553200852,0.494022872,14.04734372,2.011403755,5.840581697,5.400900355,0.526378135,6.939709082,5.621122411,0.0,0.0,4.923815904,6.667827972,0.0,0.930348072,0.454730726,0.19082766,0.0,14.04734372,0.593952301,1.463587754,-0.198892173,-5.323588298,6.952215449,34.75,0.93919,0.0,1.39931,1.0255,0.461538462,1.788800144,3.810805801,4.760227813,5.306532044,22.01791711,40.60011441,61.42001685,38.64510217,6.0,6.0,3.11,0.166666667,4.654936833,14.91628265,30.05689541,10.34298486,0.965489385,1.830934239,0.0,0.0,0.0,0.0,0.0,0.0,0.0,1.787,1.87,2.634,2.137,2.693440428,3.0,0.0,0.0,3.0,0.0,0.0,0.0,0.0,0.0,0.0,0.0,0.0,0.0,1.0,0.0,1.0,0.0,0.092611433,-8.803567929,547.4752479,0.0,3.206
0.0,1.1050461103473954,6.63474564,1.1610238846101195,134.271615,18.0,3.0,12.0,0.0,2.0,2.0,0.0,0.0,4.0,13443.25677,626.9411485,112.9685443,99.93672089,69.35325371,73.25872418,63.36875979,213.9204058,183.6130899,188.2406703,175.1832075,169.0652005,8.032062941,7.97236152,7.792947994,8.012318585,7.962256274,7.899471851,8.021366688,1.440571057,1.3391525,1.260874868,1.224811373,165.3678931,146.9268911,157.5085258,158.4656665,161.8878056,163.8508009,160.7665583,163.0112471,165.1552443,5.268413012,3.245328206,3.265157118,3.187664093,3.718402193,3.900193077,3.622524269,3.47333268,-0.305074555,0.465401172,-0.253283081,-0.55309596,0.748366454,0.027274547,-0.86413791,187.8768333,540.8196004,-708.8400235,2152.673923,154.0501562,-8.903024838,1085.603985,-2273.368631,-233.9507329,1327.485918,-651.8103536,1505.482299,1763.64005,-977.9342958,-96.09314386,-348.2672089,-0.773049454,-0.519165993,0.250904852,1.318507898,-2.872155942,2.943974774,1.194545221,-7.387574259,-3.672021691,-0.243099971,0.673530079,-0.747149424,-2.913702326,4.566078646,-30.25058695,15.84658865,-20.19036124,-56.30872031,45.87066074,-19.57148711,-25.92939267,36.45107525,-6.228504054,-21.70307313,-4.108637503,77.85487481,10.81531761,-97.48510831,1.539974043,49.1437981,-2.679272043,-0.051053312,-0.01226459,-0.053123643,0.027731584,-0.257897112,1.4345452,1.228697145,1.012272406,0.91719442,1.181619872,0.910288131,0.90837411,1.103486249,0.723577432,0.834904782,0.888462691,0.953323503,1.206878365,0.855746019,1.01914047,0.927278638,0.809004882,1.088860308,0.88390256,0.923415902,1.288273762,0.822615126,0.965437945,1.304112351,0.953868992,1.102846889,1.041960283,1.181739347,1.1531291,1.087432284,0.638502649,0.85172168,1.067277972,1.275283138,1.05733782,1.226407855,1.426307233,5.389355742,0.977604611,-0.144959832,3695.942032,1.28327294,1.59624831,-0.192211301,2.541466809,20.81439366,8.10590384,0.673676394,-2.528034628,1.0,3.99979088,14.61799344,1.0,4.056906006,3.978003262,3.882170506,3.774138616,3.561503011,3.494992565,3.475050824,3.427455535,1.863297463,1.728886423,1.684719065,1.630085796,1.60432748,3.625111796,3.460290519,3.377217571,3.342975287,3.287369268,5.0693722,5.065980007,4.852838345,4.834428517,4.823763823,4.680314183,2.0,15.0,3.0,15.0,3.0,1.0,2.0,0.0,0.0,0.068041382,0.41820032,5.142302412,0.421594772,1.086075288,0.084478929,3.195606597,0.395220057,0.374335559,9.479352712,4.155647733,7.60948,30.59068559,709.7827129,0.505135363,-4.37074458,1518.204115,3697.0,2.0,0.0,22.0,1.0,4.0,0.0,2.0,5.0,3.0,1.0,3.0,2.0,0.0,0.0,2.0,0.0,9.0,19.0,1.0,9.0,6.0,11.0,4.0,0.0,2.0,0.0,0.0,0.0,0.0,3.0,9.0,0.0,0.0,0.0,0.0,0.0,14.26497925,0.0,6.119947665,3.655780565,-4.471884752,-2.582872711,0.616240856,-2.079342044,0.0,0.499939193,0.125611711,0.134759236,-1.080383566,5.416849386,0.357057808,0.0,2.028956991,0.016927338,0.045870879,1.882016839,0.136187193,1.862990527,0.0,0.0,0.125611711,0.432138525,1.043387467,1.333684356,-0.117041922,1.329975339,-1.336461518,-0.587773369,2.842551893,0.0,0.0,0.0,0.0,12.2058091,4.893675243,16.15261004,0.0,0.134759236,0.372931729,16.29021777,2.416510753,5.416849386,2.068499243,0.0,2.046242134,6.075139079,6.023820791,1.882016839,1.646098898,4.551933491,0.372931729,1.157633545,0.7067402,0.531344847,0.0,14.52504296,0.365179957,1.157633545,-0.22133988,-1.694556873,13.28555608,69.5,1.08594,3.0,1.3203,1.29321,0.522727273,1.710930275,3.727948434,4.965941192,5.50814636,19.4447707,39.992552,95.41580633,52.32735895,13.0,3.0,4.32,1.340950648,10.26683022,0.0,0.0,23.82333962,0.333333333,0.360562393,3.044469034,4.627995906,0.40824829,0.0,0.333333333,0.0,0.0,0.078,3.253,5.102,2.746,3.557217527,4.0,0.0,1.0,3.0,0.0,0.0,0.0,0.0,0.0,0.0,0.0,0.0,0.0,1.0,0.0,0.0,3.0,1.006886062,0.043919752,1316.87801,2.397895273,6.876
0.0,-6.384207260384349,95.33960164,6.539070962450678,240.717265,0.0,15.0,22.0,4.0,0.0,0.0,0.0,0.0,0.0,23035.05047,1446.197874,106.1523063,111.0392506,67.56685474,62.95771469,63.70742032,203.3682573,165.9121774,163.3416717,168.1601766,165.2256895,7.938032461,7.934587149,7.852115916,7.99029973,7.943403712,7.875570635,7.949672516,1.431505728,1.211548185,1.239293178,1.221814679,166.3437843,149.4390864,158.1425302,163.1012201,164.4210789,164.7984722,165.8603394,163.1447479,163.7441437,6.664506331,2.94634378,3.757286735,3.348491813,4.325562946,3.472344978,3.672179663,4.070233769,0.827672696,1.029227633,-2.998212868,2.113267334,0.21931811,-1.908990563,1.706225792,1860.906219,605.4839594,-4447.77063,761.2781159,254.1049914,-1109.48991,1488.531671,-2766.460343,185.5886906,-641.7033453,-2076.829224,444.6231976,-836.8107394,759.4815125,1629.569335,-2418.376147,-0.30520398,8.060939037,-6.240448595,-9.546888813,10.96190733,-8.851417172,-1.795300518,3.741601684,-3.395826792,-4.891136387,-0.527429488,15.79596497,-3.64395986,-10.7102572,-59.68393779,-46.69166774,102.9318785,-80.25334049,-59.53579415,171.6996192,-75.24646589,-70.52126199,-89.47233106,-180.9316591,-280.2219731,-266.9985792,44.13859074,138.3097275,8.420390131,48.34053514,0.958941304,-0.404852177,-0.418241751,0.444829069,0.051145528,0.144373411,1.621943705,0.852637363,0.977583628,1.294151762,0.953886693,1.084523767,1.161767532,0.924550813,0.950529165,1.026529517,1.04043422,1.031773892,1.097472875,1.082799482,0.589897727,1.071686519,1.126331703,0.922602002,1.163548501,1.017027749,1.025971608,1.045099884,1.085436591,1.609327448,1.313398902,0.996542712,1.114403301,0.891190008,1.109834596,1.09770851,0.530250075,1.034276712,1.132051113,0.924478082,1.152395244,0.992597956,1.041242684,10.14285714,0.42131953,-9.680874062,2714.005784,0.51685883,-7.391837585,-9.856230577,-6.600291204,34.94158843,2.551307847,0.352011695,-11.69381786,0.0,4.367393751,13.72062715,0.0,4.731044915,4.706051866,4.706041975,4.706021158,3.829640174,3.790844479,3.773128924,3.695703021,1.90468474,1.892017145,1.834722733,1.800850318,1.79406472,3.784910195,3.780080467,3.74572553,3.696394969,3.59358858,5.184505349,5.183772625,5.183766663,5.183764332,4.890944866,4.877386864,11.0,18.0,4.0,16.0,18.0,1.0,0.0,0.0,0.0,0.0,0.336770121,12.38736957,1.03269207,2.874758903,0.599679369,4.925324922,0.159652661,0.723747963,19.8289459,7.485041415,-0.02971,46.75062636,709.7827129,0.148330095,-21.37312928,4276.551016,6687.0,14.0,0.0,33.0,11.0,27.0,4.0,26.0,30.0,8.0,25.0,33.0,15.0,3.0,1.0,10.0,0.0,0.0,30.0,13.0,16.0,9.0,18.0,11.0,0.0,0.0,0.0,0.0,4.0,0.0,19.0,0.0,0.0,0.0,0.0,0.0,4.0,17.27820995,7.800555658,16.82737953,-7.946505804,-13.93112404,-8.051109924,0.0,0.0,0.0,0.0,0.209708709,0.771868256,-1.062474068,3.152219069,0.185960218,0.241290471,0.711455128,0.181653663,0.235953607,0.240100068,0.245792242,0.701066915,0.290116752,0.586208952,0.209708709,0.46619294,0.651677332,0.908053842,-0.975246625,0.0,-1.698828551,0.0,2.262157999,0.0,0.0,0.771868256,10.30353871,11.57411078,0.0,0.0,-7.030978392,0.0,0.586208952,15.39607225,1.746016875,6.784847355,5.403270789,3.98156449,7.470192887,4.18699821,4.339145037,7.595880649,6.022806592,6.138618896,0.419100412,1.082759207,0.577274904,0.142984271,0.0,15.39607225,0.0,1.902542485,-0.495739146,-7.030978392,3.271644301,112.75,1.0067,0.0,1.85174,1.69984,0.535211268,1.741557318,3.801625023,5.512349278,6.434700212,19.32051954,38.35368999,167.5722613,62.31873796,14.0,5.0,4.76,2.214866818,0.0,0.0,0.0,0.0,0.0,0.0,0.0,0.0,0.579695133,0.250706873,4.017351094,4.271117199,0.463198874,3.2,8.91,12.608,7.266,2.543539326,5.0,0.0,0.0,4.0,0.0,1.0,0.0,0.0,0.0,1.0,0.0,0.0,0.0,1.0,0.0,0.0,3.0,0.41390791,-9.879651829,2778.306963,0.0,-2.89
0.0,-0.6259788867353498,0.07639696,-1.926261387507266,43.142723,16.0,3.0,4.0,1.0,0.0,0.0,0.0,0.0,0.0,4815.44227,280.2439129,141.630655,146.6748057,98.18968165,79.12077567,74.94680531,261.3811053,202.8665167,205.013086,219.4883955,205.1274369,8.228425441,7.982985147,8.328295688,8.634530351,8.037935767,8.034672308,8.001570612,1.804031116,1.439938329,1.48599379,1.412029172,159.3783721,145.2962213,148.2041604,154.0888303,159.4807835,163.8119506,157.8969584,156.727535,157.7458008,8.242468026,3.552426269,5.497073223,3.976460905,7.580830831,4.38441358,4.416488604,4.585034014,0.062370018,-0.093517295,-0.128211949,0.207353205,-0.084919525,-0.026745802,0.059390985,367.7292445,-113.9154903,257.5820052,-129.567634,-546.1936418,-405.7742722,-286.5901898,-281.5362525,59.36632861,-370.2901364,-83.24574051,-322.1337898,-146.7289063,262.615395,31.09885006,-427.3745503,0.948230581,1.795415946,-0.510012921,-1.015273046,0.893839097,-1.666670619,-1.128533327,-0.205201155,-0.516144835,-1.099760963,-4.305602752,0.206149488,-0.057013259,-1.509951917,1.542948015,-9.69315577,-22.74126576,-16.79484865,23.77229808,0.064645501,2.23262586,-6.555309977,-16.27752621,-4.950514715,-36.70489278,-31.66770823,-27.59634249,-11.89844888,10.21470124,45.04329847,4.376923251,-0.452153506,-0.476686919,0.674201138,-0.530698894,-0.242825487,1.371841786,1.014690653,1.200597327,1.408104771,1.108691687,1.199010342,0.926865106,0.528515731,1.281109188,1.211168458,1.209202471,0.87000622,0.785873065,0.992092696,0.475568955,0.819630744,1.177909861,1.344968159,1.279630629,1.130699598,0.925596683,0.894579715,0.819374898,1.098863648,1.13770292,1.198231323,0.7989943,0.909154263,0.899458658,1.002439077,0.472052852,0.74484185,1.209757613,1.335124083,1.247342973,1.089481219,0.909572623,2.053571429,0.07959587,-5.820824061,165.2556489,0.058423775,-6.532074433,-9.124168913,-4.704782724,15.87004105,-1.348677249,0.212993534,-3.556934978,0.0,4.250279162,12.09948668,0.0,4.729147915,3.971883871,3.730363174,3.293543886,3.247263267,2.887879852,2.531308996,2.492890771,1.200715883,1.134496716,1.026850289,0.884198361,0.73966728,3.264989456,2.96436689,2.817257874,2.515837294,2.498277596,4.856478623,4.745108651,4.013074198,3.705882353,3.705882353,3.693503538,1.0,13.0,1.0,0.0,0.0,0.0,0.0,0.0,0.0,0.0,0.234708048,2.107160139,0.204124145,0.604795846,0.083333333,0.628719337,0.025499586,0.121617244,4.195711902,1.266619917,3.87858,18.97566781,218.2201798,0.294915278,-2.808454459,230.3099994,395.0,1.0,0.0,15.0,2.0,0.0,0.0,1.0,0.0,0.0,0.0,0.0,0.0,0.0,0.0,1.0,0.0,10.0,0.0,0.0,10.0,0.0,0.0,0.0,2.0,0.0,0.0,1.0,0.0,0.0,3.0,0.0,0.0,1.0,0.0,0.0,1.0,16.5581327,0.0,0.0,0.0,0.0,0.0,-0.3244414,0.0,0.0,0.0,0.434143519,2.52625,-0.412678729,5.502924764,0.0,0.0,4.800728972,0.0,0.0,0.0,0.0,0.0,0.0,0.0,0.434143519,0.0,0.0,0.0,0.0,1.185761054,0.0,-0.412678729,2.52625,0.0,4.179416887,0.0,0.0,11.05793077,0.0,0.0,-5.883731891,0.0,0.434143519,12.67535856,1.813186623,5.502924764,0.0,0.0,4.800728972,0.0,0.0,0.0,0.0,0.0,0.434143519,0.0,0.66181713,0.0,0.0,12.67535856,0.0,1.542027904,0.098891251,-5.883731891,5.028145561,36.25,1.57609,0.5,0.55291,1.20763,0.0,1.869463011,3.153680313,3.932044826,4.771142621,21.70236284,36.53510499,51.00579075,27.73170748,23.0,0.0,2.23,0.0,0.0,10.82647859,14.51775471,3.838519496,0.0,1.62865057,0.0,0.0,0.0,0.0,0.333333333,0.377964473,0.0,0.359,1.017,2.766,2.747,9.037392262,3.0,0.0,0.0,3.0,0.0,1.0,0.0,0.0,0.0,1.0,0.0,0.0,0.0,1.0,0.0,1.0,0.0,0.020420553,-8.94979082,178.4201698,0.0,3.51
1.0,0.8188886578109271,4.42807849,-0.2669221036157063,81.56479,12.0,1.0,5.0,1.0,3.0,2.0,0.0,0.0,5.0,10025.71581,541.6295058,145.3002292,120.1613585,72.09146471,68.97863738,62.14776658,229.3998248,196.7457275,188.586699,172.6154763,145.7172483,8.159466188,7.88479564,7.853350538,7.823430221,7.781928454,7.661856713,7.983413972,1.621887741,1.418097083,1.328014727,1.118418804,166.1418001,144.6404643,154.2641959,157.2917334,162.4809506,157.4921659,157.2467579,158.8407553,168.9506324,7.849702982,2.986429896,4.803282289,2.924491584,3.423216667,3.387614725,3.162389664,3.941922115,0.30315106,-0.427959498,0.053570966,0.070875989,0.183827175,-0.128482851,-0.130222074,353.889657,436.3821498,-1359.005912,1258.784999,-1355.582855,-1232.962899,670.2057988,-451.8783344,116.3925848,167.9942229,-1457.614428,1298.097766,-129.9579495,-1629.069812,-1124.725635,316.4948188,0.052656656,6.250319376,-3.198272425,5.505880225,-1.156390391,0.149932922,0.125238,-4.522252987,0.162696756,-6.924142839,8.142055553,-1.973422487,-11.12029963,1.829116345,-3.544225868,59.38294739,-32.67307336,57.13563774,38.53036453,36.45338454,-124.2442336,-2.86347383,-26.31573607,-107.9128403,180.3253494,-42.16507674,2.512469655,-105.8135708,4.984361367,51.11917865,-5.358782276,-0.37064417,0.770621151,-0.028166351,0.007282521,-0.300606735,1.553533659,0.689249414,1.023712959,0.899455913,0.85244295,0.768702692,0.816932853,0.946855797,0.687976129,0.864352868,0.818307012,0.846026247,1.097567135,0.963725363,0.411387527,0.855004519,0.582755235,0.741658666,0.69176342,0.676054599,1.174634852,0.99600945,0.959225803,1.050055488,0.863010496,0.97118096,0.772465441,0.730197773,0.973502741,0.937362614,0.388626493,0.898359116,0.554380514,0.768166239,0.786364569,0.685954008,1.174114783,4.31197479,0.012924783,-16.95957375,590.2265228,0.337693641,-4.233903106,-5.340258781,-3.399165862,18.73846227,0.717768218,1.259340062,0.899292512,0.0,3.885868896,14.02087756,0.0,4.713490671,4.011361199,3.950337682,3.790122393,3.485666873,3.424255495,3.381463438,3.275417834,1.811446456,1.557903644,1.464269162,1.321753156,1.306705482,3.64792705,3.41806128,3.204055972,3.012572902,2.953639714,5.517808562,5.156406397,4.942997369,4.836577102,4.712727273,4.712727273,2.0,10.0,2.0,6.0,4.0,2.0,1.0,0.0,0.0,0.0,0.205950377,5.883672453,0.747890958,0.762029729,0.083333333,2.687437821,0.19508926,0.350422095,7.655815476,4.077776719,7.273,18.10360917,353.0203788,0.334665639,-4.269031024,457.4685092,759.0,1.0,0.0,14.0,1.0,0.0,0.0,2.0,0.0,0.0,0.0,3.0,0.0,1.0,0.0,0.0,0.0,8.0,11.0,1.0,8.0,3.0,4.0,4.0,0.0,2.0,0.0,0.0,1.0,0.0,4.0,0.0,0.0,0.0,0.0,0.0,1.0,17.83322109,0.0,0.0,-2.803561753,-2.53279803,-1.688979086,3.93442489,-6.213641095,0.0,1.161854563,0.471860229,0.560551557,-1.163951371,5.627988762,0.0,0.0,0.686702491,0.0,0.0,0.0,0.264501986,0.0,0.471860229,0.0,0.0,0.481739379,0.791570649,1.576690733,-1.832950151,1.901043478,-1.027706864,0.761265445,0.0,0.0,0.0,1.455309114,9.737994353,11.92723697,0.0,13.20869134,-6.47582468,0.560551557,0.471860229,14.27238278,2.0402346,5.627988762,0.0,0.0,6.734569802,0.0,0.0,0.0,6.106046641,0.0,0.0,1.001550717,0.43799989,0.217820566,0.0,14.27238278,0.601303006,1.469764178,-0.25568912,-6.47582468,9.672402204,42.75,1.09615,1.0,1.32172,1.16734,0.481481481,1.848333031,3.764344154,4.810714674,5.249332971,24.25624695,42.75553431,63.2502951,41.43407421,6.0,4.0,3.11,0.721124785,6.213549829,14.25969635,31.13378396,12.63393923,0.142857143,1.830934239,0.0,0.0,0.0,0.0,0.0,0.0,0.0,0.591,1.905,3.413,2.196,3.194338422,3.0,0.0,0.0,3.0,0.0,0.0,0.0,0.0,0.0,0.0,0.0,0.0,0.0,1.0,0.0,1.0,1.0,0.183915961,-6.603777795,1169.055257,0.0,6.953
0.0,0.7416898710396892,3.90892441,1.3086923479999923,138.167201,18.0,3.0,13.0,0.0,2.0,2.0,0.0,0.0,4.0,13845.52102,642.1633707,112.5652116,100.0065246,68.20074358,72.3750193,63.43637797,212.6715729,180.1888053,184.33699,177.0464833,168.8750462,8.049956504,7.958324561,7.782685901,7.967089911,7.981027849,7.929143599,8.02059124,1.42885598,1.30905573,1.268872492,1.2231964,165.535449,147.127083,158.1127237,158.3531811,162.3071588,164.0515038,161.8323281,162.9187474,165.0307094,5.220840412,3.244815141,3.25377076,3.178839975,3.588176462,3.883014154,3.654603642,3.467539659,-0.483093736,0.667274919,-0.38050086,-0.579619951,0.874670344,-0.055019305,-0.930565988,205.2181456,228.947962,-648.0218274,2054.776805,733.6103728,371.0720694,826.5276669,-2307.227857,-280.6745536,1331.206763,-875.8957481,1498.360196,1949.428275,-305.486846,-202.3327593,-607.4938407,-0.861025796,-1.663505563,1.451941338,1.097956542,-1.648347575,3.187265258,0.535896224,-7.244852831,-4.206546393,-1.466708358,1.277821881,2.618887724,-2.70248665,2.759348272,-34.06664332,22.91765853,-26.72683205,-53.90744615,35.53113129,-5.591658123,-23.96633077,29.70699663,-4.935744043,-12.06611988,-13.21722214,83.19946358,5.750006351,-96.72014767,1.628715441,48.91733812,-0.823414679,-0.039172572,-0.038422157,0.025871118,0.014973975,-0.255198279,1.408564378,1.278852782,0.961718597,0.858992279,1.143561379,0.909873308,0.921823888,1.075278012,0.736879433,0.805591891,0.882482592,0.974659657,1.211822322,0.855732213,1.083043564,0.864215574,0.802700137,1.008457674,0.898487701,0.942774505,1.258799519,0.843150666,0.992981148,1.329974679,0.935344196,1.126904253,1.061333799,1.150629189,1.172791293,1.111619368,0.673461924,0.834093182,1.080298492,1.132940578,1.067617061,1.272173904,1.445077154,5.639355742,1.026176911,0.170545051,1113.390218,1.289044372,1.675747572,0.129367513,2.517543532,22.16341257,8.734514787,0.777572657,-1.660416049,1.0,3.842612085,14.61737961,1.0,4.056904856,3.978003168,3.881031343,3.773777946,3.53495578,3.495291174,3.479026728,3.432326646,1.863296005,1.732551751,1.698382915,1.643950775,1.58957228,3.625071336,3.459725534,3.375935122,3.336841754,3.277342804,5.098153437,5.094911124,4.876083978,4.857938266,4.847321168,4.700008941,2.0,15.0,3.0,15.0,3.0,1.0,2.0,0.0,0.0,0.068041382,0.41820032,4.853627277,0.421594772,1.086075288,0.084478929,3.099381553,0.395220057,0.374335559,9.214060761,4.069243615,7.23758,32.78379135,709.7827129,0.582781909,-3.563618831,1318.295566,4170.0,2.0,0.0,22.0,1.0,4.0,0.0,2.0,5.0,3.0,1.0,3.0,2.0,0.0,0.0,2.0,0.0,9.0,19.0,1.0,9.0,5.0,14.0,3.0,0.0,2.0,0.0,0.0,0.0,0.0,3.0,10.0,0.0,0.0,0.0,0.0,0.0,14.23258593,0.0,6.207783202,3.835193138,-3.132591673,-2.584217714,0.614237831,-2.078189907,0.0,0.499714485,0.128592787,0.134740747,-1.081403052,5.487306086,0.364573765,0.0,2.075748033,0.017326688,0.04693299,1.834881038,0.138144673,1.868593481,0.0,0.0,0.128592787,0.43291013,1.04442805,1.335930704,-0.751901217,1.322757793,-1.210641607,-0.588292716,2.835102763,0.0,0.0,0.0,0.0,12.02879456,4.847696113,16.14202543,0.0,0.134740747,0.378505788,16.27708584,2.413923206,5.487306086,2.091251082,0.0,2.093115827,6.160971204,6.109850059,1.834881038,1.661127489,4.552968366,0.378505788,1.04442805,0.714051177,0.545527862,0.0,14.49728447,0.364973738,1.159699661,-0.21387904,-1.693715164,13.35433532,71.0,1.07576,3.0,1.29463,1.27721,0.533333333,1.711464224,3.680875481,4.879256877,5.334422342,19.41147595,39.48900543,102.0031882,60.40696744,13.0,3.0,4.32,0.964145649,8.797029423,0.0,0.0,22.03274543,0.333333333,0.360562393,3.058033149,5.282274482,0.40824829,0.0,0.333333333,0.0,0.0,0.078,3.446,5.326,2.775,3.532629291,4.0,0.0,1.0,3.0,0.0,0.0,0.0,0.0,0.0,0.0,0.0,0.0,0.0,1.0,0.0,0.0,3.0,1.041314514,0.267193546,1062.668819,2.397895273,6.226
2.0,-2.2424195210633013,8.64242404,1.854872569618072,150.19351,12.0,10.0,9.0,0.0,0.0,0.0,2.0,0.0,2.0,23597.98086,694.9343278,173.5145651,95.4952944,55.47839474,57.86242532,52.98682978,198.6882231,154.1927493,159.7903131,156.2227409,154.4841029,7.739128132,7.62089239,7.646045249,7.735167662,7.75953913,7.782280986,7.773144282,1.419979701,1.179015659,1.149831306,1.151520637,166.9895265,151.1809839,158.467869,163.6365531,165.8168101,167.3072119,165.6937215,166.0786624,165.9585423,5.109811234,3.061795981,3.122524565,2.516475645,2.840701617,3.010072834,3.505645484,3.208597531,1.277487297,-0.456732272,-0.560032459,0.825906102,-1.096214345,0.9106175,0.095402641,-85.52209537,740.767977,-1440.854059,-1433.69949,1065.537823,-1162.892603,320.3171083,-1710.210571,59.57953924,-858.7313051,-648.7946498,-438.4384958,874.7938647,-18.38782135,126.161743,-761.0969948,-1.192439716,5.343522804,-3.068275459,-3.814669593,0.213559199,-1.758796829,6.14587526,-0.986242823,-0.007009557,-1.389647764,-3.041466418,-2.607461767,-3.575677789,2.173569497,-22.73365678,13.86048062,-7.825200122,-58.80017935,38.36023134,-15.39587332,-6.418226179,55.63808251,-17.2209184,-65.23366241,-83.05662957,-15.68315119,191.9308022,-31.36729565,-0.624248871,50.10479375,-0.038468246,-0.125700134,-0.210803628,-0.113697244,0.345199284,-0.050187673,1.827569615,0.585424616,0.992813764,1.066960446,0.967673832,1.29526756,1.057955086,1.103342776,0.699149212,0.409015283,0.626748294,0.564632556,0.494871209,1.115533828,0.466938044,0.957269409,1.047185785,1.004484913,1.082030381,0.964010139,1.137700032,0.741652609,0.810088008,1.542650045,1.198375669,1.088279196,0.993459674,1.095907841,1.055426291,0.978478407,0.39825528,0.867614808,0.978750454,1.004361068,1.010521741,0.940271017,1.174873112,5.335714286,0.148845815,-12.57197241,6629.328078,0.147909208,-12.61363392,-11.83077452,-13.30146775,18.33591869,8.712007515,0.030080958,-23.12549545,1.0,3.912707724,12.36135133,0.0,6.879644413,6.879644413,3.769916313,3.730368968,3.719272328,3.669294256,3.57220417,3.537431022,1.898313345,1.853177528,1.819003759,1.724901308,1.658023545,3.577612456,3.515750781,3.481008908,3.424743415,3.317838267,5.065676077,5.065661986,5.000112143,4.99424848,4.974043365,4.971779299,3.0,10.0,2.0,10.0,15.0,1.0,0.0,0.0,0.0,0.0,0.166666667,4.710236465,0.0,0.446383983,0.0,2.403807246,0.0,0.151376666,7.253346113,3.569379476,4.9759,21.11347885,696.744802,0.515320357,-4.375579028,2599.771536,2241.0,9.0,0.0,19.0,13.0,1.0,1.0,12.0,8.0,22.0,18.0,11.0,18.0,2.0,3.0,4.0,0.0,8.0,26.0,3.0,8.0,2.0,20.0,4.0,0.0,0.0,0.0,0.0,3.0,0.0,7.0,0.0,0.0,0.0,0.0,0.0,0.0,15.55823325,0.725245035,67.65556262,3.29221315,-2.267016736,-5.454640835,4.660369254,0.0,0.0,0.0,0.242801296,1.362447741,-1.137682773,0.359164628,0.491243932,0.725245035,0.340304101,0.482932496,0.544995471,0.330804077,0.452454064,0.510600172,0.433973425,0.374766794,0.242801296,0.329287831,0.74977293,2.069015164,-0.384336524,2.014419922,-0.961968167,1.002460485,2.587764655,0.0,0.0,1.362447741,9.560096341,11.70251632,0.0,0.0,0.0,0.0,0.557162669,14.73157586,2.073694222,6.812781034,0.491243932,0.725245035,4.775868948,7.441971348,8.012716379,7.391152384,7.841770313,8.207884115,0.332089115,0.907971064,0.433481504,0.836608236,0.380269619,14.73157586,0.0,0.907971064,-0.301685443,-1.137682773,9.236436013,64.25,0.97348,1.0,1.62638,1.18131,0.577777778,1.646787794,3.559268173,5.006201261,5.81331422,21.92123787,38.26168458,108.0897712,52.29681386,6.0,6.0,4.1,0.5,4.880757103,0.0,0.0,12.77747566,0.0,3.880385129,0.0,0.0,1.432690605,1.250682157,0.774836001,2.730816364,0.793700526,3.22,5.21,6.179,3.79,1.804644337,2.0,0.0,0.0,2.0,0.0,0.0,0.0,0.0,0.0,0.0,0.0,0.0,0.0,0.0,0.0,0.0,3.0,0.246458677,-9.24370219,14819.55376,0.0,4.256
1.0,-1.6142083246253416,3.62788209,-1.203214974192133,84.832169,24.0,3.0,4.0,0.0,0.0,0.0,0.0,0.0,0.0,6262.442135,307.0,86.97836299,91.33351869,56.33378947,52.26159264,54.0415138,224.6362507,175.9020015,167.7558338,164.3597833,170.6990194,7.597466611,7.586604855,7.572420267,7.518198417,7.637991833,7.605713453,7.548624444,1.529442248,1.24095969,1.222155439,1.266092915,160.2114895,144.7124614,150.0354602,157.8653094,158.4838904,157.682465,160.0206277,160.3755461,158.8976757,4.263888889,3.168888889,3.158950617,2.74598587,3.231580511,3.141059028,2.995344507,3.032921811,0.171455477,0.040557124,-0.307664431,0.262865893,-0.054932122,-0.149048375,0.144404082,64.63233742,-387.7019864,-493.7362347,-575.5167666,590.3316993,-372.3788807,-97.12385304,510.1618326,130.7363637,-948.1596766,-382.0596349,-490.194176,-45.66751264,-417.9719982,-17.39027734,396.4872538,-0.271838164,1.001653819,-0.605646867,-1.129139417,1.854000311,-1.330254741,-1.008986362,1.319408181,0.424072857,-0.433510551,-1.163996372,-1.919848261,-0.261150624,0.749133142,-2.03196607,-18.2816765,6.864765233,-0.085706155,-27.00953365,-12.23515978,-2.798249884,0.456542079,-5.702096193,-21.17633316,-28.19135802,-25.76286008,-26.28191444,24.79591049,0.861764499,51.21457707,-2.176937491,-0.076027949,-0.156618656,0.353393113,-0.146826338,0.153061176,1.544325766,0.887465238,1.041326394,1.202475568,0.861937416,1.163954257,1.220481647,1.040990878,1.082330768,0.885137483,1.077279664,1.039636502,0.909687914,1.121856022,0.704918177,1.059908932,1.154516168,0.787200549,1.374230902,1.336613558,0.970353173,1.058564916,0.97436884,1.154733541,1.189376606,0.995010047,1.077160489,1.017466148,0.965620604,0.948301321,0.525558725,0.978041484,1.154232104,0.808178147,1.516349012,1.46861706,0.967769355,1.428571429,0.325719864,-4.374698563,473.1986339,0.472597495,-2.923093736,-4.368389297,-2.153630145,16.88088102,3.026289683,0.181855106,-6.647725615,0.0,4.481752173,11.6047918,0.0,3.880289719,3.82933195,3.762673247,3.685571875,3.58491041,3.353334486,3.305025237,2.986598769,1.887024474,1.726525529,1.664185466,1.516227008,1.236610687,3.697839778,3.467904139,3.31933275,3.230687702,2.879680939,4.743129536,4.631651272,3.918974541,3.915210162,3.892158767,3.796292951,4.0,18.0,3.0,2.0,4.0,1.0,0.0,0.0,0.0,0.0,0.389519551,1.870463667,0.0,0.30274943,0.0,0.771889881,0.0,0.086675282,3.966097416,1.528572293,6.11398,22.28989906,434.6530317,0.323658789,-4.399455208,634.44039,1450.0,3.0,0.0,25.0,2.0,3.0,1.0,1.0,0.0,1.0,1.0,0.0,0.0,1.0,0.0,2.0,0.0,18.0,7.0,2.0,18.0,0.0,5.0,2.0,0.0,0.0,0.0,1.0,0.0,0.0,2.0,1.0,0.0,0.0,0.0,0.0,0.0,37.32840229,2.090581974,2.093017516,2.413036571,-1.2022514,-1.375531102,4.357253458,0.0,0.0,0.0,0.36061431,2.729576622,-1.069393866,4.699908082,1.371375555,2.090581974,6.540363111,0.0,2.093017516,2.912630272,0.0,0.0,0.502413284,0.0,0.36061431,0.545372057,0.749506425,0.0,0.15255608,1.742970983,-1.033207886,0.709315459,2.729576622,0.0,4.219662147,0.0,9.805451944,11.9876429,5.797279576,0.0,0.0,0.0,0.502413284,13.01789446,1.98637075,6.022751043,4.3279518,2.090581974,6.540363111,0.0,2.093017516,2.912630272,0.0,0.0,0.361034428,0.921325689,0.587313064,0.803970716,0.0,13.01789446,0.0,0.921325689,-0.135261462,-1.069393866,11.98718466,51.75,1.32692,1.0,0.84372,1.11206,0.21875,1.458537593,3.387703393,4.438701005,5.153796398,13.14007564,29.6177853,81.27832029,37.96609041,7.0,3.0,4.21,0.0,0.0,0.0,34.03709068,7.395948619,0.0,0.814325285,0.360562393,0.0,0.0,0.0,0.455336617,0.0,0.0,0.909,2.117,3.619,3.301,4.325415968,4.0,0.0,0.0,4.0,0.0,0.0,0.0,0.0,0.0,0.0,0.0,0.0,0.0,1.0,0.0,1.0,2.0,0.395075574,-3.621845,784.2017183,0.0,9.936
3.0,-8.693494867810141,184.1231886,4.439397551492335,237.07123,15.0,16.0,22.0,0.0,0.0,0.0,0.0,0.0,0.0,19413.48068,1433.527778,87.84380398,87.55017901,64.91284495,60.65272066,56.29256173,194.5229393,168.9440827,166.6847283,163.7665765,158.3609639,7.902500615,7.820115931,7.886125394,8.029733394,7.967943042,7.943134849,7.859013936,1.29415207,1.176146014,1.160876265,1.14286118,167.6773711,151.7041884,157.0560985,164.492674,167.3550248,165.3241875,165.4892335,164.8256266,164.4647945,6.486551031,3.351810516,3.34473466,3.299266247,4.557373584,3.881897712,3.785539701,4.045295027,0.600055884,1.846266242,-3.346647382,1.254981444,2.085094808,-3.284006843,1.175555491,-152.2276738,449.6529406,-706.9921396,908.1242827,1037.5413,-705.4707409,-2447.188539,376.8951729,448.7279956,-1668.027355,-1515.3141,2773.335555,-37.2869334,-404.0817124,-677.7347556,-1813.4081,-2.987918228,6.23758689,1.008087083,-8.353810474,8.088415135,-0.563769671,-11.76455783,8.652341732,1.99493921,-5.536929918,8.655099175,0.789919484,0.32581171,-10.16804191,-15.59080616,-99.03753451,29.65446433,-5.610442538,-44.34380413,97.99867084,-15.31890013,-87.19168086,-49.20715235,-108.4063463,-184.3632086,-70.25303024,-237.4109907,285.4963464,-0.67958783,46.50018782,-0.543851564,-0.219674787,-0.281900931,0.407071696,-0.282296065,0.305670606,1.64509666,0.82191151,0.846393308,1.318696618,1.076451387,1.007241152,1.276679313,0.947246115,0.973705039,0.972034733,1.029402817,1.085575354,0.979403802,1.194690716,0.547559006,0.889884739,1.175080608,1.011098903,1.080202089,1.243136285,0.922254194,1.009178021,1.081372466,1.501913535,1.45425843,1.059275556,1.135945855,0.991276838,1.068795212,1.114434643,0.527735746,0.934282291,1.152831385,1.008301825,1.112890453,1.244012849,0.91686391,7.785714286,0.151349892,-20.95858663,3072.889075,0.166214523,-19.9186838,-20.95398238,-19.27807075,28.38176255,21.30949119,0.118393441,-23.68453573,2.0,3.916490407,11.38680964,0.0,4.042797873,3.815453044,3.795867329,3.751483152,3.745670319,3.715480295,3.674220934,3.646894713,1.89793252,1.880592672,1.86456197,1.857773423,1.808049754,3.648227778,3.640699791,3.620612005,3.575298502,3.551308597,5.097615473,5.097246294,5.095691976,5.029741742,5.027550716,5.024781999,17.0,10.0,3.0,11.0,29.0,3.0,0.0,0.0,0.0,0.214076175,0.525602315,8.885488823,0.0,1.962148194,0.0,4.108469465,0.0,0.405222524,16.99676977,6.080139018,-4.15021,34.44935403,709.7827129,0.01789831,-44.65584392,2683.669391,6984.0,21.0,0.0,30.0,15.0,42.0,12.0,25.0,53.0,18.0,28.0,56.0,19.0,6.0,3.0,11.0,1.0,10.0,43.0,16.0,10.0,7.0,19.0,17.0,2.0,0.0,0.0,0.0,1.0,0.0,16.0,0.0,0.0,0.0,0.0,0.0,0.0,0.51503946,36.99219944,64.52157388,-4.705528458,-23.69169117,-18.01697781,0.866092824,0.0,0.0,0.0,0.215087731,1.23003064,-1.668052391,3.369898427,0.294155078,0.507848134,0.786741583,0.282716017,0.481694612,0.821175881,0.290062753,0.470217528,0.215087731,0.393349914,0.229844695,0.435214328,0.78390039,1.036839747,-1.248372586,1.524072875,-2.080784263,0.359724802,2.1861662,0.0,0.0,1.23003064,9.381674512,11.67002656,0.0,0.0,0.0,0.0,0.586632935,15.00317261,1.760969204,6.846021935,6.371622826,6.406828065,6.394397802,7.970861209,7.386591883,6.561165107,8.190439845,7.104052951,0.410186309,1.168814151,0.562025747,0.438684013,0.0,15.00317261,0.0,1.168814151,-0.365617192,-2.080784263,0.721862654,109.0,0.98198,0.0,1.82775,1.61065,0.589041096,1.634444383,3.638922205,5.183980386,6.147795652,15.97931354,33.36730803,181.967075,75.64426245,9.0,6.0,5.31,1.75031674,13.9067252,0.0,0.0,0.0,0.0,0.0,0.0,0.0,2.356726796,0.117023155,6.605899974,0.813547374,0.0,3.543,11.636,13.376,6.766,2.443094767,4.0,0.0,2.0,2.0,0.0,1.0,0.0,0.0,1.0,0.0,0.0,0.0,0.0,2.0,0.0,0.0,3.0,0.153878442,-20.77467483,3241.854159,3.044522438,-2.511
0.0,0.0514526053562847,0.70526404,-1.7085426210316608,45.47993,20.0,3.0,2.0,0.0,4.0,0.0,0.0,0.0,4.0,5151.196264,439.0625,139.2215206,126.3084668,105.3126158,94.95711699,93.93037249,265.001129,248.8646538,221.2524115,178.1587024,140.9112372,8.762764,8.235685209,8.432854261,8.2689104,8.400720471,8.56246351,9.391199438,1.643344136,1.407347682,1.096211102,0.762117489,171.6300954,150.3201364,158.1683568,158.9495591,164.9190615,159.2888361,164.3447909,173.48543,192.2433465,11.86655405,4.254861111,7.291245791,4.639534884,5.108040936,5.595588235,5.960175737,11.12369792,0.460844241,-0.654591123,0.504429942,-0.066260626,0.246063313,-0.457550106,-0.060524188,-11.70869829,219.1937305,-172.5421728,-158.2826367,-27.67581026,-640.0872234,-302.1234726,358.7128197,76.05627693,-294.5452396,-113.016127,151.4318574,-176.0884467,-969.2055206,-377.3376055,499.9106861,-0.523579711,4.764457715,-2.263178519,0.219286276,-1.799019921,-2.478199354,-5.402843308,0.995968657,0.19083726,-1.526770537,2.150094701,-5.423108079,-4.966245468,2.519646804,-9.328648061,60.09240203,-48.02550366,33.58388499,-46.01044749,-38.9037901,-98.48118718,-13.89202592,-15.22648324,-27.32898101,-17.95030334,-68.97539262,-135.9830371,27.37831751,-0.292717457,39.49532754,-9.502014908,-0.380662081,-0.195111993,-0.382203096,-1.387582011,0.427786211,1.709801813,0.578905599,1.26437116,0.733316699,0.8960362,0.836698731,1.225301088,1.139227544,0.91263698,0.841050339,1.113682794,1.301196221,1.363067129,0.928963686,0.402584037,0.805273203,0.792704887,0.879874472,1.02008458,1.406982796,1.580359877,1.080642734,0.888279477,0.885793759,0.72388822,0.92351326,1.023583492,1.029725739,1.243910954,1.272462049,0.420351963,0.725806569,0.821876615,0.846861935,1.023028161,1.426340408,1.659940726,2.261904762,0.059276109,-7.62898211,255.9370986,0.106813027,-6.03902353,-7.448677948,-2.59619361,5.856306892,4.988095238,0.303789232,-3.216837057,0.0,3.990230469,11.87275934,0.0,4.245043661,3.883409847,3.785692169,3.409303072,3.247392281,3.175206255,2.81894858,2.619181914,1.332713192,1.260435652,1.082250302,1.06356071,0.888939319,3.1969691,3.107111997,2.96191589,2.676910445,2.645815032,5.304916523,4.878084125,4.865242383,4.623055547,4.465116279,4.465116279,2.0,11.0,3.0,1.0,0.0,0.0,0.0,0.0,0.0,0.0,0.252291192,3.124650146,0.288675135,0.73812677,0.11785113,0.769108069,0.013498731,0.143154381,5.444307,1.511967051,1.94764,24.91701486,334.4323054,0.017500031,-10.92299205,513.6009674,437.0,2.0,0.0,15.0,6.0,0.0,2.0,0.0,3.0,1.0,3.0,1.0,0.0,0.0,0.0,0.0,2.0,8.0,0.0,0.0,8.0,0.0,0.0,0.0,4.0,1.0,0.0,0.0,0.0,1.0,2.0,0.0,0.0,0.0,0.0,0.0,0.0,7.886788746,7.83002176,7.768883456,0.0,0.0,0.0,-1.371682033,-4.684065807,0.0,0.0,0.583034297,1.100763889,-0.951522581,0.6417831,0.0,0.721899407,0.0,7.94276291,7.768883456,8.934289218,8.738703708,0.0,0.0,0.0,0.0,0.0,0.0,0.0,0.0,0.902251276,0.0,-0.951522581,0.0,0.0,0.0,0.0,0.0,11.75316596,0.0,13.32491672,0.0,0.0,0.65581676,13.62314867,1.425182351,7.995457201,0.0,7.108122354,0.0,7.94276291,7.768883456,8.934289218,8.738703708,0.0,0.0,0.0,0.729755015,0.0,0.0,12.19160243,0.0,1.46998571,0.220763889,-4.684065807,8.762061511,42.75,1.58333,1.5,0.6471,1.32189,0.055555556,1.884242055,3.513375325,4.216078028,4.790270257,20.92921003,39.09700521,54.75051945,35.16858681,22.0,0.0,2.45,0.0,0.0,7.926091986,21.38599261,11.95727433,0.0,0.25,0.0,0.0,0.0,0.0,0.5,0.707106781,0.0,1.323,0.868,1.036,1.617,22.38556531,4.0,0.0,0.0,4.0,0.0,3.0,0.0,0.0,0.0,2.0,0.0,0.0,1.0,2.0,0.0,2.0,1.0,0.159026723,-4.964444161,342.3134397,0.0,5.133
0.0,1.549970879073768,10.94881921,2.386741834694132,119.941236,0.0,4.0,4.0,1.0,0.0,2.0,0.0,0.0,2.0,11173.30497,360.164228,108.478689,100.5000442,59.11381434,60.66627345,49.19879672,213.5977644,184.1968676,183.3370071,178.5979347,157.0944975,7.554264806,7.640521889,7.577566957,7.539294681,7.559970124,7.58126737,7.50827547,1.553431913,1.384911397,1.371622273,1.250704443,162.309769,144.5604228,154.8999782,156.7538017,158.5298219,158.2192156,157.9117105,157.6751728,161.2133743,3.496740078,2.483878024,2.702818512,2.529646776,2.561880253,2.553130511,2.528617482,2.26346745,0.134495937,-0.186180269,0.064635323,0.000608,0.196845413,-0.089992903,-0.252518042,612.2233982,741.741114,-803.3080653,-578.0813975,83.14720361,-126.1676286,-1963.524743,-1913.943588,-25.35867258,1378.234482,203.5184843,85.22782811,95.75758925,6.244421905,-2628.680148,-1888.066661,0.425039773,1.717186023,-2.195821238,-0.332760936,-0.292687576,-0.483730862,-2.668170972,-2.402066095,-1.59810683,0.956611036,-1.613540701,0.374205566,-11.40216343,-3.622901804,-28.27363801,24.72651219,-2.352737786,-0.440789676,11.42298487,6.078889471,-55.98191736,-2.982247645,-19.37325083,-27.06491571,-7.143516371,-1.479258515,-50.77123409,-51.91316779,5.721714002,53.40124881,0.014867671,-0.181058419,-0.021779013,-0.024633234,-0.111096792,-0.104243309,1.525562011,1.153223671,1.413250966,1.215205596,1.25891214,1.237754211,1.160036466,1.146693513,0.807730613,0.662248011,0.784990256,0.967341167,0.991862668,0.866093169,0.768016179,1.181764339,0.939890048,0.888764828,0.987484316,1.141276273,1.114624438,0.846699126,0.929432456,1.448105932,1.079805381,1.107721697,1.069106045,1.062110709,1.131545387,0.978047595,0.540978334,1.089424283,0.930070756,0.944288713,0.910108421,1.156100324,0.898798431,3.490546218,0.681039981,-1.959084754,1157.143593,0.902364389,-0.523957995,-1.186290901,-0.579900869,17.85396532,-2.33475344,1.588992877,2.361812066,3.0,5.301681033,16.09103333,0.0,4.700330035,4.038742967,3.929871878,3.883520248,3.753744547,3.639851121,3.406172208,3.339490798,1.869352495,1.733616347,1.703399671,1.690060329,1.634798212,3.744310086,3.589034231,3.508014117,3.369739322,3.165699943,5.080309962,4.752058641,4.014336918,4.006378374,3.890531838,3.823799981,1.0,14.0,4.0,13.0,3.0,2.0,1.0,0.0,0.0,0.058925565,0.537457479,5.914117008,0.773322874,1.55304704,0.390083728,3.557965183,0.401180662,0.726500121,10.85588476,5.804810703,8.9337,22.13935287,564.5534981,0.187312138,-8.542392227,843.7084388,1455.0,0.0,0.0,20.0,0.0,0.0,0.0,0.0,0.0,0.0,0.0,0.0,0.0,0.0,0.0,0.0,0.0,0.0,16.0,0.0,11.0,7.0,10.0,0.0,0.0,3.0,1.0,0.0,3.0,0.0,3.0,1.0,0.0,0.0,0.0,0.0,1.0,32.48358778,0.0,0.0,6.115953587,0.0,8.215047183,0.0,-1.660140064,0.0,1.483387822,0.0,0.733189406,-0.046841468,0.0,0.0,0.0,0.0,0.0,0.0,0.0,0.0,0.0,0.0,0.0,0.0,0.391278316,0.0,1.43754248,0.323845972,0.0,0.0,0.0,0.0,5.817477636,0.0,1.988106473,0.0,11.91816969,6.412727683,0.0,-4.519183449,0.733189406,0.0,15.48848093,2.240447702,0.0,0.0,0.0,0.0,0.0,0.0,0.0,0.0,0.0,0.0,0.672901885,0.450341332,0.736706331,0.0,15.48848093,0.750198417,0.910695268,-0.565025429,-4.519183449,14.88376571,51.5,1.0098,0.0,1.60064,1.0544,0.5,1.567083157,3.401099379,4.677171699,5.48345778,18.25723869,36.52264349,83.16873928,40.73892556,13.0,3.0,4.65,2.557808324,18.82257457,0.0,37.85318097,8.383744828,0.81982765,0.512992784,0.284218372,0.0,0.0,0.0,0.0,0.784136938,0.965489385,0.003,4.044,4.196,3.522,3.906115108,5.0,0.0,1.0,4.0,0.0,0.0,0.0,0.0,0.0,0.0,0.0,0.0,0.0,2.0,0.0,1.0,2.0,0.678942198,-1.974818343,1841.608233,2.397895273,5.773
0.0,0.7612930220830145,4.03768836,-1.651002228376474,59.439102,22.0,3.0,1.0,0.0,6.0,1.0,0.0,0.0,7.0,7599.194272,533.9636298,158.3165473,127.2573963,90.24155413,115.6055238,98.86974662,264.3464469,218.5822516,232.2475104,218.0578424,210.1487131,8.740054437,8.109635204,8.270588894,8.149095082,8.234217736,8.178966677,8.401556283,1.692841222,1.573693629,1.477392957,1.362343852,173.2035829,148.9214625,160.2210236,157.4483755,164.955916,163.6813909,161.3898848,162.9336927,168.4795374,11.12424229,4.051601711,8.148356359,4.619551135,3.997807461,4.396048022,4.208458896,5.830084019,-0.147516208,0.383373435,0.008475286,-0.540399219,0.530177844,-0.178209896,0.035263905,-38.14698718,286.4457817,112.0752648,-1170.39641,-294.7972215,1043.520004,-684.8254747,288.6182962,113.0826213,-291.4499982,-542.7741049,-562.2417928,442.7496172,-118.655093,-286.2484262,157.2891301,-0.587692488,7.010895203,1.550725797,-4.07575177,-3.473110461,4.646170285,-2.386444879,-0.877947406,0.624243282,-3.476851782,-2.787055314,-1.319404459,-2.897647764,-0.687712609,-4.645839442,110.1198101,-15.45502538,-40.03940176,1.284985861,54.79704314,-45.54373618,-79.58471907,-28.4579902,50.30912939,-53.94128321,2.956840995,-45.34821802,5.209657446,-0.747980141,42.35329015,-0.980620604,-0.557999808,-0.438547018,-0.575656057,-0.357072583,0.043413812,1.690990915,0.881755275,0.709396067,0.90270357,1.087453097,0.73279441,0.996510552,1.009745138,1.185628398,1.016589602,0.932111353,1.186420145,0.922102952,0.904259029,0.431207554,0.536258492,0.95528139,0.883060052,0.51771126,0.823457421,0.963842192,0.83933934,0.986029838,0.848207287,0.689158913,0.765024717,0.74743414,0.608145875,0.823313143,1.066162672,0.374617579,0.462991585,0.856194362,0.831038757,0.62062487,0.754089956,0.915232826,3.325630252,0.283197078,-4.289481597,309.9134704,0.41500216,-2.990203286,-4.34699893,-2.06885165,9.832664399,5.636008066,0.162854692,-6.170649589,0.0,3.454314331,12.61868124,0.0,4.054619791,3.962503429,3.842526087,3.550120402,3.446100302,3.312638707,3.03366308,2.933563894,1.572022847,1.291143764,1.094624651,1.079882658,1.028795063,3.383452336,3.128044733,3.070573023,2.881484365,2.790976506,5.340359197,5.339736527,4.506122449,4.506122449,4.506122449,4.506122449,2.0,14.0,4.0,2.0,1.0,0.0,0.0,0.0,0.0,0.0,0.290263604,4.364000158,0.577350269,1.298537782,0.288675135,1.097132628,0.026997462,0.209367391,7.427956299,2.094463214,7.61848,20.62487799,350.6229258,0.456238477,-2.66811474,420.0590329,744.0,2.0,0.0,20.0,0.0,0.0,3.0,0.0,7.0,0.0,3.0,0.0,3.0,1.0,0.0,1.0,0.0,11.0,0.0,0.0,11.0,0.0,0.0,1.0,2.0,2.0,0.0,2.0,0.0,0.0,0.0,0.0,0.0,0.0,0.0,0.0,0.0,14.22179894,5.016407489,0.0,0.0,-1.007954145,0.0,-0.950482121,-9.231491345,0.0,0.164213637,0.337175645,0.164213637,-1.100624094,0.0,0.0,0.05936613,0.0,0.055368839,0.0,4.536060003,0.0,4.349002758,0.337175645,0.0,0.36151766,0.0,0.0,0.0,0.0,0.774302459,-1.007954145,-1.100624094,2.956479671,0.0,3.409832291,0.0,10.95434291,0.0,0.0,12.89833006,0.0,0.164213637,0.36151766,13.45310691,1.719958073,0.0,0.0,3.960188419,0.0,4.863535736,0.0,4.536060003,0.0,4.349002758,0.36151766,0.0,0.7814305,0.0,0.0,0.0,0.164213637,1.440193356,0.115729917,-4.634485774,12.56769837,45.5,1.33824,1.5,0.83488,1.3037,0.130434783,1.884763409,3.650634681,4.485087761,5.261842188,23.18055561,40.99384707,70.77909842,37.73295782,11.0,0.0,2.78,0.0,0.0,11.27341829,28.04537025,13.59398753,0.1,0.0,0.0,0.0,0.0,0.0,0.6082202,0.0,0.0,0.265,1.379,2.488,2.505,8.477095972,4.0,0.0,0.0,4.0,0.0,1.0,0.0,0.0,0.0,1.0,0.0,0.0,0.0,2.0,0.0,2.0,1.0,0.265943089,-4.503208007,327.076066,0.0,7.114
2.0,-7.802249440345021,146.4269405,4.1428159113542975,237.330886,21.0,18.0,19.0,2.0,0.0,0.0,0.0,0.0,0.0,21085.52746,1357.062414,98.53050216,94.89143248,68.27595852,63.55059922,62.76137196,204.541636,171.2561069,169.8848605,167.9200606,168.2941504,7.899723112,7.861159756,7.869761559,7.980070715,7.937549336,7.897867747,7.912547401,1.400752768,1.215721848,1.209012789,1.216198955,166.6268396,151.3467585,156.1788408,163.6630568,165.471074,164.711102,165.1404516,164.3201213,163.5477392,6.341413151,3.352998641,3.391589506,3.302754915,4.473058229,3.760914106,3.555192911,4.12099359,1.19817152,1.063710661,-3.35702569,1.838669938,1.574373607,-2.995382943,1.22619619,64.31482474,-789.8023025,-2402.06003,-167.9929247,2234.433704,-107.0114386,-1452.2459,-632.41185,534.2859906,-2095.749293,-1941.202944,1120.912972,211.0398311,31.50205636,684.2073517,-1546.485822,-2.672907913,6.597345284,-2.627919896,-10.13789176,11.15110107,-0.18690923,-11.45390514,6.259182767,3.56006294,-4.993759115,2.528521889,4.614779442,2.970610676,-8.073838797,-10.90551882,-85.55809804,54.51653406,-43.77953461,-55.75865257,101.9129102,-11.59870162,-52.10236473,-38.37994378,-160.3201496,-234.9670392,-61.69077405,-243.1643179,204.777291,0.295022132,47.69411785,0.044683768,-0.176054788,-0.386458946,0.517262735,-0.310554684,0.246126552,1.665941483,0.763323898,0.937247314,1.356084214,0.988102985,1.013285628,1.261509971,0.963871048,0.944415637,0.874068267,0.947841268,1.044305233,1.01289381,1.191011576,0.516441717,1.006728997,1.216275917,0.934031507,1.07568589,1.239547075,1.001906821,0.96388578,1.052908876,1.408616514,1.391141535,1.004697065,1.100782698,0.946178468,1.03377345,1.076190698,0.474007508,1.025877576,1.184623446,0.936967595,1.09377437,1.233135263,1.00899743,8.571428571,0.035486662,-37.39230171,2619.817393,0.015219135,-46.87425972,-44.37672696,-42.97073023,29.12020024,16.84276473,0.091614976,-26.7697979,3.0,3.907818114,11.37570047,0.0,4.042811796,3.83712312,3.831282597,3.821542348,3.792648872,3.752113518,3.736113332,3.707346697,1.896469904,1.860164905,1.838786325,1.816411189,1.799949538,3.70423058,3.631756073,3.620386161,3.595395682,3.561816748,5.029323214,5.027186698,4.974438931,4.96018922,4.957725542,4.952408307,17.0,15.0,4.0,8.0,25.0,1.0,0.0,0.0,0.0,0.214076175,0.608935648,8.49044036,0.0,1.572131537,0.0,3.277989215,0.0,0.332078279,15.55918142,5.371118393,-2.68444,34.99842338,709.7827129,0.129209297,-22.91880341,3014.987132,6976.0,20.0,0.0,37.0,21.0,33.0,8.0,27.0,43.0,16.0,32.0,44.0,14.0,3.0,3.0,12.0,1.0,14.0,32.0,16.0,14.0,5.0,19.0,12.0,2.0,0.0,0.0,0.0,1.0,0.0,16.0,0.0,0.0,0.0,2.0,0.0,0.0,8.127290036,15.73574194,42.56568269,-2.197537365,-16.59658291,-16.23923348,1.051973211,0.0,-2.784990646,0.0,0.257784285,-1.622710634,-1.611939923,1.352629095,0.359696866,-0.422442187,-0.521647816,0.360352131,-0.419071341,-0.505601348,-0.636684646,-0.4183093,0.392358707,0.540007165,0.257784285,0.443101581,0.614636356,1.298644382,-1.110041201,1.268962395,-2.005110766,-0.196180601,2.278997815,0.0,0.0,1.395340549,9.781894442,11.60973164,0.0,0.0,0.0,0.0,0.597893988,15.08832154,1.723165878,7.077505139,5.414713373,4.690782863,7.844286112,7.977084752,7.268804904,7.953280818,8.030698987,7.380347308,0.404038871,1.173688849,0.601427796,0.819594367,0.0,15.08832154,0.0,1.173688849,-0.358870153,-2.005110766,3.657342508,118.0,1.05357,0.5,1.73166,1.65718,0.493150685,1.712430302,3.804650129,5.39159293,6.393378527,18.04736562,35.90903191,181.852582,64.19650846,9.0,5.0,5.2,0.528347905,9.808907755,0.0,0.0,0.0,0.0,0.0,0.0,0.0,3.3676673,0.218555519,7.184151978,1.075007404,0.0,5.449,11.788,15.037,8.149,2.646567472,5.0,0.0,2.0,3.0,0.0,1.0,0.0,0.0,1.0,0.0,0.0,0.0,0.0,2.0,0.0,0.0,3.0,0.030004242,-39.27186501,2761.277812,3.044522438,1.901
0.0,-3.3853499868462853,23.261329,0.0666675705629266,113.188892,18.0,5.0,5.0,0.0,0.0,1.0,0.0,0.0,1.0,9477.058527,434.8525187,98.71935966,95.50564629,58.94962988,55.59039343,40.40816059,224.31639,180.6605337,173.6692148,160.2193808,142.8926017,7.652249552,7.587467336,7.63526835,7.64257937,7.620852924,7.530129761,7.414908043,1.540898831,1.29825702,1.243937486,1.166848327,161.3183485,145.1825924,150.4154862,157.0068268,158.0949256,159.2950496,159.4772411,160.2855182,162.6175015,4.529713736,2.822678193,2.701790766,2.619701464,2.987801714,2.981890699,2.715671274,2.212103533,0.221473423,0.000713,-0.076764691,-0.163226889,0.238605315,-0.018808245,-0.248048601,142.662859,202.3335663,238.5877559,70.067821,-347.380948,-811.2531952,-1105.439966,-1243.018395,314.8893127,-337.014669,415.2582054,-251.8489514,-264.4389937,-1420.665139,-2031.598391,-1144.094644,-0.30976657,1.904224437,0.047725887,-0.129568017,-1.189411142,-0.567295891,-1.405676699,-1.916200329,1.231559446,1.023518285,-2.385184568,-4.521409919,-6.822362495,-3.556999031,-1.265948824,-15.12299025,12.13163113,-22.39543122,-7.868126018,-16.57976931,-44.80624329,-15.8223557,-0.405344767,-11.13068199,-0.070829946,-17.80093148,-20.10909875,-30.98560518,1.385076301,51.2113925,-3.979454169,-0.003935386,-0.000221,-0.00829611,-0.05729088,-0.094468308,1.52437132,0.842322596,1.0202923,1.153008951,1.186008255,1.029204861,0.899271019,0.780762505,0.86716872,0.903229614,0.934683707,1.035543467,1.206006374,1.022473274,0.504191096,0.859379105,0.985887349,1.092841905,1.05596619,1.000553114,0.914652826,0.965098772,1.064620964,1.210198872,1.189320004,1.015729595,1.040900596,1.043069681,1.059806782,0.956074579,0.481286561,0.848319516,1.001116779,1.100165525,1.12747637,0.991657979,0.78411883,2.611344538,0.442983013,-4.233964051,631.6417804,0.491415596,-3.694418428,-4.29358935,-3.434264513,18.79593353,4.277149463,0.360309991,-5.308110773,1.0,4.377703818,15.35551393,0.0,4.076630983,3.960619387,3.871011498,3.709402695,3.700585648,3.531312974,3.481963115,3.390792116,1.868283093,1.865361035,1.820297667,1.627165847,1.515753018,3.653032638,3.620552374,3.47814804,3.381070902,3.233455091,4.980170811,4.933681221,4.927155209,4.919631661,4.861034373,3.989088708,5.0,13.0,5.0,2.0,13.0,2.0,1.0,0.0,0.0,0.205534367,1.076406308,3.737820758,0.13650087,1.430907395,0.230257185,2.033882448,0.098584392,0.644877952,10.19201017,5.168529686,5.77308,31.80007873,709.7827129,0.312614501,-6.046479265,769.1903263,2149.0,4.0,0.0,23.0,4.0,4.0,4.0,1.0,4.0,1.0,0.0,2.0,1.0,0.0,0.0,4.0,0.0,11.0,15.0,3.0,11.0,0.0,13.0,3.0,0.0,2.0,0.0,0.0,1.0,0.0,5.0,0.0,0.0,0.0,0.0,0.0,0.0,28.30790066,0.945406797,-0.008834658,9.688290176,-1.554961232,-0.910775216,6.871176295,-1.418467997,0.0,0.683520636,-0.012925225,0.683520636,-0.401864734,2.85351583,-0.184838962,-0.187851904,6.765703758,0.65573636,-0.008834658,0.0,0.136388112,2.642992694,0.0,0.0,-0.012925225,0.365478582,0.656149986,0.0,0.231909152,1.82002795,-0.628204879,0.63508315,2.371796928,0.0,0.0,1.600672162,0.0,11.66278976,0.0,0.0,0.0,0.683520636,0.510789432,14.53374307,2.15883054,6.390387389,0.817606424,0.999272851,6.765703758,3.691937398,0.0,0.0,0.319394387,2.642992694,0.510789432,0.851905463,0.503509051,1.126522663,0.0,14.53374307,0.683520636,0.851905463,-0.262169544,-0.893600163,12.05577046,59.75,1.14904,0.5,1.2727,1.09868,0.43902439,1.55273433,3.594046772,4.785774602,5.756735678,15.86955954,34.46518381,89.54142822,35.15241276,9.0,5.0,4.76,0.0,0.0,0.0,52.57934936,16.6818731,1.0,0.974062663,0.0,0.0,0.0,0.0,0.764724491,0.479072149,0.0,1.254,3.266,4.673,4.685,3.205549026,8.0,0.0,3.0,5.0,0.0,2.0,0.0,0.0,2.0,0.0,0.0,0.0,0.0,4.0,0.0,1.0,1.0,0.4375566,-4.298055889,636.1008396,3.433987204,7.48
0.0,0.4306491617609194,2.14505316,1.1247518549900783,79.264618,0.0,2.0,4.0,1.0,0.0,0.0,2.0,0.0,2.0,19134.95506,284.7337963,308.6283075,139.6796463,85.90284686,93.73542879,88.96853619,251.5954729,193.2830887,182.6610897,181.5123161,192.5932624,7.766966177,7.711758902,7.772067539,7.654379018,7.637896324,7.630908293,7.74355789,1.917226638,1.429465011,1.399534043,1.474982107,157.7750546,142.2260714,148.3976263,153.0676019,158.2540585,155.1328721,157.1445607,158.0796882,158.08464,4.592480585,2.653923494,3.278222431,2.931007368,2.845956891,2.935490297,2.692160494,2.890031107,0.020722182,0.05340541,-0.010951854,-0.28560431,0.346729454,-0.096021545,-0.083577165,296.9651098,468.327476,4194.199301,-1156.041453,908.129675,3254.548387,1930.595036,-305.9692578,164.475532,156.2361807,-474.8204405,-30.44431239,-704.9551187,51.65045389,503.0262152,240.4764812,0.252293132,1.128790536,-0.813504567,-1.949588263,-0.836916623,3.67095099,0.56615196,-1.918004833,-0.717147181,-0.05303278,0.594016986,2.104057875,-0.076794784,4.452596743,-1.550063308,-2.78659943,-36.35066395,11.5216575,-19.66196575,6.002292661,-5.594911438,12.38459122,-19.5872725,7.087273144,-22.12555401,13.78760497,-20.50841147,-39.17322359,4.49947136,55.54345475,0.303826199,-0.296776856,-0.124300865,-0.157529137,-0.136722743,-0.308450579,1.414617893,1.013045877,1.04461679,1.217366018,1.159863091,0.775080004,1.0185482,1.1117398,0.663401836,0.484805818,0.495130673,0.580660717,0.776384787,0.858588316,0.736746531,0.967853014,1.272007344,1.017156088,0.686130935,0.929184715,1.317283249,0.890731773,0.764489926,1.118534072,1.062090688,1.174963142,1.081302292,0.95402511,1.014891597,0.925072924,0.560128517,0.816218281,1.280209287,1.10157713,0.884102802,1.098381707,1.445761509,3.567857143,0.344606566,-3.83526684,806.3504027,0.016978924,-14.67281694,-8.006862056,-8.545087131,20.51435225,-2.938844158,0.502797272,-2.475245621,0.0,5.190403545,12.44565652,0.0,6.931926495,6.8241433,4.724515934,3.913466978,3.770610248,3.567010129,3.461115893,3.390023852,1.764114071,1.663488891,1.441421011,1.249629723,1.187519775,3.630567237,3.405766751,3.324194671,2.963678562,2.85248544,5.07132583,4.735493988,3.992957746,3.935673964,3.822591497,3.771347509,0.0,16.0,3.0,3.0,3.0,2.0,0.0,0.0,0.0,0.11785113,0.400859781,3.440457526,0.204124145,1.106552944,0.102062073,1.949317352,0.025499586,0.591910728,7.815909419,4.453343803,7.58199,26.50603808,476.799958,0.021035205,-13.90160806,817.4556213,1108.0,2.0,0.0,19.0,2.0,0.0,1.0,0.0,5.0,1.0,0.0,0.0,0.0,0.0,0.0,2.0,0.0,0.0,8.0,3.0,10.0,2.0,2.0,4.0,0.0,0.0,0.0,0.0,0.0,0.0,3.0,1.0,0.0,0.0,0.0,0.0,1.0,27.12972824,1.104137273,2.213244308,1.535409552,0.046482439,7.772640542,0.0,0.0,0.0,0.0,0.179106712,2.920936438,0.143312781,4.158515584,0.0,1.104137273,0.0,0.523159322,2.213244308,0.0,0.0,0.0,0.0,0.0,0.179106712,0.402681854,0.537537766,1.912843513,0.643906592,0.0,-0.153667659,0.0,2.920936438,0.0,0.0,0.0,0.0,12.35712655,6.164689533,0.0,-5.525238118,0.0,0.310840172,13.37830808,2.095133395,4.158515584,0.0,1.104137273,0.0,2.396144774,2.213244308,0.0,0.0,0.0,0.310840172,0.803770156,0.515443282,0.89150296,0.192546718,13.37830808,0.0,1.454109358,-0.315339218,-5.525238118,7.058854469,39.25,1.09028,0.0,1.21958,0.85341,0.296296296,1.718818968,3.797074846,4.833487545,5.445974133,28.79817329,48.21560259,67.84402726,38.99940742,17.0,3.0,3.44,0.5,2.756744469,12.49138189,33.20053147,15.68902902,0.0,0.430674364,0.436790232,0.0,0.0,0.0,0.166666667,0.0,0.0,0.717,1.838,3.912,3.716,4.09692397,5.0,0.0,1.0,4.0,0.0,3.0,0.0,0.0,1.0,1.0,0.0,0.0,1.0,2.0,0.0,1.0,0.0,0.017016955,-14.66476223,582.3638283,2.397895273,2.899
0.0,-0.8502923426366831,0.417316,-0.4836256169347229,95.319341,18.0,3.0,3.0,0.0,6.0,0.0,0.0,0.0,6.0,8608.966698,650.4375,102.4876988,98.77701984,66.21687164,56.98534511,52.39442093,219.2210594,182.3115656,177.0052493,158.1176113,153.8438285,8.085253381,7.730766212,7.942125246,8.01872885,7.696046078,7.591489333,7.703230945,1.446229565,1.302601153,1.187466489,1.132827567,170.1327785,147.1534508,159.185768,159.3180443,164.6071535,164.6805399,159.5026995,163.5686803,165.9741131,7.743303571,3.19665404,5.195824707,3.137536873,4.084147334,3.07144154,2.717514124,3.228663446,-0.020053758,0.277892013,-0.32472578,0.012832307,0.272221248,-0.262484786,-0.394129453,126.0915415,766.6326532,937.4174243,28.59500882,-725.3925946,-1096.575192,-111.465617,1028.779028,-5.336180033,-224.059631,84.27903563,76.92186239,-190.2333648,-1889.509445,-477.3798779,-28.39187094,-0.201191222,9.012568806,1.337288278,-3.856037778,0.690980583,2.2940625,-1.012777167,2.15396825,-0.817317757,-4.02532209,-2.137977523,-6.238834471,-3.898309625,-4.612067589,-20.12451583,115.8092712,-67.4133945,-59.86948543,93.42803089,-22.0528355,-45.37367044,-86.65486166,-15.83371914,54.45707948,-58.19174383,45.68373843,-32.19010417,-13.05222801,1.432858426,48.56734107,-6.174867466,-0.179928627,-0.223814399,0.081745078,-0.090932498,-0.037832545,1.690775547,0.975643205,1.014273637,1.315623016,1.143469463,0.905426782,0.865592735,0.993509212,0.948322289,1.008243758,0.947523376,0.922218123,0.891923908,1.016977091,0.441350438,0.596999272,1.001649604,0.905977979,0.535866597,0.642517831,0.748810437,0.897983895,1.023567194,1.038505799,0.762313239,0.841831557,0.708711667,0.673569986,0.747756704,0.889138622,0.348215013,0.474200557,0.946151536,0.874209751,0.490291226,0.635505302,0.792079752,3.178571429,0.47381323,-3.510627705,748.1402388,0.289728897,-5.822405262,-3.53391947,-9.382009953,14.50964803,6.61835034,0.55206727,-2.792201258,0.0,3.52945797,13.46525572,0.0,3.923321756,3.869013683,3.809134987,3.755066162,3.58542653,3.369148385,3.306316046,3.245043269,1.878705135,1.85057632,1.725634757,1.431872328,1.372874417,3.69432896,3.557530138,3.264424251,3.168352828,3.052087005,5.539953532,5.539951576,4.867009595,4.85505698,4.739069111,4.739069111,4.0,11.0,4.0,6.0,8.0,2.0,0.0,0.0,0.0,0.0,0.410987638,5.046789416,0.660683603,1.497826018,0.344321911,1.588122629,0.068664129,0.294213208,9.3434906,3.370276844,7.64159,23.11136135,543.1169918,0.087005621,-11.47637801,798.1628558,1364.0,0.0,0.0,19.0,0.0,0.0,0.0,0.0,0.0,0.0,0.0,0.0,0.0,0.0,0.0,0.0,0.0,12.0,13.0,0.0,12.0,1.0,10.0,2.0,0.0,3.0,0.0,1.0,2.0,0.0,2.0,1.0,0.0,0.0,0.0,0.0,0.0,13.72984345,0.0,0.0,4.177045644,-0.664493566,-1.354556296,-1.48327535,-11.14971935,0.0,0.0,0.0,1.267252299,-1.139449352,0.0,0.0,0.0,0.0,0.0,0.0,0.0,0.0,0.0,0.0,0.0,0.0,0.456845579,0.0,1.824317729,0.069685215,0.738799586,-0.993634565,-1.139449352,0.0,0.0,3.7776465,1.267252299,0.0,13.94361553,6.436818077,13.34314521,0.0,0.0,0.0,14.67736807,2.055402911,0.0,0.0,0.0,0.0,0.0,0.0,0.0,0.0,0.0,0.0,0.963634467,0.772871879,0.85065141,0.329140999,14.67736807,0.0,1.474296599,-0.620235413,-4.821724488,15.854298,51.5,1.09574,0.5,1.26281,1.1791,0.457142857,1.662624207,3.524882176,4.69853253,5.311436619,17.15735487,35.2998666,82.59389464,46.37087145,9.0,3.0,3.99,0.0,3.106060439,0.0,36.6749136,7.070094917,0.396850263,0.166666667,0.516397779,0.0,0.0,0.0,0.0,0.353553391,0.25,0.003,2.549,3.036,2.195,2.666072883,5.0,0.0,0.0,5.0,0.0,0.0,0.0,0.0,0.0,0.0,0.0,0.0,0.0,3.0,0.0,3.0,2.0,0.370807549,-4.662738811,782.0569386,0.0,10.784
1.0,-0.1567777699677072,0.24671089,-0.7227512884540488,76.11586,18.0,3.0,5.0,0.0,0.0,2.0,0.0,1.0,3.0,24257.76608,355.7832124,425.5748436,139.51841,121.0063984,111.6575285,122.263544,272.1084199,230.6235232,229.6574006,221.0444123,204.3858889,8.06411786,7.960545915,8.020365935,8.114688878,7.994666033,7.87528702,7.743843475,2.217139967,1.665453547,1.669275555,1.624862987,157.9215896,144.5909468,148.8532924,155.0365697,157.5110751,157.1512397,154.7419182,154.2043696,155.9577926,6.241810743,3.477303155,3.662260988,3.379188315,4.625590987,4.421968248,3.523052028,3.066853515,0.211632675,0.098626425,-0.104409507,-0.361304259,0.396288392,0.071421317,-0.361808057,-77.77377341,170.7873937,-2765.775387,-1015.523093,1677.7128,-567.9728971,-860.9240616,2394.192908,131.1111934,-342.7898697,-534.9805186,18.33432918,531.73726,-173.8407979,-914.1929808,-225.2414965,-0.531689333,1.423592444,-1.433011556,-1.890156444,-1.975724444,0.946881333,-0.205870222,-0.215226667,0.826916644,-3.481938066,-0.292034567,1.925424865,-3.890855863,1.182989065,-1.922102399,-10.84205805,-4.431782057,-9.99026495,6.340013115,15.04902755,-3.399292534,-16.81757075,-8.597762087,-35.62465735,-24.41698047,40.2611401,-70.00452347,-37.10998913,-1.296229557,52.68727983,-0.949949715,-0.143296035,-0.157528906,0.005931312,-0.357165936,-0.187424188,1.517512587,0.791179239,0.97852699,1.196966098,1.343963032,0.893125408,0.817717346,0.812444101,0.616435269,0.50322972,0.649461325,0.863932213,0.850714575,0.881364697,0.528918834,0.976818603,1.105168335,1.18924858,0.920548865,0.896471926,0.829717257,0.663767941,0.921283018,1.089384696,1.141449411,1.061993131,1.03822223,0.953607533,0.995225384,0.994547719,0.496476392,0.957142499,1.124513393,1.289822755,1.03165099,1.115650041,0.843768025,3.859481528,0.443504239,-3.008277302,349.72512,0.479985887,-2.715794739,-3.267865977,-2.352091242,11.25285509,2.617861504,0.390016615,-3.483793968,0.0,3.795418672,13.53294313,0.0,10.6947279,4.004244739,3.962154146,3.856712479,3.618600659,3.493460148,3.416402596,3.17899739,1.724031839,1.537616246,1.322325968,1.147647675,1.082250302,3.458259231,3.360450695,3.184834655,2.986570787,2.865603659,4.806167151,4.742478851,4.699449044,4.674567402,3.866673815,3.847132941,4.0,15.0,3.0,1.0,3.0,0.0,0.0,0.0,0.0,0.0,0.234708048,2.907544402,0.0,0.553078857,0.0,1.569008701,0.0,0.155877267,5.944671976,2.57974894,4.61749,23.50088625,434.7663956,0.35953697,-3.784871603,382.2042155,784.0,3.0,0.0,22.0,3.0,2.0,4.0,1.0,5.0,3.0,0.0,3.0,4.0,1.0,0.0,2.0,0.0,11.0,2.0,3.0,11.0,0.0,2.0,2.0,0.0,0.0,0.0,0.0,1.0,0.0,4.0,0.0,0.0,0.0,0.0,0.0,0.0,23.38191359,15.0920274,1.357375083,-0.346647517,-2.20641646,-2.406078059,5.313974381,0.0,0.0,1.25989174,0.387546347,0.62089825,-1.040109194,5.302761872,0.529133107,1.700982158,5.524939544,1.049620317,0.240626849,0.0,0.243155171,1.852317951,0.634644622,0.0,0.387546347,0.759354243,0.759354243,0.0,-0.254456116,1.757402391,-1.141135421,0.353405449,2.680212041,0.0,0.0,1.36534149,9.068459783,11.07894692,0.0,0.0,0.0,0.62089825,0.634644622,14.25620338,1.936340213,7.031194082,0.534692832,5.582991376,5.524939544,8.683785386,0.866506634,0.0,9.047622811,8.717925001,0.391618387,0.764533306,0.55417774,0.0,0.0,14.25620338,0.63899349,1.093111433,-0.145320807,-1.141135421,6.547293493,49.0,1.32432,1.5,0.96774,1.28294,0.153846154,1.850179092,3.874692284,4.555545535,5.06096019,33.70598384,52.46612048,72.9630061,46.79099733,12.0,3.0,3.11,0.0,0.0,14.58659902,38.40612602,19.38532687,0.0,1.606235139,0.0,0.0,0.0,0.0,0.166666667,0.666666667,0.0,0.549,2.318,4.217,4.11,4.419373823,4.0,0.0,0.0,3.0,1.0,1.0,0.0,0.0,0.0,0.0,1.0,0.0,0.0,1.0,0.0,0.0,0.0,0.29788863,-4.480831675,329.9699323,0.0,4.967
0.0,-0.4297653036917865,0.00219961,-0.2719702280531575,87.326204,18.0,5.0,3.0,0.0,0.0,2.0,0.0,1.0,3.0,24579.14305,303.2832124,361.4579861,125.9316652,97.03717961,101.3980264,99.41211543,251.2242263,202.8302038,214.7800185,217.3734633,195.9303626,7.790056147,7.800001446,7.777680228,7.916906498,7.869731189,7.779272793,7.66767141,2.050502549,1.592312671,1.673357322,1.595313479,160.4828301,146.5457413,153.7330276,156.8229137,157.0236324,160.1833415,157.0849535,153.8872826,156.8529494,4.460047241,3.025839049,2.86841701,2.915609309,3.752630728,3.659773898,3.302210345,2.794192842,-0.040389328,0.06423182,0.038490578,-0.235175318,0.204914225,0.123317704,-0.286673371,-15.9999252,591.2831678,-2116.972327,172.3919851,2038.847188,710.1857436,-660.3217266,-3873.310941,69.62444548,411.805157,-127.0694044,-191.3449066,1053.025205,485.2258081,-1278.451281,-1842.830136,-0.344127,0.3723825,-0.46856775,0.7512335,-2.08986275,-0.96309625,-0.85981925,-0.67609725,0.01738772,-1.925839603,-3.829070356,9.401519364,-6.979832714,-9.632304074,-13.85072844,6.375786764,24.17034345,-40.29163916,20.9602557,50.88592666,-25.5037693,-44.1442563,-5.675858511,-4.369390921,33.19916394,-4.859587968,-41.57941263,-45.02957174,-0.222221183,55.03845234,2.137558626,-0.078831368,0.164352297,-0.060530024,-0.17544056,-0.179400684,1.507894122,1.118740784,1.082281464,1.144965753,1.369404751,1.092857775,0.92438233,0.918915434,0.557091656,0.483046912,0.612836986,1.06568313,1.298937288,0.798296871,0.712553074,0.968989586,0.987236533,1.443641273,1.26239198,1.116655119,0.951976631,0.649754371,1.226196801,1.269739802,1.092550581,0.977795966,0.95041694,0.863495448,1.059308492,1.101775938,0.557965929,0.887661425,1.133907566,1.783316577,1.584439209,1.479943047,1.094143862,3.645195814,0.233940663,-5.810751085,650.6794641,0.371508822,-3.960730675,-6.162533126,-3.395093014,11.70228611,1.735176885,0.19880821,-6.46165876,2.0,5.999916109,13.37965309,0.0,10.6947279,4.010640126,3.970017066,3.882158117,3.63121378,3.545627599,3.443617515,3.325698291,1.857998212,1.609031114,1.496895826,1.372874417,1.350092258,3.546648221,3.402229589,3.253421508,3.037482573,2.962166759,4.814522081,4.75064998,4.691290365,3.96988211,3.873157547,3.808530779,3.0,15.0,3.0,6.0,2.0,0.0,0.0,0.0,0.0,0.0,0.321478169,3.027152629,0.0,0.782036494,0.0,1.845250064,0.0,0.246724554,7.101386612,3.335056482,5.3841,25.8473296,516.946592,0.03804101,-13.07636198,1927.41352,953.0,2.0,0.0,21.0,0.0,1.0,2.0,0.0,3.0,2.0,1.0,2.0,3.0,0.0,1.0,1.0,0.0,10.0,6.0,2.0,10.0,1.0,5.0,2.0,0.0,0.0,0.0,0.0,3.0,0.0,3.0,0.0,0.0,0.0,0.0,0.0,0.0,24.9033156,0.935090037,6.43502465,3.175514819,-1.469680573,-0.971095427,6.396882403,0.0,0.0,1.335211842,0.277005496,0.663512226,-0.405451888,0.0,0.571724018,0.26756093,0.0,0.355780109,0.517925202,4.064653121,0.458548026,0.270862489,0.0,0.403249434,0.277005496,0.53329737,0.817775403,1.92662782,0.119585698,1.791875697,-0.976254416,0.377166597,3.306427185,0.0,0.0,1.284379241,0.0,13.97246489,0.0,0.0,0.0,0.663512226,0.403249434,14.67354682,2.040834253,0.0,0.571724018,0.667529108,0.0,5.869633585,5.917099448,4.064653121,5.634388557,4.032047235,0.277005496,0.858953557,0.548078794,0.797328655,0.0,14.67354682,0.671699615,1.064722198,-0.24005391,-0.976254416,9.128895417,50.75,1.26875,2.0,1.10227,1.23911,0.275862069,1.766111155,3.84405555,4.789832974,5.366587106,30.47075812,49.60079714,70.72523696,40.47645606,14.0,2.0,3.44,0.0,2.485071292,17.97141424,40.10314732,20.87057799,0.0,0.6082202,0.0,0.0,0.076923077,0.458566063,0.0,0.550321208,0.793700526,0.341,2.964,3.994,4.647,4.094057962,5.0,0.0,0.0,4.0,1.0,1.0,0.0,0.0,0.0,0.0,1.0,0.0,0.0,2.0,0.0,1.0,0.0,0.104973479,-9.016190185,715.8534793,0.0,4.523
