Smiles,Set,Actual_pIC50,Predicted_pIC50
CCCC1=C(SC2=N[C@H]([C@H](N12)C3=CC=C(C=C3)Cl)C4=CC=C(C=C4)Cl)C(=O)N5CCNC(=O)C5,train,5.508638306,5.778915812073233
C[C@]1(CC(=O)O)C[C@H](c2cccc(Cl)c2)[C@@H](c2ccc(Cl)cc2)N([C@@H]2CCCN(CC(F)(F)F)C2)C1=O,train,7.397940009,7.604392091116194
CC[C@@H](C)Oc1cc2c(cc1OC)CC(=O)N(c1ccc(C(C)N(C(C)=O)[C@H]3CC[C@@H](N(C)C)CC3)cc1)C2c1ccc(Cl)cc1,train,7.159266765,7.4167614358170955
CC[C@@H](CC(C)O)N1[C@@H]([C@H](C[C@](C1=O)(C)CC(=O)O)C2=CC(=CC=C2)Cl)C3=CC=C(C=C3)Cl,train,8.0,8.013434425549734
CC[C@]1(CC(=O)O)C[C@H](c2cccc(Cl)c2)[C@@H](c2ccc(Cl)cc2)N([C@H](CS(=O)(=O)c2ccccc2)C2CC2)C1=O,train,8.795880017,8.874629297897272
CN1[C@@H]([C@@H](O[C@H](C1=O)CC2=CC=C(C=C2)Br)C3=CC=C(C=C3)Br)C4=CC=C(C=C4)Br,train,5.823908741,5.822360910237534
CCOC1=C(C=CC(=C1)C(C)(C)C)C2=N[C@@]([C@@](N2C(=O)N3CCN(CC3)CCC(F)(F)F)(C)C4=CC=C(C=C4)Cl)(C)C5=CC=C(C=C5)Cl,train,5.602059991,6.000262279704239
CC[C@@H](CS(=O)(=O)C1CCCC1)N2[C@@H]([C@H](C[C@](C2=O)(C)CC(=O)O)C3=CC(=CC=C3)Cl)C4=CC=C(C=C4)Cl,train,9.522878745,9.481561555938693
C[C@@H]1CC[C@H](N1C(=O)C2=C(N3[C@@H]([C@](N=C3S2)(C)C4=CC=C(C=C4)Cl)C5=CC=C(C=C5)Cl)C(C)C)C(=O)N6CCN([C@H](C6)C)C,train,7.795880017,7.724787694845555
CC(C)(C)NC(=O)C1=C(SC(=C1C2=CC=C(C=C2)Cl)C3=CC=C(C=C3)Cl)N,train,5.053056729,5.267568682364903
CC1=NC(=CC=C1)NC(C2=CC=C(C=C2)OC(F)(F)F)C3=C(C4=C(C=CC=N4)C=C3)O,train,5.026872146,5.147333835625466
C[C@@]1(C[C@@H]([C@H](N(C1=O)[C@H](CS(=O)(=O)NC)C2CC2)C3=CC=C(C=C3)Cl)C4=CC(=CC=C4)Cl)CC(=O)O,train,7.638272164,8.201118818809075
C1CCC(CC1)C2=NC(=C(N2C3=C(C(=CC=C3)Cl)F)C4=CC(=C(C=C4)F)Cl)C5=NN=C(O5)N,train,8.22184875,7.972542123747988
CC(C)(C)C[C@@H]1[C@]2([C@H]([C@@H](N1)C(=O)NCC[C@@H](CN3CCCC3)O)C4=CC(=CC=C4)Cl)C5=CC(=C(C=C5NC2=O)Cl)F,train,5.698970004,5.808601881189314
O=C(O)c1cccc(NC(=O)[C@@H]2NC3(CCCCC3)[C@@]3(C(=O)Nc4cc(Cl)ccc43)[C@H]2c2cccc(Cl)c2F)c1,train,8.055517328,8.087123857240265
CC(C)(C)C[C@@H]1[C@]2([C@H]([C@@H](N1)C(=O)NCC[C@H]3CC[C@@H](C3)NS(=O)(=O)C)C4=C(C(=CC=C4)Cl)F)C5=CC(=C(C=C5NC2=O)Cl)F,train,6.0,6.2230476437426985
CC[C@@H](CN1CC(OC(C1)C)C)N2[C@@H]([C@H](C[C@](C2=O)(C)CC(=O)O)C3=CC(=CC=C3)Cl)C4=CC=C(C=C4)Cl,train,8.0,7.906340008891697
C[C@@H]1CC[C@H](N1C(=O)C2=C(N3[C@@H]([C@](N=C3S2)(C)C4=CC=C(C=C4)Cl)C5=CC=C(C=C5)Cl)C(C)C)C(=O)N6CCN([C@@H](C6)C)C(=O)C,train,7.522878745,7.492488149086241
COc1cc2c(cc1OC(C)C)[C@H](c1ccc(Cl)cc1)N(c1ccc(N(C)C[C@H]3CC[C@H](N4CC(=O)N(C(C)C)C4)CC3)cn1)C(=O)C2,train,8.920818754,8.691767604630861
CC(C)(C)C[C@H]1[C@@]2([C@H]([C@@H](N1)C(=O)NC3CCC(CC3)O)C4=C(C(=CC=C4)Cl)F)C5=CC(=C(C=C5NC2=O)Cl)F,train,6.509929096,6.435542155136405
CCN(CC)C(=O)CNC(=O)N1[C@H]([C@H](N=C1C2=C(C=C(C=C2)OC)OC(C)C)C3=CC=C(C=C3)Cl)C4=CC=C(C=C4)Cl,train,5.026410377,5.30736795860891
C1CC1(CO)COC2(C3=C(C=CC(=C3)Br)C(=O)N2CC4=CC=C(C=C4)[N+](=O)[O-])C5=CC=C(C=C5)Cl,train,6.044793462,6.063333647847478
CCNC(=O)N1CCC(CC1)NC(=O)[C@H]2[C@@H]([C@@]3([C@H](N2)CC(C)(C)C)C4=C(C=C(C=C4)Cl)NC3=O)C5=C(C(=CC=C5)Cl)F,train,7.0,6.612759691280442
CC[C@@H](CN1CCCS1(=O)=O)N1C(=O)[C@@H](Cc2cccc(O)n2)C[C@H](c2cccc(Cl)c2)[C@H]1c1ccc(Cl)cc1,train,7.63638802,7.698707429516148
CC1=C(SC2=N[C@H]([C@H](N12)C3=CC=C(C=C3)Cl)C4=CC=C(C=C4)Cl)C(=O)N5CCNC(=O)C5,train,5.568636236,5.5716332954331795
C1C[C@@H](C=C[C@H]1O)OC2(C3=CC=CC=C3C(=O)N2CC4=CC=C(C=C4)[N+](=O)[O-])C5=CC=C(C=C5)Cl,train,6.508638306,6.366028871996901
C1=CN(C(=O)N=C1N)[C@H]2[C@H]([C@@H]([C@H](O2)CO)O)O,train,7.698970004,7.009087841082756
CCN(C(=O)OC(C)OC(=O)c1ccc(NC(=O)[C@@H]2N[C@@H](CC(C)(C)C)[C@](C#N)(c3ccc(Cl)cc3F)[C@H]2c2cccc(Cl)c2F)c(OC)c1)C(C)C,train,7.528708289,7.635607318315157
CC(C)(C)C[C@@H]1N[C@@H](C(=O)NC2CCC(O)CC2)[C@H](c2cccc(Cl)c2F)[C@]12C(=O)Nc1cc(F)c(F)cc12,train,7.153662888,7.326828163505041
CC[C@H](c1cccc(C2CC2)n1)N1C(=O)[C@@](C)(CC(=O)O)C[C@H](c2cccc(Cl)c2)[C@H]1c1ccc(Cl)cc1,train,7.522878745,7.711271529960933
CC(C)(C)C[C@@H]1N[C@@H](C(=O)NCCN2CCOCC2)[C@H](c2cccc(Cl)c2F)[C@]12C(=O)Nc1cc(Cl)ccc12,train,8.026872146,7.8652651144986105
CC[C@@H](CS(=O)(=O)C1CCC1)N1C(=O)[C@@](C)(CC(=O)O)C[C@H](c2cccc(Cl)c2)[C@H]1c1ccc(Cl)cc1,train,9.698970004,9.693578559282368
CNC(=O)CC1=C(C(=C(C=C1)Cl)F)N2C(=NC(=C2C3=CC(=C(C=C3)F)Cl)C4=NN=C(O4)N)C5CCCCC5,train,8.397940009,8.226546177752795
CC(C)(C)C[C@@H]1[C@]2([C@H]([C@@H](N1)C(=O)NCCN3CCN(CC3)C)C4=CC(=CC=C4)Cl)C5=CC(=C(C=C5NC2=O)Cl)F,train,6.0,5.902962242409003
CC(C)=CCn1nc2c(c1C(C)C)C(c1ccc(Cl)cc1C)N(c1cccc(Cl)c1F)C2=O,train,8.318758763,8.195655020787616
COC(C)(c1nc2nc(-c3noc(=O)[nH]3)nc(-c3cncc(Cl)c3)c2n1C[C@H]1CC[C@H](C)CC1)C1CCCC1,train,8.888401475,8.571768391151174
Cc1cc(Cl)ccc1C1c2c(nn(CCc3c[nH]c4ccccc34)c2C(C)C)C(=O)N1c1cccc(Cl)c1F,train,7.642065153,7.8279209728736845
CC(C)CC(C)(C)C[C@@H]1[C@]2([C@H]([C@@H](N1)C(=O)NCC[C@@H](CO)O)C3=CC(=CC=C3)Cl)C4=CC(=C(C=C4NC2=O)Cl)F,train,6.0,5.918707694185541
CCOC1=C(C=CC(=C1)C(C)(C)C)C2=N[C@@]([C@@](N2C(=O)N3CCN(CC3)CCO)(C)C4=CC=C(C=C4)Cl)(C)C5=CC=C(C=C5)Cl,train,6.698970004,6.44596694422345
CC(C)(C)C[C@@H]1[C@]2([C@H]([C@@H](N1)C(=O)NC3CCC(CC3)OC(=O)CN)C4=C(C(=CC=C4)Cl)F)C5=C(C=C(C=C5)Cl)NC2=O,train,6.0,6.032486703794093
CC[C@@H](C)Oc1cc2c(cc1OC)CC(=O)N(c1ccc(C(C)N(CC)C(=O)C3CCN(C(C)=O)CC3)cc1)C2c1ccc(Cl)cc1,train,7.290730039,7.497668637608602
CC(=O)N1CCN(CC1)C(=O)[C@H]2[C@@H]([C@@]3([C@H](N2)CC(C)(C)C)C4=CC(=C(C=C4NC3=O)Cl)F)C5=CC(=CC=C5)Cl,train,5.0,5.343318694043652
C1CCC(CC1)NC(=O)C2=C(SC(=C2C3=CC=C(C=C3)Cl)C4=CC=C(C=C4)Cl)N,train,5.13667714,5.182419521265832
COc1cc(C(N)=O)ccc1NC(=O)[C@@H]1N[C@@H](CC(C)(C)C)[C@@]2(C(=O)Nc3nc(Cl)ccc32)[C@H]1c1cccc(Cl)c1F,train,7.958607315,7.9766129593415895
COC(C)(c1cccc(Cl)c1F)c1nc2nc(-c3n[nH]c(=O)o3)nc(-c3cncc(Cl)c3)c2n1C[C@H]1CC[C@H](C)CC1,train,9.205511953,9.203627431131302
CC[C@@H](CN(CC)S(=O)(=O)C1CCC1)N1C(=O)[C@@](C)(CC(=O)O)C[C@H](c2cccc(Cl)c2)[C@H]1c1ccc(Cl)cc1,train,8.0,8.146291529348668
CC(C)OC1=C(C=C2CC(=O)N([C@H](C2=C1)C3=CC=C(C=C3)Cl)C4=CC=C(C=C4)N(C)CC5CCC(CC5)N(C)C)OC,train,5.026872146,5.810453727312645
CC[C@@H](CN(C)S(=O)(=O)C1CC1)N1C(=O)[C@](CC(=O)O)(OC)C[C@H](c2cccc(Cl)c2)[C@H]1c1ccc(Cl)cc1,train,9.0,8.799267356783028
CCN(CC)N1C(=O)[C@@](C)(CC(=O)O)C[C@H](c2cccc(Cl)c2)[C@H]1c1ccc(Cl)cc1,train,8.619788758,8.454595492291741
CC[C@@H](C1=NC(=NO1)C2CC2)N3[C@@H]([C@H](C[C@](C3=O)(C)CC(=O)O)C4=CC(=CC=C4)Cl)C5=CC=C(C=C5)Cl,train,7.096910013,7.248540495921491
CCOC(=O)CNC(=O)N1[C@H]([C@H](N=C1C2=C(C=C(C=C2)OC)OC(C)C)C3=CC=C(C=C3)Cl)C4=CC=C(C=C4)Cl,train,5.367542708,5.415126439951541
CN(C[C@H](C1CC1)N1C(=O)[C@@](C)(CC(=O)O)C[C@H](c2cccc(Cl)c2)C1c1ccc(Cl)cc1)S(=O)(=O)c1cccs1,train,9.522878745,9.337261281951518
C1CC1CN2[C@@H]([C@H](C[C@H](C2=O)CC3=NNN=N3)C4=CC(=CC=C4)Cl)C5=CC=C(C=C5)Cl,train,6.795880017,6.73592205234625
CC(C)(C)C[C@H]1[C@@]2([C@H]([C@@H](N1)C(=O)NC3CCC(CC3)O)C4=CC(=CC=C4)Cl)C5=C(C=C(C=C5)Cl)NC2=O,train,7.696803943,7.3669839906692145
CC[C@H]1[C@H](C)O[C@]23OC(=O)C[C@@]2(C)C[C@H](c2cccc(Cl)c2)[C@@H](c2ccc(Cl)cc2)N13,train,8.744727495,8.454129117142033
Fc1ccc(-c2c(-c3nnn[nH]3)nc(C3CCCCC3)n2-c2cccc(Cl)c2F)cc1Cl,train,8.522878745,8.333534939785427
CC1=C(C(N(C1=O)CC2=CC=CC=C2)(C3=CC=C(C=C3)Cl)OCC4(CC4)CO)C,train,5.462180905,5.541829256865022
COc1ccc(C(=O)N2CC(O)C2)cc1-c1nc2c(n1C(C)C)C(c1ccc(Cl)cc1C)N(c1cc(Cl)ccc1C)C2=O,train,9.744727495,9.702712668042118
COC(C)(c1c(F)cccc1F)c1nc2nc(-c3n[nH]c(=O)o3)nc(-c3cncc(Cl)c3)c2n1C[C@H]1CC[C@H](C)CC1,train,9.223298816,9.222912379223603
COc1ncc(-c2nc3c(n2C(C)C)[C@H](c2ccc(Cl)cc2)N(c2cc(Cl)cnc2O)C3=O)c(OC)n1,train,9.993533958,9.69559432979735
C=CC[C@H]1C[C@@H]([C@H](N(C1=O)CC2CC2)C3=CC=C(C=C3)Cl)C4=CC(=CC=C4)Cl,train,5.187086643,5.42613046156107
COC1=CC(=C(C(=C1)OC)C(=O)/C=C/C2=CC=C(C=C2)F)O,train,5.356547324,5.429904158913572
COc1nc(N2CC(O)C2)ncc1-c1nc2c(n1C(C)C)C(c1ccc(Cl)cc1)N(c1cc(Cl)ccc1C)C2=O,train,9.886056648,9.72392787200922
CC[C@@H](CN1CCCS1(=O)=O)N1C(=O)[C@](C)(Cc2cccc(O)n2)C[C@H](c2cccc(Cl)c2)[C@H]1c1ccc(Cl)cc1,train,7.279014256,7.576169656187985
CC(C)N1C(=O)[C@@H](CC(=O)O)C[C@H](c2cccc(Cl)c2)[C@@]1(C)c1ccc(Cl)cc1,train,8.468521083,8.084826345286553
C1=CC=C(C=C1)C2=CC(=C(N2C3=CC=C(C=C3)[N+](=O)[O-])C4=CC=CC=C4)C=C5C(=O)NC(=O)NC5=O,train,6.823908741,6.70068654139603
Cc1ccccc1S(=O)(=O)C[C@H](C1CC1)N1C(=O)[C@@](C)(CC(=O)O)C[C@H](c2cccc(Cl)c2)[C@H]1c1ccc(Cl)cc1,train,8.537602002,8.776430276985606
CC1([C@@]2([C@H]([C@@H](N1)C(=O)NC3CCC(CC3)O)C4=C(C(=CC=C4)Cl)F)C5=C(C=C(C=C5)Cl)NC2=O)C,train,6.821023053,6.742299990370767
COc1cc(C(=O)OC(C)OC(=O)OC2CCCCC2)ccc1NC(=O)[C@@H]1N[C@@H](CC(C)(C)C)[C@](C#N)(c2ccc(Cl)cc2F)[C@H]1c1cccc(Cl)c1F,train,7.27083521,7.428222873472871
Cc1cc(Cl)ccc1C1c2c(nn(Cc3cscn3)c2C(C)C)C(=O)N1c1cccc(Cl)c1F,train,8.055517328,8.235467532748508
CC(=O)NC1=CC=C(C=C1)C(=O)NC2=CC=CC=C2N,train,5.007446482,5.206114777593481
CC(C)(C)C[C@@H]1[C@]2([C@H]([C@@H](N1)C(=O)NCC[C@@H](CO)O)C3=CC(=CC=C3)Cl)C4=CC(=C(C=C4NC2=O)Cl)F,train,6.790484985,6.70762652119814
CC(C)N1C(=O)[C@@](C)(CC(=O)O)C[C@H](c2cccc(Cl)c2)[C@H]1c1ccc(Cl)cc1,train,8.22184875,8.160331011803068
CC[C@@H](CS(=O)(=O)CC1CC1)N2[C@@H]([C@H](C[C@](C2=O)(C)CC(=O)O)C3=CC(=CC=C3)Cl)C4=CC=C(C=C4)Cl,train,9.698970004,9.479753705306685
C1CC1(CO)COC2(C3=C(C=CC=C3Cl)C(=O)N2CC4=CC=C(C=C4)Br)C5=CC=C(C=C5)Cl,train,6.863279433,6.465084599764185
C[C@@]1(C[C@@H]([C@H](N(C1=O)[C@H](CS(=O)(=O)N(C)C)C2CC2)C3=CC=C(C=C3)Cl)C4=CC(=CC=C4)Cl)CC(=O)O,train,9.698970004,9.378334139024014
CC[C@@H](c1ncccn1)N1C(=O)[C@@](C)(CC(=O)O)C[C@H](c2cccc(Cl)c2)[C@H]1c1ccc(Cl)cc1,train,7.22184875,7.447002968560778
CC[C@@H](C(=O)OC(C)(C)C)N1C(=O)[C@@H](CC(=O)O)C[C@H](c2cccc(Cl)c2)[C@H]1c1ccc(Cl)cc1,train,8.397940009,8.2145226607455
CC(C)(C)C[C@@H]1[C@]2([C@H]([C@@H](N1)C(=O)N[C@H]3CC[C@H](C3)N)C4=C(C(=CC=C4)Cl)F)C5=C(C=C(C=C5)Cl)NC2=O,train,6.0,6.01457892573005
COc1ccc(C(N)=O)cc1-c1nc2c(n1C(C)C)C(c1ccc(Cl)cc1)N(c1ccc(F)c(Cl)c1)C2=O,train,10.09691001,9.6901374941978
COc1cc2c(cc1OC1CCC1)[C@H](c1ccc(Cl)cc1)N(c1ccc(N(C)C[C@H]3CC[C@H](N4CC(=O)N(C)C4)CC3)nc1)C(=O)C2,train,8.677780705,8.5087923542361
CC(C)(C)C[C@@H]1[C@]2([C@H]([C@@H](N1)C(=O)NCC[C@H]3CC[C@@H](C3)N)C4=C(C(=CC=C4)Cl)F)C5=CC(=C(C=C5NC2=O)Cl)F,train,6.0,6.064437721536161
CC(C)[C@@H](CS(=O)(=O)C)N1[C@@H]([C@H](C[C@](C1=O)(C)CC(=O)O)C2=CC(=CC=C2)Cl)C3=CC=C(C=C3)Cl,train,9.522878745,9.103952108517733
CC(C)(C)C[C@H]1[C@]([C@H]([C@@H](N1)C(=O)NC2=CC=C(C=C2)C(=O)O)C3=C(C(=CC=C3)Cl)F)(C#N)C4=C(C=C(C=C4)Cl)F,train,7.657577319,7.627365051086813
CC[C@@H](CS(=O)(=O)C(C)C)N1[C@@H]([C@H](C[C@](C1=O)(C)CC(=O)O)C2=CC(=CC=C2)Cl)C3=CC=C(C=C3)Cl,train,9.698970004,9.55345201256002
COc1cccc2c1C1=C([C@H](c3ccc(Br)cc3)n3ncnc3N1C)[C@@H](c1ccc(Br)cc1)O2,train,7.15490196,7.555467097329314
COc1cc2c(cc1OC(C)C)[C@H](c1ccc(Cl)cc1)N(c1ccc(N(C)C[C@H]3CC[C@H](NS(C)(=O)=O)CC3)cc1)C(=O)C2,train,8.443697499,8.301017877058603
Cc1cc(Cl)ccc1C1c2c(nn(CCC(C)C)c2C(C)C)C(=O)N1c1cccc(Cl)c1F,train,8.055517328,8.114593406579546
Cc1cc(Cl)ccc1C1c2c(nn(CCO)c2C(C)C)C(=O)N1c1cccc(Cl)c1F,train,8.229147988,8.18140415303119
CC[C@@H](CS(=O)(=O)C1CC1)N1C(=O)[C@@](C)(CC(=O)O)C[C@H](c2cncc(Cl)c2)[C@H]1c1ccc(Cl)cc1,train,8.420216403,8.830485243523249
CC[C@@H](CN1CCCS1(=O)=O)N2[C@@H]([C@H](C[C@](C2=O)(C)CC(=O)O)C3=CC(=CC=C3)Cl)C4=CC=C(C=C4)Cl,train,8.0,8.044934882516657
CCCCC(C)(C)C[C@@H]1[C@]2([C@H]([C@@H](N1C)C(=O)NCC[C@@H](CO)O)C3=CC(=CC=C3)Cl)C4=CC(=C(C=C4NC2=O)Cl)F,train,5.301029996,5.474285581277202
CC(C)(C)C[C@@H]1[C@]2([C@H]([C@@H](N1)C(=O)NC3CCC(CC3)O)C4=C(C(=CC=C4)F)F)C5=C(C=C(C=C5)Cl)NC2=O,train,6.756961951,6.887272858487072
CCOC1=C(C=CC(=C1)C(C)(C)C)C2=N[C@@]([C@@](N2C(=O)N3CCN(CC3)CCNS(=O)(=O)C)(C)C4=CC=C(C=C4)Cl)(C)C5=CC=C(C=C5)Cl,train,6.698970004,6.587960412540639
CC[C@@H](CS(=O)(=O)C(C)(C)C)N1[C@@H]([C@H](C[C@](C1=O)(C)CC(=O)O)C2=CC(=CC=C2)Cl)C3=CC=C(C=C3)Cl,train,10.0,9.676446046876
CC[C@@H](CN(CC(F)(F)F)C(=O)C)N1[C@@H]([C@H](C[C@](C1=O)(C)CC(=O)O)C2=CC(=CC=C2)Cl)C3=CC=C(C=C3)Cl,train,7.522878745,7.519437413746737
C1CCN(CC1)C(=O)C2=C(SC(=C2C3=CC=C(C=C3)Cl)C4=CC=C(C=C4)Cl)N,train,5.335358024,5.393358224355855
COc1ncc(-c2nc3c(n2C(C)C)C(c2ccc(Cl)cc2)N(C2CCC(=O)N(C)C2)C3=O)c(OC)n1,train,8.812479279,8.584190801637396
CC[C@@H](CS(=O)(=O)C1COC1)N1C(=O)[C@@](C)(CC(=O)O)C[C@H](c2cccc(Cl)c2)[C@H]1c1ccc(Cl)cc1,train,9.698970004,9.682989911858671
CC1=NC(=CC=C1)NC(C2=C(C3=C(C=CC=N3)C=C2)O)C4=C(C(=CC(=C4F)F)F)F,train,5.283996656,5.548260292999816
COc1ncc(-c2nc3c(n2C(C)C)C(c2ccc(C#N)cc2C)N(c2cc(Cl)ccc2C)C3=O)c(OC)n1,train,9.48148606,9.507852370772481
CC[C@H]([C@H](C1CC1)N2C([C@H](C[C@](C2=O)(C)CC(=O)O)C3=CC(=CC=C3)Cl)C4=CC=C(C=C4)Cl)O,train,7.22184875,7.368885280281141
C[C@](CCNC(=O)[C@H]1[C@@H]([C@@]2([C@H](N1)CC(C)(C)C)C3=C(C=C(C=C3)Cl)NC2=O)C4=C(C(=CC=C4)Cl)F)(CO)O,train,5.522878745,5.687819436864654
CC[C@@H](C(=O)OCC)N1[C@@H]([C@H](C[C@@H](C1=O)CC(=O)O)C2=CC(=CC=C2)Cl)C3=CC=C(C=C3)Cl,train,7.065501549,6.931072005497779
CN(C)N1C(=O)[C@@](C)(CC(=O)O)C[C@H](c2cccc(Cl)c2)[C@H]1c1ccc(Cl)cc1,train,7.698970004,7.825526802817199
C[C@]1(CC(=O)O)C[C@H](c2cccc(Cl)c2)[C@@H](c2ccc(Cl)cc2)N([C@H](CS(=O)(=O)N2CCC2)C2CC2)C1=O,train,10.0,9.937625937811452
COCC1=C(SC2=N[C@H]([C@H](N12)C3=CC=C(C=C3)Cl)C4=CC=C(C=C4)Cl)C(=O)N5CCNC(=O)C5,train,5.148741651,5.359505727023699
CC[C@H](N1C(=O)[C@@](C)(CC(=O)O)C[C@H](c2cccc(Cl)c2)[C@H]1c1ccc(Cl)cc1)C(C)(C)O,train,8.853871964,8.702892790256788
CC(C)OC1=C(C=C2CC(=O)N([C@H](C2=C1)C3=CC=C(C=C3)Cl)C4=CN=C(C=N4)N(C)CC5CCC(CC5)N6CCN(C(=O)C6)C)OC,train,8.119186408,8.060927525164646
CC1(CC(C1)NC(=O)[C@H]2[C@@H]([C@]3([C@@H](N2)CC(C)(C)C)C4=CC(=C(C=C4NC3=O)Cl)F)C5=CC(=CC=C5)Cl)O,train,7.214670165,6.963307518711976
COc1ncc(-c2nc3c(n2[C@H](C)CO)[C@H](c2ccc(Cl)cc2)N(c2cccc(Cl)c2F)C3=O)c(OC)n1,train,9.970616222,9.55771421754671
C1=CC=C2C(=C1)C(=O)N(C2(C3=CC=C(C=C3)Cl)O)CCC4=CC=C(C=C4)N,train,5.207608311,5.273098825738279
CC[C@@H](c1nc2ccccc2s1)N1C(=O)[C@@](C)(CC(=O)O)C[C@H](c2cccc(Cl)c2)[C@H]1c1ccc(Cl)cc1,train,7.15490196,7.4727668845133115
CC[C@@H]([C@H](C)O)N1[C@@H]([C@H](C[C@](C1=O)(C)CC(=O)O)C2=CC(=CC=C2)Cl)C3=CC=C(C=C3)Cl,train,8.37675071,8.116710002691516
CC[C@@H](C1CCC(=O)O1)N2[C@@H]([C@H](C[C@](C2=O)(C)CC(=O)O)C3=CC(=CC=C3)Cl)C4=CC=C(C=C4)Cl,train,7.698970004,7.611283307826843
C1CC1CN2[C@@H]([C@H](O[C@@H](C2=O)CC(=O)O)C3=CC(=CC=C3)Cl)C4=CC=C(C=C4)Cl,train,5.301029996,5.700126036497625
CS(=O)(=O)CCN1CCC(CC1)NC(=O)[C@H]2[C@@H]([C@@]3(C4=C(C=C(C=C4)Cl)NC3=O)C5(N2)CCCCC5)C6=C(C(=CC=C6)Cl)F,train,7.0,6.861598638286498
CN1CCN(CC1)C(=O)C2=C(SC(=C2C3=CC=C(C=C3)Cl)C4=CC=C(C=C4)Cl)N,train,6.229147988,5.878804417629725
COC(=O)C(C1=CC=C(C=C1)Cl)N2C(C(=O)NC3=CC=CC=C3C2=O)C4=CC=C(C=C4)Cl,train,5.253365801,5.390900657809472
COc1nc(N)ncc1-c1nc2c(n1C(C)C)[C@@H](c1ccc(Cl)cc1)N(c1cc(Cl)cn(C)c1=O)C2=O,train,7.163675884,7.966860453833033
CC(C)(C)C[C@H]1[C@@]2([C@H]([C@@H](N1)C(=O)NC3=CC=C(C=C3)C(=O)N)C4=C(C(=CC=C4)Cl)F)C5=C(C=C(C=C5)Cl)NC2=O,train,8.301029996,8.021183495599498
CN(C)S(=O)(=O)N(C)C[C@H](C1CC1)N1C(=O)[C@@](C)(CC(=O)O)C[C@H](c2cccc(Cl)c2)[C@H]1c1ccc(Cl)cc1,train,9.301029996,9.216085345010976
CC(=O)N1CCN(C(=O)Cn2nc3c(c2C(C)C)C(c2ccc(Cl)cc2C)N(c2cc(Cl)ccc2C)C3=O)CC1,train,8.537602002,8.475772740906923
COC1=CC=C(C=C1)CN2C(=O)C3=CC=CC=C3C2(C4=CC=C(C=C4)Cl)OCC5(CC5)CO,train,5.552841969,5.640998348686266
CC[C@@H](C)OC1=C(C=C2CC(=O)N(C(C2=C1)C3=CC=C(C=C3)Cl)C4=CC=C(C=C4)N(C)CC5=CC=NC=C5)OC,train,8.096910013,7.478274358534873
CC(C)S(=O)(=O)C[C@H](C(C)(C)C)N1[C@@H]([C@H](C[C@](C1=O)(C)CC(=O)O)C2=CC(=CC=C2)Cl)C3=CC=C(C=C3)Cl,train,9.397940009,9.069623569480001
CC(C)C1=C(C(=O)N2[C@H](C)CC[C@H]2C(=O)N2CCNC3(CC3)C2)SC2=N[C@@](C)(c3ccc(Cl)cc3)[C@@H](c3ccc(Cl)c(F)c3)N21,train,8.119186408,8.177316011418373
CC(C)C[C@@H](C(=O)N)NC(=O)C1(CC1)NC(=O)[C@H](CCC(=O)O)NC(=O)[C@H](CC2=CNC3=C2C=CC(=C3)Cl)NC(=O)[C@H](CC4=CC=C(C=C4)CP(=O)(O)O)NC(=O)C(C)(C)NC(=O)[C@H](CCSC)NC(=O)[C@H](CC5=CC=CC=C5)NC(=O)C,train,8.301029996,8.178217442883442
CC[C@@H](CS(=O)(=O)CC1CCC1)N1C(=O)[C@@](C)(CC(=O)O)C[C@H](c2cccc(Cl)c2)[C@H]1c1ccc(Cl)cc1,train,9.301029996,9.447108768070622
C1CC1(CO)COC2(C3=CC=CC=C3C(=O)N2CC4=CC=C(C=C4)C#N)C5=CC=C(C=C5)Cl,train,5.744727495,5.851262915973954
CCN1[C@H]([C@@]2([C@H]([C@@H]1C(=O)NC3CC(C3)(C)O)C4=C(C(=CC=C4)Cl)F)C5=C(C=C(C=C5)Cl)NC2=O)CC(C)(C)C,train,7.0,6.792517573208498
CC(C)NS(=O)(=O)C[C@H](C1CC1)N1C(=O)[C@@](C)(CC(=O)O)C[C@H](c2cccc(Cl)c2)[C@H]1c1ccc(Cl)cc1,train,10.00877392,9.907734349322238
CC(C)(C)C[C@@H]1[C@]2([C@H]([C@@H](N1)C(=O)NCC[C@@H](CO)O)C3=NC=CC(=C3)Cl)C4=CC(=C(C=C4NC2=O)Cl)F,train,5.0,5.325490020865185
CC(C)(C)C[C@H]1[C@@]2([C@H]([C@@H](N1)C(=O)NC3=C(C=C(C=C3)C(=O)N)OC)C4=C(C(=CC=C4)Cl)F)C5=C(C=CN=C5)NC2=O,train,6.853871964,6.953504577797798
CCCN(C(C)=O)C1CCC(N2C(=O)Cc3cc(OC)c(OC(C)C)cc3C2c2ccc(Cl)cc2)CC1,train,7.102372909,7.456114534832259
CC[C@]1(CC(=O)O)C[C@H](c2cccc(Cl)c2)[C@@H](c2ccc(Cl)cc2)N([C@H](CS(C)(=O)=O)C2CC2)C1=O,train,9.522878745,9.543431476874481
CN1[C@@H]([C@@H](OCC1=O)C2=CC=C(C=C2)Br)C3=CC=C(C=C3)Br,train,5.26760624,5.496053696895733
COc1ncc(-c2nc3c(n2C(C)C)C(c2ccc(Cl)cc2)N(c2cncc(Cl)c2)C3=O)c(OC)n1,train,8.991399828,9.162967384972644
CC(C)(C)C[C@@H]1[C@]2([C@H]([C@@H](N1)C(=O)NCCNS(=O)(=O)C)C3=C(C(=CC=C3)Cl)F)C4=CC(=C(C=C4NC2=O)Cl)F,train,6.0,6.227814982455949
COC1=CC=CC(=C1OC)/C=C/C(=O)C2=C(C=C(C=C2OC)OC)O,train,5.455931956,5.5066582089651055
C1CCC(CC1)C2=NC(=C(N2C3=C(C(=CC=C3)Cl)F)C4=CC(=C(C=C4)F)Cl)C(=O)O,train,8.397940009,8.152031529490365
CC1=NC(=C(N1CC2=CC=C(C=C2)OC)CC3=CC=C(C=C3)Cl)CC4=CC=C(C=C4)N,train,5.468521083,5.823303311251136
C[C@]1(CC(=O)O)C[C@H](c2cccc(Cl)c2)[C@@H](c2ccc(Cl)cc2)N([C@@H](CC(F)(F)F)c2ccccn2)C1=O,train,7.522878745,7.559441046995514
COc1ncc(-c2nc3c(n2[C@@H](C)CO)C(c2ccc(Cl)cc2)N(c2cc(Cl)ccc2C)C3=O)c(OC)n1,train,8.759450752,9.1505789452455
CCS(=O)(=O)NC[C@H](C(C)C)N1C(=O)[C@@](C)(CC(=O)O)C[C@H](c2cccc(Cl)c2)[C@H]1c1ccc(Cl)cc1,train,7.793174124,8.109382700500207
C1CC(CCC1NC(=O)C2=C(SC(=C2C3=CC=C(C=C3)Cl)C4=CC=C(C=C4)Cl)N)O,train,5.246416941,5.293846496810402
COc1ccccc1-n1nc2c(c1C(C)C)C(c1ccc(C)cc1)N(c1cccc(Cl)c1F)C2=O,train,8.744727495,8.613795590807024
COc1cnc(N(C)C)nc1-c1nc2c(n1C(C)C)C(c1ccc(Cl)cc1)N(c1cccc(Cl)c1F)C2=O,train,9.958607315,9.760675442282954
CC[C@@H](C(=O)NCC)N1[C@@H]([C@H](C[C@@H](C1=O)CC(=O)O)C2=CC(=CC=C2)Cl)C3=CC=C(C=C3)Cl,train,6.387216143,6.6071976061219875
COC(=O)CN(C)[C@H]1CC[C@H](CN(C)c2ccc(N3C(=O)Cc4cc(OC)c(OC(C)C)cc4[C@@H]3c3ccc(Cl)cc3)cc2)CC1,train,8.537602002,8.49046591247704
CSCC[C@H](NC(=O)[C@H](Cc1ccccc1)NC(C)=O)C(=O)NC(C)(C)C(=O)N[C@@H](Cc1ccc(CP(=O)([O-])[O-])cc1)C(=O)N[C@@H](Cc1c[nH]c2cc(Cl)ccc12)C(=O)N[C@@H](CCC(=O)O)C(=O)NC1(C(=O)N[C@@H](CC(C)C)C(N)=O)CC1,train,8.301029996,8.29043942437636
COc1cc2c(cc1OC(C)C)[C@H](c1ccc(Cl)cc1)N(c1ccc(N(C)C[C@H]3CC[C@H](N(CC(N)=O)CC(N)=O)CC3)cc1)C(=O)C2,train,8.744727495,8.60979304048259
CC[C@@H](CS(=O)(=O)CC)N1C(=O)[C@@](C)(CC(=O)O)C[C@H](c2cccc(Cl)c2)[C@H]1c1ccc(Cl)cc1,train,9.522878745,9.509503635732578
C=CC[C@@]1(C)C[C@H](c2cccc(Cl)c2)[C@@H](c2ccc(Cl)cc2)N([C@@H](CC)COc2cccnc2)C1=O,train,7.522878745,7.760255027994985
CC[C@@H](C1=CC=CC=N1)N2[C@@H]([C@H](C[C@](C2=O)(C)CC(=O)O)C3=CC(=CC=C3)Cl)C4=CC=C(C=C4)Cl,train,7.522878745,7.465289531115421
C1CC1(CO)COC2(C3=CC=CC=C3C(=O)N2CC4=CC=C(C=C4)[N+](=O)[O-])C5=CC=C(C=C5)Cl,train,6.647817482,6.599062451703455
COc1ncc(-c2nc3c(n2C(C)C)C(c2ccc(Cl)cc2)N(C2CN(C)C(=O)N(C)C2)C3=O)c(OC)n1,train,8.552841969,8.457845428555926
CC(C)(C)C[C@H]1[C@@]2([C@H]([C@@H](N1)C(=O)NC3=C(C=C(C=C3)C(=O)O)OC)C4=C(C(=CC=C4)Cl)F)C5=CN=C(N=C5NC2=O)Cl,train,7.602059991,7.544098532629767
CC[C@@H](C)Oc1cc2c(cc1OC)CC(=O)N(c1ccc(C(C)N(CC)C(=O)C3CCNCC3)cc1)C2c1ccc(Cl)cc1,train,7.326058001,7.695292802935059
CCCN1C(=O)C2=CC=CC=C2C1(C3=CC=C(C=C3)Cl)OCC4=CC(=C(C(=C4)OC)O)OC,train,5.27572413,5.551829073729564
CC(C)(C)C[C@@H]1[C@]2([C@H]([C@@H](N1)C(=O)NC3CCN(CC3)CCF)C4=C(C(=CC=C4)Cl)F)C5=C(C=C(C=C5)Cl)NC2=O,train,6.0,6.076659060132887
CC[C@@H](C(=O)NC(C)(C)C)N1C(=O)[C@@](C)(CC(=O)O)C[C@H](c2cccc(Cl)c2)[C@H]1c1ccc(Cl)cc1,train,8.22184875,8.253071498944408
C[C@]1(CC(=O)O)C[C@H](c2cccc(Cl)c2)[C@@H](c2ccc(Cl)cc2)N([C@H]2CC[C@@H](O)[C@H]2O)C1=O,train,7.301029996,7.53189228326311
C1=CC=C2C(=C1)C(=O)N(C2(C3=CC=C(C=C3)Cl)OCC4=CC=C(C=C4)CO)CC5=CC=C(C=C5)[N+](=O)[O-],train,6.008773924,6.111957604639362
CC[C@@H](CN1CC(F)(F)C1)N1C(=O)[C@@](C)(CC(=O)O)C[C@H](c2cccc(Cl)c2)[C@H]1c1ccc(Cl)cc1,train,8.301029996,8.07186622425053
C1=CC=C2C(=C1)C3=C(C(N4C(=NC=N4)N3CC#N)C5=CC=C(C=C5)Br)C(O2)C6=CC=C(C=C6)Br,train,6.13667714,6.113851895453261
CC(C)(C)C[C@H]1[C@]([C@H]([C@@H](N1)C(=O)NCC[C@@H](CO)O)C2=CC(=CC=C2)Cl)(C#N)C3=CC=C(C=C3)Cl,train,6.707743929,6.523550314066756
CC(C)c1c2c(nn1Cc1nnn[nH]1)C(=O)N(c1cccc(Cl)c1F)C2c1ccc(Cl)cc1,train,7.790484985,7.813865119679457
C[C@@]1(C[C@@H]([C@H](N(C1=O)[C@H](CS(=O)(=O)N2CCOCC2)C3CC3)C4=CC=C(C=C4)Cl)C5=CC(=CC=C5)Cl)CC(=O)O,train,8.494850022,8.782213910158006
CCC(CN1CCCC1=O)N2C(C(CC(C2=O)CC(=O)O)C3=CC(=CC=C3)Cl)C4=CC=C(C=C4)Cl,train,6.853871964,6.81357791787784
C1CCC(C1)C[C@@H]2[C@]3([C@H]([C@@H](N2)C(=O)NC4CCC(CC4)O)C5=C(C(=CC=C5)Cl)F)C6=C(C=C(C=C6)Cl)NC3=O,train,5.522878745,5.872890608895744
CC[C@@H](C)OC1=C(C=C2CC(=O)N([C@@H](C2=C1)C3=CC=C(C=C3)Cl)C4=CC=C(C=C4)N(C)CC5=CC=NC=C5)OC,train,5.931443105,7.478274358534873
CCC(CN(C)S(=O)(=O)C1CC1)N1C(=O)[C@H](C(C)C(=O)O)C[C@H](c2cccc(Cl)c2)[C@H]1c1ccc(Cl)cc1,train,7.698970004,7.985737081451761
COc1cc(C(N)=O)ccc1NC(=O)C1NC(CC(C)(C)C)C2(C(=O)Nc3cc(Cl)sc32)C1c1cccc(Cl)c1F,train,7.397940009,7.821867876676576
CCOC(=O)[C@H](C1CC1)N2[C@@H]([C@H](C[C@@H](C2=O)CC(=O)O)C3=CC(=CC=C3)Cl)C4=CC=C(C=C4)Cl,train,7.397940009,7.164309568623897
C1=CC=C2C(=C1)C3=C(C(N4C(=NC=N4)N3CC(=O)O)C5=CC=C(C=C5)Br)C(O2)C6=CC=C(C=C6)Br,train,6.040958608,6.2204899971128
COC[C@@H](C)n1c(-c2cnc(N(C)C)nc2OC)nc2c1C(c1ccc(Cl)cc1)N(c1cc(Cl)c(=O)n(C)c1)C2=O,train,9.841637508,9.411364817822932
CC[C@@H](C1=NC=CS1)N2[C@@H]([C@H](C[C@](C2=O)(C)CC(=O)O)C3=CC(=CC=C3)Cl)C4=CC=C(C=C4)Cl,train,7.301029996,7.305057156631938
C1=CC=C(C=C1)C2=NC(=C(N2C3=C(C(=CC=C3)Cl)F)C4=CC(=C(C=C4)F)Cl)C(=O)O,train,8.522878745,8.239868651621347
COc1cc2c(cc1OC(C)C)[C@H](c1ccc(Cl)cc1)N(c1ccc(N(C)C[C@H]3CC[C@H](N4CCN(C)C(=O)C4)CC3)cn1)C(=O)C2,train,8.15490196,8.285735476335232
C1CC(CC1O)OC2(C3=CC=CC=C3C(=O)N2CC4=CC=CC=C4)C5=CC=C(C=C5)Cl,train,5.522878745,5.587318615868315
CCc1ccc(C#N)cc1-c1nc2c(n1C(C)C)C(c1ccc(Cl)cc1C)N(c1cc(Cl)ccc1C)C2=O,train,9.37675071,9.458642213605177
CNC(=O)[C@H]1CC[C@H](N2C(=O)c3nc(-c4cnc(OC)nc4OC)n(C(C)C)c3C2c2ccc(Cl)cc2)CC1,train,8.251037139,8.278210091465091
CC1(C)CCC2(CC1)N[C@@H](C(=O)N[C@H]1CC[C@H](O)CC1)[C@H](c1cccc(Cl)c1F)[C@]21C(=O)Nc2cc(Cl)ccc21,train,8.187086643,7.918822440924589
COCC(C)(F)c1nc2nc(-c3n[nH]c(=O)o3)nc(-c3cncc(Cl)c3)c2n1C[C@H]1CC[C@H](C)CC1,train,8.405276054,8.373730188918616
CC[C@@H](CN(C)S(=O)(=O)CC)N1C(=O)[C@@](C)(CC(=O)O)C[C@H](c2cc(F)cc(Cl)c2)[C@H]1c1ccc(Cl)cc1,train,9.397940009,9.034459906970078
CC(C)(C)C[C@@H]1[C@]2([C@H]([C@@H](N1)C(=O)NC3CCC(CC3)O)C4=C(C(=CC=C4)Cl)F)C5=CC(=C(C=C5NC2=O)F)F,train,6.0,6.160903847799536
CC(C)(C)C(=O)ONCCCN1C2=C(C(N3C1=NC=N3)C4=CC=C(C=C4)Br)C(OC5=CC=CC=C52)C6=CC=C(C=C6)Br,train,5.356547324,5.750428432051825
CCC(C)(C)C[C@@H]1[C@]2([C@H]([C@@H](N1)C(=O)NCC[C@@H](CO)O)C3=CC(=CC=C3)Cl)C4=CC(=C(C=C4NC2=O)Cl)F,train,6.0,5.918801106391675
COC(=O)C(C1=CC=C(C=C1)Cl)N2C(C(=S)NC3=C(C2=O)C=CC(=C3)Cl)C4=CC=C(C=C4)C(F)(F)F,train,5.034798299,5.250979409067457
C1CC1CN2[C@@H]([C@H](C[C@@H](C2=O)CCC(=O)O)C3=CC(=CC=C3)Cl)C4=CC=C(C=C4)Cl,train,5.178486472,5.351809680282801
C1=CC=C2C(=C1)C(=O)N(C2(C3=CC=C(C=C3)Cl)OCC#CCO)CC4=CC=C(C=C4)[N+](=O)[O-],train,6.180456064,6.16431630063829
CC[C@@H](CNS(=O)(=O)C1CCC1)N1C(=O)[C@@](C)(CC(=O)O)C[C@H](c2cccc(Cl)c2)[C@H]1c1ccc(Cl)cc1,train,8.886056648,8.724952980411008
Cc1cc(Cl)ccc1C1c2c(nn(-c3ccc(C#N)cc3)c2C(C)C)C(=O)N1c1cccc(Cl)c1F,train,8.161150909,8.485039904118105
CC[C@@H](CC(C)O)N1C(=O)[C@@](C)(CC(=O)O)C[C@H](c2cccc(Cl)c2)[C@H]1c1ccc(Cl)cc1,train,8.397940009,8.310840405977087
CCCN1[C@@H]([C@H](CCC1=O)C2=CC(=CC=C2)Cl)C3=CC=C(C=C3)Cl,train,5.721246399,5.768242303589926
C1CC1CN2[C@H]([C@H](O[C@@H](C2=O)CC(=O)O)C3=CC(=CC=C3)Cl)C4=CC=C(C=C4)Cl,train,5.935542011,5.700126036497625
CC[C@@H](C(=O)OC(C)(C)C)N1[C@@H]([C@H](C[C@](C1=O)(C)CC(=O)O)C2=NC=CC(=C2)Cl)C3=CC=C(C=C3)Cl,train,7.698970004,7.634976302093242
CC[C@@H](CS(=O)(=O)NC1COC1)N1C(=O)[C@@](C)(CC(=O)O)C[C@H](c2cccc(Cl)c2)[C@H]1c1ccc(Cl)cc1,train,9.698970004,9.659508898326605
CC(=O)N1CC(C1)NC(=O)[C@H]2[C@@H]([C@@]3(C4=C(C=C(C=C4)Cl)NC3=O)C5(N2)CCCCC5)C6=C(C(=CC=C6)Cl)F,train,7.772113295,7.366867133330267
C[C@@]1(C[C@@H]([C@H](N(C1=O)[C@@H](CC(F)F)C2=CC=CC=N2)C3=CC=C(C=C3)Cl)C4=CC(=CC=C4)Cl)CC(=O)O,train,7.397940009,7.377234130952577
CC[C@@H](c1cccc(C)n1)N1C(=O)[C@@](C)(CC(=O)O)C[C@H](c2cccc(Cl)c2)[C@H]1c1ccc(Cl)cc1,train,8.0,7.991647145182319
CC(C)(C)C[C@H]1[C@]([C@H]([C@@H](N1)C(=O)NC2=CC3=C(C=C2)C=C(C=C3)C(=O)O)C4=C(C(=CC=C4)Cl)F)(C#N)C5=C(C=C(C=C5)Cl)F,train,7.657577319,7.596846604406745
CC[C@H]([C@@H](C)O)N1C(=O)[C@@](C)(CC(=O)O)C[C@H](c2cccc(Cl)c2)[C@H]1c1ccc(Cl)cc1,train,8.958607315,8.756904861459947
CC[C@@H](CS(=O)(=O)CC)N1[C@@H]([C@H](C[C@](C1=O)(C)CC(=O)O)C2=CC(=CC=C2)Cl)C3=CC=C(C=C3)Cl,train,9.522878745,9.313665084138364
COc1ccc(CC(=O)N(C)C)cc1-c1nc2c(n1C(C)C)C(c1ccc(Cl)cc1)N(c1cccc(Cl)c1F)C2=O,train,9.769551079,9.631323755026855
C1CCC2(CC1)[C@@]3([C@H]([C@@H](N2)C(=O)NCCCC(=O)O)C4=C(C(=CC=C4)Cl)F)C5=C(C=C(C=C5)Cl)NC3=O,train,8.026872146,7.940878401946512
C1CC1(CO)COC2(C3=C(C=C(C=C3)Br)C(=O)N2CC4=CC=C(C=C4)[N+](=O)[O-])C5=CC=C(C=C5)Cl,train,5.987162775,6.041513120363305
CC[C@@H]1CNC2(CC2)CN1C(=O)[C@@H]1C[C@@H](F)CN1C(=O)C1=C(C(C)C)N2C(=N[C@@](C)(c3ccc(Cl)nc3)[C@H]2c2ccc(Cl)c(F)c2)S1,train,8.619788758,8.57234061792538
CC[C@@H]([C@@H](C)O)N1[C@@H]([C@H](C[C@](C1=O)(C)CC(=O)O)C2=CC(=CC=C2)Cl)C3=CC=C(C=C3)Cl,train,8.0,8.116710002691516
CC[C@@H](CC(C)(O)C(F)(F)F)N1C(=O)[C@@](C)(CC(=O)O)C[C@H](c2cccc(Cl)c2)[C@H]1c1ccc(Cl)cc1,train,7.15490196,7.586861620501345
C1CCC(CC1)NC(=S)C2=C(SC(=C2C3=CC=C(C=C3)Cl)C4=CC=C(C=C4)Cl)N,train,5.130181792,5.3393209071730015
CC(F)(c1c(F)cccc1F)c1nc2nc(-c3n[nH]c(=O)o3)nc(-c3cncc(Cl)c3)c2n1C[C@H]1CC[C@H](C)CC1,train,9.539102157,9.32854630070584
CC[C@@H](C)Oc1cc2c(cc1OC)CC(=O)N(c1ccc(C(C)N3CCN(C(C)=O)CC3)cc1)C2c1ccc(Cl)cc1,train,7.818156412,7.879808772735887
C1CC1CN2[C@@H]([C@@H](O[C@H](C2=O)CCCO)C3=CC(=CC=C3)Cl)C4=CC=C(C=C4)Cl,train,5.160521953,5.450734598446926
C1CCC2(CC1)[C@@]3([C@H]([C@@H](N2)C(=O)NC4CCC(CC4)O)C5=C(C(=CC=C5)Cl)F)C6=C(C=C(C=C6)Cl)NC3=O,train,7.764471553,7.486751952916024
CC(C)OC1=C(C=C2CC(=O)N([C@H](C2=C1)C3=CC=C(C=C3)Cl)C4=CC=C(C=C4)N(C)CC5CCC(CC5)N6CCNC(=O)C6)OC,train,8.795880017,8.466169767282391
CCOC1=C(C=C2C(N(C(=O)CC2=C1)C3=CC=C(C=C3)OC)C4=CC=C(C=C4)Cl)OCC,train,6.26760624,6.057948946803287
Cc1cc(Cl)ccc1C1c2c(nn(CC(=O)N3CCC(O)CC3)c2C(C)C)C(=O)N1c1cc(Cl)ccc1C,train,8.214670165,8.30304448222088
CC[C@@H](CS(=O)(=O)C1CCC1)N2[C@@H]([C@H](C[C@](C2=O)(C)CC(=O)O)C3=CC(=CC=C3)Cl)C4=CC=C(C=C4)Cl,train,9.698970004,9.62461400414802
C=CCn1nc2c(c1C(C)C)C(c1ccc(Cl)cc1C)N(c1cc(Cl)ccc1C)C2=O,train,8.959002308,8.75563703451412
CC[C@@H](O)[C@H](C1CC1)N1C(=O)[C@@](C)(CC(=O)O)C[C@H](c2cccc(Cl)c2)C1c1ccc(Cl)cc1,train,7.22184875,7.662138610680403
CN1C2=C(C(N3C1=NC=N3)C4=CC=C(C=C4)Cl)C(OC5=CC=CC=C52)C6=CC=C(C=C6)Cl,train,5.91721463,5.813978620795492
CC(C)C1=C(SC2=N[C@@]([C@H](N12)C3=CC=C(C=C3)Cl)(C)C4=CC=C(C=C4)Cl)C(=O)N5CCC[C@H]5C(=O)N6CCNC(=O)C6,train,7.102372909,7.198486268647403
CC(C)N1C2=C(C(=O)N([C@H]2C3=CC=C(C=C3)Cl)C4=CC(=CN(C4=O)C)Cl)N=C1C5=CN=C(N=C5OC)OC,train,9.677780705,8.499050276521322
CC(C)(C)C[C@@H]1[C@]2([C@H]([C@@H](N1)C(=O)NCC[C@@H](CNC(C)(C)C)O)C3=CC(=CC=C3)Cl)C4=CC(=C(C=C4NC2=O)Cl)F,train,5.698970004,5.8090179546558955
C1CN(CCC1=O)C(=O)C2=C(SC(=C2C3=CC=C(C=C3)Cl)C4=CC=C(C=C4)Cl)N,train,5.872895202,5.655756629752104
C1CC1CN2[C@@H]([C@H](C[C@H](C2=O)CC(=O)O)C3=CC(=CC=C3)Cl)C4=CC=C(S4)Cl,train,6.657577319,6.470846931431489
CC(C)(C)C[C@H]1[C@@]2([C@H]([C@@H](N1)C(=O)NC3=C(C=C(C=C3)C(=O)N)OC)C4=C(C(=CC=C4)Cl)F)C5=C(C=C(C=C5F)Cl)NC2=O,train,8.301029996,8.033303158958843
COC(=O)C(C1=CC=C(C=C1)Cl)N2C(C(=S)NC3=C(C2=O)C=CC(=C3)C(F)(F)F)C4=CC=C(C=C4)Cl,train,5.168770306,5.418722677280698
CC[C@@H](CN(C)S(=O)(=O)C1CC1)N2[C@@H]([C@H](C[C@](C2=O)(C)CC(=O)O)C3=CC(=CC=C3)Cl)C4=CC=C(C=C4)Cl,train,9.045757491,8.612853635914615
CC[C@@H](CN1Cc2ccccc2S1(=O)=O)N1C(=O)[C@@](C)(CC(=O)O)C[C@H](c2cccc(Cl)c2)[C@H]1c1ccc(Cl)cc1,train,8.301029996,8.409379118009793
CCC(CC)N1[C@@H]([C@H](C[C@](C1=O)(C)CC(=O)O)C2=CC(=CC=C2)Cl)C3=NC=C(C=C3)Cl,train,7.301029996,6.76667021653249
CCCN1C(=O)C(=C(C1(C2=CC=C(C=C2)Cl)OCC3(CC3)CO)C)C,train,5.050609993,5.421408206208729
CCN(CC)CCC(=O)N1C(C(N=C1C2=C(C=C(C=C2)OC)OC(C)C)C3=CC=C(C=C3)Cl)C4=CC=C(C=C4)Cl,train,5.417936637,5.5846273439707215
CC1(CC(C1)NC(=O)[C@H]2[C@@H]([C@@]3([C@H](N2)CC(C)(C)C)C4=C(C=C(C=C4)Cl)NC3=O)C5=CC(=CC=C5)Cl)O,train,7.318758763,7.180459125841583
C[C@H]([C@@H](C(=O)N[C@@H](CC1=CC=CC=C1)C(=O)N[C@@H](CCC(=O)O)C(=O)N[C@@H](CCCCNC(=O)C)C(=O)N[C@@H](CC2=CC=C(C=C2)O)C(=O)N[C@@H](CC3=CNC4=CC=CC=C43)C(=O)N[C@@H](C)C(=O)N[C@@H](CCC(=O)N)C(=O)N[C@@H](CC(C)C)C(=O)N[C@@H]([C@@H](C)O)C(=O)N[C@@H](CO)C(=O)N)NC(=O)[C@H](CC(C)C)NC(=O)C)O,train,7.113509275,7.133649558592423
CC(C)(C)C[C@@H]1N[C@@H](C(=O)N[C@H]2C[C@@](C)(O)C2)[C@H](c2cccc(Cl)c2)[C@]12C(=O)Nc1cc(Cl)ccc12,train,7.744727495,7.807073537424524
C1CC(CCC1NC(=O)[C@H]2[C@@H]([C@]3([C@@H](N2)C4=CC=CC=C4)C5=C(C=C(C=C5)Cl)NC3=O)C6=C(C(=CC=C6)Cl)F)O,train,6.301029996,6.465530677750549
C1=CC=C2C(=C1)C(=O)N(C2(C3=CC=C(C=C3)Cl)O)CCC4=CC=C(C=C4)[N+](=O)[O-],train,5.207608311,5.282958942558048
O=C(N[C@H]1CC[C@H](C(=O)O)CC1)[C@@H]1NC2(CCCCC2)[C@@]2(C(=O)Nc3cc(Cl)ccc32)[C@H]1c1cccc(Cl)c1F,train,8.356547324,8.201601408519787
C1CC1(CO)COC2(C3=CC(=C(C=C3C(=O)N2CC4=CC=C(C=C4)[N+](=O)[O-])Cl)Cl)C5=CC=C(C=C5)Cl,train,5.435333936,5.777284268782896
CC(C)(C)NS(=O)(=O)C[C@H](C1CC1)N1C(=O)[C@@](C)(CC(=O)O)C[C@H](c2cccc(Cl)c2)[C@H]1c1ccc(Cl)cc1,train,10.04095861,9.91512658063831
C1=CC=C(C=C1)C2=CC(=C(N2C3=CC=C(C=C3)[N+](=O)[O-])C4=CC=CC=C4)C=C5C(=O)NC(=S)NC5=O,train,6.769551079,6.595926391115354
Cc1cc(Cl)ccc1C1c2c(nn(CCN3CCCC3=O)c2C(C)C)C(=O)N1c1cc(Cl)ccc1C,train,8.769551079,8.64059978146526
CC(C(CCNC(=O)[C@H]1[C@@H]([C@@]2([C@H](N1)CC(C)(C)C)C3=CC(=C(C=C3NC2=O)Cl)F)C4=CC(=CC=C4)Cl)O)O,train,5.698970004,5.8435569995351315
C[C@@]1(C[C@@H]([C@H](N(C1=O)C2CCC2)C3=CC=C(C=C3)Cl)C4=CC(=CC=C4)Cl)CC(=O)O,train,7.15490196,7.082553302343956
C[C@H]1CC[C@H](Cn2c(C3(c4ccccc4F)CC3)nc3nc(-c4noc(=O)[nH]4)nc(-c4cncc(Cl)c4)c32)CC1,train,8.226213555,8.475519101113555
CC(C)(C)C[C@H]1[C@@]2([C@H]([C@@H](N1)C(=O)NC3=C(C=C(C=C3)C(=O)N)OC)C4=C(C(=CC=C4)Cl)F)C5=C(C=C(S5)Cl)NC2=O,train,8.15490196,7.428468627345144
CC(C)(C)C[C@H]1[C@@]2([C@H]([C@@H](N1)C(=O)NC3=C(C=C(C=C3)C(=O)O)OC)C4=C(C(=CC=C4)Cl)F)C5=CN=C(C=C5NC2=O)Cl,train,7.327902142,7.453153490020741
CC(C)[C@@H](CS(=O)(=O)C(C)(C)C)N1C(=O)[C@@](C)(CC(=O)O)C[C@H](c2cccc(Cl)c2)[C@H]1c1ccc(Cl)cc1,train,9.22184875,9.045033456915245
O=C(O)C[C@@]1(CCN2CCCC2)C[C@H](c2cccc(Cl)c2)[C@@H](c2ccc(Cl)cc2)N(CC2CC2)C1=O,train,7.22184875,7.394344765713396
CC1(CS(=O)(=O)C[C@H](C2CC2)N2C(=O)[C@@](C)(CC(=O)O)C[C@H](c3cccc(Cl)c3)[C@H]2c2ccc(Cl)cc2)COC1,train,10.0,9.834876265098474
CC[C@@H](CS(=O)(=O)CC)N1C(=O)[C@@](C)(CC(=O)O)C[C@H](c2cc(F)cc(Cl)c2)[C@H]1c1ccc(Cl)cc1,train,9.698970004,9.529736558046203
CC(C)(C)C[C@H]1[C@@]2([C@H]([C@@H](N1)C(=O)NC3CCC(CC3)O)C4=C(C(=CC=C4)F)F)C5=C(C=C(C=C5)Cl)NC2=O,train,7.209714836,6.887272858487072
C[C@@]1(C[C@@H]([C@H](N(C1=O)[C@@H]2CCCOC2)C3=CC=C(C=C3)Cl)C4=CC(=CC=C4)Cl)CC(=O)O,train,6.677780705,6.811755481283481
COC(C)(c1c(F)cccc1F)c1nc2nc(-c3noc(=O)[nH]3)nc(-c3cncc(Cl)c3)c2n1C[C@H]1CC[C@H](C)CC1,train,9.344861565,9.288236137659348
CC(C)(C)C[C@@H]1[C@]2([C@H]([C@@H](N1)C(=O)NCCCN3CCCC3)C4=CC(=CC=C4)Cl)C5=CC(=C(C=C5NC2=O)Cl)F,train,6.0,5.853310296133573
O=C(N[C@H]1CC[C@H](O)CC1)[C@@H]1NC2(CCC(F)(F)CC2)[C@@]2(C(=O)Nc3cc(Cl)ccc32)[C@H]1c1cccc(Cl)c1F,train,7.387216143,7.542237297673304
Cc1cc(Cl)ccc1C1c2c(nn(CC(=O)N3CCNC(=O)C3)c2C(C)C)C(=O)N1c1cc(Cl)ccc1C,train,8.356547324,8.364075563741748
CC1=C(N=CC=C1)N2[C@@H]([C@H](C[C@](C2=O)(C)CC(=O)O)C3=CC(=CC=C3)Cl)C4=CC=C(C=C4)Cl,train,7.522878745,7.463383981682848
CC1(CC(C1)NC(=O)[C@H]2[C@@H]([C@]3([C@@H](N2)CC(C)(C)C)C4=C(C(=C(C=C4)Cl)F)NC3=O)C5=C(C(=CC=C5)Cl)F)O,train,7.0,6.827974669649978
CN1CCC2=C3[C@@H]1CC4=C(C3=CC=C2)C(=C(C=C4)O)O,train,6.756961951,6.311285865843489
CC(C)CC(C)(C)C[C@@H]1[C@]2([C@H]([C@@H](N1)C(=O)NCC[C@@H](CO)O)C3=CC(=CC=C3)Cl)C4=CC(=C(C=C4NC2=O)F)F,train,6.0,5.927260838549235
CC[C@@H](COC)N1[C@@H]([C@H](C[C@H](C1=O)CC(=O)O)C2=CC(=CC=C2)Cl)C3=CC=C(C=C3)Cl,train,6.537602002,6.787042163229655
C1CC1(CO)COC2(C3=C(C=CC(=C3)F)C(=O)N2CC4=CC=C(C=C4)[N+](=O)[O-])C5=CC=C(C=C5)Cl,train,6.530177984,6.385390072950205
CC[C@@H](CCO)N1C(=O)[C@@](C)(CC(=O)O)C[C@H](c2cccc(Cl)c2)[C@H]1c1ccc(Cl)cc1,train,8.698970004,8.453565054823802
CC[C@@H](C(C)(C)O)N1[C@@H]([C@H](C[C@](C1=O)(C)CC(=O)O)C2=CC(=CC=C2)Cl)C3=CC=C(C=C3)Cl,train,8.853871964,8.538990446525725
CCC(CN(C)S(=O)(=O)C1CC1)N1C(=O)[C@H](CC(=O)O)C[C@H](c2cccc(Cl)c2)[C@H]1c1ccc(Cl)cc1,train,7.920818754,7.916079275502685
C[C@@]1(C[C@@H]([C@H](N(C1=O)C2=CN(N=C2)C)C3=CC=C(C=C3)Cl)C4=CC(=CC=C4)Cl)CC(=O)O,train,6.522878745,6.618277438088413
CCOc1cc(C(C)(C)C)ccc1C1=N[C@@](C)(c2ccc(Cl)cc2)[C@@](C)(c2ccc(Cl)cc2)N1C(=O)N1CCNCC1,train,7.522878745,7.594238056792902
CC[C@@H](CN1CC(OC1=O)(C)C)N2[C@@H]([C@H](C[C@](C2=O)(C)CC(=O)O)C3=CC(=CC=C3)Cl)C4=CC=C(C=C4)Cl,train,7.698970004,7.725222554583142
COc1nc(N)ncc1-c1nc2c(n1C(C)C)C(c1ccc(Cl)cc1C)N(c1cc(Cl)ccc1C)C2=O,train,9.468521083,9.408524019164952
CC[C@@H](CN1C(C)(C)c2ccccc2S1(=O)=O)N1C(=O)[C@@](C)(CC(=O)O)C[C@H](c2cccc(Cl)c2)[C@H]1c1ccc(Cl)cc1,train,8.698970004,8.622712782407257
CC[C@]1(CC(=O)O)C[C@H](c2cccc(Cl)c2)C(c2ccc(Cl)cc2)N([C@H](CN(C)S(=O)(=O)C2CC2)C2CC2)C1=O,train,9.0,8.975970206924
CC(C)C1=C(SC2=NC(C(N12)C3=CC=C(C=C3)Cl)C4=CC=C(C=C4)Cl)C(=O)N5CCNC(=O)C5,train,6.795880017,6.362397578970555
CC1=CC(=C(N1C2=CC=C(C=C2)Cl)C)C=C3C(=O)NC(=S)NC3=O,train,6.142667504,5.935869925065897
CC1=CC(=NC=C1)NC(C2=CC(=C(C=C2)OC)O)C3=C(C4=C(C=CC=N4)C=C3)O,train,5.37675071,5.358007954779834
Cc1cc(Cl)ccc1C1c2c(nn(C3CCOCC3)c2C(C)C)C(=O)N1c1cccc(Cl)c1F,train,7.744727495,7.850492574202855
CC(C)(C)C[C@@H]1N[C@@H](C(=O)N[C@H]2C[C@@](C)(O)C2)[C@H](c2cccc(F)c2F)[C@]12C(=O)Nc1cc(Cl)ccc12,train,7.568636236,7.600694755123034
CC1(CCC(CC1)NC(=O)[C@H]2[C@@H]([C@]3([C@@H](N2)CC(C)(C)C)C4=C(C=C(C=C4)Cl)NC3=O)C5=C(C(=CC=C5)Cl)F)O,train,8.096910013,7.573936733467305
COC(=O)C(C1=CC=C(C=C1)Cl)N2C(C(=S)NC3=C(C2=O)C=CC(=C3)NCC4=CC=C(C=C4)C(F)(F)F)C5=CC=C(C=C5)Cl,train,5.542118103,5.912448798593423
CC(C)N1C(=O)[C@H](CC(=O)O)C[C@H](c2cccc(Cl)c2)[C@@]1(C)c1ccc(Cl)cc1,train,7.73754891,8.084826345286553
C1CC1CN2[C@@H]([C@@H](C[C@H](C2=O)CC(=O)O)C3=CC(=CC=C3)Cl)C4=CC=C(C=C4)Cl,train,5.616184634,6.04660115028445
COc1cc2c(cc1OC(C)C)C(c1ccc(Cl)cc1)N(C1CCC(C(C)(O)CC(C)C)CC1)C(=O)C2,train,8.408935393,8.279502333317755
CN(C)CCCN1C2=C(C(N3C1=NC=N3)C4=CC=C(C=C4)Br)C(OC5=CC=CC=C52)C6=CC=C(C=C6)Br.C(=O)(C(F)(F)F)O,train,5.124938737,5.718259430347164
CC(C)(C)C[C@H]1N[C@@H](C(=O)NC2CCC(O)CC2)[C@H](c2cccc(Cl)c2F)[C@@]12C(=O)Nc1cc(Cl)ccc12,train,7.2069084,7.639348796980114
COc1ccc(C(=O)N(C)C)cc1-c1nc2c(n1C(C)C)C(c1ccc(C#N)cc1C)N(c1cc(Cl)ccc1C)C2=O,train,9.568636236,9.408337493402545
CC(C)C[C@H](NC(=O)[C@H](CCC(N)=O)NC(=O)[C@H](C)NC(=O)[C@H](Cc1c[nH]c2ccccc12)NC(=O)[C@H](Cc1ccc(O)cc1)NC(=O)[C@H](Cc1cnc[nH]1)NC(=O)[C@H](CCC(=O)O)NC(=O)[C@H](Cc1ccccc1)NC(=O)[C@@H](NC(=O)[C@@H](N)CC(C)C)[C@@H](C)O)C(=O)N[C@H](C(=O)N[C@@H](CO)C(N)=O)[C@@H](C)O,train,7.283996656,7.494402688092795
COc1ncc(-c2nc3c(n2C(C)C)[C@H](c2ccc(C#N)cc2)N(c2cccc(Cl)c2F)C3=O)c(OC)n1,train,9.795880017,9.547041296435006
C1CC(CCC1NC(=O)[C@H]2[C@@H]([C@]3(C4=C(C=C(C=C4)Cl)NC3=O)C5(N2)CCOCC5)C6=C(C(=CC=C6)Cl)F)O,train,5.301029996,6.111168182820046
C1CCC2(C1)[C@@]3([C@H]([C@@H](N2)C(=O)NC4CCC(CC4)O)C5=C(C(=CC=C5)Cl)F)C6=C(C=C(C=C6)Cl)NC3=O,train,7.455931956,7.0646701592133345
CC(C)(C)OC(=O)[C@H](C1CC1)N2[C@@H]([C@H](C[C@@H](C2=O)CC(=O)O)C3=CC(=CC=C3)Cl)C4=CC=C(C=C4)Cl,train,7.522878745,7.478839404638158
CC[C@@H](C1=CC(=NO1)C)N2[C@@H]([C@H](C[C@](C2=O)(C)CC(=O)O)C3=CC(=CC=C3)Cl)C4=CC=C(C=C4)Cl,train,7.397940009,7.4115019259453785
CC[C@@H](C)Oc1cc2c(cc1OC)CC(=O)N(c1ccc(N(C)C[C@H]3CC[C@H](N)CC3)cc1)C2c1ccc(Cl)cc1,train,8.431798276,8.228392650428685
CC[C@H](C)[C@@H](C(=O)OC1CCC(CC1)NC(=O)[C@H]2[C@@H]([C@@]3([C@H](N2)CC(C)(C)C)C4=C(C=C(C=C4)Cl)NC3=O)C5=C(C(=CC=C5)Cl)F)N,train,6.0,6.032411967127146
C[C@H]([C@@H](C(=O)N[C@@H](CC1=CC=CC=C1)C(=O)N[C@@H](CCC(=O)O)C(=O)N[C@@H](CC2=CN=CN2)C(=O)N[C@@H](CCCCNC(=O)C)C(=O)N[C@@H](CC3=CNC4=CC=CC=C43)C(=O)N[C@@H](C)C(=O)N[C@@H](CCC(=O)N)C(=O)N[C@@H](CC(C)C)C(=O)N[C@@H]([C@@H](C)O)C(=O)N[C@@H](CO)C(=O)N)NC(=O)[C@H](CC(C)C)NC(=O)C)O,train,5.795880017,6.303581100944899
CC(C)C[C@@H](C(=O)OC1CCC(CC1)NC(=O)[C@H]2[C@@H]([C@@]3([C@H](N2)CC(C)(C)C)C4=C(C=C(C=C4)Cl)NC3=O)C5=C(C(=CC=C5)Cl)F)N,train,5.522878745,5.764363799707149
COC1(c2nc3nc(-c4noc(=O)[nH]4)nc(-c4cncc(Cl)c4)c3n2C[C@H]2CC[C@H](C)CC2)COC1,train,8.025166045,8.026395522332695
CC1=C(C(=NO1)C(=O)N2CCN(CC2)C(C3=CC=C(C=C3)Cl)C4=CC=C(C=C4)Cl)[N+](=O)[O-],train,7.119186408,6.6724047749172515
C1CCN(C1)C(=O)C2=C(SC(=C2C3=CC=C(C=C3)Cl)C4=CC=CC=C4)N,train,5.236572006,5.359297274385407
CC[C@@H](CNS(=O)(=O)c1ccc(C)cc1)N1C(=O)[C@@](C)(CC(=O)O)C[C@H](c2cccc(Cl)c2)[C@H]1c1ccc(Cl)cc1,train,9.0,8.877430628840454
C[C@H](O)[C@H](C1CC1)N1C(=O)[C@@](C)(CC(=O)O)C[C@H](c2cccc(Cl)c2)[C@H]1c1ccc(Cl)cc1,train,8.698970004,8.775843222253176
CCOC(=O)CNC(=O)C[C@H]1C[C@@H]([C@H](N(C1=O)CC2CC2)C3=CC=C(C=C3)Cl)C4=CC(=CC=C4)Cl,train,5.623423043,5.749079524819973
CC[C@@H](C1=NC=CC=N1)N2[C@@H]([C@H](C[C@](C2=O)(C)CC(=O)O)C3=CC(=CC=C3)Cl)C4=CC=C(C=C4)Cl,train,7.22184875,7.300291125172511
CC(C)(C)C[C@@H]1[C@]2([C@H]([C@@H](N1)C(=O)NC3CCN(CC3)S(=O)(=O)C)C4=C(C(=CC=C4)Cl)F)C5=C(C=C(C=C5)Cl)NC2=O,train,7.0,6.7804719114254945
C1=CC=C2C(=C1)C3=C(C(N4C(=NC=N4)N3CCC(=O)O)C5=CC=C(C=C5)Br)C(O2)C6=CC=C(C=C6)Br,train,6.292429824,6.213485617927584
CC(C)C1=C(SC2=NC(C(N12)C3=CC=C(C=C3)Cl)(C)C4=CC=C(C=C4)Cl)C(=O)N5CCC[C@H]5C(=O)N(C)C,train,7.229147988,7.515502218501162
CC(C)(C)C[C@@H]1[C@]2([C@H]([C@@H](N1)C(=O)NC3CCC(CC3)O)C4=C(C(=CC=C4)Cl)F)C5=C(C=C(C=C5)Cl)NC2=O,train,7.2069084,6.918871416164499
COC1=CC=CC=C1/C=C/C(=O)C2=NC3=CC=CC=C3N2,train,5.319664487,5.310100155264946
C1CC1CN2[C@@H]([C@@H](O[C@H](C2=O)CCO)C3=CC(=CC=C3)Cl)C4=CC=C(C=C4)Cl,train,6.055517328,5.830666320931348
COc1cc2c(cc1OC(C)C)[C@H](c1ccc(Cl)cc1)N(c1ccc(N(C)C[C@H]3CC[C@H](N4CC(=O)N(C)C4)CC3)cc1)C(=O)C2,train,8.744727495,8.641209012223925
C1=CC=C(C=C1)C2=C(N(C=N2)CC3=CC=C(C=C3)Cl)C4=CNC5=C4C=CC(=C5)Cl,train,6.698970004,6.300046932570254
CC[C@@H](CNS(=O)(=O)C1CC1)N1C(=O)[C@@](C)(CC(=O)O)C[C@H](c2cncc(Cl)c2)[C@H]1c1ccc(Cl)cc1,train,8.337242168,8.340278560109876
CC[C@@H](COCC1CC1)N1C(=O)[C@@](C)(CC(=O)O)CC(c2cccc(Cl)c2)C1c1ccc(Cl)cc1,train,8.698970004,8.286100966466122
COC(=O)C(C1=CC=C(C=C1)Cl)N2C(C(=S)NC3=C(C2=O)C=C(C=C3)Cl)C4=CC=C(C=C4)Cl,train,5.050122296,5.1786961753773895
CC[C@@H]([C@@H](C)S(=O)(=O)CC)N1C(=O)[C@@](C)(CC(=O)O)C[C@H](c2cccc(Cl)c2)[C@H]1c1ccc(Cl)cc1,train,9.397940009,9.36096357442929
CC[C@@H](COCC1CC1)N2[C@@H]([C@H](C[C@@H](C2=O)CC(=O)O)C3=CC(=CC=C3)Cl)C4=CC=C(C=C4)Cl,train,7.522878745,7.13544936908258
COc1ncc(-c2nc3c(n2C(C)C)C(c2ccc(Cl)cc2)N(c2cc(C)nnc2OC)C3=O)c(OC)n1,train,8.227238353,8.603201073397718
CC(C)(C)C[C@@H]1N[C@@H](C(=O)NC2CCC(O)CC2)[C@H](c2cccc(Cl)c2F)[C@]12C(=O)Nc1cc(Cl)ccc12,train,8.086186148,7.639348796980114
CC[C@@H](CCC(C)(C(F)(F)F)O)N1[C@@H]([C@H](C[C@](C1=O)(C)CC(=O)O)C2=CC(=CC=C2)Cl)C3=CC=C(C=C3)Cl,train,8.0,7.901547779670872
CC[C@@H](CN1CCOCC1)N1C(=O)[C@@](C)(CC(=O)O)C[C@H](c2cccc(Cl)c2)[C@H]1c1ccc(Cl)cn1,train,7.301029996,7.424596729373982
CN(C[C@H](C1CC1)N1C(=O)[C@@](C)(CC(=O)O)C[C@H](c2cccc(Cl)c2)C1c1ccc(Cl)cc1)S(=O)(=O)c1ccc(Cl)s1,train,9.301029996,9.214974575397996
C[C@@]1(C[C@@H]([C@H](N(C1=O)[C@H](CS(=O)(=O)N2CCC2)C3CC3)C4=CC=C(C=C4)Cl)C5=CC(=CC=C5)Cl)CC(=O)O,train,10.0,9.701523807806007
Cc1cc(Cl)ccc1C1c2c(nn(-c3ccc(C(N)=O)cc3)c2C(C)C)C(=O)N1c1cccc(Cl)c1F,train,7.93930216,8.321040344468553
COc1cc(C(=O)OCOC(=O)NCC(=O)O)ccc1NC(=O)[C@@H]1N[C@@H](CC(C)(C)C)[C@](C#N)(c2ccc(Cl)cc2F)[C@H]1c1cccc(Cl)c1F,train,8.086716098,8.047798599543004
COc1cc(C(N)=O)ccc1NC(=O)[C@@H]1N[C@@H](CC(C)(C)C)[C@@]2(C(=O)Nc3cc(Cl)sc32)[C@H]1c1cccc(Cl)c1F,train,8.15490196,7.821867876676576
CC1=CC(=C(N1C2=CC=C(C=C2)Cl)C)/C=C/3\C(=O)NC(=S)N(C3=O)C4=CC=CC=C4,train,5.48148606,5.609476440240303
CCC[C@@H](C(=O)OCC)N1[C@@H]([C@H](CCC1=O)C2=CC(=CC=C2)Cl)C3=CC=C(C=C3)Cl,train,5.853871964,5.8126707690980775
CC(C)[C@@H](CN(C)S(=O)(=O)C1CC1)N2[C@@H]([C@H](C[C@](C2=O)(C)CC(=O)O)C3=CC(=CC=C3)Cl)C4=CC=C(C=C4)Cl,train,9.698970004,9.308960662665855
CC(C)(CCO)C[C@@H]1[C@]2([C@H]([C@@H](N1)C(=O)NCC[C@@H](CO)O)C3=CC(=CC=C3)Cl)C4=CC(=C(C=C4NC2=O)Cl)F,train,5.301029996,5.557651389882847
C[C@@]1(C[C@@H]([C@H](N(C1=O)C(C2CC2)C3CC3)C4=CC=C(C=C4)Cl)C5=CC(=CC=C5)Cl)CC(=O)O,train,8.0,7.58991253067066
CCN1CCN(CCn2nc3c(c2C(C)C)C(c2ccc(Cl)cc2)N(c2cccc(Cl)c2F)C3=O)C1=O,train,8.050609993,8.000299989073493
CC(C)OC1=C(C=CC(=C1)OC)C2=NC(C(N2C(=O)NCC(=O)N3CCOCC3)C4=CC=C(C=C4)Cl)C5=CC=C(C=C5)Cl,train,5.081445469,5.245141197711359
CC[C@@H](CN1C[C@H]2C[C@@H]1CO2)N1C(=O)[C@@](C)(CC(=O)O)C[C@H](c2cccc(Cl)c2)[C@H]1c1ccc(Cl)cc1,train,7.15490196,7.516808322507792
CC[C@]1(CC(=O)O)C[C@H](c2cccc(Cl)c2)[C@@H](c2ccc(Cl)cc2)N([C@H](CS(=O)(=O)C2CC2)C2CC2)C1=O,train,9.522878745,9.527727513957295
CC(C)(C)C[C@@H]1[C@]2([C@H]([C@@H](N1)C(=O)NCCC(=O)CO)C3=CC(=CC=C3)Cl)C4=CC(=C(C=C4NC2=O)Cl)F,train,6.0,6.091847045130293
CC(C)(C)C1=C(SC2=N[C@H]([C@H](N12)C3=CC=C(C=C3)Cl)C4=CC=C(C=C4)Cl)C(=O)N5CCNC(=O)C5,train,5.522878745,5.904199074541999
CC[C@@H](CN1CCCC1=O)N1C(=O)[C@@](C)(CC(=O)O)C[C@H](c2cccc(Cl)c2)[C@H]1c1ccc(Cl)cc1,train,8.15490196,8.077854852997314
CC[C@@H](CC(C)(C(F)(F)F)O)N1[C@@H]([C@H](C[C@](C1=O)(C)CC(=O)O)C2=CC(=CC=C2)Cl)C3=CC=C(C=C3)Cl,train,6.920818754,7.298122928818907
CC[C@@H]([C@@H](C)O)N1C(=O)[C@@](C)(CC(=O)O)C[C@H](c2cccc(Cl)c2)[C@H]1c1ccc(Cl)cc1,train,8.698970004,8.756904861459947
C1=CC=C2C(=C1)C3=C(C(N4C(=NC=N4)N3)C5=CC=C(C=C5)Br)C(O2)C6=CC=C(C=C6)Br,train,5.411168274,5.558951918825278
CC[C@@H](C1=NC2=CC=CC=C2S1)N3[C@@H]([C@H](C[C@](C3=O)(C)CC(=O)O)C4=CC(=CC=C4)Cl)C5=CC=C(C=C5)Cl,train,7.045757491,7.1530666528154025
CCCS(=O)(=O)C[C@H](C1CC1)N1C(=O)[C@@](CC)(CC(=O)O)C[C@H](c2cccc(Cl)c2)[C@H]1c1ccc(Cl)cc1,train,9.698970004,9.63551352882662
CC(C)(C)C[C@H]1[C@@]2([C@H]([C@@H](N1)C(=O)NC3=C(C=C(C=C3)C(=O)O)OC)C4=C(C(=CC=C4)Cl)F)C5=C(NC2=O)N=C(C=C5)Cl,train,7.744727495,7.637869448004045
CCOc1cc(C(C)(C)C)ccc1C1=N[C@@](C)(c2ccc(Cl)cc2)[C@@](C)(c2ccc(Cl)cc2)N1C(=O)N1CCN(CCC(F)(F)F)CC1,train,7.657577319,7.69850340823197
CCC1=C(SC2=N[C@H]([C@H](N12)C3=CC=C(C=C3)Cl)C4=CC=C(C=C4)Cl)C(=O)N5CCNC(=O)C5,train,5.744727495,5.804276840251991
CC(C)(C)C[C@@H]1[C@]2([C@H]([C@@H](N1)C(=O)NCC[C@@H](CO)O)C3=CC(=C(C=C3)F)F)C4=CC(=C(C=C4NC2=O)F)F,train,5.0,5.30691360865103
CC(C)(C)NC(=O)Cc1ccc(Cl)c(F)c1-n1c(C2CCCCC2)nc(-c2nnc(N)o2)c1-c1ccc(F)c(Cl)c1,train,8.698970004,8.589969002200286
CC[C@@H](CC(C)(C)O)N1[C@@H]([C@H](C[C@](C1=O)(C)CC(=O)O)C2=CC(=CC=C2)Cl)C3=CC=C(C=C3)Cl,train,9.0,8.540006359257054
CN1CCN(CCNC(=O)[C@@H]2N[C@H](CC(C)(C)C)[C@]3(C(=O)Nc4cc(Cl)ccc43)[C@H]2c2cccc(Cl)c2F)CC1,train,7.590066877,7.661606930839403
CC(C)c1c2c(nn1Cc1ncc[nH]1)C(=O)N(c1cccc(Cl)c1F)C2c1ccc(Cl)cc1,train,7.469800302,7.629626263136367
CC[C@@H](CN1CCN(S(C)(=O)=O)CC1)N1C(=O)[C@@](C)(CC(=O)O)C[C@H](c2cccc(Cl)c2)[C@H]1c1ccc(Cl)cc1,train,8.096910013,8.107844196187482
CC(C)(C)C[C@@H]1[C@]2([C@H]([C@@H](N1)C(=O)NCCCN3CCCCC3)C4=C(C(=CC=C4)Cl)F)C5=C(C=C(C=C5)Cl)NC2=O,train,5.0,5.2776030427944445
COc1nc(N(C)C)ncc1-c1nc2c(n1C(C)C)C(c1ccc(Cl)cc1)N(c1cc(Cl)cnc1O)C2=O,train,9.853871964,9.665546144350575
CCS(=O)(=O)C[C@H](C(C)C)N1C(=O)[C@@](C)(CC(=O)O)C[C@H](c2cccc(Cl)c2)[C@H]1c1ccc(Cl)cc1,train,9.301029996,9.36826375356819
C[C@]1(CC(=O)O)C[C@H](c2cccc(Cl)c2)[C@@H](c2ccc(Cl)cc2)N([C@H](CNS(C)(=O)=O)C2CC2)C1=O,train,9.522878745,9.143139798961004
CC[C@@H](CCS(=O)(=O)C(C)C)N1C(=O)[C@@](C)(CC(=O)O)C[C@H](c2cccc(Cl)c2)[C@H]1c1ccc(Cl)cc1,train,8.522878745,8.39280264416002
CC[C@@H](C(=O)NC(C)(C)C)N1[C@@H]([C@H](C[C@](C1=O)(C)CC(=O)O)C2=CC(=CC=C2)Cl)C3=CC=C(C=C3)Cl,train,7.698970004,7.689701770124888
CC1=CC(=CC=C1)C2=NC(=C(N2C3=C(C=CC(=C3)Cl)C)C4=CC(=CC=C4)Cl)C(=O)O,train,8.096910013,7.78832211923717
C[C@H]([C@@H](C(=O)N[C@@H](CC1=CC=CC=C1)C(=O)N[C@@H](CCC(=O)O)C(=O)N[C@@H](CC2=CN=CN2)C(=O)N[C@@H](CC3=CC=C(C=C3)O)C(=O)N[C@@H](CC4=CNC5=CC=CC=C54)C(=O)N[C@@H](C)C(=O)N[C@@H](CCCCNC(=O)C)C(=O)N[C@@H](CC(C)C)C(=O)N[C@@H]([C@@H](C)O)C(=O)N[C@@H](CO)C(=O)N)NC(=O)[C@H](CC(C)C)NC(=O)C)O,train,7.318758763,7.185801291942856
COC(=O)C1=C(SC(=C1C2=CC=C(C=C2)Cl)C3=CC=C(C=C3)Cl)N,train,5.555955204,5.500753972655664
Nc1nnc(-c2nc(C3CCCCC3)n(-c3cccc(Cl)c3F)c2-c2ccc(F)c(Cl)c2)o1,train,8.22184875,8.180751387936434
COC1(c2nc3nc(-c4n[nH]c(=O)o4)nc(-c4cncc(Cl)c4)c3n2C[C@H]2CC[C@H](C)CC2)CCOc2cccnc21,train,8.130006,8.265689683475896
CC[C@@H](CS(=O)(=O)C(C)(C)C)N1C(=O)[C@@](CC)(CC(=O)O)C[C@H](c2cccc(Cl)c2)[C@H]1c1ccc(Cl)cc1,train,10.0,9.884141454467517
CC[C@@H](CC(C(F)(F)F)(O)O)N1[C@@H]([C@H](C[C@](C1=O)(C)CC(=O)O)C2=CC(=CC=C2)Cl)C3=CC=C(C=C3)Cl,train,8.0,7.94063167957813
CC(=O)NCCCC[C@H](NC(=O)[C@H](CCC(=O)O)NC(=O)[C@H](Cc1ccccc1)NC(=O)[C@@H](NC(=O)[C@H](CC(C)C)NC(C)=O)[C@@H](C)O)C(=O)N[C@@H](Cc1ccc(O)cc1)C(=O)N[C@@H](Cc1c[nH]c2ccccc12)C(=O)N[C@@H](C)C(=O)N[C@@H](CCC(N)=O)C(=O)N[C@@H](CC(C)C)C(=O)N[C@H](C(=O)N[C@@H](CO)C(N)=O)[C@@H](C)O,train,7.113509275,7.479798751220199
CC[C@@H](CS(=O)(=O)C1CC1)N1C(=O)[C@@](CC)(CC(=O)O)C[C@H](c2cccc(Cl)c2)[C@H]1c1ccc(Cl)cc1,train,9.522878745,9.552146433297814
C[C@@](CCNC(=O)[C@H]1[C@@H]([C@@]2([C@H](N1)CC(C)(C)C)C3=C(C=C(C=C3)Cl)NC2=O)C4=C(C(=CC=C4)Cl)F)(CO)O,train,5.522878745,5.687819436864654
CC(F)(c1ccccc1C#N)c1nc2nc(-c3noc(=O)[nH]3)nc(-c3cncc(Cl)c3)c2n1C[C@H]1CC[C@H](C)CC1,train,9.288192771,9.203525136571846
N=C(N)Nc1cccc(C(=O)NCC(=O)N[C@@H](CC(=O)O)C(=O)NC(c2ccccc2)c2ccccc2)c1,train,7.142667504,7.401035688295192
COc1nc(N2CCC[C@H](O)C2)ncc1-c1nc2c(n1C(C)C)C(c1ccc(C#N)cc1)N(c1cccc(Cl)c1F)C2=O,train,9.496209317,9.049974627230819
C1CCC2(CC1)[C@@]3([C@H]([C@@H](N2)C(=O)NC4=CC(=C(C=C4)C(=O)O)F)C5=C(C(=CC=C5)Cl)F)C6=C(C=C(C=C6)Cl)NC3=O,train,8.142667504,7.866807514449313
CC1(CC(C1)NC(=O)[C@H]2[C@@H]([C@]3([C@@H](N2)CC(C)(C)C)C4=CC(=C(C=C4NC3=O)F)F)C5=C(C(=CC=C5)Cl)F)O,train,7.455931956,6.978744350403143
CC[C@@H](CCS(=O)(=O)C(C)C)N1[C@@H]([C@H](C[C@](C1=O)(C)CC(=O)O)C2=CC(=CC=C2)Cl)C3=CC=C(C=C3)Cl,train,8.0,8.194384426828877
CC[C@@H](C)Oc1cc2c(cc1OC)CC(=O)N(c1ccc(N(C)CC3CCCNC3)cc1)C2c1ccc(Cl)cc1,train,8.327902142,8.286779546436517
CC(C)(CN1C2=C(C(N3C1=NC=N3)C4=CC=C(C=C4)Br)C(OC5=CC=CC=C52)C6=CC=C(C=C6)Br)O,train,6.431798276,6.24205974456843
C=CC[C@H]1C(=O)N([C@@H]([C@@H](O1)C2=CC(=CC=C2)Cl)C3=CC=C(C=C3)Cl)CC4CC4,train,5.853871964,5.719303008120725
C1CCC(CC1)C[C@@H]2[C@]3([C@H]([C@@H](N2)C(=O)NCC[C@@H](CO)O)C4=CC(=CC=C4)Cl)C5=CC(=C(C=C5NC3=O)Cl)F,train,6.0,5.793085482332474
CC1(CC(C1)NC(=O)[C@H]2[C@@H]([C@]3([C@@H](N2)CC(C)(C)C)C4=C(C=C(C=C4)Cl)NC3=O)C5=C(C=CC(=C5)Cl)F)O,train,6.798602876,6.856119748063223
CCCN1[C@@H]([C@H](C[C@H](C1=O)CC(=O)O)C2=CC(=CC=C2)Cl)C3=CC=C(C=C3)Cl,train,6.387216143,6.256247784774875
COc1ccc(C(=O)N2CCOCC2)cc1-c1nc2c(n1C(C)C)C(c1ccc(Cl)cc1)N(c1ccc(F)c(Cl)c1)C2=O,train,9.823908741,9.73608868575456
C[C@H]1CC[C@H](N1C(=O)C2=C(N3[C@@H]([C@](N=C3S2)(C)C4=CC=C(C=C4)Cl)C5=CC=C(C=C5)Cl)C(C)C)C(=O)N(C)C,train,7.853871964,7.695733341037377
CCOc1cc(C(C)(C)C)ccc1C1=N[C@@](C)(c2ccc(Cl)cc2)[C@@](C)(c2ccc(Cl)cc2)N1C(=O)N1CCN(CCNS(C)(=O)=O)CC1,train,7.337242168,7.919036108103031
CCOc1cc(C(C)(C)C)ccc1C1=N[C@@](C)(c2ccc(Cl)cc2)[C@@](C)(c2ccc(Cl)cc2)N1C(=O)N1CCN(C(C)=O)CC1,train,7.638272164,7.652200245388848
COc1ccc(C2=N[C@@H](c3ccc(Cl)cc3)[C@@H](c3ccc(Cl)cc3)N2C(=O)N2CCNC(=O)C2)c(OC(C)C)c1,train,7.214670165,7.463466696435603
COc1cc(C(=O)O)ccc1NC(=O)[C@H]1N[C@H](CC(C)(C)C)[C@]2(C(=O)Nc3cc(Cl)sc32)[C@@H]1c1cccc(Cl)c1F,train,7.244125144,7.709923670058993
CC[C@]1(CC(=O)O)C[C@H](c2cccc(Cl)c2)[C@@H](c2ccc(Cl)cc2)N([C@H](CS(=O)(=O)C2CCCC2)C2CC2)C1=O,train,9.698970004,9.682192243236717
COc1cc(C(=O)OC(C)OC(=O)N2CCS(=O)(=O)CC2)ccc1NC(=O)[C@@H]1N[C@@H](CC(C)(C)C)[C@](C#N)(c2ccc(Cl)cc2F)[C@H]1c1cccc(Cl)c1F,train,7.920818754,8.08671021992401
CCC(CC)N1[C@@H]([C@H](C[C@H](C1=O)CC(=O)O)C2=CC(=CC=C2)Cl)C3=CC=C(C=C3)Cl,train,6.568636236,6.616352745141809
CC[C@@H](C(=O)OCC)N1[C@@H]([C@H](CCC1=O)C2=CC(=CC=C2)Cl)C3=CC=C(C=C3)Cl,train,6.026872146,5.753609982938759
C1=CC=C(C=C1)C2=CC(=C(N2C3=CC=C(C=C3)Cl)C4=CC=CC=C4)/C=C/5\C(=O)NC(=S)N(C5=O)C6=CC(=CC=C6)Cl,train,6.787812396,6.849494013343741
CC(C)(C)C[C@@H]1N[C@@H](C(=O)NC2CCC(O)CC2)[C@H](c2cccc(F)c2F)[C@]12C(=O)Nc1cc(Cl)ccc12,train,7.209714836,7.3634758312856405
CC[C@@H](CN1CCOC(C1)(C)C)N2[C@@H]([C@H](C[C@](C2=O)(C)CC(=O)O)C3=CC(=CC=C3)Cl)C4=CC=C(C=C4)Cl,train,8.0,7.957265992764301
CC[C@@H](CNCC(F)(F)F)N1[C@@H]([C@H](C[C@@H](C1=O)CC(=O)O)C2=CC(=CC=C2)Cl)C3=CC=C(C=C3)Cl,train,6.769551079,6.847842232515972
C1CCC(CC1)C2=NC(=C(N2C3=C(C(=CC=C3)Cl)F)C4=CC(=C(C=C4)F)Cl)C(=O)N,train,7.744727495,7.257624833684809
COc1cnc(CC#N)cc1-c1nc2c(n1C(C)C)C(c1ccc(Cl)cc1C)N(c1cc(Cl)cn(C)c1=O)C2=O,train,8.962573502,9.014264200643085
C1CCC(C1)NC(=O)C2=C(SC(=C2C3=CC=C(C=C3)Cl)C4=CC=C(C=C4)Cl)N,train,5.168130226,5.321566199503761
CC[C@@H](CN(C)S(=O)(=O)C)N1C([C@H](C[C@](C1=O)(C)CC(=O)O)C2=CC(=CC=C2)Cl)C3=CC=C(C=C3)Cl,train,8.0,8.04119514863789
CC[C@@H](CS(=O)(=O)C(C)C)N1C(=O)[C@@](C)(CC(=O)O)C[C@H](c2cccc(Cl)c2)[C@H]1c1ccc(Cl)cc1,train,9.698970004,9.674931703859741
CN1C2=C(C(N3C1=NC=N3)C4=CC=C(C=C4)Br)C(OC5=C2C=CC=C5Cl)C6=CC=C(C=C6)Br,train,5.455931956,5.636833791655818
CC[C@@H](COCC1(CC1)C(=O)N)N2[C@@H]([C@H](C[C@H](C2=O)CC(=O)O)C3=CC(=CC=C3)Cl)C4=CC=C(C=C4)Cl,train,6.619788758,6.720241628781484
CC[C@@H](CN1CCOCC1C)N1C(=O)[C@@](C)(CC(=O)O)C[C@H](c2cccc(Cl)c2)[C@H]1c1ccc(Cl)cc1,train,8.698970004,8.484033214892175
CC(C)OC1=C(C=C2CC(=O)N([C@H](C2=C1)C3=CC=C(C=C3)Cl)C4=CN=C(C=C4)N(C)CC5CCC(CC5)N6CC(=O)N(C6)C)OC,train,7.943095149,8.001679581299328
CCC(CNCC)N1C(C(CC(C1=O)CC(=O)O)C2=CC(=CC=C2)Cl)C3=CC=C(C=C3)Cl,train,6.30980392,6.476799618605451
CNC(=O)Cn1nc2c(c1C(C)C)C(c1ccc(Cl)cc1C)N(c1cccc(Cl)c1F)C2=O,train,7.943095149,8.001758668775885
C1COCCN1CCNC(=O)C2=C(C3=C(N2)C=C(C=C3)Cl)C4=C(N=CN4CC5=CC=C(C=C5)Cl)C6=CC=CC=C6,train,7.522878745,6.989739765247228
CCOc1cc(C(C)(C)C)ccc1C1=N[C@@](C)(c2ccc(Cl)cc2)[C@@](C)(c2ccc(Cl)cc2)N1C(=O)N1CCN(CCO)CC1,train,7.585026652,7.604693337862522
C1=CC=C(C=C1)CNC(=O)C2=C(SC(=C2C3=CC=C(C=C3)Cl)C4=CC=C(C=C4)F)N,train,5.002176919,5.099874478185047
COc1cc2c(cc1OC(C)C)[C@H](c1ccc(Cl)cc1)N(c1ccc([C@H](C)N3CCNCC3=O)cc1)C(=O)C2,train,8.148741651,7.995414158945668
C1CCN(C1)CC[C@@]2(C[C@@H]([C@H](N(C2=O)CC3CC3)C4=CC=C(C=C4)Cl)C5=CC(=CC=C5)Cl)CC(=O)O,train,7.22184875,7.179288321938705
Cc1cc(Cl)ccc1C1c2c(nn(Cc3ccncc3)c2C(C)C)C(=O)N1c1cccc(Cl)c1F,train,8.207608311,8.110333111121966
C[C@H]1CC[C@H](Cn2c(C3(c4ccccn4)CC3)nc3nc(-c4nc(=O)o[nH]4)nc(-c4cccc(Cl)c4)c32)CC1,train,7.770574152,7.957767881179028
CCCCC(C)(O)C1CCC(N2C(=O)Cc3cc(OC)c(OC(C)C)cc3C2c2ccc(Cl)cc2)CC1,train,8.200659451,8.101142603365071
CC[C@@H](Cn1cc(C(F)(F)F)ccc1=O)N1C(=O)[C@@](C)(CC(=O)O)C[C@H](c2cccc(Cl)c2)[C@H]1c1ccc(Cl)cc1,train,7.920818754,8.011869004386169
CC[C@@H]1CC[C@H](N1C(=O)C2=C(N3[C@@H]([C@](N=C3S2)(C)C4=CC=C(C=C4)Cl)C5=CC=C(C=C5)Cl)C(C)C)C(=O)N6CCN([C@@H](C6)C)C,train,7.537602002,7.615398829125304
CC(C)(C)OC(=O)[C@H](C1CC1)N1C(=O)[C@@H](CC(=O)O)C[C@H](c2cccc(Cl)c2)[C@H]1c1ccc(Cl)cc1,train,8.22184875,8.285714591744242
O=C(O)c1ccc(CNC(=O)[C@@H]2NC3(CCCCC3)[C@@]3(C(=O)Nc4cc(Cl)ccc43)[C@H]2c2cccc(Cl)c2F)cc1,train,8.004364805,7.968093022080654
C1CC1C2=C(SC3=N[C@H]([C@H](N23)C4=CC=C(C=C4)Cl)C5=CC=C(C=C5)Cl)C(=O)N6CCNC(=O)C6,train,5.022276395,5.4362274790285445
CC(C)(C)C[C@@H]1[C@]2([C@H]([C@@H](N1)C(=O)NCCC(C)(CO)O)C3=CC(=CC=C3)Cl)C4=CC(=C(C=C4NC2=O)Cl)F,train,6.0,5.932003327626453
CC[C@@H](CO)N1[C@@H]([C@@H](O[C@H](C1=O)CC(=O)O)C2=CC(=CC=C2)Cl)C3=CC=C(C=C3)Cl,train,6.214670165,6.42759749755518
CC1=NC(=CC=C1)NC(C2=CC(=C(C=C2)OC)O)C3=C(C4=C(C=CC=N4)C=C3)O,train,5.37675071,5.371704936383564
CCOC(=O)[C@H](CC)N1C(=O)[C@@H](CC(=O)O)C[C@H](c2cccc(Cl)c2)[C@H]1c1ccc(Cl)cc1,train,7.22184875,7.372040184020121
COc1cc2c(cc1OC(C)C)[C@H](c1ccc(Cl)cc1)N(C1CCC([C@@](C)(O)C3CCOCC3)CC1)C(=O)C2,train,7.903089987,7.6911860949350634
C[C@@H]1CC[C@H](N1C(=O)C2=C(N3[C@@H]([C@](N=C3S2)(C)C4=CC=C(C=C4)Cl)C5=CC=C(C=C5)Cl)C(C)C)C(=O)N6CCNC7(C6)CC7,train,8.022276395,7.889382484697296
COc1cc2c(cc1OC(C)C)[C@H](c1ccc(Cl)cc1)N(c1cnc(N(C)C[C@H]3CC[C@H](N4CC(=O)N(C)C4)CC3)cn1)C(=O)C2,train,8.366531544,8.25004361442958
CN(C)S(=O)(=O)NC[C@H](C1CC1)N1C(=O)[C@@](C)(CC(=O)O)C[C@H](c2cccc(Cl)c2)[C@H]1c1ccc(Cl)cc1,train,9.301029996,9.201979637276313
O=C(NC1CCC(O)CC1)[C@@H]1NC2(CCCC2)[C@@]2(C(=O)Nc3cc(Cl)ccc32)[C@H]1c1cccc(Cl)c1F,train,7.378823718,7.4678151679259885
COc1ncc(-c2nc3c(n2C(C)C)[C@H](c2ccc(Cl)cc2)N(c2cc(Cl)c(=O)n(C)c2)C3=O)c(OC)n1,train,9.906578315,9.587109807618008
CC(C)(C)C[C@@H]1N[C@@H](C(=O)Nc2ccc(C(=O)O)cc2)[C@H](c2cccc(Cl)c2F)[C@@]1(C#N)c1ccc(Cl)cc1F,train,7.657577319,7.63273194544544
CCC(CC)N1[C@@H]([C@H](C[C@](C1=O)(C)CC2=NNC(=O)O2)C3=CC(=CC=C3)Cl)C4=CC=C(C=C4)Cl,train,6.585026652,6.541357178919269
COc1cc2c(cc1OC(C)C)[C@H](c1ccc(Cl)cc1)N(c1ccc(N(C)C[C@H]3CC[C@H](N4CC(=O)N(C)C4)CC3)cn1)C(=O)C2,train,8.244125144,8.288143822019334
C[C@@]1(C[C@@H]([C@H](N(C1=O)C2=NC=NC=C2)C3=CC=C(C=C3)Cl)C4=CC(=CC=C4)Cl)CC(=O)O,train,6.468521083,6.536275274332503
CC(C)(C)C[C@@H]1[C@]2([C@H]([C@@H](N1)C(=O)NCCCN3CCN(CC3)C4CC4)C5=C(C(=CC=C5)Cl)F)C6=C(C=C(C=C6)Cl)NC2=O,train,5.0,5.384643295261311
CC[C@@H](CN1C[C@H]2C[C@@H]1CO2)N3[C@@H]([C@H](C[C@](C3=O)(C)CC(=O)O)C4=CC(=CC=C4)Cl)C5=CC=C(C=C5)Cl,train,7.15490196,7.315185182619687
COc1cc(CO)ccc1-c1nc2c(n1C(C)C)C(c1ccc(Cl)cc1)N(c1cc(Cl)ccc1C)C2=O,train,9.920818754,9.613456299801324
COC(C)(c1ccccc1C#N)c1nc2nc(-c3noc(=O)[nH]3)nc(-c3cncc(Cl)c3)c2n1C[C@H]1CC[C@H](C)CC1,train,9.361510743,9.165813070916357
COCCn1cc(N2C(=O)c3nn(-c4ccccc4OC)c(C(C)C)c3C2c2ccc(Cl)cc2C)cc(Cl)c1=O,train,9.573488739,9.496668698630073
Cc1cc(Cl)ccc1C1c2c(nn(CCN3CCN(C)CC3)c2C(C)C)C(=O)N1c1cc(Cl)ccc1C,train,9.15490196,8.883315427502357
Cc1cc(Cl)ccc1C1c2c(nn(Cc3ccccc3)c2C(C)C)C(=O)N1c1cccc(Cl)c1F,train,7.616184634,7.754362468452165
C1=CC=C2C(=C1)C3=C(C(N4C(=NC=N4)N3CCCCC(=O)O)C5=CC=C(C=C5)Br)C(O2)C6=CC=C(C=C6)Br,train,6.119186408,6.27843364453893
C1=CC=C2C(=C1)C(=O)N(C2(C3=CC=C(C=C3)Br)OCCCO)CC4=CC=C(C=C4)[N+](=O)[O-],train,5.853871964,5.890863520418157
CC1(CC(C1)NC(=O)[C@H]2[C@@H]([C@@]3([C@H](N2)CC(C)(C)C)C4=C(C=C(C=C4)F)NC3=O)C5=C(C(=CC=C5)Cl)F)O,train,5.301029996,5.9234009173328515
COc1cc2c(cc1OC(C)C)[C@H](c1ccc(Cl)cc1)N(c1ccc([C@H](C)N3CCN(C(C)=O)CC3=O)cc1)C(=O)C2,train,7.48148606,7.6398108309577335
CCOC1=C(C=CC(=C1)OC)C2=N[C@H]([C@H](N2C(=O)N3CCN(CC3)CCO)C4=CC=C(C=C4)Br)C5=CC=C(C=C5)Br,train,6.853871964,6.667593805806245
CCC(CC)CN1C(=O)[C@@H](CC(=O)O)C[C@H](c2cccc(Cl)c2)[C@H]1c1ccc(Cl)cc1,train,7.22184875,7.429863499090739
Cc1cc(Cl)ccc1C1c2c(nn(C(=O)N(C)c3ccccc3)c2C(C)C)C(=O)N1c1cc(Cl)ccc1C,train,7.675717545,7.941325048112352
CC[C@@H](CS(=O)(=O)C(C)(C)C)N1C(=O)[C@@](C)(CC(=O)O)C[C@H](c2cccc(Cl)c2)[C@H]1c1ccc(Cl)cc1,train,10.0,9.884207144497704
COc1ccc(CNC(=O)CO)cc1-c1nc2c(n1C(C)C)C(c1ccc(Cl)cc1C)N(c1cc(Cl)ccc1C)C2=O,train,10.09691001,9.730712029759044
CC(C)OC1=C(C=C2CC(=O)N([C@H](C2=C1)C3=CC=C(C=C3)Cl)C4=CC=C(C=C4)N(C)CC5CCC(CC5)N6CC(=O)NC6)OC,train,8.769551079,8.336995454377247
COc1cc(C(=O)OCOC(C)=O)ccc1NC(=O)[C@@H]1N[C@@H](CC(C)(C)C)[C@](C#N)(c2ccc(Cl)cc2F)[C@H]1c1cccc(Cl)c1F,train,7.346787486,7.571676496980619
CC[C@H](c1cccc(C(C)(C)O)n1)N1C(=O)[C@@](C)(CC(=O)O)C[C@H](c2cccc(Cl)c2)[C@H]1c1ccc(Cl)cc1,train,8.522878745,8.300730933528763
C1CC1CN2[C@@H]([C@@H](O[C@H](C2=O)CC(=O)O)C3=CC(=CC=C3)Cl)C4=CC=C(C=C4)Cl,train,5.769551079,5.700126036497625
COCC(C)(F)c1nc2nc(-c3noc(=O)[nH]3)nc(-c3cncc(Cl)c3)c2n1C[C@H]1CC[C@H](C)CC1,train,8.423773863,8.378754823675148
C1CC(C1)CN2[C@@H]([C@H](C[C@@H](C2=O)CC(=O)O)C3=CC(=CC=C3)Cl)C4=CC=C(C=C4)Cl,train,5.366531544,5.690068920880399
C1CC1NC(=O)C2=C(SC(=C2C3=CC=C(C=C3)Cl)C4=CC=C(C=C4)F)N,train,5.522878745,5.430710883883629
C1=CC=C2C(=C1)C(=O)N(C2(C3=CC=C(C=C3)Cl)OCC4=CC=CC(=C4)CO)CC5=CC=C(C=C5)[N+](=O)[O-],train,6.13667714,6.189623658643346
CCN1C2=C(C(N3C1=NC=N3)C4=CC=C(C=C4)Br)C(OC5=CC=CC=C52)C6=CC=C(C=C6)Br,train,5.744727495,5.805054586587867
Cc1cc(Cl)ccc1C1c2c(nn(CCC(C)C)c2C2CC2)C(=O)N1c1cccc(Cl)c1F,train,7.920818754,8.028586224023014
CC(C)OC1=C(C=CC(=C1)OC)C2=NC(C(N2)C3=CC=C(C=C3)Cl)C4=CC=C(C=C4)Cl,train,7.045757491,6.531259575793739
CCOC(=O)[C@H](C1CC1)N1C(=O)[C@@H](CC(=O)O)C[C@H](c2cccc(Cl)c2)[C@H]1c1ccc(Cl)cc1,train,7.397940009,7.535646643720791
Cc1cc(Cl)ccc1C1c2c(nn(Cc3ccccn3)c2C(C)C)C(=O)N1c1cc(Cl)ccc1C,train,8.585026652,8.504290835597672
CC[C@@H](CN(C1CC1)S(C)(=O)=O)N1C(=O)[C@@](C)(CC(=O)O)C[C@H](c2cccc(Cl)c2)C1c1ccc(Cl)cc1,train,9.0,8.788523567883495
CC(C)(C)C[C@@H]1[C@]2([C@H]([C@@H](N1)C(=O)N[C@H]3CC[C@@H](C3)O)C4=C(C(=CC=C4)Cl)F)C5=C(C=C(C=C5)Cl)NC2=O,train,6.0,6.056966839049388
CC[C@]1(CC(=O)O)C[C@H](c2cccc(Cl)c2)[C@@H](c2ccc(Cl)cc2)N([C@H](CS(=O)(=O)CC)C2CC2)C1=O,train,9.698970004,9.656447367007896
CC(C)(C)C[C@@H]1[C@]2([C@H]([C@@H](N1)C(=O)NC3CCC(CC3)OC(=O)C(C)(C)N)C4=C(C(=CC=C4)Cl)F)C5=C(C=C(C=C5)Cl)NC2=O,train,6.0,6.022067821939738
COc1ccccc1-n1nc2c(c1C(C)C)C(c1ccc(F)c(F)c1)N(c1cccc(Cl)c1F)C2=O,train,8.48148606,8.372946022847518
C[C@@]1(C[C@@H]([C@H](N(C1=O)C2CCCC2)C3=CC=C(C=C3)Cl)C4=CC(=CC=C4)Cl)CC(=O)O,train,7.522878745,7.300676632905335
CC[C@@H](CNS(=O)(=O)C(C)(C)C)N1[C@@H]([C@H](C[C@](C1=O)(C)CC(=O)O)C2=CC(=CC=C2)Cl)C3=CC=C(C=C3)Cl,train,8.886056648,8.874972630629333
CC[C@@H](CC(O)(C1CC1)C(F)(F)F)N1C(=O)[C@@](C)(CC(=O)O)C[C@H](c2cccc(Cl)c2)[C@H]1c1ccc(Cl)cc1,train,8.0,7.948792856200346
CC(C)OC1=C(C=CC(=C1)OC)C2=NC(C(N2C(=O)CCN3CCOCC3)C4=CC=C(C=C4)Cl)C5=CC=C(C=C5)Cl,train,5.417936637,5.591862592037993
CCOC(=O)CCCNC(=O)N1[C@H]([C@H](N=C1C2=C(C=C(C=C2)OC)OC(C)C)C3=CC=C(C=C3)Cl)C4=CC=C(C=C4)Cl,train,5.779891912,5.753162149431706
O=C1c2cccc(Cl)c2C(OCC2(CO)CC2)(c2ccc(Cl)cc2)N1Cc1ccc([N+](=O)[O-])cc1,train,7.397940009,7.55632834719228
COc1ncc(-c2nc3c(n2C(C)C)[C@H](c2ccc(Cl)cc2)N(c2cc(Cl)cn(C)c2=O)C3=O)c(OC)n1,train,9.677780705,9.70314905110234
C1CCC(CC1)C2=NC(=C(N2C3=C(C(=CC=C3)Cl)F)C4=CC(=C(C=C4)F)Cl)C5=NNN=N5,train,8.522878745,8.161247430832399
O=C(N[C@H]1C[C@H](C(=O)O)C1)[C@@H]1NC2(CCCCC2)[C@@]2(C(=O)Nc3cc(Cl)ccc32)[C@H]1c1cccc(Cl)c1F,train,8.15490196,8.092662824166709
CC[C@@H](CN1CC2CCC(C1)O2)N3[C@@H]([C@H](C[C@](C3=O)(C)CC(=O)O)C4=CC(=CC=C4)Cl)C5=CC=C(C=C5)Cl,train,7.522878745,7.562842605413898
CN1C2=C([C@@H](N3C1=NC=N3)C4=CC=C(C=C4)Br)[C@H](OC5=CC=CC=C52)C6=CC=C(C=C6)Br,train,5.853871964,5.870909438962394
CC1=C(C=C(C=C1)Cl)N2C(C3=C(C2=O)N=C(N3C(C)C)C4=C(N=C(C=C4)OC)OC)C5=C(C=C(C=C5)Cl)C,train,9.657577319,8.54705665705477
CC(C)OC1=C(C=CC(=C1)OC)C2=NC(C(N2C(=O)CCN3CCN(CC3)C)C4=CC=C(C=C4)Cl)C5=CC=C(C=C5)Cl,train,5.496209317,5.590443844615831
CC[C@@H](CC(C)(C)O)N1C(=O)[C@@](C)(CC(=O)O)C[C@H](c2cccc(Cl)c2)[C@H]1c1ccc(Cl)cc1,train,7.207608311,7.356899323095334
COCCn1nc2c(c1C(C)C)C(c1ccc(Cl)cc1C)N(c1cc(Cl)ccc1C)C2=O,train,8.356547324,8.481044153550807
C1=CC=NC(=C1)NC(C2=C(C3=C(C=CC=N3)C=C2)O)C4=C(C=CC(=C4)Cl)Cl,train,5.124938737,5.212420632455698
CC(C)(C)C[C@@H]1[C@]2([C@H]([C@@H](N1)C(=O)NCCN3CCNCC3)C4=CC(=CC=C4)Cl)C5=CC(=C(C=C5NC2=O)Cl)F,train,6.0,5.948270924754988
Cc1cc(Cl)ccc1C1c2c(nn(Cc3cccnc3)c2C(C)C)C(=O)N1c1cccc(Cl)c1F,train,7.946921557,7.9808050441081475
COc1ccc(C(=O)N(C)C)cc1-c1nc2c(n1C(C)C)[C@H](c1ccc(Cl)cc1)N(c1cc(Cl)ccc1C)C2=O,train,9.886056648,9.82779617206334
C1=CC=C2C(=C1)C(=O)N(C2(C3=CC=C(C=C3)Cl)O)CC4=CC=C(C=C4)Cl,train,5.37675071,5.385760462291648
C1CCC2(CC1)[C@@]3([C@H]([C@@H](N2)C(=O)NC4=C(C=C(C=C4)C(=O)O)F)C5=C(C(=CC=C5)Cl)F)C6=C(C=C(C=C6)Cl)NC3=O,train,7.896196279,7.819921915553638
CC[C@@H](CS(=O)(=O)C1CC1)N1C(=O)[C@@](C)(CC(=O)O)C[C@H](c2cc(F)cc(Cl)c2)[C@H]1c1ccc(Cl)cc1,train,9.698970004,9.620784708051465
CC[C@@H](CC(C(F)(F)F)O)N1[C@@H]([C@H](C[C@](C1=O)(C)CC(=O)O)C2=CC(=CC=C2)Cl)C3=CC=C(C=C3)Cl,train,7.522878745,7.485958636233877
C1=CC=C(C=C1)C2=CC(=C(N2C3=CC=C(C=C3)Cl)C4=CC=CC=C4)C=C5C(=O)NC(=S)NC5=O,train,6.958607315,6.788850430239099
CC(C)(C)C[C@@H]1[C@]2([C@H]([C@@H](N1)C(=O)NCC[C@@H](CN)O)C3=CC(=CC=C3)Cl)C4=CC(=C(C=C4NC2=O)Cl)F,train,6.0,6.005141217004167
CC(C)(C)C[C@H]1[C@@]2([C@H]([C@@H](N1)C(=O)NCC[C@@H](CO)O)C3=C(C(=CC=C3)Cl)F)C4=C(C=C(C=C4)Cl)NC2=O,train,7.0,7.27092245489113
COCC(C)(OC)c1nc2nc(-c3noc(=O)[nH]3)nc(-c3cncc(Cl)c3)c2n1C[C@H]1CC[C@H](C)CC1,train,8.270349332,8.221350363580552
C1=CC=C2C(=C1)C(=O)N(C2(C3=CC=C(C=C3)Cl)O)CC4=CC=C(C=C4)C#N,train,5.22184875,5.270372439279044
CC[C@@H]1CC[C@H](N1C(=O)C2=C(N3[C@@H]([C@](N=C3S2)(C)C4=CC=C(C=C4)Cl)C5=CC=C(C=C5)Cl)C(C)C)C(=O)N6CCN(CC6)C(=O)C,train,7.366531544,7.435898829897483
C1COCCN1C(=O)C2=C(SC(=C2C3=CC=C(C=C3)Cl)C4=CC=C(C=C4)Br)N,train,5.125518182,5.280492301355715
C[C@@]1(C[C@@H]([C@H](N(C1=O)[C@@H]2CCCN(C2)CC(F)(F)F)C3=CC=C(C=C3)Cl)C4=CC(=CC=C4)Cl)CC(=O)O,train,7.397940009,7.4691551530397815
O=C(NC1CCS(=O)(=O)CC1)[C@@H]1NC2(CCCCC2)[C@@]2(C(=O)Nc3cc(Cl)ccc32)[C@H]1c1cccc(Cl)c1F,train,7.677780705,7.905792993693234
CC(C)(C)CNC1=CC2=C(C=C1)C(=O)N(C(C(=S)N2)C3=CC=C(C=C3)Cl)C(C4=CC=C(C=C4)Cl)C(=O)OC,train,5.659555885,5.819186852336384
CC[C@@H](C(=O)OC(C)(C)C)N1[C@@H]([C@H](C[C@@H](C1=O)CC2=NNN=N2)C3=CC(=CC=C3)Cl)C4=CC=C(C=C4)Cl,train,7.692503962,7.584755273488809
CC1=CC=C(C=C1)CN2C(=O)C3=CC=CC=C3C2(C4=CC=C(C=C4)Cl)OCC5(CC5)CO,train,5.638272164,5.6764555507788845
CNC(=O)Cc1ccc(Cl)c(F)c1-n1c(C2CCCCC2)nc(-c2nnc(N)o2)c1-c1ccc(F)c(Cl)c1,train,8.397940009,8.344085759460604
CC[C@@H](CN(C)S(=O)(=O)C1CC1)N2[C@@H]([C@H](C[C@](C2=O)(C)CC(=O)N)C3=CC(=CC=C3)Cl)C4=CC=C(C=C4)Cl,train,7.0,6.963879255729187
CC[C@@H](CNS(=O)(=O)C(F)(F)F)N1C(=O)[C@@](C)(CC(=O)O)C[C@H](c2cccc(Cl)c2)[C@H]1c1ccc(Cl)cc1,train,8.15490196,8.346549228565852
CC[C@@H](COCC1CC1)N2[C@@H]([C@H](C[C@H](C2=O)CC(=O)O)C3=CC(=CC=C3)Cl)C4=CC=C(C=C4)Cl,train,6.958607315,7.13544936908258
CC[C@@H](C)OC1=C(C=C2CC(=O)N(C(C2=C1)C3=CC=C(C=C3)Cl)C4=CC=C(C=C4)N(C)C)OC,train,6.920818754,6.499418912600199
COC(=O)C(C1=CC=C(C=C1)Cl)N2C(C(=S)NC3=CC(=C(C=C3C2=O)F)F)C4=CC=C(C=C4)Cl,train,5.241845378,5.447547522579452
CCOC(=O)[C@H](C)N1[C@@H]([C@H](CCC1=O)C2=CC(=CC=C2)Cl)C3=CC=C(C=C3)Cl,train,5.769551079,5.747723828889314
CC[C@@H](C1=CC=NC=C1)N2[C@@H]([C@H](C[C@](C2=O)(C)CC(=O)O)C3=CC(=CC=C3)Cl)C4=CC=C(C=C4)Cl,train,7.397940009,7.3991796524344355
CC(C)OC1=C(C=CC(=C1)OC)C2=NC(C(N2C(=O)OCCNC(=O)C)C3=CC=C(C=C3)Cl)C4=CC=C(C=C4)Cl,train,5.040958608,5.31040395391853
C[C@@H]1CC[C@H](N1C(=O)C2=C(N3[C@@H]([C@](N=C3S2)(C)C4=CC=C(C=C4)Cl)C5=CC=C(C=C5)Cl)C(C)C)C(=O)N6CCN(CC6)C,train,7.795880017,7.733075800231486
CC[C@@H](CNS(=O)(=O)c1ccccc1)N1C(=O)[C@@](C)(CC(=O)O)C[C@H](c2cccc(Cl)c2)[C@H]1c1ccc(Cl)cc1,train,9.0,8.88486944318846
CC[C@H](C(=O)OCC)N1[C@@H]([C@H](CCC1=O)C2=CC(=CC=C2)Cl)C3=CC=C(C=C3)Cl,train,5.455931956,5.753609982938759
CC(C)(C)C[C@@H]1[C@]2([C@H]([C@@H](N1)C(=O)NCC[C@@H](CO)O)C3=C(C(=CC=C3)Cl)F)C4=C(C=C(C=C4)Cl)NC2=O,train,7.785156152,7.27092245489113
CC[C@@H](CN1CC(C)OC(C)C1)N1C(=O)[C@@](C)(CC(=O)O)C[C@H](c2cccc(Cl)c2)[C@H]1c1ccc(Cl)cc1,train,8.0,8.089179020804002
COc1ncc(-c2nc3c(n2C(C)C)C(c2ccc(Cl)cc2)N(c2cccc(Cl)c2F)C3=O)c(OC)n1,train,9.823908741,9.709406054126774
CC[C@@H](CN1CCN(CC1)C(=O)C)N2[C@@H]([C@H](C[C@](C2=O)(C)CC(=O)O)C3=CC(=CC=C3)Cl)C4=CC=C(C=C4)Cl,train,8.0,7.886479034060413
COc1cc(C(=O)O[C@@H](C)OC(=O)N2CCOCC2)ccc1NC(=O)[C@@H]1N[C@@H](CC(C)(C)C)[C@](C#N)(c2ccc(Cl)cc2F)[C@H]1c1cccc(Cl)c1F,train,7.995678626,7.9086807800172085
CC[C@@H](C)Oc1cc2c(cc1OC)CC(=O)N(c1ccc(C(C)N3CCOCC3=O)cc1)C2c1ccc(Cl)cc1,train,7.57024772,7.704337192106697
COc1ncc(-c2nc3c(n2C(C)C)C(c2ccc(Cl)cc2)N([C@H]2CC[C@H](NC(C)=O)CC2)C3=O)c(OC)n1,train,7.928117993,8.106615180956819
CC(C)(C)C[C@H]1[C@@]2([C@H]([C@@H](N1)C(=O)NCC[C@@H](CO)O)C3=CC(=CC=C3)Cl)C4=CC(=C(C=C4NC2=O)Cl)F,train,6.982966661,6.70762652119814
CC(C)(C)NC(=O)CC1=C(C(=C(C=C1)Cl)F)N2C(=NC(=C2C3=CC(=C(C=C3)F)Cl)C4=NN=C(O4)N)C5CCCCC5,train,8.698970004,8.405019105858024
C[C@H]1CC[C@H](Cn2c(C3(F)CCOc4cccnc43)nc3nc(-c4n[nH]c(=O)o4)nc(-c4cncc(Cl)c4)c32)CC1,train,8.611366031,8.729258892836983
C1CC1(CO)CO[C@@]2(C3=CC=CC=C3C(=O)N2CC4=CC=C(C=C4)[N+](=O)[O-])C5=CC=C(C=C5)Cl,train,6.769551079,6.599062451703455
CC(C)OC1=C(C=CC(=C1)OC)C2=N[C@@H]([C@@H](N2C(=O)NCC(=O)N3CCN(CC3)C)C4=CC=C(C=C4)Cl)C5=CC=C(C=C5)Cl,train,5.449771647,5.491457356159726
C1CN(CCN1)C(=O)C2=C(SC(=C2C3=CC=C(C=C3)Cl)C4=CC=C(C=C4)Cl)N,train,5.567030709,5.459054937548707
COC(=O)Cc1ccc(OC)c(-c2nc3c(n2C(C)C)C(c2ccc(Cl)cc2)N(c2cccc(Cl)c2F)C3=O)c1,train,9.494850022,9.480115540652715
C[C@@H](C1=CC=C(C=C1)Cl)N2C(=O)C3=CC=CC=C3C2(C4=CC=C(C=C4)Cl)OCC5(CC5)CO,train,5.050609993,5.497587347098581
C1=CC2=C(C(=C(C=C2)C(C3=CC(=C(C=C3)Cl)C(F)(F)F)NC4=NC=C(C=C4)Cl)O)N=C1,train,5.096910013,5.2096813713349155
CC(C)N1[C@@H]([C@H](C[C@@H](S1(=O)=O)CC(=O)O)C2=CC(=CC=C2)Cl)C3=CC=C(C=C3)Cl,train,6.148741651,6.2944443175692575
COC(=O)C(C1=CC=C(C=C1)F)N2C(C(=S)NC3=C(C2=O)C=C(C=C3)Cl)C4=CC=C(C=C4)Cl,train,5.188424994,5.277093152310934
COc1ccc(CNC(C)=O)cc1-n1nc2c(c1C(C)C)C(c1ccc(Cl)cc1C)N(c1cc(Cl)c(=O)n(C)c1)C2=O,train,9.402304814,9.327160033150676
CC(C)(C)C[C@@H]1[C@]2([C@H]([C@@H](N1)C(=O)NCCOCCOC)C3=C(C(=CC=C3)Cl)F)C4=C(C=C(C=C4)Cl)NC2=O,train,7.48945499,7.066331039693305
CC1(CC(C1)NC(=O)[C@H]2[C@@H]([C@]3([C@@H](N2)CC(C)(C)C)C4=C(C=C(C=C4)Cl)NC3=O)C5=C(C(=CC=C5)F)F)O,train,7.568636236,7.069364340780527
CC1(CC(C1)NC(=O)[C@H]2[C@@H]([C@@]3([C@H](N2)CC(C)(C)C)C4=CC(=C(C=C4NC3=O)F)F)C5=CC(=CC=C5)Cl)O,train,5.522878745,5.931414837625008
CC(C)C1=C(SC2=NC(C(N12)C3=CC=C(C=C3)Cl)(C)C4=CC=C(C=C4)Cl)C(=O)N5CCNC(=O)C5,train,6.387216143,6.547315698218574
C[C@]1(CC(=O)O)C[C@H](c2cccc(Cl)c2)[C@@H](c2ccc(Cl)cc2)N([C@H](CS(=O)(=O)C2CC2)C2CC2)C1=O,train,10.0,9.79553081497016
C[C@]1(CC(=O)O)C[C@H](c2cccc(Cl)c2)[C@@H](c2ccc(Cl)cc2)N([C@H](CS(=O)(=O)c2ccc(F)cc2F)C2CC2)C1=O,train,9.045757491,9.02722052341599
CC[C@@H]([C@H](C)CO)N1C(=O)[C@@](C)(CC(=O)O)C[C@H](c2cccc(Cl)c2)[C@H]1c1ccc(Cl)cc1,train,8.698970004,8.577154988642757
CCN[C@H]1CC[C@H](CN(C)c2ccc(N3C(=O)Cc4cc(OC)c(O[C@H](C)CC)cc4C3c3ccc(Cl)cc3)cc2)CC1,train,8.236572006,8.177201544868977
C1=CC=C2C(=C1)NC(=N2)C(=O)/C=C/C3=CC=C(C=C3)Cl,train,5.168130226,5.236855910848469
CC(=O)N1CC(NC(=O)[C@@H]2NC3(CCCCC3)[C@@]3(C(=O)Nc4cc(Cl)ccc43)[C@H]2c2cccc(Cl)c2F)C1,train,7.769551079,7.8105943071532495
CC[C@@H]([C@H](C)C(C)(C)O)N1[C@@H]([C@H](C[C@](C1=O)(C)CC(=O)O)C2=CC(=CC=C2)Cl)C3=CC=C(C=C3)Cl,train,7.397940009,7.69864472317074
CC[C@@H](CNS(=O)(=O)c1ccc(Cl)cc1)N1C(=O)[C@@](C)(CC(=O)O)C[C@H](c2cccc(Cl)c2)[C@H]1c1ccc(Cl)cc1,train,8.522878745,8.571630583691354
CC[C@@H](CN1CCN(C(C)=O)CC1)N1C(=O)[C@@](C)(CC(=O)O)C[C@H](c2cccc(Cl)c2)[C@H]1c1ccc(Cl)cc1,train,8.698970004,8.507984227006096
CC(C)(C)C[C@@H]1[C@]2([C@H]([C@@H](N1)C(=O)N)C3=CC(=CC=C3)Cl)C4=CC(=C(C=C4NC2=O)Cl)F,train,6.0,6.052312237859726
C1CC1CN2[C@@H]([C@H](C[C@@H](C2=O)CC(=O)O)C3=CC(=CC=C3)Cl)C4=CC=C(C=C4)Cl,train,6.431798276,6.04660115028445
C1CCC2(CC1)[C@@]3([C@H]([C@@H](N2)C(=O)NC4CCN(CC4)CC(=O)O)C5=C(C(=CC=C5)Cl)F)C6=C(C=C(C=C6)Cl)NC3=O,train,7.721246399,7.671819673846396
C1=CC=C2C(=C1)NC(=N2)C(=O)/C=C/C3=CN=CC=C3,train,5.071604148,5.160725893634027
CS(=O)(=O)CN1C2=C(C(N3C1=NC=N3)C4=CC=C(C=C4)Br)C(OC5=CC=CC=C52)C6=CC=C(C=C6)Br,train,6.292429824,6.318129925677533
CC(=O)NC1=C(C(=C(S1)C2=CC=C(C=C2)Cl)C3=CC=C(C=C3)Cl)C(=O)N4CCCCC4,train,5.221125528,5.418909631551611
C[C@]1(CC(=O)O)C[C@H](c2cccc(Cl)c2)[C@@H](c2ccc(Cl)cc2)N([C@H](CS(=O)(=O)CC2CC2)C2CC2)C1=O,train,10.0,9.806593558422774
CC1(CC(C1)NC(=O)[C@H]2[C@@H]([C@@]3([C@H](N2)CC(C)(C)C)C4=C(C=C(C=C4)Cl)NC3=O)C5=C(C(=CC=C5)F)F)O,train,6.777283529,7.069364340780527
CC[C@@H](CN1CCOCC1(C)C)N1C(=O)[C@@](C)(CC(=O)O)C[C@H](c2cccc(Cl)c2)[C@H]1c1ccc(Cl)cc1,train,8.522878745,8.359803641408753
CC(C)OC1=C(C=C2CC(=O)N([C@H](C2=C1)C3=CC=C(C=C3)Cl)C4=CN=C(C=C4)N(C)CC5CCC(CC5)N(C)C)OC,train,5.301029996,5.945951716362813
COc1cc(C(N)=O)ccc1NC(=O)[C@@H]1N[C@@H](CC(C)(C)C)[C@@]2(C(=O)Nc3cc(Cl)ccc32)[C@H]1c1cccc(Cl)c1F,train,8.301029996,8.167353747415987
CC(C)(C)C[C@@H]1[C@]2([C@H]([C@@H](N1)C(=O)NCCCN3CCN(CC3)C)C4=CC(=CC=C4)Cl)C5=CC(=C(C=C5NC2=O)Cl)F,train,6.0,5.876977232936517
CCCS(=O)(=O)C[C@H](CC)N1C(=O)[C@@](C)(CC(=O)O)C[C@H](c2cccc(Cl)c2)[C@H]1c1ccc(Cl)cc1,train,9.397940009,9.480928824789942
CCn1nc2c(c1C(C)C)C(c1ccc(Cl)cc1C)N(c1cc(Cl)ccc1OCCN(C)C)C2=O,train,8.387216143,8.339562097054463
CCC(CC)N1C(=O)[C@@](C)(CC(=O)O)C[C@H](c2cccc(Cl)c2)[C@H]1c1ccc(Cl)cn1,train,7.301029996,7.630641340778306
CCCCCOC1=C(C(N(C1=O)CCCN2C=CN=C2)C3=CC=C(C=C3)Br)C(=O)C4=CC=CC=C4,train,5.039053804,5.305843488907371
CC(C)c1c2c(nn1CCO)C(=O)N(c1cccc(Cl)c1F)C2c1ccc(Cl)c(F)c1,train,8.107905397,7.979466638438248
CC[C@@H](CS(C)(=O)=O)N1C(=O)[C@@](C)(CC(=O)O)C[C@H](c2cc(F)cc(Cl)c2)[C@H]1c1ccc(Cl)cc1,train,9.301029996,9.276799726511587
CC[C@@H](COC)N1C(=O)[C@@H](CC(=O)O)C[C@H](c2cccc(Cl)c2)[C@H]1c1ccc(Cl)cc1,train,7.15490196,7.29459488654113
CCN1CN([C@H]2CC[C@H](CN(C)c3ccc(N4C(=O)Cc5cc(OC)c(OC(C)C)cc5[C@@H]4c4ccc(Cl)cc4)cn3)CC2)CC1=O,train,8.387216143,8.47346933471775
CC(C)(C)C[C@@H]1[C@]2([C@H]([C@@H](N1)C(=O)NCC[C@@H](CN3CC[C@H](C3)O)O)C4=CC(=CC=C4)Cl)C5=CC(=C(C=C5NC2=O)Cl)F,train,6.0,5.945990701431463
CC[C@@H]([C@H](CC)O)N1[C@@H]([C@H](C[C@](C1=O)(C)CC(=O)O)C2=CC(=CC=C2)Cl)C3=CC=C(C=C3)Cl,train,8.0,7.9288357657583175
CC1=CC=C(C=C1)N2C(=CC(=C2C)/C=C/3\C(=O)NC(=S)N(C3=O)C4=CC=CC=C4)C,train,5.075720714,5.400041819773418
CC(C)(C)C[C@@H]1[C@]2([C@H]([C@@H](N1)C(=O)NCC(C)(C)O)C3=C(C(=CC=C3)Cl)F)C4=C(C=C(C=C4)Cl)NC2=O,train,6.0,6.068885186607446
CC(C)(C)C[C@@H]1[C@]2([C@H]([C@@H](N1C)C(=O)NCC[C@@H](CO)O)C3=C(C(=CC=C3)Cl)F)C4=CC(=C(C=C4NC2=O)F)F,train,5.0,5.39923872877969
COc1cc(C(=O)OC(C)OC(=O)O[C@@H]2[C@@H](O)[C@@H](O)O[C@@H]2[C@H](O)CO)ccc1NC(=O)[C@@H]1N[C@@H](CC(C)(C)C)[C@](C#N)(c2ccc(Cl)cc2F)[C@H]1c1cccc(Cl)c1F,train,8.468521083,8.249564639947783
CC(C)(C)C[C@@H]1[C@]2([C@H]([C@@H](N1)C(=O)NC3CCN(CC3)C)C4=C(C(=CC=C4)Cl)F)C5=C(C=C(C=C5)Cl)NC2=O,train,6.0,6.158656542569144
CC(C)(C)C[C@H]1[C@]([C@H]([C@@H](N1)C(=O)NCC[C@@H](CO)O)C2=C(C(=CC=C2)Cl)F)(C#N)C3=C(C=C(C=C3)Cl)F,train,7.13076828,6.981112195105809
CC[C@@H](C(C)NS(=O)(=O)C1CC1)N1C(=O)[C@@](C)(CC(=O)O)C[C@H](c2cccc(Cl)c2)C1c1ccc(Cl)cc1,train,9.0,8.832087492269432
CC[C@@H](C(=O)OC(C)(C)C)N1[C@@H]([C@H](C[C@](C1=O)(C)CC2=NNN=N2)C3=CC(=CC=C3)Cl)C4=CC=C(C=C4)Cl,train,8.045757491,7.8332683425147085
CC[C@@H](CN1CCCC1)N2[C@@H]([C@H](C[C@@H](C2=O)CC(=O)O)C3=CC(=CC=C3)Cl)C4=CC=C(C=C4)Cl,train,6.244125144,6.446438562387913
CC[C@@H](C1CCC(=O)O1)N1C(=O)[C@@](C)(CC(=O)O)C[C@H](c2cccc(Cl)c2)[C@H]1c1ccc(Cl)cc1,train,8.397940009,8.201946735453118
CC(C)(C)C[C@@H]1[C@]2([C@H]([C@@H](N1)C(=O)NC3CC(C3)O)C4=C(C(=CC=C4)Cl)F)C5=C(C=C(C=C5)Cl)NC2=O,train,6.0,6.256870274940054
C[C@@]1(C[C@@H]([C@H](N(C1=O)N(C)C)C2=CC=C(C=C2)Cl)C3=CC(=CC=C3)Cl)CC(=O)O,train,7.698970004,7.375970211156995
CC(C)C1=C(SC2=N[C@@]([C@H](N12)C3=CC=C(C=C3)Cl)(C)C4=CC=C(C=C4)Cl)C(=O)N5CCNC(=O)C5,train,7.036212173,6.547315698218574
C1[C@@H](C=C[C@@H]1OC2(C3=CC=CC=C3C(=O)N2CC4=CC=CC=C4)C5=CC=C(C=C5)Cl)O,train,5.327902142,5.484396120923153
C[C@@]1(C[C@@H]([C@H](N(C1=O)CC2CC2)C3=CC=C(C=C3)Cl)C4=CC(=CC=C4)Cl)CC(=O)O,train,7.22184875,7.126432390930259
COc1cc(C(=O)O)ccc1NC(=O)[C@@H]1NC2(CCCCC2)[C@@]2(C(=O)Nc3cc(Cl)ccc32)[C@H]1c1cccc(Cl)c1F,train,8.327902142,8.233705972147982
CC(C)(C)C[C@H]1[C@@]2([C@H]([C@@H](N1)C(=O)NC3=C(C=C(C=C3)C(=O)O)OC)C4=C(C(=CC=C4)Cl)F)C5=C(C=C(C=C5)Cl)NC2=O,train,8.301029996,7.91206191473841
COc1cc2c(cc1OC(C)C)C(c1ccc(Cl)cc1)N(C1CCC(C(C)(O)c3cccc(F)c3)CC1)C(=O)C2,train,7.214670165,7.419186106122729
CCOC1=C(C=CC(=C1)C(C)(C)C)C2=N[C@@]([C@@](N2C(=O)N3CCN(CC3)CCNC(=O)C)(C)C4=CC=C(C=C4)Cl)(C)C5=CC=C(C=C5)Cl,train,7.0,6.648931517699658
CC[C@@H](CCC(C)(C)O)N1[C@@H]([C@H](C[C@](C1=O)(C)CC(=O)O)C2=CC(=CC=C2)Cl)C3=CC=C(C=C3)Cl,train,8.853871964,8.419104299558587
CC(C)OC1=C(C=CC(=C1)OC)C2=N[C@@H]([C@@H](N2C(=O)NCC(=O)O)C3=CC=C(C=C3)Cl)C4=CC=C(C=C4)Cl,train,5.209011525,5.625156388717962
CC(C)CCn1nc2c(c1C(C)C)C(c1ccc(F)cc1)N(c1cccc(Cl)c1F)C2=O,train,7.503070352,7.701305933570289
C1CCC2(CC1)[C@@]3([C@H]([C@@H](N2)C(=O)NC4CCS(=O)(=O)CC4)C5=C(C(=CC=C5)Cl)F)C6=C(C=C(C=C6)Cl)NC3=O,train,7.684029655,7.364695348491525
O=C(O)CN1CCC(NC(=O)[C@@H]2NC3(CCCCC3)[C@@]3(C(=O)Nc4cc(Cl)ccc43)[C@H]2c2cccc(Cl)c2F)CC1,train,7.721246399,7.815007161693286
C1CCC2(CC1)[C@@]3([C@H]([C@@H](N2)C(=O)NC4=CN=C(C=C4)C(=O)O)C5=C(C(=CC=C5)Cl)F)C6=C(C=C(C=C6)Cl)NC3=O,train,8.022276395,7.954916307655666
CC[C@@H](CS(=O)(=O)NCC1COC1)N1C(=O)[C@@](C)(CC(=O)O)C[C@H](c2cccc(Cl)c2)[C@H]1c1ccc(Cl)cc1,train,9.698970004,9.647662726464999
Cc1cc(Cl)ccc1C1c2c(nn(CCc3c[nH]cn3)c2C(C)C)C(=O)N1c1cccc(Cl)c1F,train,8.397940009,8.243559602840547
CCN(CC)C(=O)[C@H](C)NC(=O)N1[C@H]([C@H](N=C1C2=C(C=C(C=C2)OC)OC(C)C)C3=CC=C(C=C3)Cl)C4=CC=C(C=C4)Cl,train,5.274088368,5.499385550842563
CC[C@@H](CNS(=O)(=O)c1ccccn1)N1C(=O)[C@@](C)(CC(=O)O)C[C@H](c2cccc(Cl)c2)[C@H]1c1ccc(Cl)cc1,train,9.0,8.838721650123315
CC1=C(C=C(C=C1)NS(=O)(=O)C2=CC3=C(C=C2)NC(C4C3C=CC4)C5=CC=C(C=C5)C(=O)OC)C,train,5.327902142,5.830018264487425
O=C(O)c1ccc(NC(=O)[C@@H]2NC3(CCCCC3)[C@@]3(C(=O)Nc4cc(Cl)ccc43)[C@H]2c2cccc(Cl)c2F)cc1,train,8.356547324,8.214504457163265
C1CC1(CO)COC2(C3=C(C=CC=C3Cl)C(=O)N2CC4=CC=C(C=C4)C#N)C5=CC=C(C=C5)Cl,train,6.866461092,6.560804538624397
COC(=O)C(C1=CC=C(C=C1)Cl)N2C(C(=S)NC3=CC=CC=C3C2=O)C4=CC=C(C=C4)Cl,train,5.1837587,5.235697338017254
CC[C@@H](C(=O)NCC(C)(C)C)N1[C@@H]([C@H](C[C@](C1=O)(C)CC(=O)O)C2=CC(=CC=C2)Cl)C3=CC=C(C=C3)Cl,train,7.698970004,7.639876084746136
CC[C@@H](C)OC1=C(C=C2CC(=O)N(C(C2=C1)C3=CC=C(C=C3)Cl)C4=CC=C(C=C4)N(C)CC5CCC(CC5)N(C)C)OC,train,8.522878745,7.709044789659334
CCCN1CCN(CC1)CCNC(=O)[C@H]2[C@@H]([C@@]3([C@H](N2)CC(C)(C)C)C4=CC(=C(C=C4NC3=O)Cl)F)C5=CC(=CC=C5)Cl,train,5.522878745,5.624607936105741
COC[C@@H](C)n1c(-c2cnc(N(C)C)nc2OC)nc2c1[C@H](c1ccc(Cl)cc1)N(c1cc(Cl)c(=O)n(C)c1)C2=O,train,10.22914799,9.411364817822932
C1=CC=C(C=C1)CNC(=O)C2=C(SC(=C2C3=CC=C(C=C3)Cl)C4=CC=CC=C4)N,train,5.07007044,5.145304125069192
COc1nc(N(C)C)ncc1-c1nc2c(n1C(C)C)C(c1ccc(Cl)cc1)N(c1cc(C)cn(C)c1=O)C2=O,train,9.596879479,9.532109455268214
CC[C@@H](COCC1CC1)N2C(C(C[C@](C2=O)(C)CC(=O)O)C3=CC(=CC=C3)Cl)C4=CC=C(C=C4)Cl,train,7.522878745,7.4402768640351065
CC[C@@H](CS(=O)(=O)C1CC1)N1C(=O)[C@@](C)(CC(=O)O)C[C@H](c2cccc(Cl)c2)[C@H]1c1ccc(Cl)cc1,train,9.698970004,9.646665923993947
COc1cc(C(=O)OCOP(=O)(O)O)ccc1NC(=O)[C@@H]1N[C@@H](CC(C)(C)C)[C@](C#N)(c2ccc(Cl)cc2F)[C@H]1c1cccc(Cl)c1F,train,8.289036881,8.384071267607968
COc1cc2c(cc1OC(C)C)C(c1ccc(Cl)cc1)N(C1CCC(C(C)(O)CCC(C)C)CC1)C(=O)C2,train,8.15490196,8.093074147879536
CSCC[C@H](NC(=O)[C@H](Cc1ccccc1)NC(C)=O)C(=O)NC(C)(C)C(=O)N[C@@H](Cc1ccc(CP(=O)(O)O)cc1)C(=O)N[C@@H](Cc1c[nH]c2cc(Cl)ccc12)C(=O)N[C@@H](CCC(=O)O)C(=O)NC1(C(=O)N[C@@H](CC(C)C)C(N)=O)CC1,train,8.301029996,8.299971054356364
C1CC1NC(=O)C2=C(SC(=C2C3=CC=C(C=C3)Cl)C4=CC=C(C=C4)Cl)N,train,5.434152181,5.418232065602692
CNC(=O)[C@H]1CCCN1[C@@H](C)c1ccc(N2C(=O)Cc3cc(OC)c(OC(C)C)cc3[C@@H]2c2ccc(Cl)cc2)cc1,train,7.847711656,7.929895501121405
CC(C)(C)C[C@H]1[C@@]2([C@H]([C@@H](N1)C(=O)NC3=C(C=C(C=C3)C(=O)N)OC)C4=C(C(=CC=C4)Cl)F)C5=C(C=C(C=C5)Cl)NC2=O,train,8.301029996,8.146960160822706
CC[C@]1(CC(=O)O)C[C@H](c2cccc(Cl)c2)[C@@H](c2ccc(Cl)cc2)N([C@H](CS(=O)(=O)c2ccc(F)cc2)C2CC2)C1=O,train,8.795880017,8.847790112857881
C[C@]1(CC(=O)O)C[C@H](c2cccc(Cl)c2)[C@@H](c2ccc(Cl)cc2)N([C@@H](c2ccccn2)C2CC2)C1=O,train,8.522878745,8.27716916747538
CC[C@@H](CN(C)S(=O)(=O)C1CC1)N1C(=O)[C@@](CCN2CCS(=O)(=O)CC2)(CC(N)=O)C[C@H](c2cccc(Cl)c2)[C@H]1c1ccc(Cl)cc1,train,9.0,8.752449305799997
C1CC(=O)N[C@@H]([C@H]1C2=CC(=CC=C2)Cl)C3=CC=C(C=C3)Cl,train,5.0,5.214145224155101
C[C@@]1(C[C@@H]([C@H](N(C1=O)[C@H](CS(=O)(=O)NC(C)(C)C)C2CC2)C3=CC=C(C=C3)Cl)C4=CC(=CC=C4)Cl)CC(=O)O,train,9.318758763,9.059608353669931
C1CC1(CO)COC2(C3=C(C=C(C=C3)F)C(=O)N2CC4=CC=C(C=C4)[N+](=O)[O-])C5=CC=C(C=C5)Cl,train,6.069560405,6.162777114306001
CC1=NN=C(O1)C2=C(N(C(=N2)C3CCCCC3)C4=C(C(=CC=C4)Cl)F)C5=CC(=C(C=C5)F)Cl,train,7.602059991,7.434581331043261
CC(C)OC1=C(C=CC(=C1)OC)C2=NC(C(N2C(=O)N3CCNC(=O)C3)C4=CC=C(C=C4)Cl)C5=CC=C(C=C5)Cl,train,6.98088371,6.038118417885979
CC(F)(c1ncccc1F)c1nc2nc(-c3n[nH]c(=O)o3)nc(-c3cncc(Cl)c3)c2n1C[C@H]1CC[C@H](C)CC1,train,9.444905551,9.376239638752494
CC[C@H](C1=CC=CC(=N1)C2CC2)N3[C@@H]([C@H](C[C@](C3=O)(C)CC(=O)O)C4=CC(=CC=C4)Cl)C5=CC=C(C=C5)Cl,train,7.522878745,6.679117329509523
C[C@@]1(C[C@@H]([C@H](N(C1=O)C2=NC(=NC=C2)Cl)C3=CC=C(C=C3)Cl)C4=CC(=CC=C4)Cl)CC(=O)O,train,6.214670165,6.509497265597197
CC1=CC=C(C=C1)N2C(=CC(=C2C)C=C3C(=O)NC(=S)NC3=O)C,train,5.327902142,5.424251627265524
C[C@]1(CC(=O)O)C[C@H](c2cccc(Cl)c2)[C@@H](c2ccc(Cl)cc2)N(C2CCCC2)C1=O,train,8.301029996,8.17936137673756
CC(C)[C@@H](C(=O)OC1CCC(CC1)NC(=O)[C@H]2[C@@H]([C@@]3([C@H](N2)CC(C)(C)C)C4=C(C=C(C=C4)Cl)NC3=O)C5=C(C(=CC=C5)Cl)F)N,train,5.522878745,5.815830170916257
CCOC(=O)C1=C(NC(=C1C2=CC=C(C=C2)Cl)C3=CC=C(C=C3)Cl)N,train,5.596879479,5.487507358076999
COC(c1ccccc1C#N)c1nc2nc(-c3noc(=O)[nH]3)nc(-c3cncc(Cl)c3)c2n1C[C@H]1CC[C@H](C)CC1,train,9.150580586,9.00172237934817
CC(C)OC1=C(C=C2CC(=O)N([C@H](C2=C1)C3=CC=C(C=C3)Cl)C4=NC=C(C=C4)N(C)CC5CCC(CC5)N6CCN(C(=O)C6)C)OC,train,8.698970004,8.367396200732022
CC1(CCCC1CN2[C@@H]([C@H](C[C@@H](C2=O)CC(=O)O)C3=CC(=CC=C3)Cl)C4=CC=C(C=C4)Cl)C,train,6.522878745,6.653383757272427
CC(C)C1=C(C(=O)N2[C@H](C)CC[C@H]2C(=O)N2CCN(C)[C@H](C)C2)SC2=N[C@@](C)(c3ccc(Cl)cc3)[C@@H](c3ccc(Cl)cc3)N21,train,7.823908741,7.906543690839987
CC(C)S(=O)(=O)C[C@@H](N1C(=O)[C@@](C)(CC(=O)O)C[C@H](c2cccc(Cl)c2)[C@H]1c1ccc(Cl)cc1)C(C)(C)C,train,9.397940009,9.134270818393624
CC[C@@H](CS(=O)(=O)C(C)C)N1C(=O)[C@@](CC)(CC(=O)O)C[C@H](c2cccc(Cl)c2)[C@H]1c1ccc(Cl)cc1,train,9.698970004,9.691605541692708
CC[C@@H](CN(C)S(=O)(=O)C1CC1)N1C(=O)[C@@](C)(CC(=O)NCCO)C[C@H](c2cccc(Cl)c2)[C@H]1c1ccc(Cl)cc1,train,7.30980392,7.521596573175985
COCCOCCOCCOCCOCCOCCOC(=O)OC(C)OC(=O)c1ccc(NC(=O)[C@@H]2N[C@@H](CC(C)(C)C)[C@](C#N)(c3ccc(Cl)cc3F)[C@H]2c2cccc(Cl)c2F)c(OC)c1,train,7.361510743,7.687055463249255
CC[C@@H](CN1CCS(=O)(=O)CC1)N2[C@@H]([C@H](C[C@](C2=O)(C)CC(=O)O)C3=CC(=CC=C3)Cl)C4=CC=C(C=C4)Cl,train,7.698970004,7.624516629391786
CC(F)(c1c(F)cccc1F)c1nc2nc(-c3noc(=O)[nH]3)nc(-c3cncc(Cl)c3)c2n1C[C@H]1CC[C@H](C)CC1,train,9.806875402,9.479229875602487
COc1nc(N(C)C)ncc1-c1nc2c(n1C(C)C)C(c1ccc(Cl)cc1)N(c1cc(Cl)cn(C)c1=O)C2=O,train,9.795880017,9.741943883983593
CC[C@@H](CO)N1C(=O)[C@@H](CC(=O)O)C[C@H](c2cccc(Cl)c2)[C@H]1c1ccc(Cl)cc1,train,7.301029996,7.395140301180579
CCC1([C@@]2([C@H]([C@@H](N1)C(=O)NCCN3CCOCC3)C4=C(C(=CC=C4)Cl)F)C5=C(C=C(C=C5)Cl)NC2=O)CC,train,6.777283529,6.694052043214281
Cc1cc(Cl)ccc1C1c2c(nn(CCN3C(=O)c4ccccc4C3=O)c2C(C)C)C(=O)N1c1cccc(Cl)c1F,train,8.050609993,8.098345939651455
CC(=O)N1CCC(O)(Cn2nc3c(c2C(C)C)C(c2ccc(Cl)cc2C)N(c2cc(Cl)ccc2C)C3=O)CC1,train,8.508638306,8.466147208055183
O=C(O)Cc1ccc(NC(=O)[C@@H]2NC3(CCCCC3)[C@@]3(C(=O)Nc4cc(Cl)ccc43)[C@H]2c2cccc(Cl)c2F)cc1,train,7.769551079,7.885067690952507
CC[C@@H](COCCOC)N1[C@@H]([C@H](C[C@H](C1=O)CC(=O)O)C2=CC(=CC=C2)Cl)C3=CC=C(C=C3)Cl,train,6.619788758,6.677879450143141
CN1C2=C(C(N3C1=NC=N3)C4=CC=C(C=C4)Br)C(OC5=C2C=C(C=C5)Cl)C6=CC=C(C=C6)Br,train,5.853871964,5.783199945831195
CC(C)C1=C(SC2=N[C@@]([C@H](N12)C3=CC=C(C=C3)Cl)(C)C4=CC=C(C=C4)Cl)C(=O)N5CC[C@H]5C(=O)N(C)C,train,6.853871964,7.007333625194542
COC1(c2nc3nc(-c4noc(=O)[nH]4)nc(-c4cncc(Cl)c4)c3n2C[C@H]2CC[C@H](C)CC2)CCOCC1C,train,7.947306058,8.087042699090814
C1CC1CN2[C@@H]([C@H](C[C@@H](C2=O)CC#N)C3=CC(=CC=C3)Cl)C4=CC=C(C=C4)Cl,train,5.630784143,5.6696976975761295
CC(C)(C)C[C@@H]1[C@]2([C@@H]([C@H](N1)C(=O)NC3=CC(=C(C=C3)C(=O)O)OC)C4=C(C(=CC=C4)Cl)F)C5=C(C=C(C=C5)Cl)NC2=O,train,5.510182092,6.300148441188124
COc1ncc(-c2nc3c(n2C(C)C)C(c2ccc(Cl)cc2)N(c2cc(Cl)cnc2OC)C3=O)c(OC)n1,train,9.614393726,9.577856750876883
CC[C@@H](CNS(=O)(=O)c1ccccc1C)N1C(=O)[C@@](C)(CC(=O)O)C[C@H](c2cccc(Cl)c2)[C@H]1c1ccc(Cl)cc1,train,8.301029996,8.49361200624421
CC(C)CC[C@@H]1[C@]2([C@H]([C@@H](N1)C(=O)NCC[C@@H](CO)O)C3=CC(=CC=C3)Cl)C4=CC(=C(C=C4NC2=O)Cl)F,train,5.0,5.386414112154515
CC(C)C1=C(C(=O)N2C[C@H](F)C[C@H]2C(=O)N2CC3(CC3)NC[C@@H]2C)SC2=N[C@@](C)(c3ccc(Cl)nc3)[C@@H](c3ccc(Cl)c(F)c3)N21,train,8.657577319,8.613353796501393
CC[C@@H]1CNC2(CC2)CN1C(=O)[C@@H]3C[C@H](CN3C(=O)C4=C(N5[C@@H]([C@](N=C5S4)(C)C6=CN=C(C=C6)Cl)C7=CC(=C(C=C7)Cl)F)C(C)C)F,train,8.619788758,8.260442145478045
CCC(CC)N1[C@@H]([C@H](C[C@@](C1=O)(C)CC(=O)O)C2=CC(=CC=C2)Cl)C3=NC=C(C=C3)Cl,train,6.036212173,6.76667021653249
CC(C)(C)C[C@H]1[C@@]2([C@H]([C@@H](N1)C(=O)NC3=C(C=C(C=C3)C#N)F)C4=C(C(=CC=C4)Cl)F)C5=C(C=C(C=C5)Cl)NC2=O,train,8.15490196,7.748184448026834
CC(C)(C)C[C@@H]1[C@]2([C@H]([C@@H](N1)C(=O)NCCN3CCN(CC3)S(=O)(=O)C)C4=C(C(=CC=C4)Cl)F)C5=C(C=C(C=C5)Cl)NC2=O,train,6.0,6.236753421319032
CN1C2=C(C(N3C1=NC=N3)C4=CC=C(C=C4)Br)C(OC5=CC=CC=C52)C6=CC=C(C=C6)F,train,5.18243463,5.431693700688819
CC(C)(C)C[C@H]1[C@@]2([C@H]([C@@H](N1)C(=O)NC3=C(C=C(C=C3)C(=O)N)OC)C4=C(C(=CC=C4)Cl)F)C5=C(C(=C(C=C5)Cl)F)NC2=O,train,7.823908741,7.76875594729499
COc1cc2c(cc1OC(C)C)[C@H](c1ccc(Cl)cc1)N(c1ccc(N(C)C[C@H]3CC[C@H](N4CCOCC4)CC3)cc1)C(=O)C2,train,8.48148606,8.37898056104238
COCCOCCOCCOCCOCCOC(=O)OC(C)OC(=O)c1ccc(NC(=O)[C@@H]2N[C@@H](CC(C)(C)C)[C@](C#N)(c3ccc(Cl)cc3F)[C@H]2c2cccc(Cl)c2F)c(OC)c1,train,8.233587153,8.008163608026175
CS(=O)(=O)CCNC(=O)[C@H]1[C@@H]([C@@]2(C3=C(C=C(C=C3)Cl)NC2=O)C4(N1)CCCCC4)C5=C(C(=CC=C5)Cl)F,train,7.0,6.894320590368665
COc1cc(C(=O)O)ccc1NC(=O)[C@@H]1N[C@@H](CC(C)(C)C)[C@@]2(C(=O)Nc3nc(Cl)ncc32)[C@H]1c1cccc(Cl)c1F,train,7.602059991,7.710366443454115
CCCCS(=O)(=O)C[C@H](C1CC1)N1C(=O)[C@@](CC)(CC(=O)O)C[C@H](c2cccc(Cl)c2)[C@H]1c1ccc(Cl)cc1,train,9.698970004,9.687581086493381
COc1ccc(C(=O)N2CCOCC2)cc1-c1nc2c(n1C(C)C)C(c1ccc(Cl)cc1)N(c1cc(Cl)ccc1C)C2=O,train,9.795880017,9.771471690363896
COc1cc(NC(=O)[C@@H]2N[C@@H](CC(C)(C)C)[C@](C#N)(c3ccc(Cl)cc3F)[C@H]2c2cccc(Cl)c2F)ccc1C(=O)O,train,7.698970004,7.683853081070962
CC[C@@H](C)OC1=C(C=C2CC(=O)N(C(C2=C1)C3=CC=C(C=C3)Cl)C4=CC=C(C=C4)N(C)CC5CCC(CC5)N)OC,train,8.522878745,7.944013494943744
C[C@]1(CC(=O)O)C[C@H](c2cccc(Cl)c2)[C@@H](c2ccc(Cl)cc2)N([C@H](CNS(=O)(=O)Cc2cccnc2)C2CC2)C1=O,train,9.522878745,9.338848378964965
CC[C@@H](CC(C)(C)C#N)N1C(=O)[C@@](C)(CC(=O)O)C[C@H](c2cccc(Cl)c2)[C@H]1c1ccc(Cl)cc1,train,8.920818754,8.522191774201465
CC(C)NS(=O)(=O)C[C@H](C1CC1)N2[C@@H]([C@H](C[C@](C2=O)(C)CC(=O)O)C3=CC(=CC=C3)Cl)C4=CC=C(C=C4)Cl,train,8.619788758,8.842082587417323
CC(c1c(F)cccc1F)c1nc2nc(-c3noc(=O)[nH]3)nc(-c3cncc(Cl)c3)c2n1C[C@H]1CC[C@H](C)CC1,train,8.651889932,8.757965964104036
CC(C)(C)C[C@@H]1[C@]2([C@H]([C@@H](N1)C(=O)N[C@@H]3CCN(C[C@@H]3F)C)C4=C(C(=CC=C4)Cl)F)C5=C(C=C(C=C5)Cl)NC2=O,train,6.0,6.135377682155536
CC(C)(C)C[C@@H]1N[C@@H](C(=O)Nc2ccn(CC(C)(C)O)n2)[C@H](c2cccc(Cl)c2F)[C@@]1(C#N)c1ccc(Cl)cc1F,train,7.251811973,7.4482258356038304
COc1cc(C(=O)OC(C)OC(=O)NCC(=O)O)ccc1NC(=O)[C@@H]1N[C@@H](CC(C)(C)C)[C@](C#N)(c2ccc(Cl)cc2F)[C@H]1c1cccc(Cl)c1F,train,8.35753548,8.214601316168958
CC1(CC(C1)NC(=O)[C@H]2[C@@H]([C@]3([C@@H](N2)CC(C)(C)C)C4=C(C(=C(C=C4)Cl)F)NC3=O)C5=C(C(=CC=C5)F)F)O,train,6.790484985,6.793009441006597
CC1=C2[C@H](C(=O)[C@@]3([C@H](C[C@@H]4[C@]([C@H]3[C@@H]([C@@](C2(C)C)(C[C@@H]1OC(=O)[C@@H]([C@H](C5=CC=CC=C5)NC(=O)C6=CC=CC=C6)O)O)OC(=O)C7=CC=CC=C7)(CO4)OC(=O)C)O)C)OC(=O)C,train,7.588211995,7.617813680623784
CC[C@@H](CN1CCOCC1)N2[C@@H]([C@H](C[C@](C2=O)(C)CC(=O)O)C3=CC(=CC=C3)Cl)C4=CC=C(C=C4)Cl,train,8.0,7.823292295334744
CC(C)(C)C[C@@H]1[C@]2([C@H]([C@@H](N1)C(=O)N3CCN(CC3)C)C4=CC(=CC=C4)Cl)C5=CC(=C(C=C5NC2=O)Cl)F,train,5.301029996,5.566470672007606
CC1=NC(=CC=C1)NC(C2=CC(=C(C=C2)Cl)Cl)C3=C(C4=C(C=CC(=N4)C)C=C3)O,train,5.22184875,5.262637557376489
COc1ccc(CO)cc1-c1nc2c(n1C(C)C)[C@@H](c1ccc(Cl)cc1C)N(c1cc(Cl)ccc1C)C2=O,train,8.958607315,9.661234263067756
C[C@@H](C1=CC=C(C=C1)Cl)N2C(=O)C3=CC=CC=C3C2(C4=CC=C(C=C4)Cl)OCCCCO,train,6.045757491,5.828791667351365
COC1=CC=CC(=C1)/C=C/C(=O)C2=C(C=C(C=C2OC)OC)O,train,5.508638306,5.4851959705056705
Cc1cc(Cl)ccc1C1c2c(nn(C3CCN(C(=O)OC(C)(C)C)C3)c2C(C)C)C(=O)N1c1cc(Cl)ccc1C,train,7.379863945,7.713053177907158
C[C@]1(CC(=O)O)C[C@H](c2cccc(Cl)c2)C(c2ccc(Cl)cc2)N([C@H](CN(c2ccccc2F)S(C)(=O)=O)C2CC2)C1=O,train,9.698970004,9.634583566519172
CC[C@@H](CN1CC(O)(C(F)(F)F)C1)N1C(=O)[C@@](C)(CC(=O)O)C[C@H](c2cccc(Cl)c2)[C@H]1c1ccc(Cl)cc1,train,8.22184875,8.106627842445299
CC[C@@H](C)Oc1cc2c(cc1OC)CC(=O)N(c1ccc(N(C)CC3CCNCC3)cc1)C2c1ccc(Cl)cc1,train,8.455931956,8.306657531760708
CN1[C@@H]([C@@H](O[C@H](C1=O)CC2=CC=C(C=C2)OC)C3=CC=C(C=C3)Br)C4=CC=C(C=C4)Br,train,5.721246399,5.748784982971207
COc1cc(CN)ccc1-c1nc2c(n1C(C)C)C(c1ccc(Cl)cc1)N(c1cc(Cl)ccc1C)C2=O,train,9.769551079,9.704483562042132
C1CC(CCC1NC(=O)[C@H]2[C@@H]([C@@]3(C4=C(C=C(C=C4)Cl)NC3=O)C5(N2)CCOCC5)C6=C(C(=CC=C6)Cl)F)O,train,6.549750892,6.111168182820046
CC(C)(C)C[C@@H]1[C@]2([C@H]([C@@H](N1)C(=O)N[C@H]3CC[C@H](C3)O)C4=CC(=CC=C4)Cl)C5=CC(=C(C=C5NC2=O)Cl)F,train,6.0,6.064003036265686
O=C(NC[C@H]1CC[C@H](C(=O)O)CC1)[C@@H]1NC2(CCCCC2)[C@@]2(C(=O)Nc3cc(Cl)ccc32)[C@H]1c1cccc(Cl)c1F,train,7.769551079,7.848605689002683
C1CC(CCC12[C@@]3([C@H]([C@@H](N2)C(=O)NCCN4CCOCC4)C5=C(C(=CC=C5)Cl)F)C6=C(C=C(C=C6)Cl)NC3=O)(F)F,train,6.0,6.193445654338723
CN1C2=C(C(N3C1=NC=N3)C4=CC=C(C=C4)Br)C(OC5=CC=CC=C52)C6=CC=C(C=C6)Cl,train,6.050609993,5.87851469077984
CC(C)(C)C[C@@H]1[C@]2([C@H]([C@@H](N1)C(=O)N3CCN(CC3)C(=O)CN(C)C)C4=CC(=CC=C4)Cl)C5=CC(=C(C=C5NC2=O)Cl)F,train,5.0,5.326196324393319
CC[C@@H](CN(C)S(=O)(=O)C1CC1)N1C(=O)[C@@](C)(CC(=O)O)C[C@H](c2cncc(Cl)c2)[C@H]1c1ccc(Cl)cc1,train,8.397940009,8.436879128078107
CCOC1=C(C=CC(=C1)C(C)(C)C)C2=N[C@@]([C@H](N2C(=O)N3CCN(CC3)CCCS(=O)(=O)C)C4=CC=C(C=C4)Cl)(C)C5=CC=C(C=C5)Cl,train,6.634512015,6.628879424355948
Cc1cc(Cl)ccc1C1c2c(nn(CC3CCCO3)c2C(C)C)C(=O)N1c1cc(Cl)ccc1C,train,8.602059991,8.595787723127982
COC[C@@H](C)n1c(-c2cnc(OC)nc2OC)nc2c1[C@@H](c1ccc(Cl)cc1)N(c1ccc(F)c(Cl)c1)C2=O,train,7.359240386,8.780093996991809
CCn1cc(N2C(=O)c3nn(-c4ccccc4OC)c(C(C)C)c3C2c2ccc(Cl)cc2C)cc(Cl)c1=O,train,9.37675071,9.410716942384552
O=C(NC1CCC(O)CC1)[C@@H]1NC2(CCCCCC2)[C@@]2(C(=O)Nc3cc(Cl)ccc32)[C@H]1c1cccc(Cl)c1F,train,7.806875402,7.777874457119038
CC(C)(C)C[C@H]1[C@]([C@H]([C@@H](N1)C(=O)NC2=CC(=C(C=C2)C(=O)O)F)C3=C(C(=CC=C3)Cl)F)(C#N)C4=C(C=C(C=C4)Cl)F,train,7.677780705,7.637996475829241
CC(C)(C)C[C@H]1[C@]([C@H]([C@@H](N1)C(=O)NC2=CC=CC(=C2)C(=O)O)C3=C(C(=CC=C3)Cl)F)(C#N)C4=C(C=C(C=C4)Cl)F,train,7.37675071,7.5035648662342185
CC1=CC=C(C=C1)C2C3=C(C4=CC=CC=C4OC3C5=CC=C(C=C5)Br)N(C6=NC=NN26)C,train,5.324221658,5.4772108708393406
CC(C)[C@@H](CS(=O)(=O)C(C)C)N1C(=O)[C@@](C)(CC(=O)O)C[C@H](c2cccc(Cl)c2)[C@H]1c1ccc(Cl)cc1,train,7.327902142,8.112707189792724
COC(=O)C(C1=CC=C(C=C1)Cl)N2C(C(=S)NC3=C(C2=O)C=CC(=C3)F)C4=CC=C(C=C4)Cl,train,5.181114585,5.227436694890224
C1CCC2(CC1)[C@@]3([C@H]([C@@H](N2)C(=O)NCC4=CC=C(C=C4)C(=O)O)C5=C(C(=CC=C5)Cl)F)C6=C(C=C(C=C6)Cl)NC3=O,train,8.004364805,7.9534335368930895
CC[C@@H](CN1CCN(CC1)S(=O)(=O)C2CC2)N3[C@@H]([C@H](C[C@](C3=O)(C)CC(=O)O)C4=CC(=CC=C4)Cl)C5=CC=C(C=C5)Cl,train,7.522878745,7.885976704099443
CC[C@@H]([C@H](C)OC)N1[C@@H]([C@H](C[C@](C1=O)(C)CC(=O)O)C2=CC(=CC=C2)Cl)C3=CC=C(C=C3)Cl,train,6.844663963,7.258447737022907
CC(C)CCN1C=NC(=C1C2=CNC3=C2C=CC(=C3)Cl)C4=CC=CC=C4,train,6.045757491,5.977852403960197
C[C@]1(CC(=O)O)C[C@H](c2cccc(Cl)c2)[C@@H](c2ccc(Cl)cc2)N([C@H](CS(=O)(=O)c2ccncc2)C2CC2)C1=O,train,9.301029996,9.17948789694715
CC[C@@H](CCC#N)N1C(=O)[C@@H](CC(=O)O)C[C@H](c2cccc(Cl)c2)[C@H]1c1ccc(Cl)cc1,train,8.397940009,7.999709620911279
COc1ncc(-c2nc3c(n2C2CCC2)C(c2ccc(Cl)cc2)N(c2ccc(F)c(Cl)c2)C3=O)c(OC)n1,train,7.928117993,8.346167615639434
C1CC1(CO)COC2(C3=CC=CC=C3C(=O)N2CC4=CC=C(C=C4)I)C5=CC=C(C=C5)Cl,train,5.823908741,5.879855769666941
CC(C)OC1=C(C=CC(=C1)OC)C2=N[C@@H]([C@@H](N2C(=O)N3CCNC(=O)C3)C4=CC=C(C=C4)Cl)C5=CC=C(C=C5)Cl,train,5.226945307,6.038118417885979
CC[C@@H](CO)N1[C@@H]([C@H](C[C@@H](C1=O)CC(=O)O)C2=CC(=CC=C2)Cl)C3=CC=C(C=C3)Cl,train,7.301029996,7.048248868171626
CC[C@@H](C(=O)OC(C)(C)C)N1[C@@H]([C@H](C[C@H](C1=O)CC(=O)O)C2=CC(=CC=C2)Cl)C3=CC=C(C=C3)Cl,train,6.698970004,6.802639191577941
COc1ccc(CN)cc1-n1nc2c(c1C(C)C)C(c1ccc(Cl)cc1C)N(c1cc(Cl)c(=O)n(C)c1)C2=O,train,9.258848401,9.289111306504967
CC(C)C1=C(SC2=N[C@@]([C@H](N12)C3=CC=C(C=C3)Cl)(C)C4=CC=C(C=C4)Cl)C(=O)N5CCC[C@H]5C(=O)N6CCN(CC6)C,train,7.638272164,7.56916799447374
C[C@@H]1CC[C@H](N1C(=O)C2=C(N3[C@@H]([C@](N=C3S2)(C)C4=CC=C(C=C4)Cl)C5=CC=C(C=C5)Cl)C(C)C)C(=O)N6CCN([C@H](C6)C)C(=O)C,train,7.431798276,7.492488149086241
CC[C@@H](CS(=O)(=O)CC)N1C(=O)[C@@](C)(CC(=O)O)C[C@H](c2cccc(Cl)c2)[C@H]1c1ccc(Cl)cn1,train,9.045757491,9.064939536843946
CC(C)(C)C[C@@H]1[C@]2([C@H]([C@@H](N1)C(=O)NCCCN3CCCC3)C4=C(C(=CC=C4)Cl)F)C5=CC(=C(C=C5NC2=O)Cl)F,train,6.0,5.966725476434576
C1CCC2(CC1)[C@@]3([C@H]([C@@H](N2)C(=O)NCCN4CCOCC4)C5=C(C(=CC=C5)Cl)F)C6=C(C=C(C=C6)Cl)NC3=O,train,7.677780705,7.304218655739959
COc1cc(C(N)=O)ccc1NC(=O)[C@@H]1N[C@@H](CC(C)(C)C)[C@@]2(C(=O)Nc3cc(Cl)ncc32)[C@H]1c1cccc(Cl)c1F,train,8.22184875,8.100245514190853
CC(C)(C)C[C@@H]1N[C@@H](C(=O)N[C@H]2C[C@](C)(O)C2)[C@H](c2cccc(Cl)c2F)[C@]12C(=O)Nc1cc(Cl)ccc12,train,7.958607315,8.053994083260495
COc1ccc(-c2nc3c(n2C(C)C)C(c2ccc(Cl)cc2C)N(c2cc(Cl)ccc2C)C3=O)c(OC)n1,train,9.657577319,9.69716095915803
CN1C2=C([C@@H](N3C1=NC=N3)C4=CC=C(C=C4)Br)[C@H](OC5=C2C(=CC=C5)OC)C6=CC=C(C=C6)Br,train,6.017728767,5.892310098894839
COc1nc(N)ncc1-c1nc2c(n1C(C)C)C(c1ccc(Cl)cc1)N(c1cc(Cl)ccc1C)C2=O,train,9.568636236,9.214375107063308
C1CC1CN2[C@@H]([C@H](C[C@H](C2=O)CCC(=O)O)C3=CC(=CC=C3)Cl)C4=CC=C(C=C4)Cl,train,5.177831921,5.351809680282801
CC[C@@H](C)OC1=C(C=C2CC(=O)N(C(C2=C1)C3=CC=C(C=C3)Cl)C4=CC=C(C=C4)N(C)CC5=CC(=CC=C5)F)OC,train,6.769551079,6.878934488989756
CC(C)C1=C(C(=O)N2[C@H](C)CC[C@H]2C(=O)N2CCN(C)C3(CC3)C2)SC2=N[C@@](C)(c3ccc(Cl)cc3)[C@@H](c3ccc(Cl)cc3)N21,train,7.677780705,7.834839989079741
CC[C@@H](c1cc(C)no1)N1C(=O)[C@@](C)(CC(=O)O)C[C@H](c2cccc(Cl)c2)[C@H]1c1ccc(Cl)cc1,train,7.397940009,7.559312405055776
C1CN(C(=O)CC1=O)C(=O)C2=C(SC(=C2C3=CC=C(C=C3)Cl)C4=CC=C(C=C4)Cl)N,train,5.034798299,5.241088985115066
C[C@@]1(C[C@@H]([C@H](N(C1=O)C2CC[C@@H](C2)O)C3=CC=C(C=C3)Cl)C4=CC(=CC=C4)Cl)CC(=O)O,train,6.721246399,6.987338153456763
O=C(O)C[C@H]1C[C@H](c2cccc(Cl)c2)[C@@H](c2ccc(Cl)cc2)N([C@H](CO)C2CC2)C1=O,train,7.397940009,7.46492449025217
CC[C@@H](C)Oc1cc2c(cc1OC)CC(=O)N(c1ccc(C(C)O)cc1)C2c1ccc(Cl)cc1,train,7.140261434,7.407008578829236
COC(=O)C[C@H]1C[C@@H]([C@H](N(C1=O)CC2CC2)C3=CC=C(C=C3)Cl)C4=CC(=CC=C4)Cl,train,6.102372909,5.885487853467787
C[C@]1(CC(=O)O)C[C@H](c2cccc(Cl)c2)[C@@H](c2ccc(Cl)cc2)N([C@H](CS(=O)(=O)N2CCCC2)C2CC2)C1=O,train,10.0,9.89200040408992
CC(C)(C)C[C@H]1[C@@]2([C@H]([C@@H](N1)C(=O)NC3CCC(CC3)O)C4=C(C(=CC=C4)Cl)F)C5=C(C=C(C=C5)Cl)NC2=O,train,8.086186148,6.918871416164499
CC[C@@H](CS(=O)(=O)c1ccccc1)N1C(=O)[C@@](C)(CC(=O)O)C[C@H](c2cccc(Cl)c2)[C@H]1c1ccc(Cl)cc1,train,9.522878745,9.517511312187464
CC[C@@H](CN(C)S(=O)(=O)C1CC1)N2C([C@H](C[C@](C2=O)(C)CC(=O)O)C3=CC(=CC=C3)Cl)C4=CC=C(C=C4)Cl,train,8.0,8.612853635914615
C1CC(CC1O)OC2(C3=CC=CC=C3C(=O)N2CC4=CC=C(C=C4)[N+](=O)[O-])C5=CC=C(C=C5)Cl,train,6.15490196,6.229338211626435
CC[C@@H](CNS(=O)(=O)c1ccccc1Cl)N1C(=O)[C@@](C)(CC(=O)O)C[C@H](c2cccc(Cl)c2)[C@H]1c1ccc(Cl)cc1,train,8.522878745,8.554862975254018
CC[C@@H](CNCC(F)(F)F)N1[C@@H]([C@H](C[C@](C1=O)(C)CC(=O)O)C2=CC(=CC=C2)Cl)C3=CC=C(C=C3)Cl,train,7.397940009,7.470938688868508
C1=CC=C(C=C1)C2=NC(=C(N2C3=CC(=CC=C3)Cl)C4=CC(=CC=C4)Cl)C(=O)O,train,6.920818754,6.992415088204952
C1CC1(CO)COC2(C3=CC=CC=C3C(=O)N2CC4=CC=C(C=C4)Cl)C5=CC=C(C=C5)Cl,train,5.638272164,5.675715746014496
CC[C@@H](CCC1=CC=CC=N1)N2[C@@H]([C@H](C[C@@H](C2=O)CC(=O)O)C3=CC(=CC=C3)Cl)C4=CC=C(C=C4)Cl,train,7.045757491,7.069899793422622
CC[C@@H](CN(CC)S(=O)(=O)C(C)C)N1C(=O)[C@@](C)(CC(=O)O)C[C@H](c2cccc(Cl)c2)[C@H]1c1ccc(Cl)cc1,train,7.886056648,8.15504837190842
CC[C@@H](C(C)NS(=O)(=O)C(C)C)N1C(=O)[C@@](C)(CC(=O)O)C[C@H](c2cccc(Cl)c2)C1c1ccc(Cl)cc1,train,8.522878745,8.570290325512337
CC(C)(C)C[C@H]1[C@@]2([C@H]([C@@H](N1)C(=O)NC3=CC=C(C=C3)OCCO)C4=C(C(=CC=C4)Cl)F)C5=C(C=C(C=C5)Cl)NC2=O,train,8.15490196,7.723486734729763
CC(C)C1=C(SC2=N[C@@]([C@H](N12)C3=CC=C(C=C3)Cl)(C)C4=CC=C(C=C4)Cl)C(=O)N5CCC[C@H]5C(=O)N(C)C,train,8.036212173,7.515502218501162
CC[C@@H](CN(C)S(=O)(=O)C(C)(C)C)N1[C@@H]([C@H](C[C@](C1=O)(C)CC(=O)O)C2=CC(=CC=C2)Cl)C3=CC=C(C=C3)Cl,train,9.15490196,9.066997001239999
COC[C@@H](C)n1c(-c2cnc(OC)nc2OC)nc2c1[C@H](c1ccc(Cl)cc1)N(c1ccc(F)c(Cl)c1)C2=O,train,10.05060999,8.780093996991809
CC(C)(C)C[C@@H]1[C@]2([C@H]([C@@H](N1)C(=O)NC3CN(C3)C(=O)NC4CCCCC4)C5=C(C(=CC=C5)Cl)F)C6=C(C=C(C=C6)Cl)NC2=O,train,5.522878745,5.800129867569939
CC[C@@H](CS(=O)(=O)NCC1(C)COC1)N1C(=O)[C@@](C)(CC(=O)O)C[C@H](c2cccc(Cl)c2)[C@H]1c1ccc(Cl)cc1,train,9.698970004,9.622048543108443
CC(C)(C)S(=O)(=O)N(C[C@H](C1CC1)N1C(=O)[C@@](C)(CC(=O)O)C[C@H](c2cccc(Cl)c2)C1c1ccc(Cl)cc1)C(F)F,train,9.522878745,9.30379946201798
CC[C@@H]1CC[C@H](N1C(=O)C2=C(N3[C@@H]([C@](N=C3S2)(C)C4=CC=C(C=C4)Cl)C5=CC=C(C=C5)Cl)C(C)C)C(=O)N(C)C,train,7.744727495,7.6410963374674585
CC[C@@H](CN1C=C(C=CC1=O)C(F)(F)F)N2[C@@H]([C@H](C[C@](C2=O)(C)CC(=O)O)C3=CC(=CC=C3)Cl)C4=CC=C(C=C4)Cl,train,7.522878745,7.551741612297863
CC(C)(C)C[C@H]1[C@@]2([C@H]([C@@H](N1)C(=O)NC3=C(C=C(C=C3)C(=O)N)OC)C4=C(C(=CC=C4)Cl)F)C5=C(NC2=O)N=C(C=C5)Cl,train,7.958607315,7.668760604746247
COc1ccc(CO)cc1-c1nc2c(n1C(C)C)[C@H](c1ccc(Cl)cc1C)N(c1cc(Cl)ccc1C)C2=O,train,10.39794001,9.661234263067756
C[C@]1(CC(=O)O)C[C@H](c2cccc(Cl)c2)[C@@H](c2ccc(Cl)cc2)N(C(C2CC2)C2CC2)C1=O,train,9.0,8.779687184123546
CC(C)(C)C[C@H]1[C@@]2([C@H]([C@@H](N1)C(=O)NC3=C(C=C(C=C3)C(=O)O)OC)C4=C(C(=CC=C4)Cl)F)C5=C(NC2=O)N=CC=C5,train,7.283996656,7.258181325193121
C[C@]1(CC(=O)O)C[C@H](c2cccc(Cl)c2)[C@@H](c2ccc(Cl)cc2)N([C@@H](CC(F)F)c2ccccn2)C1=O,train,7.397940009,7.486069559244724
CC[C@@H](CN1CCN(CC1)S(=O)(=O)C)N2[C@@H]([C@H](C[C@](C2=O)(C)CC(=O)O)C3=CC(=CC=C3)Cl)C4=CC=C(C=C4)Cl,train,7.698970004,7.7181891861863665
COCCOCCOCCOCCOCCOC(=O)OCOC(=O)c1ccc(NC(=O)[C@@H]2N[C@@H](CC(C)(C)C)[C@](C#N)(c3ccc(Cl)cc3F)[C@H]2c2cccc(Cl)c2F)c(OC)c1,train,8.279840697,8.14714874140258
CC(C)(C)[C@@H](CS(C)(=O)=O)N1C(=O)[C@@](C)(CC(=O)O)C[C@H](c2cccc(Cl)c2)[C@H]1c1ccc(Cl)cc1,train,9.698970004,9.523097766969839
C1=CC=C2C(=C1)C(=O)N(C2(C3=CC=C(C=C3)F)O)CC4=CC=C(C=C4)[N+](=O)[O-],train,5.022276395,5.2111803867731
C1=CC=NC(=C1)NC(C2=C(C=C(C=C2)Cl)Cl)C3=C(C4=C(C=CC=N4)C=C3)O,train,5.13076828,5.18755053134277
C1CC1CN2[C@@H]([C@H](C[C@@H](C2=O)CC(=O)N)C3=CC(=CC=C3)Cl)C4=CC=C(C=C4)Cl,train,5.117475462,5.61376680965417
CC(C)(C)C[C@@H]1[C@]2([C@H]([C@@H](N1)C(=O)NCCN3CC[C@@H](C3)O)C4=CC(=CC=C4)Cl)C5=CC(=C(C=C5NC2=O)Cl)F,train,6.0,5.982516580950822
CC[C@]1(CC(=O)O)C[C@H](c2cccc(Cl)c2)[C@@H](c2ccc(Cl)cc2)N([C@H](CS(=O)(=O)C2CCCCC2)C2CC2)C1=O,train,10.0,9.861863681146644
C[C@H](C1=CC=CC=C1)NC2=C([C@H](N(C2=O)CCCN3C=CN=C3)C4=CC=C(C=C4)Br)C(=O)C5=CC=CC=C5,train,5.705533774,5.730863394126079
CC(C)(C)C[C@@H]1[C@]2([C@@H]([C@H](N1)C(=O)NC3=C(C=C(C=C3)C(=O)N)OC)C4=C(C(=CC=C4)Cl)F)C5=C(C=C(S5)Cl)NC2=O,train,6.752026734,7.428468627345144
CC1CCCCC1(F)c1nc2nc(-c3n[nH]c(=O)o3)nc(-c3cncc(Cl)c3)c2n1C[C@H]1CC[C@H](C)CC1,train,8.200314909,8.27468677821973
CC[C@@H](CC(C1CC1)(C(F)(F)F)O)N2[C@@H]([C@H](C[C@](C2=O)(C)CC(=O)O)C3=CC(=CC=C3)Cl)C4=CC=C(C=C4)Cl,train,8.0,7.785491819334582
COc1cc2c(cc1OC(C)C)C(c1ccc(Cl)cc1)N(C1CCC(C(C)(O)C3CCOCC3)CC1)C(=O)C2,train,7.443697499,7.6911860949350634
O=C(N[C@H]1CC[C@H](O)CC1)[C@@H]1NC2(CCCC2)[C@@]2(C(=O)Nc3cc(Cl)ccc32)[C@H]1c1cccc(Cl)c1F,train,7.455931956,7.4678151679259885
CC[C@@H](CS(=O)(=O)C1CCCC1)N1C(=O)[C@@](C)(CC(=O)O)C[C@H](c2cccc(Cl)c2)[C@H]1c1ccc(Cl)cc1,train,9.522878745,9.56335020592164
C1=CC=C2C(=C1)C(=O)N(C2(C3=CC=C(C=C3)Cl)O)CC4=CC=C(C=C4)[N+](=O)[O-],train,5.619788758,5.4889349236929394
C1=CC=C(C=C1)/C=C/C(=O)C2=NC3=CC=CC=C3N2,train,5.684029655,5.5186056098701775
C1=CC2=C(C(=C(C=C2)C(C3=CC=CS3)NC4=CN=CC=C4)O)N=C1,train,5.823908741,5.6860728642301925
CC(=O)OC(C)(C)C(=O)N1CC(C1)NC(=O)[C@H]2[C@@H]([C@@]3([C@H](N2)CC(C)(C)C)C4=C(C=C(C=C4)Cl)NC3=O)C5=C(C(=CC=C5)Cl)F,train,6.0,6.298877372174162
CC(=O)N1CCC2(CC1)[C@@]3([C@H]([C@@H](N2)C(=O)NC)C4=C(C(=CC=C4)Cl)F)C5=C(C=C(C=C5)Cl)NC3=O,train,5.675717545,6.030657596577372
CC(C)(C)C[C@@H]1N[C@@H](C(=O)NC2CCC(O)CC2)[C@H](c2cccc(Cl)c2)[C@]12C(=O)Nc1cc(Cl)c(F)cc12,train,7.494850022,7.576291019311152
C1CC1CN2[C@@H]([C@@H](OCC2=O)C3=CC(=CC=C3)Cl)C4=CC=C(C=C4)Cl,train,5.744727495,5.721878053006071
COc1cc(C(=O)OC(C)OC(=O)N2CCN(C)CC2)ccc1NC(=O)[C@@H]1N[C@@H](CC(C)(C)C)[C@](C#N)(c2ccc(Cl)cc2F)[C@H]1c1cccc(Cl)c1F,train,7.728158393,7.762434819722822
CN1C2=C(C(N3C1=NC=N3)C4=CC=C(C=C4)C#N)C(OC5=CC=CC=C52)C6=CC=C(C=C6)Br,train,5.233587153,5.429426546382241
C1CCC2(CC1)[C@@]3([C@H]([C@@H](N2)C(=O)NC4=CC=C(C=C4)CC(=O)O)C5=C(C(=CC=C5)Cl)F)C6=C(C=C(C=C6)Cl)NC3=O,train,7.769551079,7.873122157221489
CC(C)(C)C[C@@H]1[C@]2([C@H]([C@@H](N1)C(=O)NC3CCC(CC3)N)C4=CC(=CC=C4)Cl)C5=CC(=C(C=C5NC2=O)Cl)F,train,6.0,6.063604048793408
CC[C@@H](CN1CCOCC1C)N2[C@@H]([C@H](C[C@](C2=O)(C)CC(=O)O)C3=CC(=CC=C3)Cl)C4=CC=C(C=C4)Cl,train,8.0,7.866625682151101
CCOC(=O)[C@H](CC(C)C)N1[C@@H]([C@H](C[C@@H](C1=O)CC(=O)O)C2=CC(=CC=C2)Cl)C3=CC=C(C=C3)Cl,train,6.721246399,6.7281553930519555
CC[C@@H](CN(C)C1COC1)N2[C@@H]([C@H](C[C@](C2=O)(C)CC(=O)O)C3=CC(=CC=C3)Cl)C4=CC=C(C=C4)Cl,train,7.522878745,7.622595845639435
C1=CC=C2C(=C1)C3=C(C(N4C(=NC=N4)N3CCCO)C5=CC=C(C=C5)Br)C(O2)C6=CC=C(C=C6)Br,train,6.366531544,6.184781867632809
C[C@]1(CC(=O)O)C[C@H](c2cccc(Cl)c2)[C@@H](c2ccc(Cl)cc2)N([C@H](CS(=O)(=O)N2CCCCC2)C2CC2)C1=O,train,9.22184875,9.507829112813443
C1CC1CN2[C@@H]([C@H](C[C@](C2=O)(CCN3CCOCC3)CC(=O)O)C4=CC(=CC=C4)Cl)C5=CC=C(C=C5)Cl,train,6.886056648,6.993715265994532
CCC(C(=O)OC(C)(C)C)N1C(=O)[C@@](C)(Cc2nnn[nH]2)C[C@H](c2cccc(Cl)c2)[C@H]1c1ccc(Cl)cc1,train,9.0,8.534244288678074
CC(C)C1=C(SC2=N[C@H]([C@H](N12)C3=CC=C(C=C3)Cl)C4=CC=C(C=C4)Cl)C(=O)N5CCN(CC5)C(=O)C,train,6.075720714,6.015291784159837
CC[C@@H](C(C)=O)N1C(=O)[C@@](C)(CC(=O)O)C[C@H](c2cccc(Cl)c2)[C@H]1c1ccc(Cl)cc1,train,8.22184875,8.22423495758613
C1CC1NC(=O)C2=C(SC(=C2C3=CC=C(C=C3)Cl)C4=CC=CC=C4)N,train,5.366531544,5.372665188215762
CC(C)(C)C[C@@H]1[C@]2([C@H]([C@@H](N1)C(=O)NC)C3=CC(=CC=C3)Cl)C4=CC(=C(C=C4NC2=O)Cl)F,train,6.0,5.990321119268681
COC[C@@H](C)n1c(-c2cnc(OC)nc2OC)nc2c1[C@H](c1ccc(Cl)cc1)N(c1cc(Cl)c(=O)n(C)c1)C2=O,train,9.869666232,9.68733630550221
CC1=CC=C(C=C1)CN2C(=O)C3=CC=CC=C3C2(C4=CC=C(C=C4)Cl)O[C@@H]5C[C@@H](C=C5)O,train,5.853871964,5.786043350135977
CC1=CC(=NC=C1)N2[C@@H]([C@H](C[C@](C2=O)(C)CC(=O)O)C3=CC(=CC=C3)Cl)C4=CC=C(C=C4)Cl,train,7.522878745,7.369146316910297
C1CC1(CO)COC2(C3=CC=CC=C3C(=O)N2CC4=CC=C(C=C4)F)C5=CC=C(C=C5)Cl,train,5.585026652,5.683782337109684
CC(C)(C)C[C@@H]1[C@]2([C@H]([C@@H](N1)C(=O)NCC[C@H]3CC[C@H](C3)O)C4=C(C(=CC=C4)Cl)F)C5=C(C=C(C=C5)Cl)NC2=O,train,6.0,6.0082156169858285
CC1=C(C2=C(C=C1)OC(C3=C2N(C4=NC=NN4C3C5=CC=C(C=C5)Br)C)C6=CC=C(C=C6)Br)OC,train,5.404503778,5.845997068695033
C[C@@H]1CC[C@H](N1C(=O)C2=C(N3[C@@H]([C@](N=C3S2)(C)C4=CC=C(C=C4)Cl)C5=CC(=C(C=C5)Cl)F)C(C)C)C(=O)N6CCNC7(C6)CC7,train,8.119186408,7.9625875157560735
C1CCC2(CC1)[C@@]3([C@H]([C@@H](N2)C(=O)NC4CCC(CC4)C(=O)O)C5=C(C(=CC=C5)Cl)F)C6=C(C=C(C=C6)Cl)NC3=O,train,8.356547324,8.028771095222718
C[C@]1(CC(=O)O)C[C@H](c2cccc(Cl)c2)[C@@H](c2ccc(Cl)cc2)N([C@H](CS(=O)(=O)c2ccccc2)C2CC2)C1=O,train,8.853871964,8.935071933511617
COC1=CC(=CC(=C1OC)OC)CC2=C(NC3=CC=CC=C32)C4=CN(C=C4)S(=O)(=O)C5=CC=CC=C5,train,5.721246399,6.014550156656801
CCOC(=O)CCNC(=O)N1[C@H]([C@H](N=C1C2=C(C=C(C=C2)OC)OC(C)C)C3=CC=C(C=C3)Cl)C4=CC=C(C=C4)Cl,train,5.473660723,5.5460153809607196
CC(C)(C)C[C@@H]1[C@]2([C@H]([C@@H](N1)C(=O)NC3CCNCC3)C4=C(C(=CC=C4)Cl)F)C5=C(C=C(C=C5)Cl)NC2=O,train,6.0,6.082909557467419
COc1cc2c(cc1OC(C)C)[C@H](c1ccc(Cl)cc1)N(c1ccc(N(C)C[C@H]3CC[C@H](N(C)C)CC3)cc1)C(=O)C2,train,8.602059991,8.502276404722986
CC(C)(C)C[C@@H]1[C@]2([C@H]([C@@H](N1)C(=O)NCCCN3CCCC3)C4=C(C(=CC=C4)Cl)F)C5=C(C=C(C=C5)Cl)NC2=O,train,5.0,5.373550212308216
CC[C@@H](CN1CCS(=O)(=O)CC1)N1C(=O)[C@@](C)(CC(=O)O)C[C@H](c2cccc(Cl)c2)[C@H]1c1ccc(Cl)cc1,train,8.397940009,8.281796925853719
CCOC1=C(C=CC(=C1)C(C)(C)C)C2=N[C@@]([C@@](N2C(=O)N3CCNC(=O)C3)(C)C4=CC=C(C=C4)Cl)(C)C5=CC=C(C=C5)Cl,train,5.119186408,5.633468880167074
CC[C@@H](C1=NC(CO1)(C)C)N2[C@@H]([C@H](C[C@](C2=O)(C)CC(=O)O)C3=CC(=CC=C3)Cl)C4=CC=C(C=C4)Cl,train,7.397940009,7.44948547090982
C1=CC(=CC=C1[C@H]2[C@H](N=C(N2)C3=CC=C(C=C3)Br)C4=CC=C(C=C4)Br)Br,train,5.043351421,5.3622975440078315
CC(C)[C@H](C(=O)OC1CCC(CC1)NC(=O)[C@H]2[C@@H]([C@@]3([C@H](N2)CC(C)(C)C)C4=C(C=C(C=C4)Cl)NC3=O)C5=C(C(=CC=C5)Cl)F)N,train,6.0,5.815830170916257
CC[C@H](C1=NC(=NO1)C2CC2)N3[C@@H]([C@H](C[C@](C3=O)(C)CC(=O)O)C4=CC(=CC=C4)Cl)C5=CC=C(C=C5)Cl,train,7.397940009,7.248540495921491
CC[C@@H](C)Oc1cc2c(cc1OC)CC(=O)N(c1ccc(C(C)NC3CCNCC3)cc1)C2c1ccc(Cl)cc1,train,7.370590401,7.688311070084047
CC(=O)N1CCC(CC1)NC(=O)[C@H]2[C@@H]([C@@]3([C@H](N2)CC(C)(C)C)C4=C(C=C(C=C4)Cl)NC3=O)C5=C(C(=CC=C5)Cl)F,train,6.301029996,6.28208502550971
O=C(O)c1nc(-c2ccccc2)n(-c2cccc(Cl)c2F)c1-c1cccc(Cl)c1,train,8.15490196,8.154054668152193
CC(C)(C)C[C@@H]1N[C@@H](C(=O)NCC[C@H](O)CO)[C@H](c2cccc(Cl)c2F)[C@@]1(C#N)c1ccc(Cl)cc1F,train,7.13076828,7.338825509054605
CC[C@@H](CS(=O)(=O)C(C)(C)C)N1C(=O)[C@@](C)(CC(=O)O)C[C@H](c2cc(F)cc(Cl)c2)[C@H]1c1ccc(Cl)cc1,train,10.0,9.86031673371136
C1CCC(CC1)CN2[C@@H]([C@H](C[C@@H](C2=O)CC(=O)O)C3=CC(=CC=C3)Cl)C4=CC=C(C=C4)Cl,train,6.769551079,6.692811313569542
C1=CC=C2C(=C1)C3=C([C@@H](N4C(=NC=N4)N3CC(=O)O)C5=CC=C(C=C5)Br)[C@H](O2)C6=CC=C(C=C6)Br,train,6.318758763,6.2204899971128
COC(C)(c1ncccc1F)c1nc2nc(-c3n[nH]c(=O)o3)nc(-c3cncc(Cl)c3)c2n1C[C@H]1CC[C@H](C)CC1,train,9.170696227,9.077633804927466
CC(C)[C@@H](CS(=O)(=O)C(C)(C)C)N1[C@@H]([C@H](C[C@](C1=O)(C)CC(=O)O)C2=CC(=CC=C2)Cl)C3=CC=C(C=C3)Cl,train,9.22184875,9.083450911787985
COc1cc2c(cc1OC(C)C)C(c1ccc(Cl)cc1)N(C1CCC(C(O)c3cccc(F)c3)CC1)C(=O)C2,train,7.142667504,7.33996697966333
CC[C@@H](COCC1CC1)N1C(=O)[C@@H](CC(=O)O)C[C@H](c2cccc(Cl)c2)[C@H]1c1ccc(Cl)cc1,train,7.522878745,7.548591574400036
CC(C)(C)C[C@@H]1[C@]2([C@H]([C@@H](N1)C(=O)NCC[C@@H](CO)O)C3=CC(=CN=C3)Cl)C4=CC(=C(C=C4NC2=O)Cl)F,train,5.0,5.400159358520056
CN1CCC(CCNC(=O)[C@@H]2N[C@H](CC(C)(C)C)[C@]3(C(=O)Nc4cc(Cl)ccc43)[C@H]2c2cccc(Cl)c2F)CC1,train,7.48945499,7.578806120822286
CC(C)(C)C[C@H]1[C@@]2([C@H]([C@@H](N1)C(=O)NC3=C(C=C(C=C3)OCCO)OC)C4=C(C(=CC=C4)Cl)F)C5=C(C=C(C=C5)Cl)NC2=O,train,8.301029996,7.946011304345768
CC(C)(C)C[C@@H]1[C@]2([C@H]([C@@H](N1)C(=O)NCC3CCN(CC3)C)C4=C(C(=CC=C4)Cl)F)C5=C(C=C(C=C5)Cl)NC2=O,train,6.0,6.089915665898353
CC[C@@H](C)OC1=C(C=C2CC(=O)N(C(C2=C1)C3=CC=C(C=C3)Cl)C4=CC=C(C=C4)N(C)CC5=CN=CC=C5)OC,train,7.823908741,7.527522312202781
CN1[C@@H]([C@@H](O[C@H](C1=O)CC2=CC=CC=C2)C3=CC=C(C=C3)Cl)C4=CC=C(C=C4)Cl,train,5.744727495,5.772960716382505
CC[C@@H]([C@@H](O)CO)N1C(=O)[C@@](C)(CC(=O)O)C[C@H](c2cccc(Cl)c2)[C@H]1c1ccc(Cl)cc1,train,9.0,8.695066405428667
C1CC(=O)N([C@@H]([C@H]1C2=CC(=CC=C2)Cl)C3=CC=C(C=C3)Cl)CC4CC4,train,6.086186148,5.875747353215592
CC(C)(C)C[C@H]1N[C@@H](C(=O)NCC[C@H](O)CO)[C@H](c2cccc(Cl)c2)[C@@]12C(=O)Nc1cc(Cl)ccc12,train,7.251811973,7.4934072712909146
CC(C)(C)C[C@@H]1N[C@@H](C(=O)NCC[C@H](O)CO)[C@H](c2cccc(Cl)c2F)[C@]12C(=O)Nc1cc(Cl)ccc12,train,8.008773924,7.8487567987290925
CC(C)[C@@H](CS(=O)(=O)C(C)C)N1[C@@H]([C@H](C[C@](C1=O)(C)CC(=O)O)C2=CC(=CC=C2)Cl)C3=CC=C(C=C3)Cl,train,7.327902142,8.098863248512032
CN1C2=C(C(N3C1=NC=N3)C4=CC=C(C=C4)Br)C(OC5=CC=CC=C52)C6=CC=C(C=C6)Br,train,5.931814138,5.870909438962394
C1CC[C@H]([C@H](C1)CO)COC2(C3=CC=CC=C3C(=O)N2CC4=CC=C(C=C4)[N+](=O)[O-])C5=CC=C(C=C5)Cl,train,6.244125144,6.2610089519238095
C[C@H](C1=CC=C(C=C1)Cl)N2C(=O)C3=CC=CC=C3C2(C4=CC=C(C=C4)Cl)OCCCCO,train,5.602059991,5.828791667351365
CC(C)(C)C[C@H]1[C@]2([C@H]([C@@H](N1)C(=O)NC3CCC(CC3)O)C4=C(C(=CC=C4)Cl)F)C5=C(C=C(C=C5)Cl)NC2=O,train,5.229147988,6.918871416164499
CC[C@@H](C1=CC=CC(=N1)C)N2[C@@H]([C@H](C[C@](C2=O)(C)CC(=O)O)C3=CC(=CC=C3)Cl)C4=CC=C(C=C4)Cl,train,8.0,7.723054012456953
CC[C@@H](C)OC1=C(C=C2CC(=O)N([C@H](C2=C1)C3=CC=C(C=C3)Cl)C4=CC=C(C=C4)N(C)CC5=CC=NC=C5)OC,train,8.638272164,7.478274358534873
CC[C@@H](CN1CCOC1=O)N2[C@@H]([C@H](C[C@](C2=O)(C)CC(=O)O)C3=CC(=CC=C3)Cl)C4=CC=C(C=C4)Cl,train,7.522878745,7.520726011957163
C[C@]1(CC(=O)O)C[C@H](c2cccc(Cl)c2)[C@@H](c2ccc(Cl)cc2)N([C@H](CS(=O)(=O)C2CCC2)C2CC2)C1=O,train,9.698970004,9.731134626716266
CC[C@@H](C(=O)NCC(C)(C)C)N1C(=O)[C@@](C)(CC(=O)O)C[C@H](c2cccc(Cl)c2)[C@H]1c1ccc(Cl)cc1,train,8.22184875,8.172089447515368
CC(C)CC(C)(C)C[C@@H]1[C@]2([C@H]([C@@H](N1C)C(=O)NCC[C@@H](CO)O)C3=CC(=CC=C3)Cl)C4=CC(=C(C=C4NC2=O)Cl)F,train,5.301029996,5.550626378724811
COc1ccccc1C(C)(OC)c1nc2nc(-c3n[nH]c(=O)o3)nc(-c3cncc(Cl)c3)c2n1C[C@H]1CC[C@H](C)CC1,train,8.085022528,8.379424498217423
CC(C)N1[C@@H]([C@H](C[C@H](S1(=O)=O)CC(=O)O)C2=CC(=CC=C2)Cl)C3=CC=C(C=C3)Cl,train,6.187086643,6.2944443175692575
C1CCC2(CC1)[C@@]3([C@H]([C@@H](N2)C(=O)NCC4=NNN=N4)C5=C(C(=CC=C5)Cl)F)C6=C(C=C(C=C6)Cl)NC3=O,train,7.0,7.216261560536365
CNC(=O)CN[C@H]1CC[C@H](CN(C)c2ccc(N3C(=O)Cc4cc(OC)c(OC(C)C)cc4[C@@H]3c3ccc(Cl)cc3)nc2)CC1,train,8.113509275,8.165934883244374
C1CCC2(CC1)[C@@]3([C@H]([C@@H](N2)C(=O)NC4CCC(CC4)O)C5=CC(=CN=C5)Cl)C6=C(C=C(C=C6)Cl)NC3=O,train,6.585026652,6.516671268395627
COCCOCCOCCOC(=O)OC(C)OC(=O)c1ccc(NC(=O)[C@@H]2N[C@@H](CC(C)(C)C)[C@](C#N)(c3ccc(Cl)cc3F)[C@H]2c2cccc(Cl)c2F)c(OC)c1,train,7.882728704,7.91447850011975
COc1cc2c(cc1OC(C)C)[C@H](c1ccc(Cl)cc1)N(c1ccc(N(C)C[C@H]3CC[C@H](N4CCN(C)C(=O)C4)CC3)nc1)C(=O)C2,train,8.769551079,8.616886721146845
CC(C)(C)C1=CC2=C(C=C1)C(N(C2=O)CC3=CC=C(C=C3)[N+](=O)[O-])(C4=CC=C(C=C4)Cl)OCC5(CC5)CO,train,6.818156412,6.576597831023556
C[C@@]1(C[C@@H]([C@H](N(C1=O)[C@H](C2CC2)C3=CC=CC=N3)C4=CC=C(C=C4)Cl)C5=CC(=CC=C5)Cl)CC(=O)O,train,7.698970004,7.021332368895861
CC(C)(C)C[C@@H]1N[C@@H](C(=O)Nc2cccc(C(=O)O)c2)[C@H](c2cccc(Cl)c2F)[C@@]1(C#N)c1ccc(Cl)cc1F,train,7.37675071,7.482506928897037
CC(C)(C)C[C@@H]1N[C@@H](C(=O)Nc2ccc(C(=O)O)cc2F)[C@H](c2cccc(Cl)c2F)[C@@]1(C#N)c1ccc(Cl)cc1F,train,7.602059991,7.635913445141063
CC#CC1=CC=C(C=C1)C2C3=C(C4=CC=CC=C4O2)N(C5=NC=NN5C3C6=CC=C(C=C6)Br)C,train,5.042392713,5.320890966300517
CC[C@@H](CN1CCOCC1)N2[C@@H]([C@H](C[C@](C2=O)(C)CC(=O)O)C3=CC(=CC=C3)Cl)C4=NC=C(C=C4)Cl,train,7.301029996,7.371025769434235
CC1=CC(=NC=C1)NC(C2=C(C3=C(C=CC=N3)C=C2)O)C4=C(C=CS4)C,train,5.698970004,5.599927328425867
CC1=CC2=C(C=C1F)OC(C3=C2N(C4=NC=NN4C3C5=CC=C(C=C5)Br)C)C6=CC=C(C=C6)Br,train,6.318758763,6.1452621421772795
CC[C@@H](C)OC1=C(C=C2CC(=O)N(C(C2=C1)C3=CC=C(C=C3)Cl)C4=CC=C(C=C4)N(C)CC5CCNCC5)OC,train,8.397940009,7.81028274027123
CCOC1=C(C=CC(=C1)OC)C2=NC(C(N2C(=O)N3CCN(CC3)CCO)C4=CC=C(C=C4)Br)C5=CC=C(C=C5)Br,train,6.853871964,6.667593805806245
CC(C)C1=C(SC2=N[C@H]([C@H](N12)C3=CC=C(C=C3)Cl)C4=CC=C(C=C4)Cl)C(=O)N5CCC(=O)NCC5,train,5.958607315,5.955212652828516
CC(=O)N1CCC(NC(=O)Cn2nc3c(c2C(C)C)C(c2ccc(Cl)cc2C)N(c2cc(Cl)ccc2C)C3=O)CC1,train,8.552841969,8.441584967939374
CC[C@@H](CS(=O)(=O)C1CCOCC1)N1C(=O)[C@@](C)(CC(=O)O)C[C@H](c2cccc(Cl)c2)[C@H]1c1ccc(Cl)cc1,train,9.698970004,9.655151714067939
CC(C)C1=C(SC2=N[C@@]([C@H](N12)C3=CC=C(C=C3)Cl)(C)C4=CC=C(C=C4)Cl)C(=O)N5CCC[C@H]5C(=O)N6CCN(CC6)C(=O)C,train,7.180456064,7.3121048993372115
CC[C@@H](CN(C)S(=O)(=O)C1CC1)N1C(=O)[C@@](C)(CC(=O)NCCCO)C[C@H](c2cccc(Cl)c2)[C@H]1c1ccc(Cl)cc1,train,7.27572413,7.42582014806401
C[C@@H](O)[C@H](C1CC1)N1C(=O)[C@@](C)(CC(=O)O)C[C@H](c2cccc(Cl)c2)[C@H]1c1ccc(Cl)cc1,train,9.0,8.775843222253176
CC(C)(C)C[C@@H]1[C@]2([C@H]([C@@H](N1C)C(=O)NCC[C@@H](CO)O)C3=CC(=CC=C3)Cl)C4=CC(=C(C=C4NC2=O)Cl)F,train,5.522878745,5.7227439727780975
C1CCN(C(=O)C1)C(=O)C2=C(SC(=C2C3=CC=C(C=C3)Cl)C4=CC=C(C=C4)Cl)N,train,5.306273051,5.269172855848712
CC[C@@H](COC)N1[C@@H]([C@H](C[C@@H](C1=O)CC(=O)O)C2=CC(=CC=C2)Cl)C3=CC=C(C=C3)Cl,train,7.15490196,6.787042163229655
CC(C)(C)C[C@H]1[C@]([C@H]([C@@H](N1)C(=O)NC2=NN(C=C2)CC(C)(C)O)C3=C(C(=CC=C3)Cl)F)(C#N)C4=C(C=C(C=C4)Cl)F,train,7.251811973,7.067075136561412
CC[C@@H](CC(C)O)N1C(=O)[C@@](C)(CC(=O)O)C[C@H](c2cccc(Cl)c2)C1c1ccc(Cl)cc1,train,8.397940009,8.310840405977087
CC[C@]1(CC(=O)O)C[C@H](c2cccc(Cl)c2)[C@@H](c2ccc(Cl)cc2)N([C@H](CNS(=O)(=O)C(C)C)C2CC2)C1=O,train,9.045757491,9.031811829289989
CNC(=O)[C@@H]1NC2(CCCCC2)[C@@]2(C(=O)Nc3cc(Cl)ccc32)[C@H]1c1cccc(Cl)c1F,train,7.318758763,7.537643951927824
CC[C@@H](CC(C)(C)O)N1C(=O)[C@@](C)(CC(=O)O)C[C@H](c2cccc(Cl)c2)C1c1ccc(Cl)cc1,train,7.15490196,7.356899323095334
O=C(N[C@H]1CC[C@H](O)CC1)[C@@H]1NC2(CCCCC2)[C@@]2(C(=O)Nc3cc(Cl)ccc32)[C@H]1c1cccc(Cl)c1F,train,7.769551079,7.748651003894917
C[C@@H]1CC[C@H](N1C(=O)C2=C(N3[C@@H]([C@](N=C3S2)(C)C4=CC=C(C=C4)Cl)C5=CC=C(C=C5)Cl)C(C)C)C(=O)N6CCN(CC6)C(=O)C,train,7.585026652,7.5661488530395316
CC[C@@H](CNS(=O)(=O)C(C)C)N1C(=O)[C@@](C)(CC(=O)O)C[C@H](c2cccc(Cl)c2)[C@H]1c1ccc(Cl)cc1,train,8.522878745,8.55038114041926
CCN(CC)N1[C@@H]([C@H](C[C@](C1=O)(C)CC(=O)O)C2=CC(=CC=C2)Cl)C3=CC=C(C=C3)Cl,train,8.0,7.806615820648916
Cc1c(Cl)ccc2c(/C=C3\NC(=O)N(Cc4ccc(F)c(F)c4)C3=O)c[nH]c12,train,7.48148606,7.700907565967958
CC[C@@H](CS(=O)(=O)CC1CC1)N1C(=O)[C@@](C)(CC(=O)O)C[C@H](c2cccc(Cl)c2)[C@H]1c1ccc(Cl)cc1,train,9.698970004,9.65074946688059
C[C@@]1(C[C@@H]([C@H](N(C1=O)[C@@H]2CC[C@@H]([C@@H]2O)O)C3=CC=C(C=C3)Cl)C4=CC(=CC=C4)Cl)CC(=O)O,train,6.552841969,6.952143168383194
CC[C@@H](CS(=O)(=O)CC)N1C(=O)[C@@](CC)(CC(=O)O)C[C@H](c2cccc(Cl)c2)[C@H]1c1ccc(Cl)cc1,train,9.397940009,9.445738684385502
CC(C)(C)C1=CC2=C(C=C1)C(=O)N(C2(C3=CC=C(C=C3)Cl)OCC4(CC4)CO)CC5=CC=C(C=C5)[N+](=O)[O-],train,6.134896025,6.297750140890136
CC(C)N1[C@@H]([C@H](C[C@@](S1(=O)=O)(C)CC(=O)O)C2=CC(=CC=C2)Cl)C3=CC=C(C=C3)Cl,train,6.251811973,6.766279027292004
CC[C@@H](CN(C)S(=O)(=O)C(C)(C)C)N1C(=O)[C@@](C)(CC(=O)O)C[C@H](c2cccc(Cl)c2)[C@H]1c1ccc(Cl)cc1,train,9.15490196,8.957275136299772
CC[C@@H](CN1CC(C1)(F)F)N2[C@@H]([C@H](C[C@](C2=O)(C)CC(=O)O)C3=CC(=CC=C3)Cl)C4=CC=C(C=C4)Cl,train,7.522878745,7.54408314869919
CCC(CC)N1[C@@H]([C@H](C[C@](C1=O)(C)CS(=O)(=O)C)C2=CC(=CC=C2)Cl)C3=CC=C(C=C3)Cl,train,6.075720714,6.20351937834285
CC[C@@H](C(C(F)(F)F)O)N1[C@@H]([C@H](C[C@@H](C1=O)CC(=O)O)C2=CC(=CC=C2)Cl)C3=CC=C(C=C3)Cl,train,8.0,7.652533774918716
CC[C@]1(CC(=O)O)C[C@H](c2cccc(Cl)c2)[C@@H](c2ccc(Cl)cc2)N([C@H](CS(=O)(=O)c2ccccc2Cl)C2CC2)C1=O,train,9.397940009,9.136536560534685
C1CCC(C1)CN2[C@@H]([C@H](C[C@@H](C2=O)CC(=O)O)C3=CC(=CC=C3)Cl)C4=CC=C(C=C4)Cl,train,6.721246399,6.59907394449035
CC[C@@H](C)Oc1cc2c(cc1OC)CC(=O)N(c1ccc(N(C)CC3CCCN(C)C3)cc1)C2c1ccc(Cl)cc1,train,8.040958608,8.098072960790054
CN1[C@@H]([C@]2([C@H]([C@@H]1C(=O)NCC[C@@H](CO)O)C3=CC(=CC=C3)Cl)C4=CC(=C(C=C4NC2=O)Cl)F)CCC5CCCC5,train,5.0,5.2932200876504805
CC(C)C1=C(SC2=N[C@@]([C@H](N12)C3=CC=C(C=C3)Cl)(C)C4=CC=C(C=C4)Cl)C(=O)N5CCC[C@H]5C(=O)N(C)CCOC,train,7.337242168,7.3480251834209644
CCS(=O)(=O)C[C@H](C1CC1)N1C(=O)[C@@](C)(CC(=O)CO)C[C@H](c2cccc(Cl)c2)[C@H]1c1ccc(Cl)cc1,train,8.387216143,8.768659430830406
COCCN(CCOC)C(=O)OC(C)OC(=O)c1ccc(NC(=O)[C@@H]2N[C@@H](CC(C)(C)C)[C@](C#N)(c3ccc(Cl)cc3F)[C@H]2c2cccc(Cl)c2F)c(OC)c1,train,7.787812396,7.857801694554078
CC[C@@H](C(=O)OC(C)(C)C)N1C(=O)[C@@](C)(CC(=O)O)C[C@H](c2cccc(Cl)c2)[C@H]1c1ccc(Cl)cc1,train,8.698970004,8.533493418263824
CC(C)N1C(=O)[C@@](C)(CC(=O)O)C[C@H](c2cc(F)cc(Cl)c2)[C@H]1c1ccc(Cl)cc1,train,8.301029996,8.15949507209623
O=C(O)c1ccc(NC(=O)[C@@H]2NC3(CCCCC3)[C@@]3(C(=O)Nc4cc(Cl)ccc43)[C@H]2c2cccc(Cl)c2F)c(F)c1,train,7.886056648,7.943663049312772
C1=CC=C2C(=C1)C3=C(C(N4C(=NC=N4)N3CC(=O)N)C5=CC=C(C=C5)Br)C(O2)C6=CC=C(C=C6)Br,train,6.26760624,6.244906017305161
CC[C@@H]1CC[C@H](N1C(=O)C2=C(N3[C@@H]([C@](N=C3S2)(C)C4=CC=C(C=C4)Cl)C5=CC=C(C=C5)Cl)C(C)C)C(=O)N6CCN(CC6)C,train,7.522878745,7.584933216680186
C[C@@H]1CC[C@H](N1C(=O)C2=C(N3[C@@H]([C@](N=C3S2)(C)C4=CC=C(C=C4)Cl)C5=CC=C(C=C5)Cl)C(C)C)C(=O)N6CCN(C7(C6)CC7)C,train,7.677780705,7.699390640971601
CC1CN(CCN1)C(=O)C2=C(SC(=C2C3=CC=C(C=C3)Cl)C4=CC=C(C=C4)Cl)N,train,5.142064735,5.298838250206762
C1CC1CN2[C@@H]([C@H](C[C@@H](C2=O)CC(=O)O)C3=CC(=CC=C3)Cl)C4=CC=C(S4)Cl,train,6.366531544,6.470846931431489
CCN(C[C@H]1CC[C@H](N(C)C)CC1)c1ccc(N2C(=O)Cc3cc(OC)c(OC(C)C)cc3[C@@H]2c2ccc(Cl)cc2)cc1,train,8.568636236,8.501227497379109
C1=CC=C(C=C1)C(=O)C2=C(C(=O)N(C2C3=CC=C(C=C3)Br)CCCN4C=CN=C4)NC5=CC(=CC=C5)Br,train,5.041436117,5.462226668574496
CC[C@@H](CN1CCOCC1)N2[C@@H]([C@H](C[C@@H](C2=O)CC(=O)O)C3=CC(=CC=C3)Cl)C4=CC=C(C=C4)Cl,train,7.15490196,7.064402325945692
COC(=O)C(C1=CC=C(C=C1)Cl)N2C(C(=S)NC3=C(C2=O)C=CC(=C3)NCC4=CSC=C4)C5=CC=C(C=C5)Cl,train,5.472370099,5.785443506831595
CC[C@@H](CN(C)S(=O)(=O)C1(C)CC1)N1C(=O)[C@@](C)(CC(=O)O)C[C@H](c2cccc(Cl)c2)[C@H]1c1ccc(Cl)cc1,train,9.0,8.881673665715427
CC[C@@H](CN1CCCC1=O)N2[C@@H]([C@H](C[C@](C2=O)(C)CC(=O)O)C3=CC(=CC=C3)Cl)C4=CC=C(C=C4)Cl,train,7.698970004,7.620642853038039
CC[C@@H](COCC1(C#N)CC1)N1C(=O)[C@@H](CC(=O)O)C[C@H](c2cccc(Cl)c2)[C@H]1c1ccc(Cl)cc1,train,7.397940009,7.483158417384198
C1C[C@@H](C[C@@H]1O)OC2(C3=CC=CC=C3C(=O)N2CC4=CC=C(C=C4)[N+](=O)[O-])C5=CC=C(C=C5)Cl,train,6.397940009,6.229338211626435
C[C@H]1CC[C@H](Cn2c(C3CC3)nc3nc(-c4noc(=O)[nH]4)nc(-c4cccc(Cl)c4)c32)CC1,train,7.379968105,7.598124774348042
COc1cc2c(cc1OC(C)C)[C@H](c1ccc(Cl)cc1)N(c1ccc(C(C)CN3CCC(N(C)C)CC3)cc1)C(=O)C2,train,7.66756154,7.993440364253487
CC[C@@H](CN(C)S(=O)(=O)C1CC1)N1C(=O)[C@@](CCN2CCOCC2)(CC(=O)O)C[C@H](c2cccc(Cl)c2)[C@H]1c1ccc(Cl)cc1,train,8.455931956,8.451662781758678
CC(=O)N1CCC(Cn2nc3c(c2C(C)C)C(c2ccc(Cl)cc2C)N(c2cc(Cl)ccc2C)C3=O)CC1,train,8.619788758,8.544531582612215
CC[C@]1(CC(=O)O)C[C@H](c2cccc(Cl)c2)[C@@H](c2ccc(Cl)cc2)N([C@H](CS(=O)(=O)C(C)(C)C)C2CC2)C1=O,train,9.698970004,9.561734289528191
C[C@@]1(C[C@@H]([C@H](N(C1=O)[C@@H](C2CC2)C3=CC=CC=N3)C4=CC=C(C=C4)Cl)C5=CC(=CC=C5)Cl)CC(=O)O,train,6.167491087,7.021332368895861
COc1cc2c(cc1OC(C)C)[C@H](c1ccc(Cl)cc1)N(c1ccc(N(C)C[C@H]3CC[C@H](N4CC(=O)NCC4=O)CC3)cc1)C(=O)C2,train,8.200659451,8.266191570336993
CC[C@@H](CCS(=O)(=O)CC1CC1)N2[C@@H]([C@H](C[C@](C2=O)(C)CC(=O)O)C3=CC(=CC=C3)Cl)C4=CC=C(C=C4)Cl,train,7.397940009,7.731031621562956
Cc1cc(Cl)ccc1C1c2c(nn(CC(=O)N3CCC(CCO)CC3)c2C(C)C)C(=O)N1c1cc(Cl)ccc1C,train,8.37675071,8.404935043637117
CC(C)c1c2c(nn1CCO)C(=O)N(c1cccc(Cl)c1F)C2c1ccc(Cl)cc1Cl,train,7.879426069,7.9873927407537195
CC[C@@H](c1nccs1)N1C(=O)[C@@](C)(CC(=O)O)C[C@H](c2cccc(Cl)c2)[C@H]1c1ccc(Cl)cc1,train,7.301029996,7.434224314619407
Cc1nnc(-c2nc(C3CCCCC3)n(-c3cccc(Cl)c3F)c2-c2ccc(F)c(Cl)c2)o1,train,7.602059991,7.919364119655725
CC(C)(C)C[C@H]1[C@@]2([C@H]([C@@H](N1)C(=O)NC3=C(C=C(C=C3)C(=O)N)OC)C4=C(C(=CC=C4)Cl)F)C5=CN=C(N=C5NC2=O)Cl,train,7.346787486,7.3401436682881585
CCC(CN(C)S(=O)(=O)C1CC1)N1C(=O)[C@@](C)(CC(=O)NS(C)(=O)=O)C[C@H](c2cccc(Cl)c2)[C@H]1c1ccc(Cl)cc1,train,8.22184875,8.350690686762167
COC[C@@H](C)n1c(-c2cnc(N(C)C)nc2OC)nc2c1[C@@H](c1ccc(Cl)cc1)N(c1cc(Cl)c(=O)n(C)c1)C2=O,train,8.212327035,9.411364817822932
CC(C)(C)C[C@H]1[C@@]2([C@H]([C@@H](N1)C(=O)NCCN3CCOCC3)C4=C(C(=CC=C4)Cl)F)C5=C(C=C(C=C5)Cl)NC2=O,train,7.671620397,7.073263177843537
CNCC[C@H]1C(=O)N([C@@H]([C@@H](O1)C2=CC(=CC=C2)Cl)C3=CC=C(C=C3)Cl)CC4CC4,train,5.004364805,5.271064670471154
CC(C)(C)C[C@@H]1[C@]2([C@H]([C@@H](N1)C(=O)NC3CN(C3)CC(C)(C)O)C4=C(C(=CC=C4)Cl)F)C5=C(C=C(C=C5)Cl)NC2=O,train,6.0,6.036030395737544
CCOC1=C(C=CC(=C1)C(C)(C)C)C2=N[C@@]([C@@](N2C(=O)N3CCN(CC3)CCCS(=O)(=O)C)(C)C4=CC=C(C=C4)Cl)(C)C5=CC=C(C=C5)Cl,train,6.522878745,6.5641527698002085
CC(C)CN1[C@@H]([C@H](CCC1=O)C2=CC(=CC=C2)Cl)C3=CC=C(C=C3)Cl,train,5.638272164,5.749446605457472
CC1CCN(CC1)C(=O)C2=C(SC(=C2C3=CC=C(C=C3)Cl)C4=CC=C(C=C4)Cl)N,train,5.240332155,5.414162322357164
C1=CC=C2C(=C1)NC(=N2)C(=O)/C=C/C3=CC=NC=C3,train,5.251037139,5.23101118707775
CCOc1cc(C(C)(C)C)ccc1C1=N[C@@](C)(c2ccc(Cl)cc2)[C@@](C)(c2ccc(Cl)cc2)N1C(=O)N1CCN(CC(=O)N2CCOCC2)CC1,train,7.744727495,7.75756300547819
CC[C@H](O)[C@H](CC)N1C(=O)[C@@](C)(CC(=O)O)C[C@H](c2cccc(Cl)c2)[C@H]1c1ccc(Cl)cc1,train,8.0,8.111173243024082
C1CCC(CC1)NC(=O)C2=C(SC(=C2C3=CC=C(C=C3)Cl)C4=CC=C(C=C4)Br)N,train,5.018181393,5.129711832318176
CC[C@@H](CC(O)(O)C(F)(F)F)N1C(=O)[C@@](C)(CC(=O)O)C[C@H](c2cccc(Cl)c2)[C@H]1c1ccc(Cl)cc1,train,8.698970004,8.3452443103647
Cc1ccnc(N2C(=O)[C@@](C)(CC(=O)O)C[C@H](c3cccc(Cl)c3)[C@H]2c2ccc(Cl)cc2)c1,train,7.522878745,7.609062413022441
CC[C@@H](CN1CCN(CC1)C(=O)C2CC2)N3[C@@H]([C@H](C[C@](C3=O)(C)CC(=O)O)C4=CC(=CC=C4)Cl)C5=CC=C(C=C5)Cl,train,8.0,7.844818335012941
CC(C)[C@@H](CNS(=O)(=O)C1CC1)N1C(=O)[C@@](C)(CC(=O)O)C[C@H](c2cccc(Cl)c2)[C@H]1c1ccc(Cl)cc1,train,8.356547324,8.43704724489733
COCCOCCOCCOC(=O)OC(OC(=O)c1ccc(NC(=O)[C@@H]2N[C@@H](CC(C)(C)C)[C@](C#N)(c3ccc(Cl)cc3F)[C@H]2c2cccc(Cl)c2F)c(OC)c1)C(C)C,train,8.085128182,7.999889253801935
CC(C)(C)C[C@@H]1[C@]2([C@@H]([C@H](N1)C(=O)NC3=C(C=C(C=C3)C(=O)N)OC)C4=C(C(=CC=C4)Cl)F)C5=CN=C(C=C5NC2=O)Cl,train,5.239276028,6.9215246551716545
C1=CC(=CC(=C1)Cl)[C@H]2[C@@H](N[C@@H]([C@@]23C4=CC(=C(C=C4NC3=O)Cl)F)CCC5=CC=CO5)C(=O)NCC[C@@H](CO)O,train,5.301029996,5.515262769197535
C1CCC(C1)CC[C@@H]2[C@]3([C@H]([C@@H](N2)C(=O)NCC[C@@H](CO)O)C4=CC(=CC=C4)Cl)C5=CC(=C(C=C5NC3=O)Cl)F,train,5.522878745,5.608542039071771
CC(C)S(=O)(=O)C[C@H](C1CC1)N2[C@@H]([C@H](C[C@](C2=O)(C)CC(=O)O)C3=CC(=CC=C3)Cl)C4=CC=C(C=C4)Cl,train,9.698970004,9.427095879232022
COc1ccc(CC(=O)O)cc1-c1nc2c(n1C(C)C)C(c1ccc(Cl)cc1)N(c1cccc(Cl)c1F)C2=O,train,9.494850022,9.4669099132625
CC(C)(C)C(C)(F)c1nc2nc(-c3noc(=O)[nH]3)nc(-c3cncc(Cl)c3)c2n1C[C@H]1CC[C@H](C)CC1,train,7.887394998,8.011347043545044
C1=CC=C2C(=C1)C3=C([C@@H](N4C(=NC=N4)N3CCCCC(=O)O)C5=CC=C(C=C5)Br)[C@H](O2)C6=CC=C(C=C6)Br,train,6.455931956,6.27843364453893
COCCOCCOCCOC(=O)OCOC(=O)c1ccc(NC(=O)[C@@H]2N[C@@H](CC(C)(C)C)[C@](C#N)(c3ccc(Cl)cc3F)[C@H]2c2cccc(Cl)c2F)c(OC)c1,train,8.041436117,8.029593466939364
CC(C)C1=C(C(=O)N2[C@H](C)CC[C@H]2C(=O)N2CCNC3(CC3)C2)SC2=N[C@@](C)(c3ccc(Cl)cc3)[C@@H](c3ccc(Cl)cc3)N21,train,8.022276395,8.00591218164241
C1=CC=C2C(=C1)NC(=N2)C(=O)/C=C/C3=CC(=CC=C3)Cl,train,5.008773924,5.128442783966027
C1=CC=C(C=C1)NC(=O)CCCCCCC(=O)NO,train,5.696803943,5.862987390155818
CC[C@@H](c1ccncc1)N1C(=O)[C@@](C)(CC(=O)O)C[C@H](c2cccc(Cl)c2)[C@H]1c1ccc(Cl)cc1,train,8.045757491,8.062679451742374
CC[C@@H](C1=NC(C)(C)CO1)N1C(=O)[C@@](C)(CC(=O)O)C[C@H](c2cccc(Cl)c2)[C@H]1c1ccc(Cl)cc1,train,7.397940009,7.596255882896084
C[C@@]1(C[C@@H]([C@H](N(C1=O)[C@H](CN(C)S(=O)(=O)C2CC2)C3CC3)C4=CC=C(C=C4)Cl)C5=CC(=CC=C5)Cl)CC(=O)O,train,9.698970004,9.299979997490382
COC[C@@H](C)n1c(-c2cnc(OC)nc2OC)nc2c1C(c1ccc(Cl)cc1)N(c1cc(Cl)cn(C)c1=O)C2=O,train,9.091514981,9.31310734964269
C1CC1(CO)COC2(C3=C(C=CC=C3Cl)C(=O)N2CC4=CC=C(C=C4)S(=O)(=O)C(F)(F)F)C5=CC=C(C=C5)Cl,train,5.045757491,5.7575741541571555
C[C@@H](C(=O)N1CCN(CC1)C)NC(=O)N2[C@H]([C@H](N=C2C3=C(C=C(C=C3)OC)OC(C)C)C4=CC=C(C=C4)Cl)C5=CC=C(C=C5)Cl,train,5.22475374,5.507963031932808
CC1=CC=C(C=C1)C2C3=C(C4=CC=CC=C4O2)N(C5=NC=NN5C3C6=CC=C(C=C6)Br)C,train,5.334419009,5.446275805754639
CC(C)(CO)COC1(C2=CC=CC=C2C(=O)N1CC3=CC=C(C=C3)[N+](=O)[O-])C4=CC=C(C=C4)Cl,train,6.397940009,6.287989717362529
CC[C@@H](C(O)C(F)(F)F)N1C(=O)[C@@H](CC(=O)O)C[C@H](c2cccc(Cl)c2)[C@H]1c1ccc(Cl)cc1,train,7.15490196,7.365897564533341
CC(C)(C)C[C@@H]1N[C@@H](C(=O)NC2CCC(C)(O)CC2)[C@H](c2cccc(Cl)c2F)[C@]12C(=O)Nc1cc(Cl)ccc12,train,8.096910013,7.944762864706911
CC(F)(c1ncccc1F)c1nc2nc(-c3noc(=O)[nH]3)nc(-c3cncc(Cl)c3)c2n1C[C@H]1CC[C@H](C)CC1,train,9.501689446,9.41183278222665
CC[C@@H](CN1CCN(S(=O)(=O)C2CC2)CC1)N1C(=O)[C@@](C)(CC(=O)O)C[C@H](c2cccc(Cl)c2)[C@H]1c1ccc(Cl)cc1,train,8.045757491,8.086031068269444
C1=CC=C(C=C1)CCN2C(=O)C3=CC=CC=C3C2(C4=CC=C(C=C4)Cl)O,train,5.142667504,5.2679797168186004
COC(=O)CN1[C@@H]([C@H](CCC1=O)C2=CC(=CC=C2)Cl)C3=CC=C(C=C3)Cl,train,5.259637311,5.3742355269460065
CC(C)(C)C[C@H]1[C@@]2([C@H]([C@@H](N1)C(=O)NC3=C(C=C(C=C3)C(=O)N)OC)C4=C(C(=CC=C4)Cl)F)C5=C(C=C(C=N5)Cl)NC2=O,train,7.283996656,7.353676023688832
C1=CC=C2C(=C1)C(=O)N(C2(C3=CC=C(C=C3)Cl)O)CC4=CC=C(C=C4)Br,train,5.346787486,5.330902769693839
CC(C)OC1=C(C=CC(=C1)OC)C2=N[C@@H]([C@@H](N2C(=O)NCC(=O)N3CCN(CC3)C(=O)C)C4=CC=C(C=C4)Cl)C5=CC=C(C=C5)Cl,train,5.26520017,5.713127733261747
Cc1cc(Cl)ccc1C1c2c(nn(CC(=O)N3CCCC3)c2C(C)C)C(=O)N1c1cc(Cl)ccc1C,train,8.698970004,8.607494290777955
CC(C)OC1=C(C=CC(=C1)OC)C2=N[C@@H]([C@@H](N2C(=O)NCCC(=O)N3CCOCC3)C4=CC=C(C=C4)Cl)C5=CC=C(C=C5)Cl,train,5.651695137,5.725780151052928
CC[C@@H](C1=CC=CC(=N1)C2CC2)N3[C@@H]([C@H](C[C@](C3=O)(C)CC(=O)O)C4=CC(=CC=C4)Cl)C5=CC=C(C=C5)Cl,train,5.739928612,6.679117329509523
CCOc1cc(C(C)(C)C)ccc1C1=N[C@@](C)(c2ccc(Cl)cc2)[C@@](C)(c2ccc(Cl)cc2)N1C(=O)N1CCNC(=O)C1,train,7.283996656,7.472489575303409
COc1ncc(-n2nc3c(c2C(C)C)C(c2ccc(Cl)cc2C)N(c2cc(Cl)c(=O)n(C)c2)C3=O)c(OC)n1,train,9.346787486,9.225345987830659
COc1cc(C(=O)O)ccc1NC(=O)[C@@H]1N[C@@H](CC(C)(C)C)[C@@]2(C(=O)Nc3cc(Cl)sc32)[C@H]1c1cccc(Cl)c1F,train,8.15490196,7.709923670058993
COc1ncc(-c2nc3c(n2C(C)C)[C@H](c2ccc(Cl)cc2C)N(c2cc(Cl)ccc2C)C3=O)c(OC)n1,train,10.15490196,9.9571102101285
C1CC1CN2[C@@H]([C@H](C[C@H](C2=O)CC(=O)N)C3=CC(=CC=C3)Cl)C4=CC=C(C=C4)Cl,train,6.060480747,5.61376680965417
CC[C@@H](CN1CCS(=O)(=O)CC1)N2[C@@H]([C@H](C[C@@H](C2=O)CC(=O)O)C3=CC(=CC=C3)Cl)C4=CC=C(C=C4)Cl,train,6.886056648,7.017358892906347
CC(C)(C)C[C@@H]1[C@]2([C@H]([C@@H](N1)C(=O)N3CCNCC3)C4=CC(=CC=C4)Cl)C5=CC(=C(C=C5NC2=O)Cl)F,train,5.301029996,5.6502248275565465
CC1=C(C=C(C=C1)Cl)N2C(=C(N=C2C3=CC=CC=C3)C(=O)O)C4=CC(=CC=C4)Cl,train,7.958607315,7.7828725411337
Cc1c(Cl)ccc2c(/C=C3\NC(=O)N(C(C(=O)NC(CO)CO)c4ccc(F)c(F)c4)C3=O)c[nH]c12,train,7.769551079,7.8328127181559895
CC[C@]1(CC(=O)O)C[C@H](c2cccc(Cl)c2)[C@@H](c2ccc(Cl)cc2)N([C@H](CNS(=O)(=O)C2CCC2)C2CC2)C1=O,train,9.096910013,9.02642347163602
COc1cc(C(=O)OC(C)OC(=O)NCC(=O)OCc2ccccc2)ccc1NC(=O)[C@@H]1N[C@@H](CC(C)(C)C)[C@](C#N)(c2ccc(Cl)cc2F)[C@H]1c1cccc(Cl)c1F,train,7.958607315,7.98238313262263
Cc1cccnc1N1C(=O)[C@@](C)(CC(=O)O)C[C@H](c2cccc(Cl)c2)[C@H]1c1ccc(Cl)cc1,train,7.522878745,7.72139221169505
CC(c1ccccc1F)c1nc2nc(-c3noc(=O)[nH]3)nc(-c3cncc(Cl)c3)c2n1C[C@H]1CC[C@H](C)CC1,train,8.857610534,8.812846299233138
CNC(=O)Cc1cnc(OC)c(-c2nc3c(n2C(C)C)C(c2ccc(Cl)cc2)N(c2cccc(Cl)c2F)C3=O)c1,train,9.180456064,9.276462603100535
CNC(=O)[C@H]1[C@@H]([C@@]2(C3=C(C=C(C=C3)Cl)NC2=O)C4(N1)CCCCC4)C5=C(C(=CC=C5)Cl)F,train,7.673664139,7.12451601908202
C1CC1CN2[C@@H]([C@H](C[C@@H](C2=O)CC3=NNN=N3)C4=CC(=CC=C4)Cl)C5=CC=C(C=C5)Cl,train,6.721246399,6.73592205234625
C1=CC=C2C(=C1)C(=O)N(C2(C3=CC=C(C=C3)Cl)OCCCCO)CCC4=CC=C(C=C4)[N+](=O)[O-],train,5.494850022,5.712704356220035
CC[C@@H](CN1C=CC=CC1=O)N2[C@@H]([C@H](C[C@](C2=O)(C)CC(=O)O)C3=CC(=CC=C3)Cl)C4=CC=C(C=C4)Cl,train,7.096910013,7.303289058907606
O=C(O)c1ccc(NC(=O)[C@@H]2NC3(CCCCC3)[C@@]3(C(=O)Nc4cc(Cl)ccc43)[C@H]2c2cccc(Cl)c2F)cc1F,train,8.142667504,8.081055944388472
CC(C)(C)C[C@@H]1N[C@@H](C(=O)Nc2ccc3cc(C(=O)O)ccc3c2)[C@H](c2cccc(Cl)c2F)[C@@]1(C#N)c1ccc(Cl)cc1F,train,7.657577319,7.858621282091742
C[C@]1(CC(=O)O)C[C@H](c2cccc(Cl)c2)[C@@H](c2ccc(Cl)cc2)N([C@H](CS(=O)(=O)N2CCOCC2)C2CC2)C1=O,train,10.01772877,9.890666469173269
CCN(CC)C(=O)CCNC(=O)N1[C@H]([C@H](N=C1C2=C(C=C(C=C2)OC)OC(C)C)C3=CC=C(C=C3)Cl)C4=CC=C(C=C4)Cl,train,6.187086643,5.88580042078611
CC(C)(C)C[C@@H]1N[C@@H](C(=O)Nc2ccc(C(=O)O)cn2)[C@H](c2cccc(Cl)c2F)[C@@]1(C#N)c1ccc(Cl)cc1F,train,7.638272164,7.62198501135958
CC(C)C1=C(SC2=N[C@H]([C@H](N12)C3=CC=C(C=C3)Cl)C4=CC=C(C=C4)Cl)C(=O)N5CCC(CC5)C(=O)N(C)C,train,5.356547324,5.980070435905766
C[C@H]([C@@H](C(=O)N[C@@H](CC1=CC=CC=C1)C(=O)N[C@@H](CCC(=O)O)C(=O)N[C@@H](CC2=CN=CN2)C(=O)N[C@@H](CC3=CC=C(C=C3)O)C(=O)N[C@@H](CC4=CNC5=CC=CC=C54)C(=O)N[C@@H](C)C(=O)N[C@@H](CCC(=O)N)C(=O)N[C@@H](CC(C)C)C(=O)N[C@@H]([C@@H](C)O)C(=O)N[C@@H](CO)C(=O)N)NC(=O)[C@H](CC(C)C)NC(=O)C)O,train,7.356547324,7.2139404900465784
COc1cc2c(cc1OC(C)C)[C@H](c1ccc(Cl)cc1)N(c1ccc(N(C)C[C@H]3CC[C@H](N4CCNC(=O)C4)CC3)cc1OC)C(=O)C2,train,8.698970004,8.548600121189981
CC(C)(C)C[C@@H]1N[C@@H](C(=O)N[C@H]2C[C@@](C)(O)C2)[C@H](c2cccc(Cl)c2F)[C@]12C(=O)Nc1cc(Cl)ccc12,train,8.251811973,8.053994083260495
CC[C@@H](CO)N1[C@@H]([C@H](C[C@](C1=O)(C)CC(=O)O)C2=CC(=CC=C2)Cl)C3=CC=C(C=C3)Cl,train,8.167491087,7.788299209115639
CN1C2=C(C(N3C1=NC=N3)C4=CC=C(C=C4)F)C(OC5=CC=CC=C52)C6=CC=C(C=C6)Br,train,5.725842151,5.636710648777088
CC(C)C1=C(SC2=NC(C(N12)C3=CC=C(C=C3)Cl)(C)C4=CC=C(C=C4)Cl)C(=O)N5CCCC[C@H]5C(=O)N(C)C,train,6.769551079,7.066691132037865
C1=CC(=CC(=C1)Cl)[C@H]2[C@@H](N[C@@H]([C@@]23C4=CC(=C(C=C4NC3=O)Cl)F)CCC5=CSC=C5)C(=O)NCC[C@@H](CO)O,train,5.301029996,5.641067934500612
CC(C)OC1=C(C=CC(=C1)OC)C2=N[C@@H]([C@@H](N2C(=O)NCCC(=O)N3CCN(CC3)C)C4=CC=C(C=C4)Cl)C5=CC=C(C=C5)Cl,train,5.229999746,5.6013951623683385
CCOC(=O)[C@@H](C)NC(=O)N1[C@H]([C@H](N=C1C2=C(C=C(C=C2)OC)OC(C)C)C3=CC=C(C=C3)Cl)C4=CC=C(C=C4)Cl,train,6.229147988,5.885228241549455
C[C@]1(CC(=O)O)C[C@H](c2cccc(Cl)c2)[C@@H](c2ccc(Cl)cc2)N([C@H](CS(=O)(=O)c2ccc(Cl)cc2)C2CC2)C1=O,train,8.537602002,8.730973935302497
C1COCCN1C(=O)C2=C(SC(=C2C3=CC=C(C=C3)Cl)C4=CC=C(C=C4)Cl)N,train,5.728158393,5.602343578153729
CC(c1ccccc1F)c1nc2nc(-c3n[nH]c(=O)o3)nc(-c3cncc(Cl)c3)c2n1C[C@H]1CC[C@H](C)CC1,train,8.67243674,8.75227477395559
C[C@]1(CC(=O)O)C[C@H](c2cccc(Cl)c2)[C@@H](c2ccc(Cl)cc2)N([C@H](Cn2c(=O)[nH]c3ccccc32)C2CC2)C1=O,train,8.853871964,8.789066018158685
C1CC(CCCC(C1)OC2(C3=CC=CC=C3C(=O)N2CC4=CC=C(C=C4)[N+](=O)[O-])C5=CC=C(C=C5)Cl)O,train,6.420216403,6.30080312359693
O=C(O)CCCNC(=O)[C@@H]1NC2(CCCCC2)[C@@]2(C(=O)Nc3cc(Cl)ccc32)[C@H]1c1cccc(Cl)c1F,train,8.026872146,7.979722094359087
C1=CC=C2C(=C1)C(=O)N(C2(C3=CC=C(C=C3)Cl)OCCCO)CC4=CC=C(C=C4)[N+](=O)[O-],train,6.346787486,6.164178612873418
CC[C@@H](CNS(=O)(=O)C(C)(C)C)N1C(=O)[C@@](C)(CC(=O)O)C[C@H](c2cccc(Cl)c2)[C@H]1c1ccc(Cl)cc1,train,8.886056648,8.818930645359625
Cc1cc(Cl)ccc1C1c2c(nn(CC3(O)CCN(C(=O)NC(C)C)CC3)c2C(C)C)C(=O)N1c1cc(Cl)ccc1C,train,8.657577319,8.524412943104243
CC(C)(C)C[C@H]1[C@]([C@H]([C@@H](N1)C(=O)NC2=CC(=C(C=C2)C(=O)O)OC)C3=C(C(=CC=C3)Cl)F)(C#N)C4=C(C=C(C=C4)Cl)F,train,7.698970004,7.61729164649868
COc1nc(N(C)C)ncc1-c1nc2c(n1C(C)C)C(c1ccc(Cl)cc1C)N(c1cc(Cl)ccc1C)C2=O,train,9.795880017,9.792211343109699
CC(C)(C)C[C@@H]1[C@]2([C@H]([C@@H](N1)C(=O)NCCCNS(=O)(=O)C)C3=C(C(=CC=C3)Cl)F)C4=CC(=C(C=C4NC2=O)Cl)F,train,6.0,6.122991846435803
CC(C)(C)C[C@H]1[C@@]2([C@H]([C@@H](N1)C(=O)NC3=C(C=C(C=C3)C(=O)N)OC)C4=C(C(=CC=C4)Cl)F)C5=CN=C(C=C5NC2=O)Cl,train,8.22184875,6.9215246551716545
CC[C@@H](C1=NN=C(O1)C)N2[C@@H]([C@H](C[C@@H](C2=O)CC(=O)O)C3=CC(=CC=C3)Cl)C4=CC=C(C=C4)Cl,train,6.148741651,6.374406872574161
COCCn1nc2c(c1C(C)C)C(c1ccc(Cl)cc1C)N(c1cccc(Cl)c1F)C2=O,train,8.37675071,8.270543147852885
CC(C)N1CCN(CC1)CCCNC(=O)[C@H]2[C@@H]([C@@]3([C@H](N2)CC(C)(C)C)C4=C(C=C(C=C4)Cl)NC3=O)C5=C(C(=CC=C5)Cl)F,train,5.0,5.2407416544449426
CC(C)OC1=C(C=CC(=C1)OC)C2=N[C@@H]([C@@H](N2C(=O)NCC(=O)N3CCOCC3)C4=CC=C(C=C4)Cl)C5=CC=C(C=C5)Cl,train,5.278189385,5.245141197711359
CC(C)(C)C[C@@H]1[C@]2([C@H]([C@@H](N1)C(=O)NCC[C@@H](CO)O)C3=CC(=CC=C3)Cl)C4=C(C=C(C=C4)Cl)NC2=O,train,7.251811973,6.959118238479981
COC[C@@H](C)n1c(-c2cnc(OC)nc2OC)nc2c1C(c1ccc(C#N)cc1)N(c1cc(Cl)ccc1C)C2=O,train,9.769551079,9.595045295299856
COc1nc(N(C)C)ncc1-c1nc2c(n1C(C)C)[C@@H](c1ccc(C#N)c(F)c1)N(c1cc(Cl)cn(C)c1=O)C2=O,train,7.291562102,8.044216206680183
CCS(=O)(=O)N(C[C@H](C1CC1)N1C(=O)[C@@](C)(CC(=O)O)C[C@H](c2cccc(Cl)c2)C1c1ccc(Cl)cc1)c1ccccc1F,train,10.0,9.69034529176117
CC(C)(C)C[C@@H]1[C@]2([C@H]([C@@H](N1)C(=O)NCC[C@@H](CO)O)C3=C(C(=CC=C3)Cl)F)C4=CC(=C(C=C4NC2=O)F)F,train,5.522878745,5.632449858816921
C1=CC=C(C=C1)C2=CC(=C(N2C3=CC=C(C=C3)Cl)C4=CC=CC=C4)C=C5C(=O)NC(=O)NC5=O,train,6.522878745,6.543670810082685
CC[C@@H](C(=O)CC(C)C)N1C(=O)[C@@](C)(CC(=O)O)C[C@H](c2cccc(Cl)c2)[C@H]1c1ccc(Cl)cc1,train,8.698970004,8.501713205574111
CN1C2=C(C(N3C1=NC=N3)C4=CC=C(C=C4)Br)C(OC5=CC=CC=C52)C6=CC=C(C=C6)C#C,train,5.607303047,5.609837539163461
CC[C@@H](CCS(C)(=O)=O)N1C(=O)[C@@H](CC(=O)O)C[C@H](c2cccc(Cl)c2)[C@H]1c1ccc(Cl)cc1,train,7.301029996,7.623164568463982
CC[C@@H](CNS(C)(=O)=O)N1C(=O)[C@@H](CC(=O)O)C[C@H](c2cccc(Cl)c2)[C@H]1c1ccc(Cl)cc1,train,7.522878745,7.715121444668679
COc1ncc(-c2nc3c(n2C(C)C)C(c2ccc(C#N)cc2)N(c2cccc(Cl)c2F)C3=O)c(OC)n1,train,9.443697499,9.547041296435006
CCC(C)(C)S(=O)(=O)C[C@H](C1CC1)N1C(=O)[C@@](C)(CC(=O)O)C[C@H](c2cccc(Cl)c2)[C@H]1c1ccc(Cl)cc1,train,9.22184875,9.36923771973967
C1=CC=C(C=C1)C2=NC(=C(N2C3=C(C(=CC=C3)Cl)F)C4=CC(=CC=C4)Cl)C(=O)O,train,8.15490196,8.037667656079188
C[C@H]([C@@H](C(=O)N[C@@H](CC1=CC=CC=C1)C(=O)N[C@@H](CCCCNC(=O)C)C(=O)N[C@@H](CC2=CN=CN2)C(=O)N[C@@H](CC3=CC=C(C=C3)O)C(=O)N[C@@H](CC4=CNC5=CC=CC=C54)C(=O)N[C@@H](C)C(=O)N[C@@H](CCC(=O)N)C(=O)N[C@@H](CC(C)C)C(=O)N[C@@H]([C@@H](C)O)C(=O)N[C@@H](CO)C(=O)N)NC(=O)[C@H](CC(C)C)NC(=O)C)O,train,8.0,7.7776048100900494
CN1C2=C(C(N3C1=NC=N3)C4=CC=C(C=C4)Br)C(OC5=C2C=C(C=C5)C#N)C6=CC=C(C=C6)Br,train,5.514278574,5.6669114957907345
CCCCC(C)(C)C[C@@H]1[C@]2([C@H]([C@@H](N1)C(=O)NCC[C@@H](CO)O)C3=CC(=CC=C3)Cl)C4=CC(=C(C=C4NC2=O)Cl)F,train,6.0,5.913509634250799
CC(C)[C@@H](CS(C)(=O)=O)N1C(=O)[C@@](C)(CC(=O)O)C[C@H](c2cccc(Cl)c2)[C@H]1c1ccc(Cl)cc1,train,9.522878745,9.551734545197391
CC(C)(C)C[C@@H]1[C@]2([C@H]([C@@H](N1)C(=O)NCCCN3CCN(CC3)C)C4=C(C(=CC=C4)Cl)F)C5=C(C=C(C=C5)Cl)NC2=O,train,6.0,5.828106316516465
CC[C@@H](C(=O)N(C)S(=O)(=O)C1CC1)N1C(=O)[C@@](C)(CC(=O)O)C[C@H](c2cccc(Cl)c2)[C@H]1c1ccc(Cl)cc1,train,7.27572413,7.9373310243892625
CC(C)(C)C[C@@H]1[C@]2([C@H]([C@@H](N1)C(=O)NCCCO)C3=CC(=CC=C3)Cl)C4=CC(=C(C=C4NC2=O)Cl)F,test,6.0,6.030434006163106
CN1CCC2=C3[C@H]1CC4=C(C3=CC=C2)C(=C(C=C4)O)O,test,6.66756154,6.311285865843489
CC[C@@H](C)Oc1cc2c(cc1OC)CC(=O)N(c1ccc(C(C)N3CCC(N(C)C(C)C)CC3)cc1)C2c1ccc(Cl)cc1,test,7.657577319,7.778698575038621
CC(C)(C)C[C@@H]1[C@]2([C@H]([C@@H](N1)C(=O)NCCN3CCN(CC3)C)C4=C(C(=CC=C4)Cl)F)C5=C(C=C(C=C5)Cl)NC2=O,test,7.590066877,6.2918888761342435
C[C@H](C(=O)O)NC(=O)N1[C@H]([C@H](N=C1C2=C(C=C(C=C2)OC)OC(C)C)C3=CC=C(C=C3)Cl)C4=CC=C(C=C4)Cl,test,5.485452247,6.041978363177278
CC(C)C1=C(SC2=N[C@@]([C@H](N12)C3=CC=C(C=C3)Cl)(C)C4=CC=C(C=C4)Cl)C(=O)N5CCC[C@H]5C(=O)N6CCOCC6,test,7.585026652,7.459774326351593
CC(C)C1=C(SC2=N[C@@]([C@H](N12)C3=CC=C(C=C3)Cl)(C)C4=CC=C(C=C4)Cl)C(=O)N(C)C,test,7.585026652,6.154570994881587
CNC(=O)c1ccc(OC)c(-n2nc3c(c2C(C)C)C(c2ccc(Cl)cc2C)N(c2cc(Cl)c(=O)n(C)c2)C3=O)c1,test,9.586700236,9.034230808241897
COc1cc2c(cc1OC(C)C)[C@H](c1ccc(Cl)cc1)N(c1ccc(N(C)C[C@H]3CC[C@H](N4CCNC(=O)C4)CC3)cc1)C(=O)C2,test,8.795880017,8.443002856301126
CC1=CC2=C(C=C1)OC(C3=C2N(C4=NC=NN4C3C5=CC=C(C=C5)Br)C)C6=CC=C(C=C6)Br,test,6.356547324,5.832676243972071
CC[C@@H](C(=O)OC(C)(C)C)N1C(=O)[C@@](C)(CC(=O)O)C[C@H](c2cccc(Cl)c2)[C@H]1c1ccc(Cl)cn1,test,7.698970004,8.256104424455017
COc1ccccc1-n1nc2c(c1C(C)C)C(c1ccc(Cl)cc1)N(c1cc(Cl)c(=O)n(CCO)c1)C2=O,test,7.970616222,9.178614510172329
COc1ccccc1-c1nc2c(n1C(C)C)C(c1ccc(Cl)cc1C)N(c1cc(Cl)ccc1C)C2=O,test,9.602059991,9.09735002989322
CC(C)(C)C[C@H]1[C@@]2([C@H]([C@@H](N1)C(=O)NC3=CC(=C(C=C3)C(=O)N)OC)C4=C(C(=CC=C4)Cl)F)C5=C(C=C(C=C5)Cl)NC2=O,test,8.301029996,7.649199948101911
CC(C)(C)C[C@@H]1[C@]2([C@H]([C@@H](N1)C(=O)NCCC3CCC(C3)O)C4=C(C(=CC=C4)Cl)F)C5=C(C=C(C=C5)Cl)NC2=O,test,6.0,6.0082156169858285
CC(C)(C)C[C@@H]1[C@]2([C@H]([C@@H](N1)C(=O)NCCN3CCOCC3)C4=C(C(=CC=C4)Cl)F)C5=CC(=C(C=C5NC2=O)F)F,test,5.522878745,6.017558016083634
COc1cc(C(=O)OC(C)OC(=O)N2CCOCC2)ccc1NC(=O)[C@@H]1N[C@@H](CC(C)(C)C)[C@](C#N)(c2ccc(Cl)cc2F)[C@H]1c1cccc(Cl)c1F,test,7.428614611115103,8.340517985707196
CC(C)C1=C(SC2=NC(C(N12)C3=CC=C(C=C3)Cl)(C)C4=CC=C(C=C4)Cl)C(=O)N5CCCC5,test,6.698970004,6.188658772374776
CC(C)(C)C[C@@H]1[C@]2([C@H]([C@@H](N1)C(=O)NCC[C@H](CO)O)C3=CC(=CC=C3)Cl)C4=CC(=C(C=C4NC2=O)Cl)F,test,6.804100348,6.70762652119814
C1=CC2=C(C(=C(C=C2)C(C3=CC(=C(C=C3)Cl)Cl)NC4=NC=C(C=C4)Cl)O)N=C1,test,5.045757491,5.241343129351838
CC(C)(C)C[C@H]1[C@@]2([C@H]([C@@H](N1)C(=O)NC3=C(C=C(C=C3)C(=O)O)OC)C4=C(C(=CC=C4)Cl)F)C5=C(C=C(S5)Cl)NC2=O,test,8.15490196,7.50626057740599
Cc1cc(Cl)ccc1C1c2c(nn(CCc3ccccc3)c2C(C)C)C(=O)N1c1cccc(Cl)c1F,test,7.534617149,7.982901190182202
CCCC(C)(O)C1CCC(N2C(=O)Cc3cc(OC)c(OC(C)C)cc3C2c2ccc(Cl)cc2)CC1,test,8.113509275,7.999905182632456
COc1cc(C(=O)O)ccc1NC(=O)[C@@H]1N[C@@H](CC(C)(C)C)[C@@]2(C(=O)Nc3cc(Cl)cnc32)[C@H]1c1cccc(Cl)c1F,test,7.337242168,7.921402083952517
CC1=NC(=CC=C1)NC(C2=CC=C(C=C2)C(F)(F)F)C3=C(C4=C(C=CC=N4)C=C3)O,test,5.337242168,5.289855333324871
CC(C)(C)C[C@@H]1N[C@@H](C(=O)N[C@H]2C[C@@](C)(O)C2)[C@H](c2cc(F)cc(Cl)c2)[C@]12C(=O)Nc1cc(Cl)ccc12,test,7.920818754,8.001694960823809
CC(C)C1=C(SC2=NC(C(N12)C3=CC=C(C=C3)Cl)(C)C4=CC=C(C=C4)Cl)C(=O)N5CCC[C@@H]5C(=O)N(C)C,test,6.13076828,7.515502218501162
CC(C)(C)C[C@H]1[C@@]2([C@H]([C@@H](N1)C(=O)NC3=CC=C(C=C3)C(=O)N)C4=C(C(=CC=C4)Cl)F)C5=CC(=C(C=C5NC2=O)Cl)F,test,8.22184875,7.572473970999557
C1CC1(CO)CO[C@]2(C3=CC=CC=C3C(=O)N2CC4=CC=C(C=C4)[N+](=O)[O-])C5=CC=C(C=C5)Cl,test,5.886056648,6.599062451703455
CC[C@]1(CC(=O)O)C[C@H](c2cccc(Cl)c2)[C@@H](c2ccc(Cl)cc2)N([C@H](CS(=O)(=O)CCC(C)C)C2CC2)C1=O,test,9.522878745,9.697756773296577
CC[C@@H](CN1CCOC(C)(C)C1)N1C(=O)[C@@](C)(CC(=O)O)C[C@H](c2cccc(Cl)c2)[C@H]1c1ccc(Cl)cc1,test,8.522878745,8.185287613915438
COc1cc2c(cc1OC(C)C)C(c1ccc(Cl)cc1)N(C1CCC(C(C)(C)O)CC1)C(=O)C2,test,7.259637311,7.928390397969996
C[C@]1(CC(=O)O)C[C@H](c2cccc(Cl)c2)[C@@H](c2ccc(Cl)cc2)N([C@H](CS(=O)(=O)c2ccc(F)cc2)C2CC2)C1=O,test,8.619788758,8.959909622233686
C1CCC(C1)(CCO)C[C@@H]2[C@]3([C@H]([C@@H](N2)C(=O)NCC[C@@H](CO)O)C4=CC(=CC=C4)Cl)C5=CC(=C(C=C5NC3=O)Cl)F,test,6.0,6.186738139855978
CCS(=O)(=O)C[C@@H](N1C(=O)[C@@](C)(CC(=O)O)C[C@H](c2cccc(Cl)c2)[C@H]1c1ccc(Cl)cc1)C(C)(C)C,test,9.522878745,8.647070198955763
CC[C@@]1([C@@](N(C(=N1)C2=C(C=C(C=C2)C(C)(C)C)OCC)C(=O)N3CCN(CC3)CCCS(=O)(=O)C)(CC)C4=CC=C(C=C4)Cl)C5=CC=C(C=C5)Cl,test,5.664943481,6.606219985967206
COCCOCCOCCOCCOCCOCCOCCOCCOC(=O)OC(C)OC(=O)c1ccc(NC(=O)[C@@H]2N[C@@H](CC(C)(C)C)[C@](C#N)(c3ccc(Cl)cc3F)[C@H]2c2cccc(Cl)c2F)c(OC)c1,test,8.35261703,7.79067878331929
Cc1cc(Cl)ccc1C1c2c(nn(-c3ccccc3F)c2C(C)C)C(=O)N1c1cccc(Cl)c1F,test,8.13667714,8.570835142311768
CN1C2=C(C(N3C1=NC=N3)C4=CC=C(C=C4)Br)C(OC5=C2C=CC(=C5)F)C6=CC=C(C=C6)Br,test,6.004364805,5.713617298065718
CC(C)C1=C(SC2=N[C@H]([C@H](N12)C3=CC=C(C=C3)Cl)C4=CC=C(C=C4)Cl)C(=O)N5CCNC(=O)C5,test,6.585026652,6.362397578970555
CN1[C@@H]([C@@H](O[C@H](C1=O)CC2=CC(=CC=C2)OC)C3=CC=C(C=C3)Br)C4=CC=C(C=C4)Br,test,5.677780705,5.765288676854928
CC[C@@H](CC(C)O)N1C([C@H](C[C@](C1=O)(C)CC(=O)O)C2=CC(=CC=C2)Cl)C3=CC=C(C=C3)Cl,test,8.0,8.013434425549734
CC(C)(C)C[C@@H]1[C@]2([C@H]([C@@H](N1)C(=O)NCCN3CCOCC3)C4=C(C(=CC=C4)Cl)F)C5=C(C=C(C=C5)Cl)NC2=O,test,7.677780705,7.073263177843537
C1CC1NC(=S)C2=C(SC(=C2C3=CC=C(C=C3)Cl)C4=CC=C(C=C4)Cl)N,test,5.081969663,5.52549584752908
Cc1cc(Cl)ccc1C1c2c(nn(Cc3ccccc3)c2C(C)C)C(=O)N1c1cc(Cl)ccc1C,test,8.468521083,8.485490868377665
Cc1cc(Cl)ccc1C1c2c(nn(CCc3ccccn3)c2C(C)C)C(=O)N1c1cccc(Cl)c1F,test,8.004364805,8.137547141388438
C[C@]1(CC(=O)O)C[C@H](c2cccc(Cl)c2)C(c2ccc(Cl)cc2)N([C@H](CNS(=O)(=O)c2ccc(Cl)s2)C2CC2)C1=O,test,9.301029996,9.140330263745499
CC[C@@H](CN1CCOCC1(C)C)N2[C@@H]([C@H](C[C@](C2=O)(C)CC(=O)O)C3=CC(=CC=C3)Cl)C4=CC=C(C=C4)Cl,test,7.698970004,7.7894980590523994
C[C@H](C1=CC=C(C=C1)Cl)N2C(=O)C3=CC=CC=C3C2(C4=CC=C(C=C4)Cl)OCC5(CC5)CO,test,5.055517328,5.497587347098582
C[C@]1(CC(=O)O)C[C@H](c2cccc(Cl)c2)[C@@H](c2ccc(Cl)cc2)N([C@H](CS(=O)(=O)c2ccccc2Cl)C2CC2)C1=O,test,8.920818754,8.903172925003016
C[C@]1(CC(=O)O)C[C@H](c2cccc(Cl)c2)C(c2ccc(Cl)cc2)N([C@H](CNS(=O)(=O)c2cccs2)C2CC2)C1=O,test,9.698970004,9.187912419236701
CC1(CC(C1)NC(=O)[C@H]2[C@@H]([C@]3([C@@H](N2)CC(C)(C)C)C4=C(C=C(C=C4)Cl)NC3=O)C5=CC(=CC(=C5)Cl)F)O,test,7.920818754,6.920506427473393
CC(C)(C)C[C@@H]1[C@]2([C@H]([C@@H](N1)C(=O)NC3CCC(CC3)O)C4=C(C(=CC=C4)Cl)F)C5=C(C=C(C=C5)F)NC2=O,test,6.754487332,6.424990219432767
CC[C@@H](C)Oc1cc2c(cc1OC)CC(=O)N(c1ccc(C(C)N3CCC(N(C)C)CC3)cc1)C2c1ccc(Cl)cc1,test,7.818156412,7.927028047794449
CC[C@@H](C1CCCCO1)N1C(=O)[C@@](C)(CC(=O)O)C[C@H](c2cccc(Cl)c2)[C@H]1c1ccc(Cl)cc1,test,9.0,8.075898351068098
CC[C@@H](CNS(=O)(=O)C1CC1)N1C(=O)[C@@](C)(CC(=O)O)C[C@H](c2cccc(Cl)c2)[C@H]1c1ccc(Cl)cc1,test,9.301029996,8.444090308876683
CC(C)C1=C(SC2=N[C@H]([C@H](N12)C3=CC=C(C=C3)Cl)C4=CC=C(C=C4)Cl)C(=O)N5CCOCC5,test,6.468521083,6.034652001348824
CC[C@@H](C(=O)OC(C)(C)C)N1C(=O)[C@@](C)(CC(=O)O)C[C@H](c2cc(Cl)ccn2)[C@H]1c1ccc(Cl)cc1,test,8.301029996,8.250674025269657
CCC(C(=O)OC(C)(C)C)N1[C@@H]([C@H](C[C@](C1=O)(C)CC2=NNN=N2)C3=CC(=CC=C3)Cl)C4=CC=C(C=C4)Cl,test,8.0,7.8332683425147085
C1CCC2=C(C1)C(=O)N(C2(C3=CC=C(C=C3)Cl)OCC4(CC4)CO)CC5=CC=C(C=C5)[N+](=O)[O-],test,5.459670525,6.060204204552686
CC[C@@H](C[S@@](=O)C(C)C)N1C(=O)[C@@](C)(CC(=O)O)C[C@H](c2cccc(Cl)c2)[C@H]1c1ccc(Cl)cc1,test,8.721246399,8.775734183620829
CC[C@@H](CN1CCOC1=O)N1C(=O)[C@@](C)(CC(=O)O)C[C@H](c2cccc(Cl)c2)[C@H]1c1ccc(Cl)cc1,test,8.301029996,8.086081822506767
CC(C)(C)C[C@@H]1[C@]2([C@H]([C@@H](N1)C(=O)NC3CN(C3)CC(F)F)C4=C(C(=CC=C4)Cl)F)C5=C(C=C(C=C5)Cl)NC2=O,test,6.0,6.276454196563241
CC(C)OC1=C(C(N(C1=O)CCCN2C=CN=C2)C3=CC=C(C=C3)Br)C(=O)C4=CC=CC=C4,test,5.059483515,5.4476741956934145
CCC1=CC2=C(C=C1)OC(C3=C2N(C4=NC=NN4C3C5=CC=C(C=C5)Br)C)C6=CC=C(C=C6)Br,test,5.494850022,5.88883440330186
C1=CC2=C(C(=C1)O)C(=O)C3=C(C2=O)C=C(C=C3O)NC(=O)CCl,test,6.080921908,5.746093037509698
CC(C)(C)C[C@H]1[C@]([C@H]([C@@H](N1)C(=O)NC2=C(C=C(C=C2)C(=O)O)OC)C3=C(C(=CC=C3)Cl)F)(C#N)C4=C(C=C(C=C4)Cl)F,test,8.045757491,7.478131613742728
CC1=CC(=NC=C1)NC(C2=C(C(=CC=C2)Cl)Cl)C3=C(C4=C(C=CC=N4)C=C3)O,test,5.356547324,5.296213432092544
CC(C)(C)C[C@@H]1N[C@@H](C(=O)N[C@H]2C[C@@](C)(O)C2)[C@H](c2cccc(Cl)c2)[C@]12C(=O)Nc1cc(Cl)c(F)cc12,test,7.214670165,7.893245992050103
CC1=CC2=C(C=C1)C(=O)N(C2(C3=CC=C(C=C3)Cl)OCC4(CC4)CO)CC5=CC=C(C=C5)[N+](=O)[O-],test,6.308034897,6.219985404427156
COc1cc2c(cc1OC(C)C)[C@H](c1ccc(Cl)cc1)N(c1ccc(N(C)C[C@H]3CC[C@H](N4CCN(C(C)=O)CC4)CC3)cc1)C(=O)C2,test,8.853871964,8.269510809632518
CC(C)c1c2c(nn1Cc1ccccc1C#N)C(=O)N(c1ccc(F)c(F)c1)C2c1ccc(Cl)cc1,test,7.714442691,7.896350504876539
COc1cnc(CC#N)cc1-c1nc2c(n1C(C)C)[C@@H](c1ccc(Cl)cc1)N(c1cccc(Cl)c1F)C2=O,test,8.356547324,9.341026172094267
CC(C)(C)C[C@@H]1[C@]2([C@H]([C@@H](N1)C(=O)NC3CN(C3)CCO)C4=C(C(=CC=C4)Cl)F)C5=C(C=C(C=C5)Cl)NC2=O,test,5.522878745,6.50817415254287
C[C@@H](C(=O)N[C@@H](C1CCCCC1)C(=O)N2CCC[C@H]2C(=O)NC3=C(N=NS3)C4=CC=CC=C4)NC,test,6.096910013,6.17133819603091
CCC(C)(C)C[C@@H]1[C@]2([C@H]([C@@H](N1C)C(=O)NCC[C@@H](CO)O)C3=C(C(=CC=C3)Cl)F)C4=CC(=C(C=C4NC2=O)F)F,test,5.301029996,5.679539280361329
CN1C2=C(C(N3C1=NC=N3)C4=CC=C(C=C4)Br)C(OC5=C2C=C(C=C5)F)C6=CC=C(C=C6)Br,test,5.761953897,5.694753502573492
CCCCNC(=O)C1=C(SC(=C1C2=CC=C(C=C2)Cl)C3=CC=C(C=C3)Cl)N,test,5.087777943,5.241827576458993
CN1C2=C(C(N3C1=NC=N3)C4=CC=C(C=C4)Br)C(OC5=C2C(=CC=C5)F)C6=CC=C(C=C6)Br,test,5.764471553,6.012531524854253
CC[C@@H](C1=CN=CC=C1)N2[C@@H]([C@H](C[C@](C2=O)(C)CC(=O)O)C3=CC(=CC=C3)Cl)C4=CC=C(C=C4)Cl,test,7.096910013,7.441679083872549
CC[C@@H](COCC1(C(N)=O)CC1)N1C(=O)[C@@H](CC(=O)O)C[C@H](c2cccc(Cl)c2)[C@H]1c1ccc(Cl)cc1,test,7.15490196,7.69433582770768
C1CCC2(CC1)[C@@]3([C@H]([C@@H](N2)C(=O)NC4=CC=CC(=C4)C(=O)O)C5=C(C(=CC=C5)Cl)F)C6=C(C=C(C=C6)Cl)NC3=O,test,8.055517328,7.900936425161932
COc1nn(C)c(=O)cc1-c1nc2c(n1C(C)C)C(c1ccc(Cl)cc1)N(c1cccc(Cl)c1F)C2=O,test,7.66756154,8.837391999476797
COc1cc(C(=O)O)ccc1NC(=O)[C@@H]1N[C@@H](CC(C)(C)C)[C@@]2(C(=O)Nc3ncccc32)[C@H]1c1cccc(Cl)c1F,test,7.283996656,7.82244558700011
CC(C)(C)C[C@@H]1N[C@@H](C(=O)Nc2ccc(C(=O)O)c(F)c2)[C@H](c2cccc(Cl)c2F)[C@@]1(C#N)c1ccc(Cl)cc1F,test,7.677780705,7.69893927516205
Cc1cc(Cl)ccc1C1c2c(nn(CC(=O)N3CCN(C)C(=O)C3)c2C(C)C)C(=O)N1c1cc(Cl)ccc1C,test,8.522878745,8.413148253929158
CNS(=O)(=O)C[C@H](C1CC1)N1C(=O)[C@@](C)(CC(=O)O)C[C@H](c2cccc(Cl)c2)[C@H]1c1ccc(Cl)cc1,test,9.008773924,9.664060864632638
CC1=CC=C(C=C1)N2C(C3=C(NN=C3C2=O)C)C4=CC=C(C=C4)Cl,test,5.823908741,5.418176207757324
CC(C)(C)S(=O)(=O)C[C@H](C1CC1)N2[C@@H]([C@H](O[C@@H](C2=O)CC(=O)O)C3=CC(=CC=C3)Cl)C4=CC=C(C=C4)Cl,test,7.602059991,8.461312431907343
CC1(CC(C1)NC(=O)[C@H]2[C@@H]([C@@]3([C@H](N2)CC(C)(C)C)C4=C(C=C(C=C4)Cl)NC3=O)C5=C(C(=CC=C5)Cl)F)O,test,7.382999659,6.77874965843465
CC[C@@H](CNS(=O)(=O)CC)N1C(=O)[C@@](C)(CC(=O)O)C[C@H](c2cc(F)cc(Cl)c2)[C@H]1c1ccc(Cl)cc1,test,9.15490196,8.675245102071218
CC(C)(C)C[C@H]1[C@@]2([C@H]([C@@H](N1)C(=O)NC3=CC(=C(C=C3)C(=O)O)OC)C4=C(C(=CC=C4)Cl)F)C5=C(C=C(C=C5)Cl)NC2=O,test,8.397940009,6.300148441188124
CC[C@@H](C)Oc1cc2c(cc1OC)CC(=O)N(c1ccc(N(C)Cc3ccncc3)cc1)C2c1ccc(Cl)cc1,test,8.075720714,8.113442183522109
CC(C)C1=C(SC2=N[C@H]([C@H](N12)C3=CC=C(C=C3)Cl)C4=CC=C(C=C4)Cl)C(=O)N5CCN(CC5)C,test,5.920818754,6.0427084597157785
CC(C)(C)CC1C2(C(C(N1)C(=O)NC3=C(C=C(C=C3)C(=O)N)OC)C4=C(C(=CC=C4)Cl)F)C5=C(C=C(S5)Cl)NC2=O,test,7.397940009,7.428468627345144
O=C(O)c1nc(-c2ccccc2)n(-c2cccc(Cl)c2F)c1-c1ccc(F)c(Cl)c1,test,8.522878745,8.105068731553652
COc1nnc(C(=O)N(C)C)cc1-c1nc2c(n1C(C)C)C(c1ccc(Cl)cc1)N(c1cccc(Cl)c1F)C2=O,test,8.653647026,9.055820202597685
C[C@]1(CC(=O)O)C[C@H](c2cccc(Cl)c2)[C@@H](c2ccc(Cl)cc2)N([C@H](CS(C)(=O)=O)C2CC2)C1=O,test,10.0,9.511062548862885
CC(C)OC1=C(C=CC(=C1)OC)C2=N[C@@H]([C@@H](N2C(=O)NCCCC(=O)O)C3=CC=C(C=C3)Cl)C4=CC=C(C=C4)Cl,test,5.688246139,6.199234418129011
CC[C@@H](CNS(=O)(=O)c1ccc(OC)cc1)N1C(=O)[C@@](C)(CC(=O)O)C[C@H](c2cccc(Cl)c2)[C@H]1c1ccc(Cl)cc1,test,9.0,8.821219364989485
CC(C)(C)C[C@@H]1[C@]2([C@H]([C@@H](N1)C(=O)NC3CCN(CC3)CC(C)(C)O)C4=C(C(=CC=C4)Cl)F)C5=C(C=C(C=C5)Cl)NC2=O,test,6.301029996,5.942219893181755
C1=CC2=C(C(=C(C=C2)C(C3=CC(=C(C=C3)Cl)Cl)NC4=NC=C(C=C4)F)O)N=C1,test,5.045757491,5.266222321998041
COc1ccccc1-n1nc2c(c1C(C)C)C(c1ccc(Cl)cc1)N(c1cccc(Cl)c1F)C2=O,test,8.698970004,8.647057732223224
CCOC(=O)[C@H](C)NC(=O)N1[C@H]([C@H](N=C1C2=C(C=C(C=C2)OC)OC(C)C)C3=CC=C(C=C3)Cl)C4=CC=C(C=C4)Cl,test,6.075720714,5.885228241549455
C[C@H]1CC[C@H](Cn2c(C3OCCc4ccccc43)nc3nc(-c4noc(=O)[nH]4)nc(-c4cncc(Cl)c4)c32)CC1,test,8.985899678,8.651525576499202
C[C@@H]1CC[C@H](N1C(=O)C2=C(N3[C@@H]([C@](N=C3S2)(C)C4=CC=C(C=C4)Cl)C5=CC=C(C=C5)Cl)C(C)C)C(=O)N6CCN([C@@H](C6)C)C,test,7.823908741,7.724787694845555
CC1=NN=C(O1)C[C@H]2C[C@@H]([C@H](N(C2=O)CC3CC3)C4=CC=C(C=C4)Cl)C5=CC(=CC=C5)Cl,test,5.795880017,6.148911029868773
CC1(CCC2(CC1)[C@@]3([C@H]([C@@H](N2)C(=O)NC4CCC(CC4)O)C5=C(C(=CC=C5)Cl)F)C6=C(C=C(C=C6)Cl)NC3=O)C,test,8.187086643,7.022488195662867
CC[C@@H](CN1CC(C)(C)OC1=O)N1C(=O)[C@@](C)(CC(=O)O)C[C@H](c2cccc(Cl)c2)[C@H]1c1ccc(Cl)cc1,test,7.698970004,8.08223196971304
COC1=CC=CC(=C1)/C=C/C(=O)C2=NC3=CC=CC=C3N2,test,5.32330639,5.236681214972367
CC[C@@H](CN1CCOCC1)N1C(=O)[C@@](C)(CC(=O)O)C[C@H](c2cccc(Cl)c2)[C@H]1c1ccc(Cl)cc1,test,8.397940009,7.795332752625768
CC(C)C[C@H](N)C(=O)N[C@H](C(=O)N[C@@H](Cc1ccccc1)C(=O)N[C@@H](CCC(=O)O)C(=O)N[C@@H](Cc1c[nH]cn1)C(=O)N[C@@H](Cc1ccc(O)cc1)C(=O)N[C@@H](Cc1c[nH]c2ccccc12)C(=O)N[C@@H](C)C(=O)N[C@@H](CCC(N)=O)C(=O)N[C@@H](CCC(=O)O)C(=O)N[C@H](C(=O)N[C@@H](CO)C(=O)O)[C@@H](C)O)[C@@H](C)O,test,7.356547324,7.516856870988197
COC(c1ccccc1F)c1nc2nc(-c3n[nH]c(=O)o3)nc(-c3cncc(Cl)c3)c2n1C[C@H]1CC[C@H](C)CC1,test,8.769551079,8.795258500708231
C[C@]1(CC(=O)O)C[C@H](c2cccc(Cl)c2)[C@@H](c2ccc(Cl)cc2)N(C2CCC2)C1=O,test,7.15490196,7.9808228593242685
CCS(=O)(=O)C[C@H](C1CC1)N1C(=O)[C@@](C)(CC(=O)O)C[C@H](c2cccc(Cl)c2)[C@H]1c1ccc(Cl)cc1,test,10.0,9.634946278651901
CC(C)(C)C[C@@H]1[C@]2([C@H]([C@@H](N1)C(=O)NCCN3CCC(CC3)O)C4=CC(=CC=C4)Cl)C5=CC(=C(C=C5NC2=O)Cl)F,test,6.0,5.951457167886518
Nc1ccn([C@@H]2O[C@H](CO)[C@@H](O)[C@@H]2O)c(=O)n1,test,7.698970004,6.764157141029504
CCOC1=C(C=C2C(N(C(=O)CC2=C1)C3=CC=C(C=C3)Cl)C4=CC=C(C=C4)Cl)OCC,test,6.0,5.832800650607753
CC(C)(C)C[C@H]1[C@]([C@H]([C@@H](N1)C(=O)NC2=C(C=C(C=C2)C(=O)O)F)C3=C(C(=CC=C3)Cl)F)(C#N)C4=C(C=C(C=C4)Cl)F,test,7.602059991,7.412240332933764
CC(C)(C)C[C@@H]1[C@]2([C@H]([C@@H](N1)C(=O)NC3CCC(CC3)OC(=O)[C@H](CC4=CC=CC=C4)N)C5=C(C(=CC=C5)Cl)F)C6=C(C=C(C=C6)Cl)NC2=O,test,6.0,6.8977635310781675
COc1cc2c(cc1OC(C)C)[C@H](c1ccc(Cl)cc1)N(c1ccc(N(C)C[C@H]3CC[C@H](N4CCCNC(=O)C4)CC3)cc1)C(=O)C2,test,8.853871964,8.482768015651494
CC[C@@H](CS(=O)(=O)CC1(C)COC1)N1C(=O)[C@@](C)(CC(=O)O)C[C@H](c2cccc(Cl)c2)[C@H]1c1ccc(Cl)cc1,test,10.0,9.617025357773322
C1=CC=C2C(=C1)C(=O)N(C2(C3=CC=C(C=C3)Br)OCCCCO)CC4=CC=C(C=C4)[N+](=O)[O-],test,6.244125144,5.989020872329511
COc1ccccc1-c1nc2c(n1C(C)C)C(c1ccc(Cl)cc1C)N(c1cccc(Cl)c1F)C2=O,test,9.387216143,8.864374219287095
CC[C@@H](CS(=O)(=O)C)N1[C@@H]([C@H](C[C@](C1=O)(C)CC(=O)O)C2=CC(=CC=C2)Cl)C3=CC=C(C=C3)Cl,test,9.522878745,8.442369685795544
Cc1cc(Cl)ccc1C1c2c(nn(Cc3ccccn3)c2C(C)C)C(=O)N1c1cccc(Cl)c1F,test,8.186619193,7.986431278318713
COc1ncc(-c2nc3c(n2C(C)C)C(c2ccc(Cl)cc2)N(c2ccc(C#N)cc2C)C3=O)c(OC)n1,test,8.303643611,9.073635715713325
COc1cc(C(=O)OC(C)OC(=O)NCC(O)CO)ccc1NC(=O)[C@@H]1N[C@@H](CC(C)(C)C)[C@](C#N)(c2ccc(Cl)cc2F)[C@H]1c1cccc(Cl)c1F,test,7.872895202,8.142704798549051
C1CC1CN2C(=O)[C@H](C[C@@H]([C@@]23C4=C(C=C(C=C4)Cl)NC3=O)C5=CC(=CC=C5)Cl)CC(=O)O,test,7.045757491,6.79611875436314
CC[C@@H](COC1=CN=CC=C1)N2[C@@H]([C@H](C[C@](C2=O)(C)CC=C)C3=CC(=CC=C3)Cl)C4=CC=C(C=C4)Cl,test,7.522878745,6.815776494525981
C[C@@H]1CN(C[C@@H](N1)C)C(=O)C2=C(N3[C@@H]([C@@H](N=C3S2)C4=CC=C(C=C4)Cl)C5=CC=C(C=C5)Cl)C(C)C,test,6.853871964,6.230731784436679
Cc1nc(Cn2nc3c(c2C(C)C)C(c2ccc(Cl)cc2C)N(c2cccc(Cl)c2F)C3=O)cs1,test,8.207608311,8.434265878512013
CC(C)S(=O)(=O)NC[C@H](C1CC1)N1C(=O)[C@@](C)(CC(=O)O)C[C@H](c2cccc(Cl)c2)[C@H]1c1ccc(Cl)cc1,test,8.698970004,9.141813579674698
Cc1cc(Cl)ccc1C1c2c(nn(CCN(C)C)c2C(C)C)C(=O)N1c1cccc(Cl)c1F,test,8.091514981,8.16826797377323
CCOc1cc(C(C)(C)C)ccc1C1=N[C@@](C)(c2ccc(Cl)cc2)[C@@](C)(c2ccc(Cl)cc2)N1C(=O)N1CCN(CCCS(C)(=O)=O)CC1,test,7.744727495,8.62080621114601
COc1cc2c(cc1OC(C)C)[C@H](c1ccc(Cl)cc1)N(c1ccc([C@H](C)N3CCN(C(C)=O)CC3)cc1)C(=O)C2,test,7.457174573,7.89386358922696
CC[C@@H](CN(C)S(C)(=O)=O)N1C(=O)[C@@](C)(CC(=O)O)C[C@H](c2cccc(Cl)c2)C1c1ccc(Cl)cc1,test,8.698970004,8.323754858823747
COc1cc2c(cc1OC(C)C)[C@H](c1ccc(Cl)cc1)N(c1cnc(N(C)C[C@H]3CC[C@H](N4CCN(C)C(=O)C4)CC3)cn1)C(=O)C2,test,8.366531544,8.196814955197128
C[C@@H]1CC[C@H](N1C(=O)C2=C(N3[C@@H]([C@](N=C3S2)(C)C4=CC=C(C=C4)Cl)C5=CC=C(C=C5)Cl)C(C)C)C(=O)N(C)C,test,7.853871964,7.695733341037377
CC(C)(C)C[C@@H]1N[C@@H](C(=O)NCC[C@H](O)CO)[C@H](c2cccc(Cl)c2)[C@@]1(C#N)c1ccc(Cl)cc1,test,8.045757491,7.586544313201779
CC(C)[C@@H](CS(=O)(=O)CC(F)(F)F)N1C(=O)[C@@](C)(CC(=O)O)C[C@H](c2cccc(Cl)c2)[C@H]1c1ccc(Cl)cc1,test,8.744727495,9.447083679580919
C1CCC2(CC1)[C@@]3([C@H]([C@@H](N2)C(=O)NC4=CC=C(C=C4)C(=O)O)C5=C(C(=CC=C5)Cl)F)C6=C(C=C(C=C6)Cl)NC3=O,test,6.853871964,7.9314297286177275
CC1(CC(C1)NC(=O)[C@H]2[C@@H]([C@]3([C@@H](N2)CC(C)(C)C)C4=C(C=C(C=C4)Cl)NC3=O)C5=CC(=CC=C5)Cl)O,test,7.744727495,7.180459125841583
CC[C@@H](CCS(=O)(=O)C)N1[C@@H]([C@H](C[C@@H](C1=O)CC(=O)O)C2=CC(=CC=C2)Cl)C3=CC=C(C=C3)Cl,test,7.301029996,7.758532489223338
C1CC(=O)N([C@@H]([C@H]1C2=CC(=CC=C2)Cl)C3=CC=C(C=C3)Cl)CC4=CC=CC=C4,test,5.26760624,5.867424343695054
C[C@]1(CC(=O)O)C[C@H](c2cccc(Cl)c2)[C@@H](c2ccc(Cl)cc2)N([C@H](CS(=O)(=O)c2ccc(F)cc2Cl)C2CC2)C1=O,test,8.886056648,8.930830685892
C1CC(CCC12[C@]3([C@H]([C@@H](N2)C(=O)NCCN4CCOCC4)C5=C(C(=CC=C5)Cl)F)C6=C(C=C(C=C6)Cl)NC3=O)(F)F,test,5.301029996,6.193445654338723
C1=CC=C2C(=C1)C(=O)N(C2(C3=CC=C(C=C3)Cl)OCCCCO)CC4=CC=C(C=C4)[N+](=O)[O-],test,6.443697499,5.997543332437128
CC[C@@H](CS(C)(=O)=O)N1C(=O)[C@@](C)(CC(=O)O)C[C@H](c2cccc(Cl)c2)[C@H]1c1ccc(Cl)cc1,test,9.522878745,9.355640938362118
CC(C)N1[C@@H]([C@H](C[C@](C1=O)(C)CC(=O)O)C2=CC(=CC=C2)Cl)C3=CC=C(C=C3)Cl,test,7.522878745,7.239407223770465
CC[C@@H](C)Oc1cc2c(cc1OC)CC(=O)N(c1ccc(N(C)CC3CCN(S(C)(=O)=O)CC3)cc1)C2c1ccc(Cl)cc1,test,7.970616222,8.196529422080125
CCC(CC)N1C(=O)[C@@](CC)(CC(=O)O)C[C@H](c2cccc(Cl)c2)[C@H]1c1ccc(Cl)cc1,test,7.698970004,8.334407825130096
COc1nc(N)ncc1-c1nc2c(n1C(C)C)C(c1ccc(Cl)cc1)N(c1cc(Cl)cn(C)c1=O)C2=O,test,8.869666232,7.966860453833033
CCC(CC)N1[C@@H]([C@H](C[C@](C1=O)(C)CC2=CC(=O)NO2)C3=CC(=CC=C3)Cl)C4=CC=C(C=C4)Cl,test,7.096910013,6.471358954060412
CCC[C@H](C(=O)O)N1[C@@H]([C@@H](O[C@H](C1=O)CC2=CC=C(C=C2)F)C3=CC=C(C=C3)Cl)C4=CC=C(C=C4)Cl,test,5.537602002,6.698922490780454
CC[C@@H](C(=O)OC(C)(C)C)N1[C@@H]([C@H](C[C@](C1=O)(C)CC(=O)O)C2=CC(=CC=C2)Cl)C3=NC=C(C=C3)Cl,test,7.698970004,7.48414246581215
CC[C@@H](CS(=O)(=O)C(C)(C)C)N1C(=O)[C@@](C)(CC(=O)O)C[C@H](c2cncc(Cl)c2)[C@H]1c1ccc(Cl)cc1,test,8.823908741,9.390437112399162
CC(=O)N1CC(C1)NC(=O)[C@H]2[C@@H]([C@@]3([C@H](N2)CC(C)(C)C)C4=C(C=C(C=C4)Cl)NC3=O)C5=C(C(=CC=C5)Cl)F,test,5.522878745,6.660953661537137
CC[C@H]1CC[C@H](N1C(=O)C2=C(N3[C@@H]([C@](N=C3S2)(C)C4=CC=C(C=C4)Cl)C5=CC=C(C=C5)Cl)C(C)C)C(=O)N(C)C,test,7.408935393,7.6410963374674585
C1CCN(C1)C(=O)C2=C(SC(=C2C3=CC=C(C=C3)Cl)C4=CC=C(C=C4)Br)N,test,5.127261173,5.450578306101583
C1CC1CN2[C@@H]([C@H](C[C@@H](C2=O)CC(=O)NO)C3=CC(=CC=C3)Cl)C4=CC=C(C=C4)Cl,test,5.769551079,5.9764409733208295
CC1=CC(=C(N1C2=CC=C(C=C2)Br)C)C=C3C(=O)N(C(=S)N(C3=O)C4=CC=CC=C4)C5=CC=CC=C5,test,6.701146924,6.700239816203084
CC[C@@H](CN(C)S(=O)(=O)C1CC1)N1C(=O)[C@@](CCN2CCCC2)(CC(=O)O)C[C@H](c2cccc(Cl)c2)[C@H]1c1ccc(Cl)cc1,test,8.585026652,8.507811547614672
C1COCCC12[C@@]3([C@H]([C@@H](N2)C(=O)NCCN4CCOCC4)C5=C(C(=CC=C5)Cl)F)C6=C(C=C(C=C6)Cl)NC3=O,test,5.301029996,6.670312895167548
CC[C@@H](CNCC(F)(F)F)N1C(=O)[C@@](C)(CC(=O)O)C[C@H](c2cccc(Cl)c2)[C@H]1c1ccc(Cl)cc1,test,7.397940009,7.926725995068315
COc1nc(N)ncc1-c1nc2c(n1C(C)C)[C@H](c1ccc(Cl)cc1)N(c1cc(Cl)ccc1C)C2=O,test,9.958607315,9.214375107063308
COc1nc(N)ncc1-c1nc2c(n1C(C)C)C(c1ccc(Cl)cc1)N(c1ccc(C#N)cc1C)C2=O,test,8.367542708,8.814661339065346
C[C@@]1(C[C@@H]([C@H](N(C1=O)[C@H](CS(=O)(=O)C)C2CC2)C3=CC=C(C=C3)Cl)C4=CC(=CC=C4)Cl)CC(=O)O,test,10.0,8.513457222576687
C1CC(CCC1O)OC2(C3=CC=CC=C3C(=O)N2CC4=CC=C(C=C4)[N+](=O)[O-])C5=CC=C(C=C5)Cl,test,6.408935393,6.327815186215381
CC[C@@H](CN(C)S(=O)(=O)C1CC1)N1C(=O)[C@@](C)(CC(=O)O)C[C@H](c2cccc(Cl)c2)[C@H]1c1ccc(Cl)cc1,test,9.045757491,8.593881883406366
C1[C@@H](C=C[C@@H]1OC2(C3=CC=CC=C3C(=O)N2CC4=CC=C(C=C4)Cl)C5=CC=C(C=C5)Cl)O,test,5.823908741,5.765055174471091
CCC(CC)N1[C@@H]([C@H](C[C@](C1=O)(C)CC(=O)NS(=O)(=O)C(F)(F)F)C2=CC(=CC=C2)Cl)C3=CC=C(C=C3)Cl,test,6.27572413,7.139523706201615
CC(C)(C)C[C@H]1N[C@@H](C(=O)NCC[C@H](O)CO)[C@H](c2cccc(Cl)c2F)[C@@]12C(=O)Nc1cc(Cl)ccc12,test,7.785156152,7.8487567987290925
CC(C)C1=C(SC2=NC(C(N12)C3=CC=C(C=C3)Cl)(C)C4=CC=C(C=C4)Cl)C(=O)N,test,6.107905397,5.814146527073035
C[C@]1(O)C[C@@H](NC(=O)[C@@H]2NC3(CCCCC3)[C@@]3(C(=O)Nc4cc(Cl)ccc43)[C@H]2c2cccc(Cl)c2F)C1,test,7.698970004,7.817528871928601
C[C@@H]1CN(C[C@@H](N1)C)C(=O)[C@@H]2CCCN2C(=O)C3=C(N4[C@@H]([C@](N=C4S3)(C)C5=CC=C(C=C5)Cl)C6=CC=C(C=C6)Cl)C(C)C,test,7.431798276,7.389233908897746
CC(C)(C)C[C@@H]1[C@]2([C@H]([C@@H](N1)C(=O)NCC[C@@H](C=O)O)C3=CC(=CC=C3)Cl)C4=CC(=C(C=C4NC2=O)Cl)F,test,6.0,5.9086528400870755
COc1ccc(CO)cc1-c1nc2c(n1C(C)C)C(c1ccc(Cl)cc1)N(c1cccc(Cl)c1F)C2=O,test,9.769551079,9.207995022901422
C1CCC(=C[C@@H]2[C@]3([C@H]([C@@H](N2)C(=O)NC4CCC(CC4)O)C5=C(C(=CC=C5)Cl)F)C6=C(C=C(C=C6)Cl)NC3=O)C1,test,5.301029996,6.161908343513789
COc1cc2c(cc1OC(C)C)[C@H](c1ccc(Cl)cc1)N(c1ccc(N(C)C[C@H]3CC[C@H](NC(=O)c4cocn4)CC3)cc1)C(=O)C2,test,8.30980392,8.169688721180203
O=C(O)c1nc(C2CCCCC2)n(-c2cccc(Cl)c2F)c1-c1ccc(F)c(Cl)c1,test,8.397940009,8.079144105866199
CS(=O)(=O)NC(=O)C[C@@H]1C[C@@H]([C@H](N(C1=O)CC2CC2)C3=CC=C(C=C3)Cl)C4=CC(=CC=C4)Cl,test,6.15490196,6.354129662835009
CC[C@@H](CNS(=O)(=O)C1(C)CC1)N1C(=O)[C@@](C)(CC(=O)O)C[C@H](c2cccc(Cl)c2)[C@H]1c1ccc(Cl)cc1,test,9.0,8.816086324454325
O=C(O)CCC(=O)OCC1(COC2(c3ccc(Cl)cc3)c3c(Cl)cccc3C(=O)N2Cc2ccc([N+](=O)[O-])cc2)CC1,test,7.721246399,7.7559785009195785
COc1cc2c(cc1OC(C)C)C(c1ccc(Cl)cc1)N(C1CCC(C(C)(O)c3ccoc3)CC1)C(=O)C2,test,7.559090918,7.851191870464284
CC1COCCC1(F)c1nc2nc(-c3noc(=O)[nH]3)nc(-c3cncc(Cl)c3)c2n1C[C@H]1CC[C@H](C)CC1,test,8.363411816,8.116553776160309
O=C(NCCN1CCOCC1)[C@@H]1NC2(CCCCC2)[C@@]2(C(=O)Nc3cc(Cl)ccc32)[C@H]1c1cccc(Cl)c1F,test,7.677780705,7.718090975134714
CC[C@@H](C(=O)OC(C)(C)C)N1[C@@H]([C@H](C[C@@H](C1=O)CC(=O)O)C2=CC(=CC=C2)Cl)C3=CC=C(C=C3)Cl,test,7.363512104,6.802639191577941
CCN(CC)C(=O)[C@@H](C)NC(=O)N1[C@H]([C@H](N=C1C2=C(C=C(C=C2)OC)OC(C)C)C3=CC=C(C=C3)Cl)C4=CC=C(C=C4)Cl,test,5.300162274,5.499385550842563
CC[C@@H](C1=NC=CN=C1)N2[C@@H]([C@H](C[C@](C2=O)(C)CC(=O)O)C3=CC(=CC=C3)Cl)C4=CC=C(C=C4)Cl,test,7.301029996,7.379096889486076
CC[C@@H](CN(C)S(=O)(=O)C1CC1)N1C(=O)[C@@](C)(CC(=O)NC[C@H](O)CO)C[C@H](c2cccc(Cl)c2)[C@H]1c1ccc(Cl)cc1,test,7.236572006,8.221059638022
CC1=C(C=C(C=C1)Cl)N2[C@H](C3=C(C2=O)N=C(N3C(C)C)C4=CN=C(N=C4OC)OC)C5=C(C=C(C=C5)Cl)C,test,10.09691001,7.687710932213021
CS(=O)(=O)NC(=O)[C@H]1[C@@H]([C@@]2(C3=C(C=C(C=C3)Cl)NC2=O)C4(N1)CCCCC4)C5=C(C(=CC=C5)Cl)F,test,7.187086643,6.911736077897638
C1C[C@@H](C[C@@H]1O)OC2(C3=CC=CC=C3C(=O)N2CC4=CC=C(C=C4)C#N)C5=CC=C(C=C5)Cl,test,5.638272164,5.924590891558762
CC(C)OC1=C(C=CC(=C1)OC)C2=N[C@@H]([C@@H](N2C(=O)NCC(=O)N3CCCC3)C4=CC=C(C=C4)Cl)C5=CC=C(C=C5)Cl,test,5.231361899,5.71561271355128
CN1C2=C(C(N3C1=NC=N3)C4=CC=C(C=C4)Br)C(OC5=CC=CC=C52)C6=CC=C(C=C6)C#N,test,5.681936665,5.47902853233573
CC[C@@H](CN(CC(F)(F)F)S(C)(=O)=O)N1C(=O)[C@@](C)(CC(=O)O)C[C@H](c2cccc(Cl)c2)[C@H]1c1ccc(Cl)cc1,test,8.698970004,8.685504966035886
C1=CC=C2C(=C1)C(=O)N(C2(C3=CC=C(C=C3)Cl)OC/C=C\CO)CC4=CC=C(C=C4)[N+](=O)[O-],test,6.397940009,6.140739575388397
CC[C@@H](CS(=O)(=O)C1CCC1)N1C(=O)[C@@](CC)(CC(=O)O)C[C@H](c2cccc(Cl)c2)[C@H]1c1ccc(Cl)cc1,test,9.522878745,9.60625952936918
COc1cn(C)c(=O)cc1-c1nc2c(n1C(C)C)C(c1ccc(Cl)cc1)N(c1cc(C)ccc1OC)C2=O,test,8.935542011,8.927437460766333
CC(C)C1=C(SC2=N[C@]([C@@H](N12)C3=CC=C(C=C3)Cl)(C)C4=CC=C(C=C4)Cl)C(=O)N5CCNC(=O)C5,test,5.823908741,6.547315698218574
CC(C)(C)C[C@@H]1[C@]2([C@H]([C@@H](N1)CO)C3=CC(=CC=C3)Cl)C4=CC(=C(C=C4NC2=O)Cl)F,test,5.301029996,6.005174448871362
CC[C@@H](CN1CCCS1(=O)=O)N1C(=O)[C@@](C)(CC(=O)O)C[C@H](c2cccc(Cl)c2)[C@H]1c1ccc(Cl)cc1,test,9.0,8.379372287980223
CC[C@@H](COCCOC)N1[C@@H]([C@H](C[C@@H](C1=O)CC(=O)O)C2=CC(=CC=C2)Cl)C3=CC=C(C=C3)Cl,test,7.045757491,6.677879450143141
Cc1ccc(Cl)cc1-n1c(-c2ccccc2)nc(C(=O)O)c1-c1cccc(Cl)c1,test,7.958607315,8.034661533410699
CC[C@@H](CCC#N)N1[C@@H]([C@H](C[C@@H](C1=O)CC(=O)O)C2=CC(=CC=C2)Cl)C3=CC=C(C=C3)Cl,test,7.522878745,6.5800457728462565
CC[C@@H]([C@@H](C)S(C)(=O)=O)N1C(=O)[C@@](C)(CC(=O)O)C[C@H](c2cccc(Cl)c2)[C@H]1c1ccc(Cl)cc1,test,9.22184875,9.464975527289841
NC(=O)c1nc(C2CCCCC2)n(-c2cccc(Cl)c2F)c1-c1ccc(F)c(Cl)c1,test,7.744727495,8.171534806213534
CCCCNC(=O)N1CC(C1)NC(=O)[C@H]2[C@@H]([C@@]3([C@H](N2)CC(C)(C)C)C4=C(C=C(C=C4)Cl)NC3=O)C5=C(C(=CC=C5)Cl)F,test,7.0,6.132184437575931
CC(C)C1=C(SC2=N[C@H]([C@H](N12)C3=CC=C(C=C3)Cl)C4=CC=C(C=C4)Cl)C(=O)N5CCN(CC5)CCO,test,5.744727495,6.0467474816922975
CC(C)n1c(-c2ccnc(N)c2)nc2c1C(c1ccc(Cl)cc1)N(c1cccc(Cl)c1F)C2=O,test,8.180456064,8.370745323096166
C[C@]1(CC(=O)O)C[C@H](c2cccc(Cl)c2)C(c2ccc(Cl)cc2)N([C@H](CO)C2CC2)C1=O,test,9.0,7.78799293023178
CC[C@@H](C)Oc1cc2c(cc1OC)CC(=O)N(c1ccc(N(C)CC3CCN(C(C)=O)CC3)cc1)C2c1ccc(Cl)cc1,test,8.22184875,8.042723104834378
C1CC1(CO)COC2(C3=C(C=CC=C3Cl)C(=O)N2CC4=CC=C(C=C4)[N+](=O)[O-])C5=CC=C(C=C5)Cl,test,7.356547324,6.309964936638073
COc1cc(C(N)=O)ccc1NC(=O)[C@@H]1N[C@@H](CC(C)(C)C)[C@@]2(C(=O)Nc3nc(Cl)ncc32)[C@H]1c1cccc(Cl)c1F,test,7.346787486,7.796747975832518
Cc1cc(Cl)ccc1C1c2c(nn(C(=O)N3CCN(C)CC3)c2C(C)C)C(=O)N1c1cc(Cl)ccc1C,test,8.568636236,8.27040730463474
CCOC1=CC=CC2=C1C3=C(C(N4C(=NC=N4)N3C)C5=CC=C(C=C5)Br)C(O2)C6=CC=C(C=C6)Br,test,6.040958608,5.838988390767298
CC(C)(C)C[C@H]1[C@]([C@H]([C@@H](N1)C(=O)NC2=NC=C(C=C2)C(=O)O)C3=C(C(=CC=C3)Cl)F)(C#N)C4=C(C=C(C=C4)Cl)F,test,7.638272164,7.577533975049319
CC[C@@H](COCC1(CC1)C(=O)N)N2[C@@H]([C@H](C[C@@H](C2=O)CC(=O)O)C3=CC(=CC=C3)Cl)C4=CC=C(C=C4)Cl,test,7.15490196,6.720241628781485
COc1cnc(CC#N)cc1-c1nc2c(n1C(C)C)C(c1ccc(Cl)cc1)N(c1cccc(Cl)c1F)C2=O,test,9.698970004,9.341026172094267
CC[C@@H](CNC(=O)C)N1[C@@H]([C@H](C[C@@H](C1=O)CC(=O)O)C2=CC(=CC=C2)Cl)C3=CC=C(C=C3)Cl,test,6.744727495,6.655432888487528
C[C@@]1(C[C@@H]([C@H](N(C1=O)[C@@H](CC(F)(F)F)C2=CC=CC=N2)C3=CC=C(C=C3)Cl)C4=CC(=CC=C4)Cl)CC(=O)O,test,7.522878745,7.440861599982013
CC(C)C1=C(C(=O)N2C[C@H](F)C[C@H]2C(=O)N2CC3(CC3)NC[C@@H]2C)SC2=N[C@@](C)(c3ccc(Cl)cc3)[C@@H](c3ccc(Cl)c(F)c3)N21,test,8.920818754,8.40514825873665
CC[C@@H](Cn1ccccc1=O)N1C(=O)[C@@](C)(CC(=O)O)C[C@H](c2cccc(Cl)c2)[C@H]1c1ccc(Cl)cc1,test,7.721246399,8.064637923503062
CC[C@@H](CN(C)C1COC1)N1C(=O)[C@@](C)(CC(=O)O)C[C@H](c2cccc(Cl)c2)[C@H]1c1ccc(Cl)cc1,test,8.522878745,7.912014386626304
CC(C)(C)C[C@H]1[C@@]2([C@H]([C@@H](N1)C(=O)NC3=C(C=C(C=C3)C(=O)O)OC)C4=C(C(=CC=C4)Cl)F)C5=C(C=CN=C5)NC2=O,test,7.283996656,7.227557774744662
CC(C)(C)C[C@H]1N[C@@H](C(=O)NCCN2CCOCC2)[C@H](c2cccc(Cl)c2F)[C@@]12C(=O)Nc1cc(Cl)ccc12,validation,7.548213564,
CC(C)[C@@H](CN(C)S(=O)(=O)C1CC1)N1C(=O)[C@@](C)(CC(=O)O)C[C@H](c2cccc(Cl)c2)[C@H]1c1ccc(Cl)cc1,validation,9.698970004,
C1CC(CCC1CO)COC2(C3=CC=CC=C3C(=O)N2CC4=CC=C(C=C4)[N+](=O)[O-])C5=CC=C(C=C5)Cl,validation,6.236572006,
CC[C@@H](CC(O)C(F)(F)F)N1C(=O)[C@@](C)(CC(=O)O)C[C@H](c2cccc(Cl)c2)[C@H]1c1ccc(Cl)cc1,validation,7.853871964,
CC(C)N1[C@@H]([C@H](C[C@](S1(=O)=O)(C)CC(=O)O)C2=CC(=CC=C2)Cl)C3=CC=C(C=C3)Cl,validation,6.920818754,
C[C@@]1(C[C@@H]([C@H](N(C1=O)[C@H](CS(=O)(=O)N2CCCC2)C3CC3)C4=CC=C(C=C4)Cl)C5=CC(=CC=C5)Cl)CC(=O)O,validation,10.0,
CC[C@@H](CNS(=O)(=O)C)N1[C@@H]([C@H](C[C@](C1=O)(C)CC(=O)O)C2=CC(=CC=C2)Cl)C3=CC=C(C=C3)Cl,validation,9.15490196,
C1CC1[C@@H](CO)N2[C@@H]([C@H](C[C@@H](C2=O)CC(=O)O)C3=CC(=CC=C3)Cl)C4=CC=C(C=C4)Cl,validation,7.397940009,
CC[C@@H](C)OC1=C(C=C2CC(=O)N([C@H](C2=C1)C3=CC=C(C=C3)Cl)C4=CC=C(C=C4)N(C)CC5CCC(CC5)NC(=O)CC)OC,validation,7.698970004,
CC[C@@H](C)Oc1cc2c(cc1OC)CC(=O)N(c1ccc(N(C)CC3CCN(C(=O)N(C)C)CC3)cc1)C2c1ccc(Cl)cc1,validation,7.910094889,
CC[C@@H](CN(C1CC1)S(=O)(=O)C)N2C([C@H](C[C@](C2=O)(C)CC(=O)O)C3=CC(=CC=C3)Cl)C4=CC=C(C=C4)Cl,validation,8.0,
CN1C2=C(C(N3C1=NC=N3)C4=CC=C(C=C4)Br)C(OC5=C2C(=CC=C5)OC)C6=CC=C(C=C6)Br,validation,6.522878745,
CC[C@@H](c1ccccn1)N1C(=O)[C@@](C)(CC(=O)O)C[C@H](c2cccc(Cl)c2)[C@H]1c1ccc(Cl)cc1,validation,8.0,
CC(C)(C)S(=O)(=O)C[C@H](C1CC1)N1C(=O)[C@@](C)(CC(=O)O)C[C@H](c2cccc(Cl)c2)[C@H]1c1ccc(Cl)cc1,validation,10.0,
O=C(O)C[C@@H]1C[C@H](c2cccc(Cl)c2)[C@@H](c2ccc(Cl)cc2)N(CC2CC2)C1=O,validation,7.119186408,
COc1nc(N)ncc1-c1nc2c(n1C(C)C)C(c1ccc(Cl)cc1)N(c1ccc(F)c(Cl)c1)C2=O,validation,9.30980392,
C[C@@]1(C[C@@H]([C@H](N(C1=O)C2=NC=CC=N2)C3=CC=C(C=C3)Cl)C4=CC(=CC=C4)Cl)CC(=O)O,validation,6.638272164,
CC[C@@H](C)Oc1cc2c(cc1OC)CC(=O)N(c1ccc(N(C)C[C@H]3CC[C@H](N(C)C)CC3)cc1)[C@H]2c1ccc(Cl)cc1,validation,8.721246399,
CC1(CC(C1)NC(=O)[C@H]2[C@@H]([C@@]3([C@H](N2)CC(C)(C)C)C4=C(C(=C(C=C4)Cl)F)NC3=O)C5=C(C(=CC=C5)F)F)O,validation,6.395773947,
CC[C@@H](CN1CC2CCC(C1)O2)N1C(=O)[C@@](C)(CC(=O)O)C[C@H](c2cccc(Cl)c2)[C@H]1c1ccc(Cl)cc1,validation,7.522878745,
CCN(CC)C(=O)CCCNC(=O)N1[C@H]([C@H](N=C1C2=C(C=C(C=C2)OC)OC(C)C)C3=CC=C(C=C3)Cl)C4=CC=C(C=C4)Cl,validation,5.378823718,
CN(C[C@H](C1CC1)N1C(=O)[C@@](C)(CC(=O)O)C[C@H](c2cccc(Cl)c2)[C@H]1c1ccc(Cl)cc1)S(=O)(=O)C1CC1,validation,9.698970004,
CC[C@@H](CC(C)(C)O)N1C([C@H](C[C@](C1=O)(C)CC(=O)O)C2=CC(=CC=C2)Cl)C3=CC=C(C=C3)Cl,validation,7.15490196,
CC(C)(C)C[C@H]1N[C@@H](C(=O)N[C@H]2C[C@@](C)(O)C2)[C@H](c2cccc(Cl)c2)[C@@]12C(=O)Nc1cc(Cl)ccc12,validation,7.318758763,
C[C@]1(CC(=O)O)C[C@H](c2cccc(Cl)c2)[C@@H](c2ccc(Cl)cc2)N([C@H](CS(=O)(=O)C2CCCC2)C2CC2)C1=O,validation,9.698970004,
CC1(CC(C1)NC(=O)[C@H]2[C@@H]([C@@]3(C4=C(C=C(C=C4)Cl)NC3=O)C5(N2)CCCCC5)C6=C(C(=CC=C6)Cl)F)O,validation,7.698970004,
CC[C@@H](CO)N1C(=O)[C@@](C)(CC(=O)O)C[C@H](c2cccc(Cl)c2)[C@H]1c1ccc(Cl)cc1,validation,8.698970004,
CC[C@@H](COCC1(CC1)C#N)N2[C@@H]([C@H](C[C@@H](C2=O)CC(=O)O)C3=CC(=CC=C3)Cl)C4=CC=C(C=C4)Cl,validation,7.397940009,
COc1ccccc1-c1nc2c(n1C(C)C)C(c1ccc(C#N)cc1C)N(c1cc(Cl)ccc1C)C2=O,validation,9.568636236,
CC(C)C1=C(SC2=NC(C(N12)C3=CC=C(C=C3)Cl)(C)C4=CC=C(C=C4)Cl)C(=O)NC,validation,5.958607315,
CS(=O)(=O)NC(=O)[C@@H]1NC2(CCCCC2)[C@@]2(C(=O)Nc3cc(Cl)ccc32)[C@H]1c1cccc(Cl)c1F,validation,7.187086643,
COC(=O)C(C1=CC=C(C=C1)Cl)N2C(C(=S)NC3=C(C2=O)C=CC(=C3)NCC4=CC=C(C=C4)F)C5=CC=C(C=C5)Cl,validation,5.008330993,
C1=CC2=C(C(=C(C=C2)C(C3=C(C(=CC(=C3F)F)F)F)NC4=NC=C(C=C4)F)O)N=C1,validation,5.096910013,
C1CC1C[C@@H]2[C@]3([C@H]([C@@H](N2)C(=O)NCC[C@@H](CO)O)C4=CC(=CC=C4)Cl)C5=CC(=C(C=C5NC3=O)Cl)F,validation,5.0,
Cc1cccc(-c2nc(C(=O)O)c(-c3cccc(Cl)c3)n2-c2cc(Cl)ccc2C)c1,validation,8.096910013,
CN1[C@@H]([C@@H](O[C@H](C1=O)CC2=CC=C(C=C2)F)C3=CC=C(C=C3)Br)C4=CC=C(C=C4)Br,validation,5.744727495,
CC[C@@H](CN(C)S(=O)(=O)C1CC1)N1C(=O)[C@@](CC)(CC(=O)O)C[C@H](c2cccc(Cl)c2)[C@H]1c1ccc(Cl)cc1,validation,8.698970004,
CC1=CC(=NO1)C[C@@H]2C[C@@H]([C@H](N(C2=O)CC3CC3)C4=CC=C(C=C4)Cl)C5=CC(=CC=C5)Cl,validation,6.508638306,
Cc1cc(Cl)ccc1C1c2c(nn(-c3ccc(Cl)cc3)c2C(C)C)C(=O)N1c1cccc(Cl)c1F,validation,7.832682665,
CC[C@@H](CS(=O)(=O)CC(C)(C)O)N1C(=O)[C@@](C)(CC(=O)O)C[C@H](c2cccc(Cl)c2)[C@H]1c1ccc(Cl)cc1,validation,9.698970004,
CC(C)(C)C[C@@H]1N[C@@H](C(=O)NC2CCC(O)CC2)[C@H](c2cccc(Cl)c2)[C@]12C(=O)Nc1cc(Cl)ccc12,validation,7.696803943,
CC[C@]1(CC(=O)O)C[C@H](c2cccc(Cl)c2)[C@@H](c2ccc(Cl)cc2)N([C@H](CS(=O)(=O)C(C)C)C2CC2)C1=O,validation,10.0,
CC[C@@H]([C@H](C)C(C)(C)O)N1C(=O)[C@@](C)(CC(=O)O)C[C@H](c2cccc(Cl)c2)[C@H]1c1ccc(Cl)cc1,validation,8.22184875,
CC[C@@H](c1cnccn1)N1C(=O)[C@@](C)(CC(=O)O)C[C@H](c2cccc(Cl)c2)[C@H]1c1ccc(Cl)cc1,validation,7.301029996,
C1=CC=C2C(=C1)C(=O)N(C2(C3=CC=C(C=C3)Br)O)CC4=CC=C(C=C4)[N+](=O)[O-],validation,5.508638306,
CC[C@@H](CS(=O)(=O)C1COC1)N2[C@@H]([C@H](C[C@](C2=O)(C)CC(=O)O)C3=CC(=CC=C3)Cl)C4=CC=C(C=C4)Cl,validation,9.698970004,
CN(C[C@@H](C1CC1)N1C(=O)[C@@](C)(CC(=O)O)C[C@H](c2cccc(Cl)c2)[C@H]1c1ccc(Cl)cc1)S(=O)(=O)C1CC1,validation,8.15490196,
CC(C)[C@@H]([C@H](C)O)N1C(=O)[C@@](C)(CC(=O)O)C[C@H](c2cccc(Cl)c2)[C@H]1c1ccc(Cl)cc1,validation,9.0,
CC(c1nc2nc(-c3noc(=O)[nH]3)nc(-c3cccc(Cl)c3)c2n1C[C@H]1CC[C@H](C)CC1)C1CCOCC1,validation,7.846490011,
CC[C@]1(CC(=O)O)C[C@H](c2cccc(Cl)c2)[C@@H](c2ccc(Cl)cc2)N([C@H](CS(=O)(=O)c2cccc(F)c2)C2CC2)C1=O,validation,8.853871964,
CC[C@@H](c1cccc(C(F)(F)F)n1)N1C(=O)[C@@](C)(CC(=O)O)C[C@H](c2cccc(Cl)c2)[C@H]1c1ccc(Cl)cc1,validation,9.0,
C=CC[C@H]1N(C(=O)c2cnccc2C(F)(F)F)CCC[C@@]1(Oc1ccc(C(F)(F)F)cc1)C(=O)N1CCN(c2ccccc2OCCOC)CC1,validation,7.397940009,
CCC(CC)S(=O)(=O)C[C@H](C1CC1)N1C(=O)[C@@](C)(CC(=O)O)C[C@H](c2cccc(Cl)c2)[C@H]1c1ccc(Cl)cc1,validation,10.0,
CC[C@H](N1C(=O)[C@@](C)(CC(=O)O)C[C@H](c2cccc(Cl)c2)[C@H]1c1ccc(Cl)cc1)C(C)(O)C(F)(F)F,validation,8.0,
CCOC1=C(C=CC(=C1)C(C)(C)C)C2=N[C@@]([C@@](N2C(=O)N3CCCCC3)(C)C4=CC=C(C=C4)Cl)(C)C5=CC=C(C=C5)Cl,validation,5.13667714,
C1CC1NC(=O)C2=C(NC(=C2C3=CC=C(C=C3)Cl)C4=CC=C(C=C4)Cl)N,validation,5.335358024,
CC(C)(C)C[C@@H]1[C@]2([C@H]([C@@H](N1)C(=O)NC3CCC(CC3)NS(=O)(=O)C)C4=C(C(=CC=C4)Cl)F)C5=C(C=C(C=C5)Cl)NC2=O,validation,6.0,
CC[C@@H]1CC[C@H](N1C(=O)C2=C(N3[C@@H]([C@](N=C3S2)(C)C4=CC=C(C=C4)Cl)C5=CC=C(C=C5)Cl)C(C)C)C(=O)N6CCN([C@@H](C6)C)C(=O)C,validation,7.236572006,
CC(C)OC1=C(C=CC(=C1)OC)C2=N[C@H]([C@H](N2C(=O)N3CCNC(=O)C3)C4=CC=C(C=C4)Cl)C5=CC=C(C=C5)Cl,validation,5.823908741,
CC(C)(C)C[C@H]1[C@@]2([C@H]([C@@H](N1)C(=O)NC3CCC(CC3)O)C4=CC(=CC=C4)Cl)C5=CC(=C(C=C5NC2=O)Cl)F,validation,7.494850022,
CCOc1cc(C(C)(C)C)ccc1C1=N[C@@](C)(c2ccc(Cl)cc2)[C@@](C)(c2ccc(Cl)cc2)N1C(=O)N1CCN(CCNC(C)=O)CC1,validation,7.48148606,
CC(C)[C@@H](C1=CC=CC=N1)N2[C@@H]([C@H](C[C@](C2=O)(C)CC(=O)O)C3=CC(=CC=C3)Cl)C4=CC=C(C=C4)Cl,validation,6.537602002,
CC[C@@H](C)Oc1cc2c(cc1OC)CC(=O)N(c1ccc(C(C)N3CCOCC3)cc1)C2c1ccc(Cl)cc1,validation,7.326979093,
CCC(CC)N1[C@@H]([C@H](C[C@](C1=O)(C)CC2C(=O)NC(=O)O2)C3=CC(=CC=C3)Cl)C4=CC=C(C=C4)Cl,validation,6.30980392,
COc1cc(C(=O)O)ccc1NC(=O)[C@@H]1N[C@@H](CC(C)(C)C)[C@](C#N)(c2ccc(Cl)cc2F)[C@H]1c1cccc(Cl)c1F,validation,8.22184875,
C1CCC2(CC1)[C@@]3([C@H]([C@@H](N2)C(=O)NC4CC(C4)C(=O)O)C5=C(C(=CC=C5)Cl)F)C6=C(C=C(C=C6)Cl)NC3=O,validation,8.15490196,
C[C@@]1(C[C@@H]([C@H](N(C1=O)[C@@H](CC2CC2)C3=CC=CC=N3)C4=CC=C(C=C4)Cl)C5=CC(=CC=C5)Cl)CC(=O)O,validation,7.096910013,
CCOC(=O)Cc1cnc(OC)c(-c2nc3c(n2C(C)C)C(c2ccc(C#N)cc2)N(c2cc(Cl)ccc2C)C3=O)c1,validation,8.790484985,
CC(C)(C)C[C@H]1[C@@]2([C@H]([C@@H](N1)C(=O)NC3=C(C=C(C=C3)C(=O)O)OC)C4=C(C(=CC=C4)Cl)F)C5=C(C=C(C=N5)Cl)NC2=O,validation,7.337242168,
CC(C)(C)C[C@@H]1[C@]2([C@H]([C@@H](N1)C(=O)N)C3=C(C(=CC=C3)Cl)F)C4=C(C=C(C=C4)Cl)NC2=O,validation,6.0,
C[C@@H](C(=O)O)NC(=O)N1[C@H]([C@H](N=C1C2=C(C=C(C=C2)OC)OC(C)C)C3=CC=C(C=C3)Cl)C4=CC=C(C=C4)Cl,validation,5.469800302,
CC[C@@H]([C@H](O)C1CC1)N1C(=O)[C@@](C)(CC(=O)O)C[C@H](c2cccc(Cl)c2)[C@H]1c1ccc(Cl)cc1,validation,8.886056648,
COc1cc2c(cc1OC(C)C)[C@H](c1ccc(Cl)cc1)N(c1ccc(N(C)C[C@H]3CC[C@H](N4CCN(C)C(=O)C4)CC3)cc1)C(=O)C2,validation,9.096910013,
CC[C@@H](C(=O)OC(C)(C)C)N1[C@@H]([C@H](C[C@@](C1=O)(C)CC(=O)O)C2=CC(=CC=C2)Cl)C3=CC=C(C=C3)Cl,validation,6.508638306,
CC[C@@H](CC(C)(C)C#N)N1[C@@H]([C@H](C[C@](C1=O)(C)CC(=O)O)C2=CC(=CC=C2)Cl)C3=CC=C(C=C3)Cl,validation,8.920818754,
COc1cc(C(=O)OC(C)OC(=O)C(C)C)ccc1NC(=O)[C@@H]1N[C@@H](CC(C)(C)C)[C@](C#N)(c2ccc(Cl)cc2F)[C@H]1c1cccc(Cl)c1F,validation,7.838631998,
O=C(O)C[C@H]1C[C@H](c2cccc(Cl)c2)[C@@H](c2ccc(Cl)cc2)N(CC2CC2)C1=O,validation,7.522878745,
Cc1cc(Cl)ccc1C1c2c(nn(CC(O)CO)c2C(C)C)C(=O)N1c1cc(Cl)ccc1C,validation,8.657577319,
CC[C@@H](CN(CC(F)(F)F)S(=O)(=O)C)N1[C@@H]([C@H](C[C@](C1=O)(C)CC(=O)O)C2=CC(=CC=C2)Cl)C3=CC=C(C=C3)Cl,validation,8.0,
C1CCC2(CC1)[C@@]3([C@H]([C@@H](N2)C(=O)NC4CN(C4)C(=O)O)C5=C(C(=CC=C5)Cl)F)C6=C(C=C(C=C6)Cl)NC3=O,validation,7.0,
CC[C@@H](CNS(C)(=O)=O)N1C(=O)[C@@](C)(CC(=O)O)C[C@H](c2cccc(Cl)c2)[C@H]1c1ccc(Cl)cc1,validation,9.15490196,
O=C(N[C@H]1CC[C@H](O)CC1)[C@@H]1NC2(CCCCCC2)[C@@]2(C(=O)Nc3cc(Cl)ccc32)[C@H]1c1cccc(Cl)c1F,validation,7.795880017,
CC1=C(C=C(C=C1)NS(=O)(=O)C2=CC3=C(C=C2)NC(C4C3C=CC4)C5=CC=C(C=C5)C(=O)O)C,validation,5.124938737,
COC1=C(C=CC(=C1)C(=O)O)NC(=O)[C@H]2[C@@H]([C@@]3(C4=C(C=C(C=C4)Cl)NC3=O)C5(N2)CCCCC5)C6=C(C(=CC=C6)Cl)F,validation,8.327902142,
CC(C)CC(C)(C)C[C@@H]1[C@]2([C@H]([C@@H](N1)C(=O)NCC[C@@H](CO)O)C3=C(C(=CC=C3)Cl)F)C4=CC(=C(C=C4NC2=O)Cl)F,validation,6.0,
COc1cc(C(=O)OCOP(=O)(OC(C)(C)C)OC(C)(C)C)ccc1NC(=O)[C@@H]1N[C@@H](CC(C)(C)C)[C@](C#N)(c2ccc(Cl)cc2F)[C@H]1c1cccc(Cl)c1F,validation,7.966576245,
CCOC1=C(C=CC(=C1)C(C)(C)C)C2=N[C@@]([C@@](N2C(=O)N3CCN(CC3)C(=O)C)(C)C4=CC=C(C=C4)Cl)(C)C5=CC=C(C=C5)Cl,validation,6.522878745,
C[C@]1(CC(=O)O)C[C@H](c2cccc(Cl)c2)[C@@H](c2ccc(Cl)cc2)N([C@H](CN(c2ccccn2)S(C)(=O)=O)C2CC2)C1=O,validation,7.869666232,
CCC[C@@H](C(=O)OCC)N1[C@@H]([C@H](C[C@@H](C1=O)CC(=O)O)C2=CC(=CC=C2)Cl)C3=CC=C(C=C3)Cl,validation,6.568636236,
CN1C(=O)N(C[C@H](C2CC2)N2C(=O)[C@@](C)(CC(=O)O)C[C@H](c3cccc(Cl)c3)[C@H]2c2ccc(Cl)cc2)C(=O)C1(C)C,validation,8.744727495,
CC(C)(C)C[C@@H]1[C@]2([C@H]([C@@H](N1)C(=O)NCCC3CCN(CC3)C)C4=C(C(=CC=C4)Cl)F)C5=C(C=C(C=C5)Cl)NC2=O,validation,7.48945499,
C1CCC2(CC1)[C@@]3([C@H]([C@@H](N2)C(=O)O)C4=C(C(=CC=C4)Cl)F)C5=C(C=C(C=C5)Cl)NC3=O,validation,6.301029996,
CC[C@@H](C1CCCO1)N1C(=O)[C@@](C)(CC(=O)O)C[C@H](c2cccc(Cl)c2)[C@H]1c1ccc(Cl)cc1,validation,9.0,
C1CC1CN2[C@@H]([C@@H](O[C@H](C2=O)CCC(=O)O)C3=CC(=CC=C3)Cl)C4=CC=C(C=C4)Cl,validation,5.886056648,
COCCOCCNC(=O)[C@@H]1N[C@H](CC(C)(C)C)[C@]2(C(=O)Nc3cc(Cl)ccc32)[C@H]1c1cccc(Cl)c1F,validation,7.48945499,
CC(C)OC1=C(C=C2CC(=O)N([C@H](C2=C1)C3=CC=C(C=C3)Cl)C4=CN=C(C=C4)N(C)CC5CCC(CC5)N6CCN(C(=O)C6)C)OC,validation,8.602059991,
COc1cc(C(=O)O)ccc1NC(=O)[C@@H]1N[C@@H](CC(C)(C)C)[C@@]2(C(=O)Nc3nc(Cl)ccc32)[C@H]1c1cccc(Cl)c1F,validation,7.744727495,
C[C@@]1(C[C@@H]([C@H](N(C1=O)[C@H](CS(=O)(=O)N2CCCCC2)C3CC3)C4=CC=C(C=C4)Cl)C5=CC(=CC=C5)Cl)CC(=O)O,validation,7.853871964,
Cc1ocnc1C1(c2nc3nc(-c4noc(=O)[nH]4)nc(-c4cccc(Cl)c4)c3n2C[C@H]2CC[C@H](C)CC2)CC1,validation,7.522011024,
COc1cc(C(=O)O)ccc1NC(=O)[C@@H]1N[C@@H](CC(C)(C)C)[C@@]2(C(=O)Nc3cc(Cl)ncc32)[C@H]1c1cccc(Cl)c1F,validation,7.327902142,
CC[C@@H]([C@H](C)O)N1C(=O)[C@@](C)(CC(=O)O)C[C@H](c2cccc(Cl)c2)[C@H]1c1ccc(Cl)cc1,validation,9.0,
C1CC1CN2[C@H]([C@@H](C[C@H](C2=O)CC(=O)O)C3=CC(=CC=C3)Cl)C4=CC=C(C=C4)Cl,validation,5.091514981,
COC[C@@H](C)n1c(-c2cnc(OC)nc2OC)nc2c1[C@@H](c1ccc(Cl)cc1)N(c1cc(Cl)c(=O)n(C)c1)C2=O,validation,7.663240166,
CC[C@@H](CN(CC(F)(F)F)C(C)=O)N1C(=O)[C@@](C)(CC(=O)O)C[C@H](c2cccc(Cl)c2)[C@H]1c1ccc(Cl)cc1,validation,8.096910013,
CCS(=O)(=O)N(C[C@H](C1CC1)N1C(=O)[C@@](C)(CC(=O)O)C[C@H](c2cccc(Cl)c2)[C@H]1c1ccc(Cl)cc1)C(F)F,validation,10.0,
CCC[C@@H](C1=CC=CC=N1)N2[C@@H]([C@H](C[C@](C2=O)(C)CC(=O)O)C3=CC(=CC=C3)Cl)C4=CC=C(C=C4)Cl,validation,7.096910013,
CN1CCC2=C3C1=CC4=C(C3=CC=C2)C(=O)C(=O)C=C4,validation,5.769551079,
CC1=CC(=NC=C1)NC(C2=C(C3=C(C=CC=N3)C=C2)O)C4=CC=CC=C4Cl,validation,5.036212173,
CC[C@@H](CS(=O)(=O)C(C)C)N1C(=O)[C@@](C)(CC(=O)O)C[C@H](c2cc(F)cc(Cl)c2)[C@H]1c1ccc(Cl)cc1,validation,10.0,
C1CCCC2(CC1)[C@@]3([C@H]([C@@H](N2)C(=O)NC4CCC(CC4)O)C5=C(C(=CC=C5)Cl)F)C6=C(C=C(C=C6)Cl)NC3=O,validation,7.806875402,
C1=CC=C(C=C1)C2=CC(=C(N2C3=CC=C(C=C3)Br)C4=CC=CC=C4)C=C5C(=O)NC(=O)NC5=O,validation,6.744727495,
CCCC(C)(C)C[C@@H]1[C@]2([C@H]([C@@H](N1)C(=O)NCC[C@@H](CO)O)C3=CC(=CC=C3)Cl)C4=CC(=C(C=C4NC2=O)Cl)F,validation,6.0,
CC[C@@H](CCO)N1[C@@H]([C@H](C[C@](C1=O)(C)CC(=O)O)C2=CC(=CC=C2)Cl)C3=CC=C(C=C3)Cl,validation,8.0,
CC(C)S(=O)(=O)C[C@H](C1CC1)N1C(=O)[C@@](C)(CC(=O)O)C[C@H](c2cccc(Cl)c2)[C@H]1c1ccc(Cl)cc1,validation,10.0,
C1CC(CCC1NC(=O)[C@H]2[C@@H]([C@@]3(C4=C(C=C(C=C4)Cl)NC3=O)C5(N2)CCC(CC5)(F)F)C6=C(C(=CC=C6)Cl)F)O,validation,7.387216143,
C[C@@H]([C@H](C1CC1)N2[C@@H]([C@H](C[C@](C2=O)(C)CC(=O)O)C3=CC(=CC=C3)Cl)C4=CC=C(C=C4)Cl)O,validation,7.096910013,
CC[C@@H](CN1CCOCC1)N1C(=O)[C@@H](CC(=O)O)C[C@H](c2cccc(Cl)c2)[C@H]1c1ccc(Cl)cc1,validation,7.15490196,
C1=CC=C2C(=C1)C3=C(C(N4C(=NC=N4)N3CCCC(=O)O)C5=CC=C(C=C5)Br)C(O2)C6=CC=C(C=C6)Br,validation,6.187086643,
CC1(C)NC(=O)N(C[C@H](C2CC2)N2C(=O)[C@@](C)(CC(=O)O)C[C@H](c3cccc(Cl)c3)[C@H]2c2ccc(Cl)cc2)C1=O,validation,8.15490196,
COc1nc(N(C)C)ncc1-c1nc2c(n1C(C)C)C(c1ccc(Cl)cc1)N(c1cccc(Cl)c1F)C2=O,validation,9.508638306,
CC1=C2C(=CC=C1)C(=O)N(C2(C3=CC=C(C=C3)Cl)OCC4(CC4)CO)CC5=CC=C(C=C5)[N+](=O)[O-],validation,6.562249437,
C[C@@]1(C[C@@H]([C@H](N(C1=O)[C@H](CS(=O)(=O)C(C)(C)C)C2CC2)C3=CC=C(C=C3)Cl)C4=CC(=CC=C4)Cl)CC(=O)O,validation,7.742321425,
COc1cc(C(=O)O)ccc1NC(=O)[C@@H]1N[C@@H](CC(C)(C)C)[C@@]2(C(=O)Nc3ccncc32)[C@H]1c1cccc(Cl)c1F,validation,7.283996656,
CC(=O)N[C@@H](CC(C)C)C(=O)N[C@H](C(=O)N[C@@H](Cc1ccccc1)C(=O)N[C@@H](CCC(=O)O)C(=O)N[C@@H](Cc1cnc[nH]1)C(=O)N[C@@H](Cc1ccc(O)cc1)C(=O)N[C@@H](Cc1c[nH]c2ccccc12)C(=O)N[C@@H](C)C(=O)N[C@@H](CCC(N)=O)C(=O)N[C@@H](CC(C)C)C(=O)N[C@H](C(=O)N[C@@H](CO)C(N)=O)[C@@H](C)O)[C@@H](C)O,validation,7.356547324,
CC[C@@H](C(=O)C)N1[C@@H]([C@H](C[C@](C1=O)(C)CC(=O)O)C2=CC(=CC=C2)Cl)C3=CC=C(C=C3)Cl,validation,7.698970004,
CC1=CC(=NC=C1)NC(C2=CC(=C(C=C2)Cl)Cl)C3=C(C4=C(C=CC=N4)C=C3)O,validation,5.443697499,
CC[C@@H](CNS(=O)(=O)C)N1[C@@H]([C@H](C[C@@H](C1=O)CC(=O)O)C2=CC(=CC=C2)Cl)C3=CC=C(C=C3)Cl,validation,7.522878745,
CC[C@@H](CCC(C)(C)O)N1C(=O)[C@@](C)(CC(=O)O)C[C@H](c2cccc(Cl)c2)[C@H]1c1ccc(Cl)cc1,validation,8.853871964,
CC[C@@H](CN(C)S(=O)(=O)C1CC1)N1C(=O)[C@@](C)(CC(=O)O)C[C@H](c2cccc(Cl)c2)C1c1ccc(Cl)cc1,validation,9.0,
CC[C@H](C1=NC(=CC=C1)C(C)(C)O)N2[C@@H]([C@H](C[C@](C2=O)(C)CC(=O)O)C3=CC(=CC=C3)Cl)C4=CC=C(C=C4)Cl,validation,7.698970004,
COc1ccccc1-n1nc2c(c1C(C)C)[C@H](c1ccc(Cl)cc1C)N(c1cc(Cl)ccc1OCCN(C)C)C2=O,validation,9.995678626,
C[C@H](C(=O)OC1CCC(CC1)NC(=O)[C@H]2[C@@H]([C@@]3([C@H](N2)CC(C)(C)C)C4=C(C=C(C=C4)Cl)NC3=O)C5=C(C(=CC=C5)Cl)F)N,validation,6.0,
CC(C)(C)C[C@H]1N[C@@H](C(=O)NCC[C@H](O)CO)[C@H](c2cccc(Cl)c2)[C@@]12C(=O)Nc1cc(Cl)c(F)cc12,validation,7.346787486,
CCC1([C@@]2([C@H]([C@@H](N1)C(=O)NC3CC(C3)(C)O)C4=C(C(=CC=C4)Cl)F)C5=C(C=C(C=C5)Cl)NC2=O)CC,validation,6.928117993,
CC[C@H](c1nc(C2CC2)no1)N1C(=O)[C@@](C)(CC(=O)O)C[C@H](c2cccc(Cl)c2)[C@H]1c1ccc(Cl)cc1,validation,7.397940009,
CCC(CC)N1[C@@H]([C@H](C[C@](C1=O)(C)CC2=CC(=O)NN2)C3=CC(=CC=C3)Cl)C4=CC=C(C=C4)Cl,validation,6.236572006,
C1=CC=C2C(=C1)C3=C([C@@H](N4C(=NC=N4)N3)C5=CC=C(C=C5)Br)[C@H](O2)C6=CC=C(C=C6)Br,validation,5.910094889,
C[C@H](C(=O)N1CCN(CC1)C)NC(=O)N2[C@H]([C@H](N=C2C3=C(C=C(C=C3)OC)OC(C)C)C4=CC=C(C=C4)Cl)C5=CC=C(C=C5)Cl,validation,5.22475374,
C[C@]1(CC(=O)O)C[C@H](c2cccc(Cl)c2)[C@@H](c2ccc(Cl)cc2)N(CC2CC2)C1=O,validation,7.22184875,
C1CCN(C1)C(=O)C2=C(SC(=C2C3=CC=C(C=C3)Cl)C4=CC=C(C=C4)Cl)N,validation,5.206209615,
CC(C)(C)C[C@@H]1[C@]2([C@H]([C@@H](N1)C(=O)N[C@H]3CC[C@H](C3)O)C4=C(C(=CC=C4)Cl)F)C5=C(C=C(C=C5)Cl)NC2=O,validation,6.0,
CC(C)(C)C[C@H]1[C@@]2([C@H]([C@@H](N1)C(=O)NC3CCC(CC3)O)C4=C(C(=CC=C4)Cl)F)C5=CC(=C(C=C5NC2=O)F)F,validation,7.153662888,
CC[C@@H](CS(=O)(=O)C1=CC=CC=C1)N2[C@@H]([C@H](C[C@](C2=O)(C)CC(=O)O)C3=CC(=CC=C3)Cl)C4=CC=C(C=C4)Cl,validation,9.522878745,
CC(C)C1=C(SC2=NC(C(N12)C3=CC=C(C=C3)Cl)(C)C4=CC=C(C=C4)Cl)C(=O)N5CC(=O)NC5,validation,6.026872146,
O=C(O)c1ccc(NC(=O)[C@@H]2NC3(CCCCC3)[C@@]3(C(=O)Nc4cc(Cl)ccc43)[C@H]2c2cccc(Cl)c2F)cn1,validation,8.022276395,
COc1cc(C(=O)OC(C)OC(C)=O)ccc1NC(=O)[C@@H]1N[C@@H](CC(C)(C)C)[C@](C#N)(c2ccc(Cl)cc2F)[C@H]1c1cccc(Cl)c1F,validation,7.982966661,
CC[C@]1(CC(=O)O)C[C@H](c2cccc(Cl)c2)[C@@H](c2ccc(Cl)cc2)N([C@H](CS(=O)(=O)c2ccccc2F)C2CC2)C1=O,validation,9.397940009,
COc1cc(C(N)=O)ccc1NC(=O)[C@@H]1N[C@@H](CC(C)(C)C)[C@@]2(C(=O)Nc3cc(Cl)cnc32)[C@H]1c1cccc(Cl)c1F,validation,7.283996656,
CCC(CC)N1[C@@H]([C@H](C[C@](C1=O)(CC)CC(=O)O)C2=CC(=CC=C2)Cl)C3=CC=C(C=C3)Cl,validation,7.698970004,
CC(C)OC1=C(C=C2CC(=O)N([C@H](C2=C1)C3=CC=C(C=C3)Cl)C4=CC=C(C=C4)N(C)CC5CCC(CC5)N6CCN(C(=O)C6)C)OC,validation,8.769551079,
COc1cc2c(cc1OC(C)C)[C@H](c1ccc(Cl)cc1)N(c1ccc([C@H](C)N3CCS(=O)(=O)CC3)cc1)C(=O)C2,validation,7.477555766,
CN(C)S(=O)(=O)C[C@H](C1CC1)N1C(=O)[C@@](C)(CC(=O)O)C[C@H](c2cccc(Cl)c2)[C@H]1c1ccc(Cl)cc1,validation,9.698970004,
COc1cc2c(cc1OC(C)C)[C@H](c1ccc(Cl)cc1)N(c1ccc(N(C)CC3CCC(N4CCNC(=O)C4)CC3)cn1)C(=O)C2,validation,8.327902142,
COc1ncc(-c2nc3c(n2C(C)C)C(c2ccc(Cl)cc2)N(c2cc(C)nn2C)C3=O)c(OC)n1,validation,8.785156152,
CC(C)(C)C[C@H]1N[C@@H](C(=O)N[C@H]2C[C@@](C)(O)C2)[C@H](c2cccc(Cl)c2F)[C@@]12C(=O)Nc1cc(Cl)ccc12,validation,7.382999659,
CC(C)OC1=C(C=CC(=C1)OC)C2=N[C@@H]([C@@H](N2C(=O)NCCC(=O)O)C3=CC=C(C=C3)Cl)C4=CC=C(C=C4)Cl,validation,5.970616222,
C[C@@]1(C[C@@H]([C@H](N(C1=O)[C@H]2CC[C@H]([C@H]2O)O)C3=CC=C(C=C3)Cl)C4=CC(=CC=C4)Cl)CC(=O)O,validation,7.301029996,
CC1(CC(C1)NC(=O)[C@H]2[C@@H]([C@]3([C@@H](N2)CC(C)(C)C)C4=C(C=C(C=C4)Cl)NC3=O)C5=C(C(=CC=C5)Cl)F)O,validation,7.036212173,
C[C@]1(CC(=O)O)C[C@H](c2cccc(Cl)c2)[C@@H](c2ccc(Cl)cc2)N([C@H](CS(=O)(=O)C(F)(F)F)C2CC2)C1=O,validation,9.522878745,
CC1(CC(C1)NC(=O)[C@H]2[C@@H]([C@]3([C@@H](N2)CC(C)(C)C)C4=CC(=C(C=C4NC3=O)Cl)F)C5=C(C(=CC=C5)Cl)F)O,validation,7.0,
CC[C@@H](C(=O)OCC)N1[C@@H]([C@H](C[C@@H](C1=O)CC(=O)NCCCN2CCOCC2)C3=CC(=CC=C3)Cl)C4=CC=C(C=C4)Cl,validation,5.679853714,
CC(C)OC1=C(C=CC(=C1)OC)C2=NC(C(N2C(=O)N3CCN(CC3)C(=O)C)C4=CC=C(C=C4)Cl)C5=CC=C(C=C5)Cl,validation,5.320572103,
Cc1cc(Cl)ccc1C1c2c(nn(CC(C)(C)O)c2C(C)C)C(=O)N1c1cccc(Cl)c1F,validation,8.397940009,
C1CC1CN2[C@@H]([C@H](C[C@H](C2=O)CC(=O)O)C3=CC(=CC=C3)Cl)C4=CC=C(C=C4)Cl,validation,5.954677021,
COc1ncc(-c2nc3c(n2C2CC2)C(c2ccc(Cl)cc2)N(c2cc(Cl)ccc2C)C3=O)c(OC)n1,validation,8.879426069,
CCC(CC)CN1[C@@H]([C@H](C[C@@H](C1=O)CC(=O)O)C2=CC(=CC=C2)Cl)C3=CC=C(C=C3)Cl,validation,7.22184875,
C1[C@@H](C=C[C@@H]1OC2(C3=CC=CC=C3C(=O)N2CC4=CC=C(C=C4)[N+](=O)[O-])C5=CC=C(C=C5)Cl)O,validation,5.721246399,
C1=CC=C2C(=C1)C(=O)N(C2(C3=CC=C(C=C3)Cl)OCCCCO)CC4=CC=C(C=C4)C#N,validation,5.455931956,
CC[C@@H](CS(=O)(=O)C1CC1)N2[C@@H]([C@H](C[C@](C2=O)(C)CC(=O)O)C3=CC(=CC=C3)Cl)C4=CC=C(C=C4)Cl,validation,9.698970004,
CC[C@]1(CC(=O)O)C[C@H](c2cccc(Cl)c2)[C@@H](c2ccc(Cl)cc2)N([C@H](CNS(=O)(=O)C2CCCC2)C2CC2)C1=O,validation,9.15490196,
CCCCN1[C@@H]([C@H](CCC1=O)C2=CC(=CC=C2)Cl)C3=CC=C(C=C3)Cl,validation,5.568636236,
CC[C@@H](CN1CCN(C(=O)C2CC2)CC1)N1C(=O)[C@@](C)(CC(=O)O)C[C@H](c2cccc(Cl)c2)[C@H]1c1ccc(Cl)cc1,validation,8.397940009,
CC(C)(C)C[C@@H]1N[C@@H](C(=O)N[C@H]2C[C@@](C)(O)C2)[C@H](c2cccc(Cl)c2F)[C@]12C(=O)Nc1cc(F)c(F)cc12,validation,7.455931956,
CC[C@@H](C)OC1=C(C=C2CC(=O)N([C@H](C2=C1)C3=CC=C(C=C3)Cl)C4=CC=C(C=C4)N(C)CC5CCC(CC5)N(C)C)OC,validation,8.721246399,
CC(c1ccccc1C#N)c1nc2nc(-c3noc(=O)[nH]3)nc(-c3cncc(Cl)c3)c2n1C[C@H]1CC[C@H](C)CC1,validation,8.62378815,
CC[C@@H](CN1CC(C1)(C(F)(F)F)O)N2[C@@H]([C@H](C[C@](C2=O)(C)CC(=O)O)C3=CC(=CC=C3)Cl)C4=CC=C(C=C4)Cl,validation,7.397940009,
CC(C)(C)C[C@@H]1[C@]2([C@H]([C@@H](N1)C(=O)NC[C@@H](CO)O)C3=CC(=CC=C3)Cl)C4=CC(=C(C=C4NC2=O)Cl)F,validation,6.723538196,
CN1[C@@H]([C@@H](O[C@H](C1=O)CC2=CC=CC=C2)C3=CC=C(C=C3)Br)C4=CC=C(C=C4)Br,validation,5.218963061,
CC[C@@H](CCC(C)(O)C(F)(F)F)N1C(=O)[C@@](C)(CC(=O)O)C[C@H](c2cccc(Cl)c2)[C@H]1c1ccc(Cl)cc1,validation,9.0,
COc1ccc(C(=O)N2CCOCC2)cc1-c1nc2c(n1C(C)C)C(c1ccc(Cl)cc1C)N(c1cccc(Cl)c1)C2=O,validation,9.26760624,
Cc1cc(Cl)ccc1C1c2c(nn(CCCO)c2C(C)C)C(=O)N1c1cccc(Cl)c1F,validation,8.22184875,
CC[C@@H]([C@H](C)S(=O)(=O)CC)N1C(=O)[C@@](C)(CC(=O)O)C[C@H](c2cccc(Cl)c2)[C@H]1c1ccc(Cl)cc1,validation,10.0,
COc1ccccc1-n1nc2c(c1C(C)C)C(c1ccc(Cl)cn1)N(c1cc(Cl)ccc1C)C2=O,validation,8.721246399,
C1CC1CN2[C@@H]([C@H](C[C@@H](C2=O)CC3=NN=CO3)C4=CC(=CC=C4)Cl)C5=CC=C(C=C5)Cl,validation,5.723538196,
COc1nc(N(C)C)ncc1-c1nc2c(n1[C@H](C)CO)C(c1ccc(Cl)cc1)N(c1cc(Cl)ccc1C)C2=O,validation,9.958607315,
COC1=CC=C(C=C1)/C=C/C(=O)C2=NC3=CC=CC=C3N2,validation,5.130181792,
CC(C)C1=C(SC2=NC(C(N12)C3=CC=C(C=C3)Cl)(C)C4=CC=C(C=C4)Cl)C(=O)N(C)C,validation,7.37675071,
C1CC1CN2[C@@H]([C@H](O[C@H](C2=O)CC(=O)O)C3=CC(=CC=C3)Cl)C4=CC=C(C=C4)Cl,validation,5.552841969,
C[C@@]1(C[C@@H]([C@H](N(C1=O)C2=NC=CN=C2)C3=CC=C(C=C3)Cl)C4=CC(=CC=C4)Cl)CC(=O)O,validation,6.958607315,
CC[C@@H](CCS(=O)(=O)CC1CC1)N1C(=O)[C@@](C)(CC(=O)O)C[C@H](c2cccc(Cl)c2)[C@H]1c1ccc(Cl)cc1,validation,8.045757491,
CCN(CC)C(=O)N1CC(C1)NC(=O)[C@H]2[C@@H]([C@@]3([C@H](N2)CC(C)(C)C)C4=C(C=C(C=C4)Cl)NC3=O)C5=C(C(=CC=C5)Cl)F,validation,6.0,
CC[C@@H](C(=O)OC(C)(C)C)N1[C@@H]([C@H](C[C@](C1=O)(C)CC(=O)O)C2=CC(=CC=C2)Cl)C3=CC=C(C=C3)Cl,validation,7.701146924,
CC1(CC(C1)NC(=O)[C@H]2[C@@H]([C@]3([C@@H](N2C)CC(C)(C)C)C4=C(C=C(C=C4)Cl)NC3=O)C5=C(C(=CC=C5)Cl)F)O,validation,7.0,
CCC(CC)N1[C@@H]([C@H](C[C@](C1=O)(C)CC(=O)O)C2=CC(=CC=C2)Cl)C3=CC=C(C=C3)Cl,validation,7.440093375,
CC[C@@H](CN(C)S(=O)(=O)C1CC1)N1C(=O)[C@@](C)(CC(=O)NC[C@@H](O)CO)C[C@H](c2cccc(Cl)c2)[C@H]1c1ccc(Cl)cc1,validation,7.193820026,
CC(C)(C)S(=O)(=O)C[C@H](C1CC1)N1C(=O)[C@@H](CC(=O)O)O[C@H](c2cccc(Cl)c2)[C@H]1c1ccc(Cl)cc1,validation,9.397940009,
C=CCN1C2=C(C(N3C1=NC=N3)C4=CC=C(C=C4)Br)C(OC5=CC=CC=C52)C6=CC=C(C=C6)Br,validation,5.619788758,
C[C@H]1CNC2(CC2)CN1C(=O)[C@@H]3C[C@H](CN3C(=O)C4=C(N5[C@@H]([C@](N=C5S4)(C)C6=CN=C(C=C6)Cl)C7=CC(=C(C=C7)Cl)F)C(C)C)F,validation,8.657577319,
CC(C)(C)C[C@@H]1[C@]2([C@H]([C@@H](N1)C(=O)NCC3CC(C(C3)O)O)C4=CC(=CC=C4)Cl)C5=CC(=C(C=C5NC2=O)Cl)F,validation,6.0,
C[C@@H](C(=O)OC1CCC(CC1)NC(=O)[C@H]2[C@@H]([C@@]3([C@H](N2)CC(C)(C)C)C4=C(C=C(C=C4)Cl)NC3=O)C5=C(C(=CC=C5)Cl)F)N,validation,7.0,
CC[C@@H](CNC1=NC=CS1)N2[C@@H]([C@H](C[C@@H](C2=O)CC(=O)O)C3=CC(=CC=C3)Cl)C4=CC=C(C=C4)Cl,validation,7.0,
CC[C@@H](C1CCCO1)N2[C@@H]([C@H](C[C@](C2=O)(C)CC(=O)O)C3=CC(=CC=C3)Cl)C4=CC=C(C=C4)Cl,validation,7.698970004,
CC[C@@H](CS(=O)(=O)[C@H](C)CC)N1C(=O)[C@@](C)(CC(=O)O)C[C@H](c2cccc(Cl)c2)[C@H]1c1ccc(Cl)cc1,validation,10.0,
CC[C@@H](C)Oc1cc2c(cc1OC)CC(=O)N(c1ccc(N(C)C[C@H]3CC[C@H](N(C)CC)CC3)cc1)C2c1ccc(Cl)cc1,validation,8.638272164,
C[C@@]1(C[C@@H](C(N(C1=O)[C@H](CO)C2CC2)C3=CC=C(C=C3)Cl)C4=CC(=CC=C4)Cl)CC(=O)O,validation,8.0,
CC[C@@H](CNS(=O)(=O)C1CC1)N2[C@@H]([C@H](C[C@](C2=O)(C)CC(=O)O)C3=CC(=CC=C3)Cl)C4=CC=C(C=C4)Cl,validation,9.301029996,
O=C(N[C@H]1CC[C@@H](C(=O)O)CC1)[C@@H]1NC2(CCCCC2)[C@@]2(C(=O)Nc3cc(Cl)ccc32)[C@H]1c1cccc(Cl)c1F,validation,7.698970004,
CC(C)NC(=O)N1CC(C1)NC(=O)[C@H]2[C@@H]([C@@]3([C@H](N2)CC(C)(C)C)C4=C(C=C(C=C4)Cl)NC3=O)C5=C(C(=CC=C5)Cl)F,validation,5.522878745,
C1CC1(CO)COC2(C3=CC=CC=C3C(=O)N2CC4=CC=C(C=C4)Br)C5=CC=C(C=C5)Cl,validation,5.920818754,
CC[C@@H](C(C)(C(F)(F)F)O)N1[C@@H]([C@H](C[C@](C1=O)(C)CC(=O)O)C2=CC(=CC=C2)Cl)C3=CC=C(C=C3)Cl,validation,8.0,
CC[C@@H](CS(=O)(=O)CC(C)C)N1C(=O)[C@@](C)(CC(=O)O)C[C@H](c2cccc(Cl)c2)[C@H]1c1ccc(Cl)cc1,validation,9.301029996,
CC(C)CCn1nc2c(c1C(C)C)C(c1ccc(F)c(F)c1)N(c1cccc(Cl)c1F)C2=O,validation,7.779891912,
CCOC1=C(C=CC(=C1)C(C)(C)C)C2=N[C@@]([C@@](N2C(=O)N3CCNCC3)(C)C4=CC=C(C=C4)Cl)(C)C5=CC=C(C=C5)Cl,validation,6.22184875,
COc1ncc(-c2nc3c(n2[C@H](C)CO)[C@@H](c2ccc(Cl)cc2)N(c2cccc(Cl)c2F)C3=O)c(OC)n1,validation,7.387788518,
CC(C)(C)C[C@@H]1[C@]2([C@H]([C@@H](N1)C(=O)NC3CCN(CC3)CCC(F)(F)F)C4=C(C(=CC=C4)Cl)F)C5=C(C=C(C=C5)Cl)NC2=O,validation,6.0,
C[C@]1(CC(=O)O)C[C@H](c2cccc(Cl)c2)[C@@H](c2ccc(Cl)cc2)N([C@H](CN(C(F)F)S(=O)(=O)C2CC2)C2CC2)C1=O,validation,10.0,
CC(C)(C)C[C@@H]1[C@]2([C@H]([C@@H](N1)C(=O)N3CCN(CC3)C(=O)CCN(C)C)C4=CC(=CC=C4)Cl)C5=CC(=C(C=C5NC2=O)Cl)F,validation,5.0,
C1CCC2(CC1)[C@@]3([C@H]([C@@H](N2)C(=O)NCC4CCC(CC4)C(=O)O)C5=C(C(=CC=C5)Cl)F)C6=C(C=C(C=C6)Cl)NC3=O,validation,7.761953897,
C[C@@H]1CC[C@H](N1C(=O)C2=C(N3[C@@H]([C@](N=C3S2)(C)C4=CC=C(C=C4)Cl)C5=CC=C(C=C5)Cl)C(C)C)C(=O)N6CCN(C(C6)(C)C)C,validation,7.744727495,
C1CC1CN2[C@H]([C@@H](C[C@@H](C2=O)CC(=O)O)C3=CC(=CC=C3)Cl)C4=CC=C(C=C4)Cl,validation,5.537602002,
CC[C@@H]([C@H](O)CO)N1C(=O)[C@@](C)(CC(=O)O)C[C@H](c2cccc(Cl)c2)[C@H]1c1ccc(Cl)cc1,validation,8.568636236,
CC(C)(C)C[C@@H]1[C@]2([C@H]([C@@H](N1)C(=O)NC3CCN(CC3)CCO)C4=C(C(=CC=C4)Cl)F)C5=C(C=C(C=C5)Cl)NC2=O,validation,6.301029996,
CCOC1=C(C=C2C(N(C(=O)CC2=C1)C3=C(C=C(C=C3)C)OCC4=NNN=N4)C5=CC=C(C=C5)Cl)OCC,validation,6.420216403,
CC(C)(C)C[C@@H]1[C@]2([C@@H]([C@H](N1)C(=O)NC3=C(C=C(C=C3)C(=O)O)OC)C4=C(C(=CC=C4)Cl)F)C5=C(C=C(S5)Cl)NC2=O,validation,7.244125144,
COCCOCCOCCOCCOCCOCCOCCOC(=O)OC(C)OC(=O)c1ccc(NC(=O)[C@@H]2N[C@@H](CC(C)(C)C)[C@](C#N)(c3ccc(Cl)cc3F)[C@H]2c2cccc(Cl)c2F)c(OC)c1,validation,8.28567024,
CC[C@@H](C)OC1=C(C=C2CC(=O)N(C(C2=C1)C3=CC=C(C=C3)Cl)C4=CC=C(C=C4)N(C)CC5=CC=C(C=C5)F)OC,validation,6.920818754,
