Smiles,Actual pIC50,Predicted pIC50,Set
CCCC1=C(SC2=N[C@H]([C@H](N12)C3=CC=C(C=C3)Cl)C4=CC=C(C=C4)Cl)C(=O)N5CCNC(=O)C5,5.508638306,5.7886498218057145,Train
C[C@]1(CC(=O)O)C[C@H](c2cccc(Cl)c2)[C@@H](c2ccc(Cl)cc2)N([C@@H]2CCCN(CC(F)(F)F)C2)C1=O,7.397940009,7.626001914271971,Train
CC[C@@H](C)Oc1cc2c(cc1OC)CC(=O)N(c1ccc(C(C)N(C(C)=O)[C@H]3CC[C@@H](N(C)C)CC3)cc1)C2c1ccc(Cl)cc1,7.159266765,7.406900889643116,Train
CC[C@@H](CC(C)O)N1[C@@H]([C@H](C[C@](C1=O)(C)CC(=O)O)C2=CC(=CC=C2)Cl)C3=CC=C(C=C3)Cl,8.0,8.024747269791284,Train
CC[C@]1(CC(=O)O)C[C@H](c2cccc(Cl)c2)[C@@H](c2ccc(Cl)cc2)N([C@H](CS(=O)(=O)c2ccccc2)C2CC2)C1=O,8.795880017,8.863122193494931,Train
CN1[C@@H]([C@@H](O[C@H](C1=O)CC2=CC=C(C=C2)Br)C3=CC=C(C=C3)Br)C4=CC=C(C=C4)Br,5.823908741,5.820696794694424,Train
CCOC1=C(C=CC(=C1)C(C)(C)C)C2=N[C@@]([C@@](N2C(=O)N3CCN(CC3)CCC(F)(F)F)(C)C4=CC=C(C=C4)Cl)(C)C5=CC=C(C=C5)Cl,5.602059991,6.005406035109797,Train
CC[C@@H](CS(=O)(=O)C1CCCC1)N2[C@@H]([C@H](C[C@](C2=O)(C)CC(=O)O)C3=CC(=CC=C3)Cl)C4=CC=C(C=C4)Cl,9.522878745,9.465182233063356,Train
C[C@@H]1CC[C@H](N1C(=O)C2=C(N3[C@@H]([C@](N=C3S2)(C)C4=CC=C(C=C4)Cl)C5=CC=C(C=C5)Cl)C(C)C)C(=O)N6CCN([C@H](C6)C)C,7.795880017,7.725548798502835,Train
CC(C)(C)NC(=O)C1=C(SC(=C1C2=CC=C(C=C2)Cl)C3=CC=C(C=C3)Cl)N,5.053056729,5.270881518292126,Train
CC1=NC(=CC=C1)NC(C2=CC=C(C=C2)OC(F)(F)F)C3=C(C4=C(C=CC=N4)C=C3)O,5.026872146,5.154432768428657,Train
C[C@@]1(C[C@@H]([C@H](N(C1=O)[C@H](CS(=O)(=O)NC)C2CC2)C3=CC=C(C=C3)Cl)C4=CC(=CC=C4)Cl)CC(=O)O,7.638272164,8.193792099451338,Train
C1CCC(CC1)C2=NC(=C(N2C3=C(C(=CC=C3)Cl)F)C4=CC(=C(C=C4)F)Cl)C5=NN=C(O5)N,8.22184875,7.978293574629995,Train
CC(C)(C)C[C@@H]1[C@]2([C@H]([C@@H](N1)C(=O)NCC[C@@H](CN3CCCC3)O)C4=CC(=CC=C4)Cl)C5=CC(=C(C=C5NC2=O)Cl)F,5.698970004,5.802901203221356,Train
O=C(O)c1cccc(NC(=O)[C@@H]2NC3(CCCCC3)[C@@]3(C(=O)Nc4cc(Cl)ccc43)[C@H]2c2cccc(Cl)c2F)c1,8.055517328,8.087914634447797,Train
CC(C)(C)C[C@@H]1[C@]2([C@H]([C@@H](N1)C(=O)NCC[C@H]3CC[C@@H](C3)NS(=O)(=O)C)C4=C(C(=CC=C4)Cl)F)C5=CC(=C(C=C5NC2=O)Cl)F,6.0,6.222231767818102,Train
CC[C@@H](CN1CC(OC(C1)C)C)N2[C@@H]([C@H](C[C@](C2=O)(C)CC(=O)O)C3=CC(=CC=C3)Cl)C4=CC=C(C=C4)Cl,8.0,7.915794328419448,Train
C[C@@H]1CC[C@H](N1C(=O)C2=C(N3[C@@H]([C@](N=C3S2)(C)C4=CC=C(C=C4)Cl)C5=CC=C(C=C5)Cl)C(C)C)C(=O)N6CCN([C@@H](C6)C)C(=O)C,7.522878745,7.496154379366931,Train
COc1cc2c(cc1OC(C)C)[C@H](c1ccc(Cl)cc1)N(c1ccc(N(C)C[C@H]3CC[C@H](N4CC(=O)N(C(C)C)C4)CC3)cn1)C(=O)C2,8.920818754,8.694053569454132,Train
CC(C)(C)C[C@H]1[C@@]2([C@H]([C@@H](N1)C(=O)NC3CCC(CC3)O)C4=C(C(=CC=C4)Cl)F)C5=CC(=C(C=C5NC2=O)Cl)F,6.509929096,6.4442509130415235,Train
CCN(CC)C(=O)CNC(=O)N1[C@H]([C@H](N=C1C2=C(C=C(C=C2)OC)OC(C)C)C3=CC=C(C=C3)Cl)C4=CC=C(C=C4)Cl,5.026410377,5.308466129201316,Train
C1CC1(CO)COC2(C3=C(C=CC(=C3)Br)C(=O)N2CC4=CC=C(C=C4)[N+](=O)[O-])C5=CC=C(C=C5)Cl,6.044793462,6.069379495967496,Train
CCNC(=O)N1CCC(CC1)NC(=O)[C@H]2[C@@H]([C@@]3([C@H](N2)CC(C)(C)C)C4=C(C=C(C=C4)Cl)NC3=O)C5=C(C(=CC=C5)Cl)F,7.0,6.622136957486397,Train
CC[C@@H](CN1CCCS1(=O)=O)N1C(=O)[C@@H](Cc2cccc(O)n2)C[C@H](c2cccc(Cl)c2)[C@H]1c1ccc(Cl)cc1,7.63638802,7.698813881545196,Train
CC1=C(SC2=N[C@H]([C@H](N12)C3=CC=C(C=C3)Cl)C4=CC=C(C=C4)Cl)C(=O)N5CCNC(=O)C5,5.568636236,5.580873060434417,Train
C1C[C@@H](C=C[C@H]1O)OC2(C3=CC=CC=C3C(=O)N2CC4=CC=C(C=C4)[N+](=O)[O-])C5=CC=C(C=C5)Cl,6.508638306,6.36073458048438,Train
C1=CN(C(=O)N=C1N)[C@H]2[C@H]([C@@H]([C@H](O2)CO)O)O,7.698970004,7.021091882319679,Train
CCN(C(=O)OC(C)OC(=O)c1ccc(NC(=O)[C@@H]2N[C@@H](CC(C)(C)C)[C@](C#N)(c3ccc(Cl)cc3F)[C@H]2c2cccc(Cl)c2F)c(OC)c1)C(C)C,7.528708289,7.640675353562285,Train
CC(C)(C)C[C@@H]1N[C@@H](C(=O)NC2CCC(O)CC2)[C@H](c2cccc(Cl)c2F)[C@]12C(=O)Nc1cc(F)c(F)cc12,7.153662888,7.333226335493955,Train
CC[C@H](c1cccc(C2CC2)n1)N1C(=O)[C@@](C)(CC(=O)O)C[C@H](c2cccc(Cl)c2)[C@H]1c1ccc(Cl)cc1,7.522878745,7.7226487419095955,Train
CC(C)(C)C[C@@H]1N[C@@H](C(=O)NCCN2CCOCC2)[C@H](c2cccc(Cl)c2F)[C@]12C(=O)Nc1cc(Cl)ccc12,8.026872146,7.8578156295874795,Train
CC[C@@H](CS(=O)(=O)C1CCC1)N1C(=O)[C@@](C)(CC(=O)O)C[C@H](c2cccc(Cl)c2)[C@H]1c1ccc(Cl)cc1,9.698970004,9.696703386066538,Train
CNC(=O)CC1=C(C(=C(C=C1)Cl)F)N2C(=NC(=C2C3=CC(=C(C=C3)F)Cl)C4=NN=C(O4)N)C5CCCCC5,8.397940009,8.247983305720995,Train
CC(C)(C)C[C@@H]1[C@]2([C@H]([C@@H](N1)C(=O)NCCN3CCN(CC3)C)C4=CC(=CC=C4)Cl)C5=CC(=C(C=C5NC2=O)Cl)F,6.0,5.899965312750588,Train
CC(C)=CCn1nc2c(c1C(C)C)C(c1ccc(Cl)cc1C)N(c1cccc(Cl)c1F)C2=O,8.318758763,8.209528283803165,Train
COC(C)(c1nc2nc(-c3noc(=O)[nH]3)nc(-c3cncc(Cl)c3)c2n1C[C@H]1CC[C@H](C)CC1)C1CCCC1,8.888401475,8.544738379138973,Train
Cc1cc(Cl)ccc1C1c2c(nn(CCc3c[nH]c4ccccc34)c2C(C)C)C(=O)N1c1cccc(Cl)c1F,7.642065153,7.824291742509035,Train
CC(C)CC(C)(C)C[C@@H]1[C@]2([C@H]([C@@H](N1)C(=O)NCC[C@@H](CO)O)C3=CC(=CC=C3)Cl)C4=CC(=C(C=C4NC2=O)Cl)F,6.0,5.913551938687804,Train
CCOC1=C(C=CC(=C1)C(C)(C)C)C2=N[C@@]([C@@](N2C(=O)N3CCN(CC3)CCO)(C)C4=CC=C(C=C4)Cl)(C)C5=CC=C(C=C5)Cl,6.698970004,6.46974027480388,Train
CC(C)(C)C[C@@H]1[C@]2([C@H]([C@@H](N1)C(=O)NC3CCC(CC3)OC(=O)CN)C4=C(C(=CC=C4)Cl)F)C5=C(C=C(C=C5)Cl)NC2=O,6.0,6.032873922039714,Train
CC[C@@H](C)Oc1cc2c(cc1OC)CC(=O)N(c1ccc(C(C)N(CC)C(=O)C3CCN(C(C)=O)CC3)cc1)C2c1ccc(Cl)cc1,7.290730039,7.503749947231903,Train
CC(=O)N1CCN(CC1)C(=O)[C@H]2[C@@H]([C@@]3([C@H](N2)CC(C)(C)C)C4=CC(=C(C=C4NC3=O)Cl)F)C5=CC(=CC=C5)Cl,5.0,5.353380184776271,Train
C1CCC(CC1)NC(=O)C2=C(SC(=C2C3=CC=C(C=C3)Cl)C4=CC=C(C=C4)Cl)N,5.13667714,5.189876074751866,Train
COc1cc(C(N)=O)ccc1NC(=O)[C@@H]1N[C@@H](CC(C)(C)C)[C@@]2(C(=O)Nc3nc(Cl)ccc32)[C@H]1c1cccc(Cl)c1F,7.958607315,7.9738040958275995,Train
COC(C)(c1cccc(Cl)c1F)c1nc2nc(-c3n[nH]c(=O)o3)nc(-c3cncc(Cl)c3)c2n1C[C@H]1CC[C@H](C)CC1,9.205511953,9.201268768180196,Train
CC[C@@H](CN(CC)S(=O)(=O)C1CCC1)N1C(=O)[C@@](C)(CC(=O)O)C[C@H](c2cccc(Cl)c2)[C@H]1c1ccc(Cl)cc1,8.0,8.147409291073336,Train
CC(C)OC1=C(C=C2CC(=O)N([C@H](C2=C1)C3=CC=C(C=C3)Cl)C4=CC=C(C=C4)N(C)CC5CCC(CC5)N(C)C)OC,5.026872146,5.8712081558531155,Train
CC[C@@H](CN(C)S(=O)(=O)C1CC1)N1C(=O)[C@](CC(=O)O)(OC)C[C@H](c2cccc(Cl)c2)[C@H]1c1ccc(Cl)cc1,9.0,8.79382598026628,Train
CCN(CC)N1C(=O)[C@@](C)(CC(=O)O)C[C@H](c2cccc(Cl)c2)[C@H]1c1ccc(Cl)cc1,8.619788758,8.439422776575515,Train
CC[C@@H](C1=NC(=NO1)C2CC2)N3[C@@H]([C@H](C[C@](C3=O)(C)CC(=O)O)C4=CC(=CC=C4)Cl)C5=CC=C(C=C5)Cl,7.096910013,7.2548739380720715,Train
CCOC(=O)CNC(=O)N1[C@H]([C@H](N=C1C2=C(C=C(C=C2)OC)OC(C)C)C3=CC=C(C=C3)Cl)C4=CC=C(C=C4)Cl,5.367542708,5.416289236675834,Train
CN(C[C@H](C1CC1)N1C(=O)[C@@](C)(CC(=O)O)C[C@H](c2cccc(Cl)c2)C1c1ccc(Cl)cc1)S(=O)(=O)c1cccs1,9.522878745,9.319854203474385,Train
C1CC1CN2[C@@H]([C@H](C[C@H](C2=O)CC3=NNN=N3)C4=CC(=CC=C4)Cl)C5=CC=C(C=C5)Cl,6.795880017,6.758001909904988,Train
CC(C)(C)C[C@H]1[C@@]2([C@H]([C@@H](N1)C(=O)NC3CCC(CC3)O)C4=CC(=CC=C4)Cl)C5=C(C=C(C=C5)Cl)NC2=O,7.696803943,7.319280093577003,Train
CC[C@H]1[C@H](C)O[C@]23OC(=O)C[C@@]2(C)C[C@H](c2cccc(Cl)c2)[C@@H](c2ccc(Cl)cc2)N13,8.744727495,8.470585443600038,Train
Fc1ccc(-c2c(-c3nnn[nH]3)nc(C3CCCCC3)n2-c2cccc(Cl)c2F)cc1Cl,8.522878745,8.353075831062847,Train
CC1=C(C(N(C1=O)CC2=CC=CC=C2)(C3=CC=C(C=C3)Cl)OCC4(CC4)CO)C,5.462180905,5.537238170703766,Train
COc1ccc(C(=O)N2CC(O)C2)cc1-c1nc2c(n1C(C)C)C(c1ccc(Cl)cc1C)N(c1cc(Cl)ccc1C)C2=O,9.744727495,9.683571713454194,Train
COC(C)(c1c(F)cccc1F)c1nc2nc(-c3n[nH]c(=O)o3)nc(-c3cncc(Cl)c3)c2n1C[C@H]1CC[C@H](C)CC1,9.223298816,9.212554640323091,Train
COc1ncc(-c2nc3c(n2C(C)C)[C@H](c2ccc(Cl)cc2)N(c2cc(Cl)cnc2O)C3=O)c(OC)n1,9.993533958,9.66881622075774,Train
C=CC[C@H]1C[C@@H]([C@H](N(C1=O)CC2CC2)C3=CC=C(C=C3)Cl)C4=CC(=CC=C4)Cl,5.187086643,5.4300338575484215,Train
COC1=CC(=C(C(=C1)OC)C(=O)/C=C/C2=CC=C(C=C2)F)O,5.356547324,5.435132996198379,Train
COc1nc(N2CC(O)C2)ncc1-c1nc2c(n1C(C)C)C(c1ccc(Cl)cc1)N(c1cc(Cl)ccc1C)C2=O,9.886056648,9.710883480726206,Train
CC[C@@H](CN1CCCS1(=O)=O)N1C(=O)[C@](C)(Cc2cccc(O)n2)C[C@H](c2cccc(Cl)c2)[C@H]1c1ccc(Cl)cc1,7.279014256,7.553456481029989,Train
CC(C)N1C(=O)[C@@H](CC(=O)O)C[C@H](c2cccc(Cl)c2)[C@@]1(C)c1ccc(Cl)cc1,8.468521083,8.10064423625089,Train
C1=CC=C(C=C1)C2=CC(=C(N2C3=CC=C(C=C3)[N+](=O)[O-])C4=CC=CC=C4)C=C5C(=O)NC(=O)NC5=O,6.823908741,6.7068326900862925,Train
Cc1ccccc1S(=O)(=O)C[C@H](C1CC1)N1C(=O)[C@@](C)(CC(=O)O)C[C@H](c2cccc(Cl)c2)[C@H]1c1ccc(Cl)cc1,8.537602002,8.758470176262005,Train
CC1([C@@]2([C@H]([C@@H](N1)C(=O)NC3CCC(CC3)O)C4=C(C(=CC=C4)Cl)F)C5=C(C=C(C=C5)Cl)NC2=O)C,6.821023053,6.724584951296394,Train
COc1cc(C(=O)OC(C)OC(=O)OC2CCCCC2)ccc1NC(=O)[C@@H]1N[C@@H](CC(C)(C)C)[C@](C#N)(c2ccc(Cl)cc2F)[C@H]1c1cccc(Cl)c1F,7.27083521,7.411353845431584,Train
Cc1cc(Cl)ccc1C1c2c(nn(Cc3cscn3)c2C(C)C)C(=O)N1c1cccc(Cl)c1F,8.055517328,8.240663969213308,Train
CC(=O)NC1=CC=C(C=C1)C(=O)NC2=CC=CC=C2N,5.007446482,5.207960305404643,Train
CC(C)(C)C[C@@H]1[C@]2([C@H]([C@@H](N1)C(=O)NCC[C@@H](CO)O)C3=CC(=CC=C3)Cl)C4=CC(=C(C=C4NC2=O)Cl)F,6.790484985,6.707600991674342,Train
CC(C)N1C(=O)[C@@](C)(CC(=O)O)C[C@H](c2cccc(Cl)c2)[C@H]1c1ccc(Cl)cc1,8.22184875,8.165841712917516,Train
CC[C@@H](CS(=O)(=O)CC1CC1)N2[C@@H]([C@H](C[C@](C2=O)(C)CC(=O)O)C3=CC(=CC=C3)Cl)C4=CC=C(C=C4)Cl,9.698970004,9.463578915598367,Train
C1CC1(CO)COC2(C3=C(C=CC=C3Cl)C(=O)N2CC4=CC=C(C=C4)Br)C5=CC=C(C=C5)Cl,6.863279433,6.457222967675746,Train
C[C@@]1(C[C@@H]([C@H](N(C1=O)[C@H](CS(=O)(=O)N(C)C)C2CC2)C3=CC=C(C=C3)Cl)C4=CC(=CC=C4)Cl)CC(=O)O,9.698970004,9.412482660740023,Train
CC[C@@H](c1ncccn1)N1C(=O)[C@@](C)(CC(=O)O)C[C@H](c2cccc(Cl)c2)[C@H]1c1ccc(Cl)cc1,7.22184875,7.448201158235642,Train
CC[C@@H](C(=O)OC(C)(C)C)N1C(=O)[C@@H](CC(=O)O)C[C@H](c2cccc(Cl)c2)[C@H]1c1ccc(Cl)cc1,8.397940009,8.221605874354939,Train
CC(C)(C)C[C@@H]1[C@]2([C@H]([C@@H](N1)C(=O)N[C@H]3CC[C@H](C3)N)C4=C(C(=CC=C4)Cl)F)C5=C(C=C(C=C5)Cl)NC2=O,6.0,6.006650488301524,Train
COc1ccc(C(N)=O)cc1-c1nc2c(n1C(C)C)C(c1ccc(Cl)cc1)N(c1ccc(F)c(Cl)c1)C2=O,10.09691001,9.720183517240578,Train
COc1cc2c(cc1OC1CCC1)[C@H](c1ccc(Cl)cc1)N(c1ccc(N(C)C[C@H]3CC[C@H](N4CC(=O)N(C)C4)CC3)nc1)C(=O)C2,8.677780705,8.499716457409015,Train
CC(C)(C)C[C@@H]1[C@]2([C@H]([C@@H](N1)C(=O)NCC[C@H]3CC[C@@H](C3)N)C4=C(C(=CC=C4)Cl)F)C5=CC(=C(C=C5NC2=O)Cl)F,6.0,6.074351953792383,Train
CC(C)[C@@H](CS(=O)(=O)C)N1[C@@H]([C@H](C[C@](C1=O)(C)CC(=O)O)C2=CC(=CC=C2)Cl)C3=CC=C(C=C3)Cl,9.522878745,9.128251396267157,Train
CC(C)(C)C[C@H]1[C@]([C@H]([C@@H](N1)C(=O)NC2=CC=C(C=C2)C(=O)O)C3=C(C(=CC=C3)Cl)F)(C#N)C4=C(C=C(C=C4)Cl)F,7.657577319,7.61925150804831,Train
CC[C@@H](CS(=O)(=O)C(C)C)N1[C@@H]([C@H](C[C@](C1=O)(C)CC(=O)O)C2=CC(=CC=C2)Cl)C3=CC=C(C=C3)Cl,9.698970004,9.554008779480032,Train
COc1cccc2c1C1=C([C@H](c3ccc(Br)cc3)n3ncnc3N1C)[C@@H](c1ccc(Br)cc1)O2,7.15490196,7.54989965890498,Train
COc1cc2c(cc1OC(C)C)[C@H](c1ccc(Cl)cc1)N(c1ccc(N(C)C[C@H]3CC[C@H](NS(C)(=O)=O)CC3)cc1)C(=O)C2,8.443697499,8.296123136545738,Train
Cc1cc(Cl)ccc1C1c2c(nn(CCC(C)C)c2C(C)C)C(=O)N1c1cccc(Cl)c1F,8.055517328,8.139251343709157,Train
Cc1cc(Cl)ccc1C1c2c(nn(CCO)c2C(C)C)C(=O)N1c1cccc(Cl)c1F,8.229147988,8.17495964237426,Train
CC[C@@H](CS(=O)(=O)C1CC1)N1C(=O)[C@@](C)(CC(=O)O)C[C@H](c2cncc(Cl)c2)[C@H]1c1ccc(Cl)cc1,8.420216403,8.852626652291972,Train
CC[C@@H](CN1CCCS1(=O)=O)N2[C@@H]([C@H](C[C@](C2=O)(C)CC(=O)O)C3=CC(=CC=C3)Cl)C4=CC=C(C=C4)Cl,8.0,8.033275980225676,Train
CCCCC(C)(C)C[C@@H]1[C@]2([C@H]([C@@H](N1C)C(=O)NCC[C@@H](CO)O)C3=CC(=CC=C3)Cl)C4=CC(=C(C=C4NC2=O)Cl)F,5.301029996,5.477770418511878,Train
CC(C)(C)C[C@@H]1[C@]2([C@H]([C@@H](N1)C(=O)NC3CCC(CC3)O)C4=C(C(=CC=C4)F)F)C5=C(C=C(C=C5)Cl)NC2=O,6.756961951,6.871219999612073,Train
CCOC1=C(C=CC(=C1)C(C)(C)C)C2=N[C@@]([C@@](N2C(=O)N3CCN(CC3)CCNS(=O)(=O)C)(C)C4=CC=C(C=C4)Cl)(C)C5=CC=C(C=C5)Cl,6.698970004,6.585374081580365,Train
CC[C@@H](CS(=O)(=O)C(C)(C)C)N1[C@@H]([C@H](C[C@](C1=O)(C)CC(=O)O)C2=CC(=CC=C2)Cl)C3=CC=C(C=C3)Cl,10.0,9.683797016290004,Train
CC[C@@H](CN(CC(F)(F)F)C(=O)C)N1[C@@H]([C@H](C[C@](C1=O)(C)CC(=O)O)C2=CC(=CC=C2)Cl)C3=CC=C(C=C3)Cl,7.522878745,7.517861663052835,Train
C1CCN(CC1)C(=O)C2=C(SC(=C2C3=CC=C(C=C3)Cl)C4=CC=C(C=C4)Cl)N,5.335358024,5.396083439282918,Train
COc1ncc(-c2nc3c(n2C(C)C)C(c2ccc(Cl)cc2)N(C2CCC(=O)N(C)C2)C3=O)c(OC)n1,8.812479279,8.573452811162035,Train
CC[C@@H](CS(=O)(=O)C1COC1)N1C(=O)[C@@](C)(CC(=O)O)C[C@H](c2cccc(Cl)c2)[C@H]1c1ccc(Cl)cc1,9.698970004,9.687825875384377,Train
CC1=NC(=CC=C1)NC(C2=C(C3=C(C=CC=N3)C=C2)O)C4=C(C(=CC(=C4F)F)F)F,5.283996656,5.510845462399318,Train
COc1ncc(-c2nc3c(n2C(C)C)C(c2ccc(C#N)cc2C)N(c2cc(Cl)ccc2C)C3=O)c(OC)n1,9.48148606,9.500230760984492,Train
CC[C@H]([C@H](C1CC1)N2C([C@H](C[C@](C2=O)(C)CC(=O)O)C3=CC(=CC=C3)Cl)C4=CC=C(C=C4)Cl)O,7.22184875,7.364042971212801,Train
C[C@](CCNC(=O)[C@H]1[C@@H]([C@@]2([C@H](N1)CC(C)(C)C)C3=C(C=C(C=C3)Cl)NC2=O)C4=C(C(=CC=C4)Cl)F)(CO)O,5.522878745,5.695329892376551,Train
CC[C@@H](C(=O)OCC)N1[C@@H]([C@H](C[C@@H](C1=O)CC(=O)O)C2=CC(=CC=C2)Cl)C3=CC=C(C=C3)Cl,7.065501549,6.918680047592403,Train
CN(C)N1C(=O)[C@@](C)(CC(=O)O)C[C@H](c2cccc(Cl)c2)[C@H]1c1ccc(Cl)cc1,7.698970004,7.83457313677732,Train
C[C@]1(CC(=O)O)C[C@H](c2cccc(Cl)c2)[C@@H](c2ccc(Cl)cc2)N([C@H](CS(=O)(=O)N2CCC2)C2CC2)C1=O,10.0,9.945430267565616,Train
COCC1=C(SC2=N[C@H]([C@H](N12)C3=CC=C(C=C3)Cl)C4=CC=C(C=C4)Cl)C(=O)N5CCNC(=O)C5,5.148741651,5.345933127455977,Train
CC[C@H](N1C(=O)[C@@](C)(CC(=O)O)C[C@H](c2cccc(Cl)c2)[C@H]1c1ccc(Cl)cc1)C(C)(C)O,8.853871964,8.68934808215031,Train
CC(C)OC1=C(C=C2CC(=O)N([C@H](C2=C1)C3=CC=C(C=C3)Cl)C4=CN=C(C=N4)N(C)CC5CCC(CC5)N6CCN(C(=O)C6)C)OC,8.119186408,8.041506221105818,Train
CC1(CC(C1)NC(=O)[C@H]2[C@@H]([C@]3([C@@H](N2)CC(C)(C)C)C4=CC(=C(C=C4NC3=O)Cl)F)C5=CC(=CC=C5)Cl)O,7.214670165,6.957188247332167,Train
COc1ncc(-c2nc3c(n2[C@H](C)CO)[C@H](c2ccc(Cl)cc2)N(c2cccc(Cl)c2F)C3=O)c(OC)n1,9.970616222,9.561448772324722,Train
C1=CC=C2C(=C1)C(=O)N(C2(C3=CC=C(C=C3)Cl)O)CCC4=CC=C(C=C4)N,5.207608311,5.269227572603171,Train
CC[C@@H](c1nc2ccccc2s1)N1C(=O)[C@@](C)(CC(=O)O)C[C@H](c2cccc(Cl)c2)[C@H]1c1ccc(Cl)cc1,7.15490196,7.465988813566647,Train
CC[C@@H]([C@H](C)O)N1[C@@H]([C@H](C[C@](C1=O)(C)CC(=O)O)C2=CC(=CC=C2)Cl)C3=CC=C(C=C3)Cl,8.37675071,8.139313712877696,Train
CC[C@@H](C1CCC(=O)O1)N2[C@@H]([C@H](C[C@](C2=O)(C)CC(=O)O)C3=CC(=CC=C3)Cl)C4=CC=C(C=C4)Cl,7.698970004,7.612625547399906,Train
C1CC1CN2[C@@H]([C@H](O[C@@H](C2=O)CC(=O)O)C3=CC(=CC=C3)Cl)C4=CC=C(C=C4)Cl,5.301029996,5.696518985832525,Train
CS(=O)(=O)CCN1CCC(CC1)NC(=O)[C@H]2[C@@H]([C@@]3(C4=C(C=C(C=C4)Cl)NC3=O)C5(N2)CCCCC5)C6=C(C(=CC=C6)Cl)F,7.0,6.840839739468126,Train
CN1CCN(CC1)C(=O)C2=C(SC(=C2C3=CC=C(C=C3)Cl)C4=CC=C(C=C4)Cl)N,6.229147988,5.8867528027293305,Train
COC(=O)C(C1=CC=C(C=C1)Cl)N2C(C(=O)NC3=CC=CC=C3C2=O)C4=CC=C(C=C4)Cl,5.253365801,5.380655863822183,Train
COc1nc(N)ncc1-c1nc2c(n1C(C)C)[C@@H](c1ccc(Cl)cc1)N(c1cc(Cl)cn(C)c1=O)C2=O,7.163675884,7.923094786996768,Train
CC(C)(C)C[C@H]1[C@@]2([C@H]([C@@H](N1)C(=O)NC3=CC=C(C=C3)C(=O)N)C4=C(C(=CC=C4)Cl)F)C5=C(C=C(C=C5)Cl)NC2=O,8.301029996,8.030375306104107,Train
CN(C)S(=O)(=O)N(C)C[C@H](C1CC1)N1C(=O)[C@@](C)(CC(=O)O)C[C@H](c2cccc(Cl)c2)[C@H]1c1ccc(Cl)cc1,9.301029996,9.211702891728716,Train
CC(=O)N1CCN(C(=O)Cn2nc3c(c2C(C)C)C(c2ccc(Cl)cc2C)N(c2cc(Cl)ccc2C)C3=O)CC1,8.537602002,8.467113013758366,Train
COC1=CC=C(C=C1)CN2C(=O)C3=CC=CC=C3C2(C4=CC=C(C=C4)Cl)OCC5(CC5)CO,5.552841969,5.656425885943431,Train
CC[C@@H](C)OC1=C(C=C2CC(=O)N(C(C2=C1)C3=CC=C(C=C3)Cl)C4=CC=C(C=C4)N(C)CC5=CC=NC=C5)OC,8.096910013,7.509372549477999,Train
CC(C)S(=O)(=O)C[C@H](C(C)(C)C)N1[C@@H]([C@H](C[C@](C1=O)(C)CC(=O)O)C2=CC(=CC=C2)Cl)C3=CC=C(C=C3)Cl,9.397940009,9.118929870174991,Train
CC(C)C1=C(C(=O)N2[C@H](C)CC[C@H]2C(=O)N2CCNC3(CC3)C2)SC2=N[C@@](C)(c3ccc(Cl)cc3)[C@@H](c3ccc(Cl)c(F)c3)N21,8.119186408,8.178823712430479,Train
CC(C)C[C@@H](C(=O)N)NC(=O)C1(CC1)NC(=O)[C@H](CCC(=O)O)NC(=O)[C@H](CC2=CNC3=C2C=CC(=C3)Cl)NC(=O)[C@H](CC4=CC=C(C=C4)CP(=O)(O)O)NC(=O)C(C)(C)NC(=O)[C@H](CCSC)NC(=O)[C@H](CC5=CC=CC=C5)NC(=O)C,8.301029996,8.192932567589315,Train
CC[C@@H](CS(=O)(=O)CC1CCC1)N1C(=O)[C@@](C)(CC(=O)O)C[C@H](c2cccc(Cl)c2)[C@H]1c1ccc(Cl)cc1,9.301029996,9.451840051014287,Train
C1CC1(CO)COC2(C3=CC=CC=C3C(=O)N2CC4=CC=C(C=C4)C#N)C5=CC=C(C=C5)Cl,5.744727495,5.8571721636110405,Train
CCN1[C@H]([C@@]2([C@H]([C@@H]1C(=O)NC3CC(C3)(C)O)C4=C(C(=CC=C4)Cl)F)C5=C(C=C(C=C5)Cl)NC2=O)CC(C)(C)C,7.0,6.786199827330095,Train
CC(C)NS(=O)(=O)C[C@H](C1CC1)N1C(=O)[C@@](C)(CC(=O)O)C[C@H](c2cccc(Cl)c2)[C@H]1c1ccc(Cl)cc1,10.00877392,9.91857819950322,Train
CC(C)(C)C[C@@H]1[C@]2([C@H]([C@@H](N1)C(=O)NCC[C@@H](CO)O)C3=NC=CC(=C3)Cl)C4=CC(=C(C=C4NC2=O)Cl)F,5.0,5.301856105051563,Train
CC(C)(C)C[C@H]1[C@@]2([C@H]([C@@H](N1)C(=O)NC3=C(C=C(C=C3)C(=O)N)OC)C4=C(C(=CC=C4)Cl)F)C5=C(C=CN=C5)NC2=O,6.853871964,6.910191829035778,Train
CCCN(C(C)=O)C1CCC(N2C(=O)Cc3cc(OC)c(OC(C)C)cc3C2c2ccc(Cl)cc2)CC1,7.102372909,7.452897884433659,Train
CC[C@]1(CC(=O)O)C[C@H](c2cccc(Cl)c2)[C@@H](c2ccc(Cl)cc2)N([C@H](CS(C)(=O)=O)C2CC2)C1=O,9.522878745,9.554372543487615,Train
CN1[C@@H]([C@@H](OCC1=O)C2=CC=C(C=C2)Br)C3=CC=C(C=C3)Br,5.26760624,5.477714421171111,Train
COc1ncc(-c2nc3c(n2C(C)C)C(c2ccc(Cl)cc2)N(c2cncc(Cl)c2)C3=O)c(OC)n1,8.991399828,9.127772754415602,Train
CC(C)(C)C[C@@H]1[C@]2([C@H]([C@@H](N1)C(=O)NCCNS(=O)(=O)C)C3=C(C(=CC=C3)Cl)F)C4=CC(=C(C=C4NC2=O)Cl)F,6.0,6.218814882716227,Train
COC1=CC=CC(=C1OC)/C=C/C(=O)C2=C(C=C(C=C2OC)OC)O,5.455931956,5.504124853990001,Train
C1CCC(CC1)C2=NC(=C(N2C3=C(C(=CC=C3)Cl)F)C4=CC(=C(C=C4)F)Cl)C(=O)O,8.397940009,8.18594630826832,Train
CC1=NC(=C(N1CC2=CC=C(C=C2)OC)CC3=CC=C(C=C3)Cl)CC4=CC=C(C=C4)N,5.468521083,5.870216005250286,Train
C[C@]1(CC(=O)O)C[C@H](c2cccc(Cl)c2)[C@@H](c2ccc(Cl)cc2)N([C@@H](CC(F)(F)F)c2ccccn2)C1=O,7.522878745,7.558049159018045,Train
COc1ncc(-c2nc3c(n2[C@@H](C)CO)C(c2ccc(Cl)cc2)N(c2cc(Cl)ccc2C)C3=O)c(OC)n1,8.759450752,9.155572205878325,Train
CCS(=O)(=O)NC[C@H](C(C)C)N1C(=O)[C@@](C)(CC(=O)O)C[C@H](c2cccc(Cl)c2)[C@H]1c1ccc(Cl)cc1,7.793174124,8.097676057475262,Train
C1CC(CCC1NC(=O)C2=C(SC(=C2C3=CC=C(C=C3)Cl)C4=CC=C(C=C4)Cl)N)O,5.246416941,5.285998073652723,Train
COc1ccccc1-n1nc2c(c1C(C)C)C(c1ccc(C)cc1)N(c1cccc(Cl)c1F)C2=O,8.744727495,8.617141960171752,Train
COc1cnc(N(C)C)nc1-c1nc2c(n1C(C)C)C(c1ccc(Cl)cc1)N(c1cccc(Cl)c1F)C2=O,9.958607315,9.780318479207622,Train
CC[C@@H](C(=O)NCC)N1[C@@H]([C@H](C[C@@H](C1=O)CC(=O)O)C2=CC(=CC=C2)Cl)C3=CC=C(C=C3)Cl,6.387216143,6.614396024622498,Train
COC(=O)CN(C)[C@H]1CC[C@H](CN(C)c2ccc(N3C(=O)Cc4cc(OC)c(OC(C)C)cc4[C@@H]3c3ccc(Cl)cc3)cc2)CC1,8.537602002,8.47600041114826,Train
CSCC[C@H](NC(=O)[C@H](Cc1ccccc1)NC(C)=O)C(=O)NC(C)(C)C(=O)N[C@@H](Cc1ccc(CP(=O)([O-])[O-])cc1)C(=O)N[C@@H](Cc1c[nH]c2cc(Cl)ccc12)C(=O)N[C@@H](CCC(=O)O)C(=O)NC1(C(=O)N[C@@H](CC(C)C)C(N)=O)CC1,8.301029996,8.283598027352468,Train
COc1cc2c(cc1OC(C)C)[C@H](c1ccc(Cl)cc1)N(c1ccc(N(C)C[C@H]3CC[C@H](N(CC(N)=O)CC(N)=O)CC3)cc1)C(=O)C2,8.744727495,8.590407374939236,Train
CC[C@@H](CS(=O)(=O)CC)N1C(=O)[C@@](C)(CC(=O)O)C[C@H](c2cccc(Cl)c2)[C@H]1c1ccc(Cl)cc1,9.522878745,9.504914250164815,Train
C=CC[C@@]1(C)C[C@H](c2cccc(Cl)c2)[C@@H](c2ccc(Cl)cc2)N([C@@H](CC)COc2cccnc2)C1=O,7.522878745,7.764816174426654,Train
CC[C@@H](C1=CC=CC=N1)N2[C@@H]([C@H](C[C@](C2=O)(C)CC(=O)O)C3=CC(=CC=C3)Cl)C4=CC=C(C=C4)Cl,7.522878745,7.464744161448703,Train
C1CC1(CO)COC2(C3=CC=CC=C3C(=O)N2CC4=CC=C(C=C4)[N+](=O)[O-])C5=CC=C(C=C5)Cl,6.647817482,6.612473795585218,Train
COc1ncc(-c2nc3c(n2C(C)C)C(c2ccc(Cl)cc2)N(C2CN(C)C(=O)N(C)C2)C3=O)c(OC)n1,8.552841969,8.45953021010755,Train
CC(C)(C)C[C@H]1[C@@]2([C@H]([C@@H](N1)C(=O)NC3=C(C=C(C=C3)C(=O)O)OC)C4=C(C(=CC=C4)Cl)F)C5=CN=C(N=C5NC2=O)Cl,7.602059991,7.533122866128223,Train
CC[C@@H](C)Oc1cc2c(cc1OC)CC(=O)N(c1ccc(C(C)N(CC)C(=O)C3CCNCC3)cc1)C2c1ccc(Cl)cc1,7.326058001,7.702472315309722,Train
CCCN1C(=O)C2=CC=CC=C2C1(C3=CC=C(C=C3)Cl)OCC4=CC(=C(C(=C4)OC)O)OC,5.27572413,5.560268631077032,Train
CC(C)(C)C[C@@H]1[C@]2([C@H]([C@@H](N1)C(=O)NC3CCN(CC3)CCF)C4=C(C(=CC=C4)Cl)F)C5=C(C=C(C=C5)Cl)NC2=O,6.0,6.0738351852898305,Train
CC[C@@H](C(=O)NC(C)(C)C)N1C(=O)[C@@](C)(CC(=O)O)C[C@H](c2cccc(Cl)c2)[C@H]1c1ccc(Cl)cc1,8.22184875,8.252159510470767,Train
C[C@]1(CC(=O)O)C[C@H](c2cccc(Cl)c2)[C@@H](c2ccc(Cl)cc2)N([C@H]2CC[C@@H](O)[C@H]2O)C1=O,7.301029996,7.514117762648814,Train
C1=CC=C2C(=C1)C(=O)N(C2(C3=CC=C(C=C3)Cl)OCC4=CC=C(C=C4)CO)CC5=CC=C(C=C5)[N+](=O)[O-],6.008773924,6.124537035788496,Train
CC[C@@H](CN1CC(F)(F)C1)N1C(=O)[C@@](C)(CC(=O)O)C[C@H](c2cccc(Cl)c2)[C@H]1c1ccc(Cl)cc1,8.301029996,8.094726731306027,Train
C1=CC=C2C(=C1)C3=C(C(N4C(=NC=N4)N3CC#N)C5=CC=C(C=C5)Br)C(O2)C6=CC=C(C=C6)Br,6.13667714,6.104485645843729,Train
CC(C)(C)C[C@H]1[C@]([C@H]([C@@H](N1)C(=O)NCC[C@@H](CO)O)C2=CC(=CC=C2)Cl)(C#N)C3=CC=C(C=C3)Cl,6.707743929,6.530004729824404,Train
CC(C)c1c2c(nn1Cc1nnn[nH]1)C(=O)N(c1cccc(Cl)c1F)C2c1ccc(Cl)cc1,7.790484985,7.806766517775442,Train
C[C@@]1(C[C@@H]([C@H](N(C1=O)[C@H](CS(=O)(=O)N2CCOCC2)C3CC3)C4=CC=C(C=C4)Cl)C5=CC(=CC=C5)Cl)CC(=O)O,8.494850022,8.794533341587517,Train
CCC(CN1CCCC1=O)N2C(C(CC(C2=O)CC(=O)O)C3=CC(=CC=C3)Cl)C4=CC=C(C=C4)Cl,6.853871964,6.821147391302015,Train
C1CCC(C1)C[C@@H]2[C@]3([C@H]([C@@H](N2)C(=O)NC4CCC(CC4)O)C5=C(C(=CC=C5)Cl)F)C6=C(C=C(C=C6)Cl)NC3=O,5.522878745,5.90742024180692,Train
CC[C@@H](C)OC1=C(C=C2CC(=O)N([C@@H](C2=C1)C3=CC=C(C=C3)Cl)C4=CC=C(C=C4)N(C)CC5=CC=NC=C5)OC,5.931443105,7.509372549477999,Train
CCC(CN(C)S(=O)(=O)C1CC1)N1C(=O)[C@H](C(C)C(=O)O)C[C@H](c2cccc(Cl)c2)[C@H]1c1ccc(Cl)cc1,7.698970004,8.000913829566686,Train
COc1cc(C(N)=O)ccc1NC(=O)C1NC(CC(C)(C)C)C2(C(=O)Nc3cc(Cl)sc32)C1c1cccc(Cl)c1F,7.397940009,7.824225086450567,Train
CCOC(=O)[C@H](C1CC1)N2[C@@H]([C@H](C[C@@H](C2=O)CC(=O)O)C3=CC(=CC=C3)Cl)C4=CC=C(C=C4)Cl,7.397940009,7.179061999604603,Train
C1=CC=C2C(=C1)C3=C(C(N4C(=NC=N4)N3CC(=O)O)C5=CC=C(C=C5)Br)C(O2)C6=CC=C(C=C6)Br,6.040958608,6.217751852893498,Train
COC[C@@H](C)n1c(-c2cnc(N(C)C)nc2OC)nc2c1C(c1ccc(Cl)cc1)N(c1cc(Cl)c(=O)n(C)c1)C2=O,9.841637508,9.422359710085644,Train
CC[C@@H](C1=NC=CS1)N2[C@@H]([C@H](C[C@](C2=O)(C)CC(=O)O)C3=CC(=CC=C3)Cl)C4=CC=C(C=C4)Cl,7.301029996,7.308466883172696,Train
C1=CC=C(C=C1)C2=NC(=C(N2C3=C(C(=CC=C3)Cl)F)C4=CC(=C(C=C4)F)Cl)C(=O)O,8.522878745,8.243273139231674,Train
COc1cc2c(cc1OC(C)C)[C@H](c1ccc(Cl)cc1)N(c1ccc(N(C)C[C@H]3CC[C@H](N4CCN(C)C(=O)C4)CC3)cn1)C(=O)C2,8.15490196,8.290302317201844,Train
C1CC(CC1O)OC2(C3=CC=CC=C3C(=O)N2CC4=CC=CC=C4)C5=CC=C(C=C5)Cl,5.522878745,5.585282399962957,Train
CCc1ccc(C#N)cc1-c1nc2c(n1C(C)C)C(c1ccc(Cl)cc1C)N(c1cc(Cl)ccc1C)C2=O,9.37675071,9.455493423513673,Train
CNC(=O)[C@H]1CC[C@H](N2C(=O)c3nc(-c4cnc(OC)nc4OC)n(C(C)C)c3C2c2ccc(Cl)cc2)CC1,8.251037139,8.247861314805409,Train
CC1(C)CCC2(CC1)N[C@@H](C(=O)N[C@H]1CC[C@H](O)CC1)[C@H](c1cccc(Cl)c1F)[C@]21C(=O)Nc2cc(Cl)ccc21,8.187086643,7.92518992905395,Train
COCC(C)(F)c1nc2nc(-c3n[nH]c(=O)o3)nc(-c3cncc(Cl)c3)c2n1C[C@H]1CC[C@H](C)CC1,8.405276054,8.369083747573264,Train
CC[C@@H](CN(C)S(=O)(=O)CC)N1C(=O)[C@@](C)(CC(=O)O)C[C@H](c2cc(F)cc(Cl)c2)[C@H]1c1ccc(Cl)cc1,9.397940009,8.996388027902585,Train
CC(C)(C)C[C@@H]1[C@]2([C@H]([C@@H](N1)C(=O)NC3CCC(CC3)O)C4=C(C(=CC=C4)Cl)F)C5=CC(=C(C=C5NC2=O)F)F,6.0,6.171694349396478,Train
CC(C)(C)C(=O)ONCCCN1C2=C(C(N3C1=NC=N3)C4=CC=C(C=C4)Br)C(OC5=CC=CC=C52)C6=CC=C(C=C6)Br,5.356547324,5.761821663035086,Train
CCC(C)(C)C[C@@H]1[C@]2([C@H]([C@@H](N1)C(=O)NCC[C@@H](CO)O)C3=CC(=CC=C3)Cl)C4=CC(=C(C=C4NC2=O)Cl)F,6.0,5.927820126356371,Train
COC(=O)C(C1=CC=C(C=C1)Cl)N2C(C(=S)NC3=C(C2=O)C=CC(=C3)Cl)C4=CC=C(C=C4)C(F)(F)F,5.034798299,5.241265878856053,Train
C1CC1CN2[C@@H]([C@H](C[C@@H](C2=O)CCC(=O)O)C3=CC(=CC=C3)Cl)C4=CC=C(C=C4)Cl,5.178486472,5.372946531347282,Train
C1=CC=C2C(=C1)C(=O)N(C2(C3=CC=C(C=C3)Cl)OCC#CCO)CC4=CC=C(C=C4)[N+](=O)[O-],6.180456064,6.205084148897486,Train
CC[C@@H](CNS(=O)(=O)C1CCC1)N1C(=O)[C@@](C)(CC(=O)O)C[C@H](c2cccc(Cl)c2)[C@H]1c1ccc(Cl)cc1,8.886056648,8.712576078138763,Train
Cc1cc(Cl)ccc1C1c2c(nn(-c3ccc(C#N)cc3)c2C(C)C)C(=O)N1c1cccc(Cl)c1F,8.161150909,8.484891723827625,Train
CC[C@@H](CC(C)O)N1C(=O)[C@@](C)(CC(=O)O)C[C@H](c2cccc(Cl)c2)[C@H]1c1ccc(Cl)cc1,8.397940009,8.295131069328418,Train
CCCN1[C@@H]([C@H](CCC1=O)C2=CC(=CC=C2)Cl)C3=CC=C(C=C3)Cl,5.721246399,5.767115449883513,Train
C1CC1CN2[C@H]([C@H](O[C@@H](C2=O)CC(=O)O)C3=CC(=CC=C3)Cl)C4=CC=C(C=C4)Cl,5.935542011,5.696518985832525,Train
CC[C@@H](C(=O)OC(C)(C)C)N1[C@@H]([C@H](C[C@](C1=O)(C)CC(=O)O)C2=NC=CC(=C2)Cl)C3=CC=C(C=C3)Cl,7.698970004,7.646018988759521,Train
CC[C@@H](CS(=O)(=O)NC1COC1)N1C(=O)[C@@](C)(CC(=O)O)C[C@H](c2cccc(Cl)c2)[C@H]1c1ccc(Cl)cc1,9.698970004,9.662817203178488,Train
CC(=O)N1CC(C1)NC(=O)[C@H]2[C@@H]([C@@]3(C4=C(C=C(C=C4)Cl)NC3=O)C5(N2)CCCCC5)C6=C(C(=CC=C6)Cl)F,7.772113295,7.329094843980325,Train
C[C@@]1(C[C@@H]([C@H](N(C1=O)[C@@H](CC(F)F)C2=CC=CC=N2)C3=CC=C(C=C3)Cl)C4=CC(=CC=C4)Cl)CC(=O)O,7.397940009,7.378297037324,Train
CC[C@@H](c1cccc(C)n1)N1C(=O)[C@@](C)(CC(=O)O)C[C@H](c2cccc(Cl)c2)[C@H]1c1ccc(Cl)cc1,8.0,8.002059420908834,Train
CC(C)(C)C[C@H]1[C@]([C@H]([C@@H](N1)C(=O)NC2=CC3=C(C=C2)C=C(C=C3)C(=O)O)C4=C(C(=CC=C4)Cl)F)(C#N)C5=C(C=C(C=C5)Cl)F,7.657577319,7.612918081421438,Train
CC[C@H]([C@@H](C)O)N1C(=O)[C@@](C)(CC(=O)O)C[C@H](c2cccc(Cl)c2)[C@H]1c1ccc(Cl)cc1,8.958607315,8.74942983930864,Train
CC[C@@H](CS(=O)(=O)CC)N1[C@@H]([C@H](C[C@](C1=O)(C)CC(=O)O)C2=CC(=CC=C2)Cl)C3=CC=C(C=C3)Cl,9.522878745,9.299704252282938,Train
COc1ccc(CC(=O)N(C)C)cc1-c1nc2c(n1C(C)C)C(c1ccc(Cl)cc1)N(c1cccc(Cl)c1F)C2=O,9.769551079,9.630330016361393,Train
C1CCC2(CC1)[C@@]3([C@H]([C@@H](N2)C(=O)NCCCC(=O)O)C4=C(C(=CC=C4)Cl)F)C5=C(C=C(C=C5)Cl)NC3=O,8.026872146,7.938336153250646,Train
C1CC1(CO)COC2(C3=C(C=C(C=C3)Br)C(=O)N2CC4=CC=C(C=C4)[N+](=O)[O-])C5=CC=C(C=C5)Cl,5.987162775,6.03794787965353,Train
CC[C@@H]1CNC2(CC2)CN1C(=O)[C@@H]1C[C@@H](F)CN1C(=O)C1=C(C(C)C)N2C(=N[C@@](C)(c3ccc(Cl)nc3)[C@H]2c2ccc(Cl)c(F)c2)S1,8.619788758,8.580666676241734,Train
CC[C@@H]([C@@H](C)O)N1[C@@H]([C@H](C[C@](C1=O)(C)CC(=O)O)C2=CC(=CC=C2)Cl)C3=CC=C(C=C3)Cl,8.0,8.139313712877696,Train
CC[C@@H](CC(C)(O)C(F)(F)F)N1C(=O)[C@@](C)(CC(=O)O)C[C@H](c2cccc(Cl)c2)[C@H]1c1ccc(Cl)cc1,7.15490196,7.598909300951477,Train
C1CCC(CC1)NC(=S)C2=C(SC(=C2C3=CC=C(C=C3)Cl)C4=CC=C(C=C4)Cl)N,5.130181792,5.3560849776290915,Train
CC(F)(c1c(F)cccc1F)c1nc2nc(-c3n[nH]c(=O)o3)nc(-c3cncc(Cl)c3)c2n1C[C@H]1CC[C@H](C)CC1,9.539102157,9.278676081636762,Train
CC[C@@H](C)Oc1cc2c(cc1OC)CC(=O)N(c1ccc(C(C)N3CCN(C(C)=O)CC3)cc1)C2c1ccc(Cl)cc1,7.818156412,7.886149478123006,Train
C1CC1CN2[C@@H]([C@@H](O[C@H](C2=O)CCCO)C3=CC(=CC=C3)Cl)C4=CC=C(C=C4)Cl,5.160521953,5.451791871445843,Train
C1CCC2(CC1)[C@@]3([C@H]([C@@H](N2)C(=O)NC4CCC(CC4)O)C5=C(C(=CC=C5)Cl)F)C6=C(C=C(C=C6)Cl)NC3=O,7.764471553,7.497856286333526,Train
CC(C)OC1=C(C=C2CC(=O)N([C@H](C2=C1)C3=CC=C(C=C3)Cl)C4=CC=C(C=C4)N(C)CC5CCC(CC5)N6CCNC(=O)C6)OC,8.795880017,8.482938948102474,Train
CCOC1=C(C=C2C(N(C(=O)CC2=C1)C3=CC=C(C=C3)OC)C4=CC=C(C=C4)Cl)OCC,6.26760624,6.048101840271529,Train
Cc1cc(Cl)ccc1C1c2c(nn(CC(=O)N3CCC(O)CC3)c2C(C)C)C(=O)N1c1cc(Cl)ccc1C,8.214670165,8.305682576315501,Train
CC[C@@H](CS(=O)(=O)C1CCC1)N2[C@@H]([C@H](C[C@](C2=O)(C)CC(=O)O)C3=CC(=CC=C3)Cl)C4=CC=C(C=C4)Cl,9.698970004,9.614662448340033,Train
C=CCn1nc2c(c1C(C)C)C(c1ccc(Cl)cc1C)N(c1cc(Cl)ccc1C)C2=O,8.959002308,8.753616629629324,Train
CC[C@@H](O)[C@H](C1CC1)N1C(=O)[C@@](C)(CC(=O)O)C[C@H](c2cccc(Cl)c2)C1c1ccc(Cl)cc1,7.22184875,7.678853548564279,Train
CN1C2=C(C(N3C1=NC=N3)C4=CC=C(C=C4)Cl)C(OC5=CC=CC=C52)C6=CC=C(C=C6)Cl,5.91721463,5.82008451122351,Train
CC(C)C1=C(SC2=N[C@@]([C@H](N12)C3=CC=C(C=C3)Cl)(C)C4=CC=C(C=C4)Cl)C(=O)N5CCC[C@H]5C(=O)N6CCNC(=O)C6,7.102372909,7.189391436067971,Train
CC(C)N1C2=C(C(=O)N([C@H]2C3=CC=C(C=C3)Cl)C4=CC(=CN(C4=O)C)Cl)N=C1C5=CN=C(N=C5OC)OC,9.677780705,8.48815995548646,Train
CC(C)(C)C[C@@H]1[C@]2([C@H]([C@@H](N1)C(=O)NCC[C@@H](CNC(C)(C)C)O)C3=CC(=CC=C3)Cl)C4=CC(=C(C=C4NC2=O)Cl)F,5.698970004,5.817909968383065,Train
C1CN(CCC1=O)C(=O)C2=C(SC(=C2C3=CC=C(C=C3)Cl)C4=CC=C(C=C4)Cl)N,5.872895202,5.67243806785335,Train
C1CC1CN2[C@@H]([C@H](C[C@H](C2=O)CC(=O)O)C3=CC(=CC=C3)Cl)C4=CC=C(S4)Cl,6.657577319,6.471785876137871,Train
CC(C)(C)C[C@H]1[C@@]2([C@H]([C@@H](N1)C(=O)NC3=C(C=C(C=C3)C(=O)N)OC)C4=C(C(=CC=C4)Cl)F)C5=C(C=C(C=C5F)Cl)NC2=O,8.301029996,8.037787972421453,Train
COC(=O)C(C1=CC=C(C=C1)Cl)N2C(C(=S)NC3=C(C2=O)C=CC(=C3)C(F)(F)F)C4=CC=C(C=C4)Cl,5.168770306,5.436761806722334,Train
CC[C@@H](CN(C)S(=O)(=O)C1CC1)N2[C@@H]([C@H](C[C@](C2=O)(C)CC(=O)O)C3=CC(=CC=C3)Cl)C4=CC=C(C=C4)Cl,9.045757491,8.613922420091084,Train
CC[C@@H](CN1Cc2ccccc2S1(=O)=O)N1C(=O)[C@@](C)(CC(=O)O)C[C@H](c2cccc(Cl)c2)[C@H]1c1ccc(Cl)cc1,8.301029996,8.387779212809532,Train
CCC(CC)N1[C@@H]([C@H](C[C@](C1=O)(C)CC(=O)O)C2=CC(=CC=C2)Cl)C3=NC=C(C=C3)Cl,7.301029996,6.742940927073812,Train
CCCN1C(=O)C(=C(C1(C2=CC=C(C=C2)Cl)OCC3(CC3)CO)C)C,5.050609993,5.404936595655653,Train
CCN(CC)CCC(=O)N1C(C(N=C1C2=C(C=C(C=C2)OC)OC(C)C)C3=CC=C(C=C3)Cl)C4=CC=C(C=C4)Cl,5.417936637,5.608017040496423,Train
CC1(CC(C1)NC(=O)[C@H]2[C@@H]([C@@]3([C@H](N2)CC(C)(C)C)C4=C(C=C(C=C4)Cl)NC3=O)C5=CC(=CC=C5)Cl)O,7.318758763,7.156803668508643,Train
C[C@H]([C@@H](C(=O)N[C@@H](CC1=CC=CC=C1)C(=O)N[C@@H](CCC(=O)O)C(=O)N[C@@H](CCCCNC(=O)C)C(=O)N[C@@H](CC2=CC=C(C=C2)O)C(=O)N[C@@H](CC3=CNC4=CC=CC=C43)C(=O)N[C@@H](C)C(=O)N[C@@H](CCC(=O)N)C(=O)N[C@@H](CC(C)C)C(=O)N[C@@H]([C@@H](C)O)C(=O)N[C@@H](CO)C(=O)N)NC(=O)[C@H](CC(C)C)NC(=O)C)O,7.113509275,7.140476070299738,Train
CC(C)(C)C[C@@H]1N[C@@H](C(=O)N[C@H]2C[C@@](C)(O)C2)[C@H](c2cccc(Cl)c2)[C@]12C(=O)Nc1cc(Cl)ccc12,7.744727495,7.794850656796414,Train
C1CC(CCC1NC(=O)[C@H]2[C@@H]([C@]3([C@@H](N2)C4=CC=CC=C4)C5=C(C=C(C=C5)Cl)NC3=O)C6=C(C(=CC=C6)Cl)F)O,6.301029996,6.44836137429977,Train
C1=CC=C2C(=C1)C(=O)N(C2(C3=CC=C(C=C3)Cl)O)CCC4=CC=C(C=C4)[N+](=O)[O-],5.207608311,5.291517911306386,Train
O=C(N[C@H]1CC[C@H](C(=O)O)CC1)[C@@H]1NC2(CCCCC2)[C@@]2(C(=O)Nc3cc(Cl)ccc32)[C@H]1c1cccc(Cl)c1F,8.356547324,8.185005199786046,Train
C1CC1(CO)COC2(C3=CC(=C(C=C3C(=O)N2CC4=CC=C(C=C4)[N+](=O)[O-])Cl)Cl)C5=CC=C(C=C5)Cl,5.435333936,5.761562879883538,Train
CC(C)(C)NS(=O)(=O)C[C@H](C1CC1)N1C(=O)[C@@](C)(CC(=O)O)C[C@H](c2cccc(Cl)c2)[C@H]1c1ccc(Cl)cc1,10.04095861,9.932267892552126,Train
C1=CC=C(C=C1)C2=CC(=C(N2C3=CC=C(C=C3)[N+](=O)[O-])C4=CC=CC=C4)C=C5C(=O)NC(=S)NC5=O,6.769551079,6.575486570869201,Train
Cc1cc(Cl)ccc1C1c2c(nn(CCN3CCCC3=O)c2C(C)C)C(=O)N1c1cc(Cl)ccc1C,8.769551079,8.653139852855155,Train
CC(C(CCNC(=O)[C@H]1[C@@H]([C@@]2([C@H](N1)CC(C)(C)C)C3=CC(=C(C=C3NC2=O)Cl)F)C4=CC(=CC=C4)Cl)O)O,5.698970004,5.852005198219616,Train
C[C@@]1(C[C@@H]([C@H](N(C1=O)C2CCC2)C3=CC=C(C=C3)Cl)C4=CC(=CC=C4)Cl)CC(=O)O,7.15490196,7.07495842660445,Train
C[C@H]1CC[C@H](Cn2c(C3(c4ccccc4F)CC3)nc3nc(-c4noc(=O)[nH]4)nc(-c4cncc(Cl)c4)c32)CC1,8.226213555,8.444640570600336,Train
CC(C)(C)C[C@H]1[C@@]2([C@H]([C@@H](N1)C(=O)NC3=C(C=C(C=C3)C(=O)N)OC)C4=C(C(=CC=C4)Cl)F)C5=C(C=C(S5)Cl)NC2=O,8.15490196,7.397700339282627,Train
CC(C)(C)C[C@H]1[C@@]2([C@H]([C@@H](N1)C(=O)NC3=C(C=C(C=C3)C(=O)O)OC)C4=C(C(=CC=C4)Cl)F)C5=CN=C(C=C5NC2=O)Cl,7.327902142,7.45415747345744,Train
CC(C)[C@@H](CS(=O)(=O)C(C)(C)C)N1C(=O)[C@@](C)(CC(=O)O)C[C@H](c2cccc(Cl)c2)[C@H]1c1ccc(Cl)cc1,9.22184875,9.071193125414066,Train
O=C(O)C[C@@]1(CCN2CCCC2)C[C@H](c2cccc(Cl)c2)[C@@H](c2ccc(Cl)cc2)N(CC2CC2)C1=O,7.22184875,7.39827866199092,Train
CC1(CS(=O)(=O)C[C@H](C2CC2)N2C(=O)[C@@](C)(CC(=O)O)C[C@H](c3cccc(Cl)c3)[C@H]2c2ccc(Cl)cc2)COC1,10.0,9.834455260715034,Train
CC[C@@H](CS(=O)(=O)CC)N1C(=O)[C@@](C)(CC(=O)O)C[C@H](c2cc(F)cc(Cl)c2)[C@H]1c1ccc(Cl)cc1,9.698970004,9.543062092022872,Train
CC(C)(C)C[C@H]1[C@@]2([C@H]([C@@H](N1)C(=O)NC3CCC(CC3)O)C4=C(C(=CC=C4)F)F)C5=C(C=C(C=C5)Cl)NC2=O,7.209714836,6.871219999612073,Train
C[C@@]1(C[C@@H]([C@H](N(C1=O)[C@@H]2CCCOC2)C3=CC=C(C=C3)Cl)C4=CC(=CC=C4)Cl)CC(=O)O,6.677780705,6.812204053524564,Train
COC(C)(c1c(F)cccc1F)c1nc2nc(-c3noc(=O)[nH]3)nc(-c3cncc(Cl)c3)c2n1C[C@H]1CC[C@H](C)CC1,9.344861565,9.277905464335598,Train
CC(C)(C)C[C@@H]1[C@]2([C@H]([C@@H](N1)C(=O)NCCCN3CCCC3)C4=CC(=CC=C4)Cl)C5=CC(=C(C=C5NC2=O)Cl)F,6.0,5.856060797033053,Train
O=C(N[C@H]1CC[C@H](O)CC1)[C@@H]1NC2(CCC(F)(F)CC2)[C@@]2(C(=O)Nc3cc(Cl)ccc32)[C@H]1c1cccc(Cl)c1F,7.387216143,7.54242318823607,Train
Cc1cc(Cl)ccc1C1c2c(nn(CC(=O)N3CCNC(=O)C3)c2C(C)C)C(=O)N1c1cc(Cl)ccc1C,8.356547324,8.362760775836625,Train
CC1=C(N=CC=C1)N2[C@@H]([C@H](C[C@](C2=O)(C)CC(=O)O)C3=CC(=CC=C3)Cl)C4=CC=C(C=C4)Cl,7.522878745,7.444982070513333,Train
CC1(CC(C1)NC(=O)[C@H]2[C@@H]([C@]3([C@@H](N2)CC(C)(C)C)C4=C(C(=C(C=C4)Cl)F)NC3=O)C5=C(C(=CC=C5)Cl)F)O,7.0,6.806981345535767,Train
CN1CCC2=C3[C@@H]1CC4=C(C3=CC=C2)C(=C(C=C4)O)O,6.756961951,6.332619106743944,Train
CC(C)CC(C)(C)C[C@@H]1[C@]2([C@H]([C@@H](N1)C(=O)NCC[C@@H](CO)O)C3=CC(=CC=C3)Cl)C4=CC(=C(C=C4NC2=O)F)F,6.0,5.901203520506609,Train
CC[C@@H](COC)N1[C@@H]([C@H](C[C@H](C1=O)CC(=O)O)C2=CC(=CC=C2)Cl)C3=CC=C(C=C3)Cl,6.537602002,6.7940023682230875,Train
C1CC1(CO)COC2(C3=C(C=CC(=C3)F)C(=O)N2CC4=CC=C(C=C4)[N+](=O)[O-])C5=CC=C(C=C5)Cl,6.530177984,6.378119899243521,Train
CC[C@@H](CCO)N1C(=O)[C@@](C)(CC(=O)O)C[C@H](c2cccc(Cl)c2)[C@H]1c1ccc(Cl)cc1,8.698970004,8.46043235993824,Train
CC[C@@H](C(C)(C)O)N1[C@@H]([C@H](C[C@](C1=O)(C)CC(=O)O)C2=CC(=CC=C2)Cl)C3=CC=C(C=C3)Cl,8.853871964,8.552550188637147,Train
CCC(CN(C)S(=O)(=O)C1CC1)N1C(=O)[C@H](CC(=O)O)C[C@H](c2cccc(Cl)c2)[C@H]1c1ccc(Cl)cc1,7.920818754,7.883415318428348,Train
C[C@@]1(C[C@@H]([C@H](N(C1=O)C2=CN(N=C2)C)C3=CC=C(C=C3)Cl)C4=CC(=CC=C4)Cl)CC(=O)O,6.522878745,6.6311169650685065,Train
CCOc1cc(C(C)(C)C)ccc1C1=N[C@@](C)(c2ccc(Cl)cc2)[C@@](C)(c2ccc(Cl)cc2)N1C(=O)N1CCNCC1,7.522878745,7.6010412560413805,Train
CC[C@@H](CN1CC(OC1=O)(C)C)N2[C@@H]([C@H](C[C@](C2=O)(C)CC(=O)O)C3=CC(=CC=C3)Cl)C4=CC=C(C=C4)Cl,7.698970004,7.728008922518377,Train
COc1nc(N)ncc1-c1nc2c(n1C(C)C)C(c1ccc(Cl)cc1C)N(c1cc(Cl)ccc1C)C2=O,9.468521083,9.417629004214621,Train
CC[C@@H](CN1C(C)(C)c2ccccc2S1(=O)=O)N1C(=O)[C@@](C)(CC(=O)O)C[C@H](c2cccc(Cl)c2)[C@H]1c1ccc(Cl)cc1,8.698970004,8.619014516300734,Train
CC[C@]1(CC(=O)O)C[C@H](c2cccc(Cl)c2)C(c2ccc(Cl)cc2)N([C@H](CN(C)S(=O)(=O)C2CC2)C2CC2)C1=O,9.0,8.977388121379995,Train
CC(C)C1=C(SC2=NC(C(N12)C3=CC=C(C=C3)Cl)C4=CC=C(C=C4)Cl)C(=O)N5CCNC(=O)C5,6.795880017,6.34270031619941,Train
CC1=CC(=C(N1C2=CC=C(C=C2)Cl)C)C=C3C(=O)NC(=S)NC3=O,6.142667504,5.922364184834277,Train
CC1=CC(=NC=C1)NC(C2=CC(=C(C=C2)OC)O)C3=C(C4=C(C=CC=N4)C=C3)O,5.37675071,5.357924120097237,Train
Cc1cc(Cl)ccc1C1c2c(nn(C3CCOCC3)c2C(C)C)C(=O)N1c1cccc(Cl)c1F,7.744727495,7.850405606747179,Train
CC(C)(C)C[C@@H]1N[C@@H](C(=O)N[C@H]2C[C@@](C)(O)C2)[C@H](c2cccc(F)c2F)[C@]12C(=O)Nc1cc(Cl)ccc12,7.568636236,7.596846378519119,Train
CC1(CCC(CC1)NC(=O)[C@H]2[C@@H]([C@]3([C@@H](N2)CC(C)(C)C)C4=C(C=C(C=C4)Cl)NC3=O)C5=C(C(=CC=C5)Cl)F)O,8.096910013,7.5673427499268975,Train
COC(=O)C(C1=CC=C(C=C1)Cl)N2C(C(=S)NC3=C(C2=O)C=CC(=C3)NCC4=CC=C(C=C4)C(F)(F)F)C5=CC=C(C=C5)Cl,5.542118103,5.907876733567945,Train
CC(C)N1C(=O)[C@H](CC(=O)O)C[C@H](c2cccc(Cl)c2)[C@@]1(C)c1ccc(Cl)cc1,7.73754891,8.10064423625089,Train
C1CC1CN2[C@@H]([C@@H](C[C@H](C2=O)CC(=O)O)C3=CC(=CC=C3)Cl)C4=CC=C(C=C4)Cl,5.616184634,6.0515817670643735,Train
COc1cc2c(cc1OC(C)C)C(c1ccc(Cl)cc1)N(C1CCC(C(C)(O)CC(C)C)CC1)C(=O)C2,8.408935393,8.280432623117264,Train
CN(C)CCCN1C2=C(C(N3C1=NC=N3)C4=CC=C(C=C4)Br)C(OC5=CC=CC=C52)C6=CC=C(C=C6)Br.C(=O)(C(F)(F)F)O,5.124938737,5.767343814016607,Train
CC(C)(C)C[C@H]1N[C@@H](C(=O)NC2CCC(O)CC2)[C@H](c2cccc(Cl)c2F)[C@@]12C(=O)Nc1cc(Cl)ccc12,7.2069084,7.63615652983249,Train
COc1ccc(C(=O)N(C)C)cc1-c1nc2c(n1C(C)C)C(c1ccc(C#N)cc1C)N(c1cc(Cl)ccc1C)C2=O,9.568636236,9.39342113172653,Train
CC(C)C[C@H](NC(=O)[C@H](CCC(N)=O)NC(=O)[C@H](C)NC(=O)[C@H](Cc1c[nH]c2ccccc12)NC(=O)[C@H](Cc1ccc(O)cc1)NC(=O)[C@H](Cc1cnc[nH]1)NC(=O)[C@H](CCC(=O)O)NC(=O)[C@H](Cc1ccccc1)NC(=O)[C@@H](NC(=O)[C@@H](N)CC(C)C)[C@@H](C)O)C(=O)N[C@H](C(=O)N[C@@H](CO)C(N)=O)[C@@H](C)O,7.283996656,7.523412528485989,Train
COc1ncc(-c2nc3c(n2C(C)C)[C@H](c2ccc(C#N)cc2)N(c2cccc(Cl)c2F)C3=O)c(OC)n1,9.795880017,9.5470081839614,Train
C1CC(CCC1NC(=O)[C@H]2[C@@H]([C@]3(C4=C(C=C(C=C4)Cl)NC3=O)C5(N2)CCOCC5)C6=C(C(=CC=C6)Cl)F)O,5.301029996,6.111189612024804,Train
C1CCC2(C1)[C@@]3([C@H]([C@@H](N2)C(=O)NC4CCC(CC4)O)C5=C(C(=CC=C5)Cl)F)C6=C(C=C(C=C6)Cl)NC3=O,7.455931956,7.068237214360406,Train
CC(C)(C)OC(=O)[C@H](C1CC1)N2[C@@H]([C@H](C[C@@H](C2=O)CC(=O)O)C3=CC(=CC=C3)Cl)C4=CC=C(C=C4)Cl,7.522878745,7.478533107072187,Train
CC[C@@H](C1=CC(=NO1)C)N2[C@@H]([C@H](C[C@](C2=O)(C)CC(=O)O)C3=CC(=CC=C3)Cl)C4=CC=C(C=C4)Cl,7.397940009,7.409138568916738,Train
CC[C@@H](C)Oc1cc2c(cc1OC)CC(=O)N(c1ccc(N(C)C[C@H]3CC[C@H](N)CC3)cc1)C2c1ccc(Cl)cc1,8.431798276,8.236002699735842,Train
CC[C@H](C)[C@@H](C(=O)OC1CCC(CC1)NC(=O)[C@H]2[C@@H]([C@@]3([C@H](N2)CC(C)(C)C)C4=C(C=C(C=C4)Cl)NC3=O)C5=C(C(=CC=C5)Cl)F)N,6.0,6.032331781246192,Train
C[C@H]([C@@H](C(=O)N[C@@H](CC1=CC=CC=C1)C(=O)N[C@@H](CCC(=O)O)C(=O)N[C@@H](CC2=CN=CN2)C(=O)N[C@@H](CCCCNC(=O)C)C(=O)N[C@@H](CC3=CNC4=CC=CC=C43)C(=O)N[C@@H](C)C(=O)N[C@@H](CCC(=O)N)C(=O)N[C@@H](CC(C)C)C(=O)N[C@@H]([C@@H](C)O)C(=O)N[C@@H](CO)C(=O)N)NC(=O)[C@H](CC(C)C)NC(=O)C)O,5.795880017,6.276737598073542,Train
CC(C)C[C@@H](C(=O)OC1CCC(CC1)NC(=O)[C@H]2[C@@H]([C@@]3([C@H](N2)CC(C)(C)C)C4=C(C=C(C=C4)Cl)NC3=O)C5=C(C(=CC=C5)Cl)F)N,5.522878745,5.752779939626671,Train
COC1(c2nc3nc(-c4noc(=O)[nH]4)nc(-c4cncc(Cl)c4)c3n2C[C@H]2CC[C@H](C)CC2)COC1,8.025166045,8.031207507204181,Train
CC1=C(C(=NO1)C(=O)N2CCN(CC2)C(C3=CC=C(C=C3)Cl)C4=CC=C(C=C4)Cl)[N+](=O)[O-],7.119186408,6.686710058492496,Train
C1CCN(C1)C(=O)C2=C(SC(=C2C3=CC=C(C=C3)Cl)C4=CC=CC=C4)N,5.236572006,5.3565360093481935,Train
CC[C@@H](CNS(=O)(=O)c1ccc(C)cc1)N1C(=O)[C@@](C)(CC(=O)O)C[C@H](c2cccc(Cl)c2)[C@H]1c1ccc(Cl)cc1,9.0,8.874791364035566,Train
C[C@H](O)[C@H](C1CC1)N1C(=O)[C@@](C)(CC(=O)O)C[C@H](c2cccc(Cl)c2)[C@H]1c1ccc(Cl)cc1,8.698970004,8.766508562181464,Train
CCOC(=O)CNC(=O)C[C@H]1C[C@@H]([C@H](N(C1=O)CC2CC2)C3=CC=C(C=C3)Cl)C4=CC(=CC=C4)Cl,5.623423043,5.725064445551429,Train
CC[C@@H](C1=NC=CC=N1)N2[C@@H]([C@H](C[C@](C2=O)(C)CC(=O)O)C3=CC(=CC=C3)Cl)C4=CC=C(C=C4)Cl,7.22184875,7.299334723824188,Train
CC(C)(C)C[C@@H]1[C@]2([C@H]([C@@H](N1)C(=O)NC3CCN(CC3)S(=O)(=O)C)C4=C(C(=CC=C4)Cl)F)C5=C(C=C(C=C5)Cl)NC2=O,7.0,6.76448774552437,Train
C1=CC=C2C(=C1)C3=C(C(N4C(=NC=N4)N3CCC(=O)O)C5=CC=C(C=C5)Br)C(O2)C6=CC=C(C=C6)Br,6.292429824,6.232620737330727,Train
CC(C)C1=C(SC2=NC(C(N12)C3=CC=C(C=C3)Cl)(C)C4=CC=C(C=C4)Cl)C(=O)N5CCC[C@H]5C(=O)N(C)C,7.229147988,7.504081286788146,Train
CC(C)(C)C[C@@H]1[C@]2([C@H]([C@@H](N1)C(=O)NC3CCC(CC3)O)C4=C(C(=CC=C4)Cl)F)C5=C(C=C(C=C5)Cl)NC2=O,7.2069084,6.930987045548708,Train
COC1=CC=CC=C1/C=C/C(=O)C2=NC3=CC=CC=C3N2,5.319664487,5.307305234543767,Train
C1CC1CN2[C@@H]([C@@H](O[C@H](C2=O)CCO)C3=CC(=CC=C3)Cl)C4=CC=C(C=C4)Cl,6.055517328,5.834745942268066,Train
COc1cc2c(cc1OC(C)C)[C@H](c1ccc(Cl)cc1)N(c1ccc(N(C)C[C@H]3CC[C@H](N4CC(=O)N(C)C4)CC3)cc1)C(=O)C2,8.744727495,8.634295665148462,Train
C1=CC=C(C=C1)C2=C(N(C=N2)CC3=CC=C(C=C3)Cl)C4=CNC5=C4C=CC(=C5)Cl,6.698970004,6.25862847334577,Train
CC[C@@H](CNS(=O)(=O)C1CC1)N1C(=O)[C@@](C)(CC(=O)O)C[C@H](c2cncc(Cl)c2)[C@H]1c1ccc(Cl)cc1,8.337242168,8.338204954509834,Train
CC[C@@H](COCC1CC1)N1C(=O)[C@@](C)(CC(=O)O)CC(c2cccc(Cl)c2)C1c1ccc(Cl)cc1,8.698970004,8.261355789633308,Train
COC(=O)C(C1=CC=C(C=C1)Cl)N2C(C(=S)NC3=C(C2=O)C=C(C=C3)Cl)C4=CC=C(C=C4)Cl,5.050122296,5.164247219856493,Train
CC[C@@H]([C@@H](C)S(=O)(=O)CC)N1C(=O)[C@@](C)(CC(=O)O)C[C@H](c2cccc(Cl)c2)[C@H]1c1ccc(Cl)cc1,9.397940009,9.340076333746197,Train
CC[C@@H](COCC1CC1)N2[C@@H]([C@H](C[C@@H](C2=O)CC(=O)O)C3=CC(=CC=C3)Cl)C4=CC=C(C=C4)Cl,7.522878745,7.14211329751422,Train
COc1ncc(-c2nc3c(n2C(C)C)C(c2ccc(Cl)cc2)N(c2cc(C)nnc2OC)C3=O)c(OC)n1,8.227238353,8.560880377870959,Train
CC(C)(C)C[C@@H]1N[C@@H](C(=O)NC2CCC(O)CC2)[C@H](c2cccc(Cl)c2F)[C@]12C(=O)Nc1cc(Cl)ccc12,8.086186148,7.63615652983249,Train
CC[C@@H](CCC(C)(C(F)(F)F)O)N1[C@@H]([C@H](C[C@](C1=O)(C)CC(=O)O)C2=CC(=CC=C2)Cl)C3=CC=C(C=C3)Cl,8.0,7.8866042492405395,Train
CC[C@@H](CN1CCOCC1)N1C(=O)[C@@](C)(CC(=O)O)C[C@H](c2cccc(Cl)c2)[C@H]1c1ccc(Cl)cn1,7.301029996,7.451841918593608,Train
CN(C[C@H](C1CC1)N1C(=O)[C@@](C)(CC(=O)O)C[C@H](c2cccc(Cl)c2)C1c1ccc(Cl)cc1)S(=O)(=O)c1ccc(Cl)s1,9.301029996,9.199857007392483,Train
C[C@@]1(C[C@@H]([C@H](N(C1=O)[C@H](CS(=O)(=O)N2CCC2)C3CC3)C4=CC=C(C=C4)Cl)C5=CC(=CC=C5)Cl)CC(=O)O,10.0,9.685659559242508,Train
Cc1cc(Cl)ccc1C1c2c(nn(-c3ccc(C(N)=O)cc3)c2C(C)C)C(=O)N1c1cccc(Cl)c1F,7.93930216,8.312397150610458,Train
COc1cc(C(=O)OCOC(=O)NCC(=O)O)ccc1NC(=O)[C@@H]1N[C@@H](CC(C)(C)C)[C@](C#N)(c2ccc(Cl)cc2F)[C@H]1c1cccc(Cl)c1F,8.086716098,8.034170421924514,Train
COc1cc(C(N)=O)ccc1NC(=O)[C@@H]1N[C@@H](CC(C)(C)C)[C@@]2(C(=O)Nc3cc(Cl)sc32)[C@H]1c1cccc(Cl)c1F,8.15490196,7.824225086450567,Train
CC1=CC(=C(N1C2=CC=C(C=C2)Cl)C)/C=C/3\C(=O)NC(=S)N(C3=O)C4=CC=CC=C4,5.48148606,5.635732795302646,Train
CCC[C@@H](C(=O)OCC)N1[C@@H]([C@H](CCC1=O)C2=CC(=CC=C2)Cl)C3=CC=C(C=C3)Cl,5.853871964,5.807141927516499,Train
CC(C)[C@@H](CN(C)S(=O)(=O)C1CC1)N2[C@@H]([C@H](C[C@](C2=O)(C)CC(=O)O)C3=CC(=CC=C3)Cl)C4=CC=C(C=C4)Cl,9.698970004,9.313628179523153,Train
CC(C)(CCO)C[C@@H]1[C@]2([C@H]([C@@H](N1)C(=O)NCC[C@@H](CO)O)C3=CC(=CC=C3)Cl)C4=CC(=C(C=C4NC2=O)Cl)F,5.301029996,5.590070531769573,Train
C[C@@]1(C[C@@H]([C@H](N(C1=O)C(C2CC2)C3CC3)C4=CC=C(C=C4)Cl)C5=CC(=CC=C5)Cl)CC(=O)O,8.0,7.589578831727129,Train
CCN1CCN(CCn2nc3c(c2C(C)C)C(c2ccc(Cl)cc2)N(c2cccc(Cl)c2F)C3=O)C1=O,8.050609993,8.007511243156369,Train
CC(C)OC1=C(C=CC(=C1)OC)C2=NC(C(N2C(=O)NCC(=O)N3CCOCC3)C4=CC=C(C=C4)Cl)C5=CC=C(C=C5)Cl,5.081445469,5.246993691248942,Train
CC[C@@H](CN1C[C@H]2C[C@@H]1CO2)N1C(=O)[C@@](C)(CC(=O)O)C[C@H](c2cccc(Cl)c2)[C@H]1c1ccc(Cl)cc1,7.15490196,7.511103361276967,Train
CC[C@]1(CC(=O)O)C[C@H](c2cccc(Cl)c2)[C@@H](c2ccc(Cl)cc2)N([C@H](CS(=O)(=O)C2CC2)C2CC2)C1=O,9.522878745,9.528706305762904,Train
CC(C)(C)C[C@@H]1[C@]2([C@H]([C@@H](N1)C(=O)NCCC(=O)CO)C3=CC(=CC=C3)Cl)C4=CC(=C(C=C4NC2=O)Cl)F,6.0,6.086389272223288,Train
CC(C)(C)C1=C(SC2=N[C@H]([C@H](N12)C3=CC=C(C=C3)Cl)C4=CC=C(C=C4)Cl)C(=O)N5CCNC(=O)C5,5.522878745,5.895100096260853,Train
CC[C@@H](CN1CCCC1=O)N1C(=O)[C@@](C)(CC(=O)O)C[C@H](c2cccc(Cl)c2)[C@H]1c1ccc(Cl)cc1,8.15490196,8.076902801251755,Train
CC[C@@H](CC(C)(C(F)(F)F)O)N1[C@@H]([C@H](C[C@](C1=O)(C)CC(=O)O)C2=CC(=CC=C2)Cl)C3=CC=C(C=C3)Cl,6.920818754,7.307581023891844,Train
CC[C@@H]([C@@H](C)O)N1C(=O)[C@@](C)(CC(=O)O)C[C@H](c2cccc(Cl)c2)[C@H]1c1ccc(Cl)cc1,8.698970004,8.74942983930864,Train
C1=CC=C2C(=C1)C3=C(C(N4C(=NC=N4)N3)C5=CC=C(C=C5)Br)C(O2)C6=CC=C(C=C6)Br,5.411168274,5.570317844887281,Train
CC[C@@H](C1=NC2=CC=CC=C2S1)N3[C@@H]([C@H](C[C@](C3=O)(C)CC(=O)O)C4=CC(=CC=C4)Cl)C5=CC=C(C=C5)Cl,7.045757491,7.170932925011936,Train
CCCS(=O)(=O)C[C@H](C1CC1)N1C(=O)[C@@](CC)(CC(=O)O)C[C@H](c2cccc(Cl)c2)[C@H]1c1ccc(Cl)cc1,9.698970004,9.627732555284856,Train
CC(C)(C)C[C@H]1[C@@]2([C@H]([C@@H](N1)C(=O)NC3=C(C=C(C=C3)C(=O)O)OC)C4=C(C(=CC=C4)Cl)F)C5=C(NC2=O)N=C(C=C5)Cl,7.744727495,7.6359091422808145,Train
CCOc1cc(C(C)(C)C)ccc1C1=N[C@@](C)(c2ccc(Cl)cc2)[C@@](C)(c2ccc(Cl)cc2)N1C(=O)N1CCN(CCC(F)(F)F)CC1,7.657577319,7.7064576569946315,Train
CCC1=C(SC2=N[C@H]([C@H](N12)C3=CC=C(C=C3)Cl)C4=CC=C(C=C4)Cl)C(=O)N5CCNC(=O)C5,5.744727495,5.797707583993414,Train
CC(C)(C)C[C@@H]1[C@]2([C@H]([C@@H](N1)C(=O)NCC[C@@H](CO)O)C3=CC(=C(C=C3)F)F)C4=CC(=C(C=C4NC2=O)F)F,5.0,5.332641835809811,Train
CC(C)(C)NC(=O)Cc1ccc(Cl)c(F)c1-n1c(C2CCCCC2)nc(-c2nnc(N)o2)c1-c1ccc(F)c(Cl)c1,8.698970004,8.57408751796085,Train
CC[C@@H](CC(C)(C)O)N1[C@@H]([C@H](C[C@](C1=O)(C)CC(=O)O)C2=CC(=CC=C2)Cl)C3=CC=C(C=C3)Cl,9.0,8.552459102085205,Train
CN1CCN(CCNC(=O)[C@@H]2N[C@H](CC(C)(C)C)[C@]3(C(=O)Nc4cc(Cl)ccc43)[C@H]2c2cccc(Cl)c2F)CC1,7.590066877,7.663692527868511,Train
CC(C)c1c2c(nn1Cc1ncc[nH]1)C(=O)N(c1cccc(Cl)c1F)C2c1ccc(Cl)cc1,7.469800302,7.631336171806878,Train
CC[C@@H](CN1CCN(S(C)(=O)=O)CC1)N1C(=O)[C@@](C)(CC(=O)O)C[C@H](c2cccc(Cl)c2)[C@H]1c1ccc(Cl)cc1,8.096910013,8.105343754824343,Train
CC(C)(C)C[C@@H]1[C@]2([C@H]([C@@H](N1)C(=O)NCCCN3CCCCC3)C4=C(C(=CC=C4)Cl)F)C5=C(C=C(C=C5)Cl)NC2=O,5.0,5.248345064570494,Train
COc1nc(N(C)C)ncc1-c1nc2c(n1C(C)C)C(c1ccc(Cl)cc1)N(c1cc(Cl)cnc1O)C2=O,9.853871964,9.667910023884021,Train
CCS(=O)(=O)C[C@H](C(C)C)N1C(=O)[C@@](C)(CC(=O)O)C[C@H](c2cccc(Cl)c2)[C@H]1c1ccc(Cl)cc1,9.301029996,9.386992785517457,Train
C[C@]1(CC(=O)O)C[C@H](c2cccc(Cl)c2)[C@@H](c2ccc(Cl)cc2)N([C@H](CNS(C)(=O)=O)C2CC2)C1=O,9.522878745,9.135367879051241,Train
CC[C@@H](CCS(=O)(=O)C(C)C)N1C(=O)[C@@](C)(CC(=O)O)C[C@H](c2cccc(Cl)c2)[C@H]1c1ccc(Cl)cc1,8.522878745,8.372752111951677,Train
CC[C@@H](C(=O)NC(C)(C)C)N1[C@@H]([C@H](C[C@](C1=O)(C)CC(=O)O)C2=CC(=CC=C2)Cl)C3=CC=C(C=C3)Cl,7.698970004,7.676282099591346,Train
CC1=CC(=CC=C1)C2=NC(=C(N2C3=C(C=CC(=C3)Cl)C)C4=CC(=CC=C4)Cl)C(=O)O,8.096910013,7.811855723167415,Train
C[C@H]([C@@H](C(=O)N[C@@H](CC1=CC=CC=C1)C(=O)N[C@@H](CCC(=O)O)C(=O)N[C@@H](CC2=CN=CN2)C(=O)N[C@@H](CC3=CC=C(C=C3)O)C(=O)N[C@@H](CC4=CNC5=CC=CC=C54)C(=O)N[C@@H](C)C(=O)N[C@@H](CCCCNC(=O)C)C(=O)N[C@@H](CC(C)C)C(=O)N[C@@H]([C@@H](C)O)C(=O)N[C@@H](CO)C(=O)N)NC(=O)[C@H](CC(C)C)NC(=O)C)O,7.318758763,7.1838304256539836,Train
COC(=O)C1=C(SC(=C1C2=CC=C(C=C2)Cl)C3=CC=C(C=C3)Cl)N,5.555955204,5.494875438433964,Train
Nc1nnc(-c2nc(C3CCCCC3)n(-c3cccc(Cl)c3F)c2-c2ccc(F)c(Cl)c2)o1,8.22184875,8.18221122709412,Train
COC1(c2nc3nc(-c4n[nH]c(=O)o4)nc(-c4cncc(Cl)c4)c3n2C[C@H]2CC[C@H](C)CC2)CCOc2cccnc21,8.130006,8.250132159696449,Train
CC[C@@H](CS(=O)(=O)C(C)(C)C)N1C(=O)[C@@](CC)(CC(=O)O)C[C@H](c2cccc(Cl)c2)[C@H]1c1ccc(Cl)cc1,10.0,9.876885159830554,Train
CC[C@@H](CC(C(F)(F)F)(O)O)N1[C@@H]([C@H](C[C@](C1=O)(C)CC(=O)O)C2=CC(=CC=C2)Cl)C3=CC=C(C=C3)Cl,8.0,7.92611028150141,Train
CC(=O)NCCCC[C@H](NC(=O)[C@H](CCC(=O)O)NC(=O)[C@H](Cc1ccccc1)NC(=O)[C@@H](NC(=O)[C@H](CC(C)C)NC(C)=O)[C@@H](C)O)C(=O)N[C@@H](Cc1ccc(O)cc1)C(=O)N[C@@H](Cc1c[nH]c2ccccc12)C(=O)N[C@@H](C)C(=O)N[C@@H](CCC(N)=O)C(=O)N[C@@H](CC(C)C)C(=O)N[C@H](C(=O)N[C@@H](CO)C(N)=O)[C@@H](C)O,7.113509275,7.50275609025357,Train
CC[C@@H](CS(=O)(=O)C1CC1)N1C(=O)[C@@](CC)(CC(=O)O)C[C@H](c2cccc(Cl)c2)[C@H]1c1ccc(Cl)cc1,9.522878745,9.550915925224198,Train
C[C@@](CCNC(=O)[C@H]1[C@@H]([C@@]2([C@H](N1)CC(C)(C)C)C3=C(C=C(C=C3)Cl)NC2=O)C4=C(C(=CC=C4)Cl)F)(CO)O,5.522878745,5.695329892376551,Train
CC(F)(c1ccccc1C#N)c1nc2nc(-c3noc(=O)[nH]3)nc(-c3cncc(Cl)c3)c2n1C[C@H]1CC[C@H](C)CC1,9.288192771,9.196870335547562,Train
N=C(N)Nc1cccc(C(=O)NCC(=O)N[C@@H](CC(=O)O)C(=O)NC(c2ccccc2)c2ccccc2)c1,7.142667504,7.399687149733831,Train
COc1nc(N2CCC[C@H](O)C2)ncc1-c1nc2c(n1C(C)C)C(c1ccc(C#N)cc1)N(c1cccc(Cl)c1F)C2=O,9.496209317,9.024909583587931,Train
C1CCC2(CC1)[C@@]3([C@H]([C@@H](N2)C(=O)NC4=CC(=C(C=C4)C(=O)O)F)C5=C(C(=CC=C5)Cl)F)C6=C(C=C(C=C6)Cl)NC3=O,8.142667504,7.92776662927665,Train
CC1(CC(C1)NC(=O)[C@H]2[C@@H]([C@]3([C@@H](N2)CC(C)(C)C)C4=CC(=C(C=C4NC3=O)F)F)C5=C(C(=CC=C5)Cl)F)O,7.455931956,6.984079636798415,Train
CC[C@@H](CCS(=O)(=O)C(C)C)N1[C@@H]([C@H](C[C@](C1=O)(C)CC(=O)O)C2=CC(=CC=C2)Cl)C3=CC=C(C=C3)Cl,8.0,8.206168131646985,Train
CC[C@@H](C)Oc1cc2c(cc1OC)CC(=O)N(c1ccc(N(C)CC3CCCNC3)cc1)C2c1ccc(Cl)cc1,8.327902142,8.302247329575634,Train
CC(C)(CN1C2=C(C(N3C1=NC=N3)C4=CC=C(C=C4)Br)C(OC5=CC=CC=C52)C6=CC=C(C=C6)Br)O,6.431798276,6.24122256107353,Train
C=CC[C@H]1C(=O)N([C@@H]([C@@H](O1)C2=CC(=CC=C2)Cl)C3=CC=C(C=C3)Cl)CC4CC4,5.853871964,5.722319257655288,Train
C1CCC(CC1)C[C@@H]2[C@]3([C@H]([C@@H](N2)C(=O)NCC[C@@H](CO)O)C4=CC(=CC=C4)Cl)C5=CC(=C(C=C5NC3=O)Cl)F,6.0,5.815726167290922,Train
CC1(CC(C1)NC(=O)[C@H]2[C@@H]([C@]3([C@@H](N2)CC(C)(C)C)C4=C(C=C(C=C4)Cl)NC3=O)C5=C(C=CC(=C5)Cl)F)O,6.798602876,6.871846864801547,Train
CCCN1[C@@H]([C@H](C[C@H](C1=O)CC(=O)O)C2=CC(=CC=C2)Cl)C3=CC=C(C=C3)Cl,6.387216143,6.270767250820268,Train
COc1ccc(C(=O)N2CCOCC2)cc1-c1nc2c(n1C(C)C)C(c1ccc(Cl)cc1)N(c1ccc(F)c(Cl)c1)C2=O,9.823908741,9.742959353452703,Train
C[C@H]1CC[C@H](N1C(=O)C2=C(N3[C@@H]([C@](N=C3S2)(C)C4=CC=C(C=C4)Cl)C5=CC=C(C=C5)Cl)C(C)C)C(=O)N(C)C,7.853871964,7.7128074518082075,Train
CCOc1cc(C(C)(C)C)ccc1C1=N[C@@](C)(c2ccc(Cl)cc2)[C@@](C)(c2ccc(Cl)cc2)N1C(=O)N1CCN(CCNS(C)(=O)=O)CC1,7.337242168,7.898100881218772,Train
CCOc1cc(C(C)(C)C)ccc1C1=N[C@@](C)(c2ccc(Cl)cc2)[C@@](C)(c2ccc(Cl)cc2)N1C(=O)N1CCN(C(C)=O)CC1,7.638272164,7.659208272733051,Train
COc1ccc(C2=N[C@@H](c3ccc(Cl)cc3)[C@@H](c3ccc(Cl)cc3)N2C(=O)N2CCNC(=O)C2)c(OC(C)C)c1,7.214670165,7.4642453237616735,Train
COc1cc(C(=O)O)ccc1NC(=O)[C@H]1N[C@H](CC(C)(C)C)[C@]2(C(=O)Nc3cc(Cl)sc32)[C@@H]1c1cccc(Cl)c1F,7.244125144,7.709282637897141,Train
CC[C@]1(CC(=O)O)C[C@H](c2cccc(Cl)c2)[C@@H](c2ccc(Cl)cc2)N([C@H](CS(=O)(=O)C2CCCC2)C2CC2)C1=O,9.698970004,9.676076422621577,Train
COc1cc(C(=O)OC(C)OC(=O)N2CCS(=O)(=O)CC2)ccc1NC(=O)[C@@H]1N[C@@H](CC(C)(C)C)[C@](C#N)(c2ccc(Cl)cc2F)[C@H]1c1cccc(Cl)c1F,7.920818754,8.10246094353501,Train
CCC(CC)N1[C@@H]([C@H](C[C@H](C1=O)CC(=O)O)C2=CC(=CC=C2)Cl)C3=CC=C(C=C3)Cl,6.568636236,6.6160414589376,Train
CC[C@@H](C(=O)OCC)N1[C@@H]([C@H](CCC1=O)C2=CC(=CC=C2)Cl)C3=CC=C(C=C3)Cl,6.026872146,5.749947353635336,Train
C1=CC=C(C=C1)C2=CC(=C(N2C3=CC=C(C=C3)Cl)C4=CC=CC=C4)/C=C/5\C(=O)NC(=S)N(C5=O)C6=CC(=CC=C6)Cl,6.787812396,6.833187310788435,Train
CC(C)(C)C[C@@H]1N[C@@H](C(=O)NC2CCC(O)CC2)[C@H](c2cccc(F)c2F)[C@]12C(=O)Nc1cc(Cl)ccc12,7.209714836,7.359732454748873,Train
CC[C@@H](CN1CCOC(C1)(C)C)N2[C@@H]([C@H](C[C@](C2=O)(C)CC(=O)O)C3=CC(=CC=C3)Cl)C4=CC=C(C=C4)Cl,8.0,7.963800139410205,Train
CC[C@@H](CNCC(F)(F)F)N1[C@@H]([C@H](C[C@@H](C1=O)CC(=O)O)C2=CC(=CC=C2)Cl)C3=CC=C(C=C3)Cl,6.769551079,6.85398175984837,Train
C1CCC(CC1)C2=NC(=C(N2C3=C(C(=CC=C3)Cl)F)C4=CC(=C(C=C4)F)Cl)C(=O)N,7.744727495,7.236495800706009,Train
COc1cnc(CC#N)cc1-c1nc2c(n1C(C)C)C(c1ccc(Cl)cc1C)N(c1cc(Cl)cn(C)c1=O)C2=O,8.962573502,8.982729843497202,Train
C1CCC(C1)NC(=O)C2=C(SC(=C2C3=CC=C(C=C3)Cl)C4=CC=C(C=C4)Cl)N,5.168130226,5.318179801929009,Train
CC[C@@H](CN(C)S(=O)(=O)C)N1C([C@H](C[C@](C1=O)(C)CC(=O)O)C2=CC(=CC=C2)Cl)C3=CC=C(C=C3)Cl,8.0,8.040709469437362,Train
CC[C@@H](CS(=O)(=O)C(C)C)N1C(=O)[C@@](C)(CC(=O)O)C[C@H](c2cccc(Cl)c2)[C@H]1c1ccc(Cl)cc1,9.698970004,9.678151527810474,Train
CN1C2=C(C(N3C1=NC=N3)C4=CC=C(C=C4)Br)C(OC5=C2C=CC=C5Cl)C6=CC=C(C=C6)Br,5.455931956,5.64040610584116,Train
CC[C@@H](COCC1(CC1)C(=O)N)N2[C@@H]([C@H](C[C@H](C2=O)CC(=O)O)C3=CC(=CC=C3)Cl)C4=CC=C(C=C4)Cl,6.619788758,6.730504727952494,Train
CC[C@@H](CN1CCOCC1C)N1C(=O)[C@@](C)(CC(=O)O)C[C@H](c2cccc(Cl)c2)[C@H]1c1ccc(Cl)cc1,8.698970004,8.490573894550842,Train
CC(C)OC1=C(C=C2CC(=O)N([C@H](C2=C1)C3=CC=C(C=C3)Cl)C4=CN=C(C=C4)N(C)CC5CCC(CC5)N6CC(=O)N(C6)C)OC,7.943095149,8.004405988128516,Train
CCC(CNCC)N1C(C(CC(C1=O)CC(=O)O)C2=CC(=CC=C2)Cl)C3=CC=C(C=C3)Cl,6.30980392,6.47440029234033,Train
CNC(=O)Cn1nc2c(c1C(C)C)C(c1ccc(Cl)cc1C)N(c1cccc(Cl)c1F)C2=O,7.943095149,8.00698944763373,Train
C1COCCN1CCNC(=O)C2=C(C3=C(N2)C=C(C=C3)Cl)C4=C(N=CN4CC5=CC=C(C=C5)Cl)C6=CC=CC=C6,7.522878745,7.036777363250025,Train
CCOc1cc(C(C)(C)C)ccc1C1=N[C@@](C)(c2ccc(Cl)cc2)[C@@](C)(c2ccc(Cl)cc2)N1C(=O)N1CCN(CCO)CC1,7.585026652,7.608316973426042,Train
C1=CC=C(C=C1)CNC(=O)C2=C(SC(=C2C3=CC=C(C=C3)Cl)C4=CC=C(C=C4)F)N,5.002176919,5.106906959237994,Train
COc1cc2c(cc1OC(C)C)[C@H](c1ccc(Cl)cc1)N(c1ccc([C@H](C)N3CCNCC3=O)cc1)C(=O)C2,8.148741651,7.9945571299596585,Train
C1CCN(C1)CC[C@@]2(C[C@@H]([C@H](N(C2=O)CC3CC3)C4=CC=C(C=C4)Cl)C5=CC(=CC=C5)Cl)CC(=O)O,7.22184875,7.164732283504098,Train
Cc1cc(Cl)ccc1C1c2c(nn(Cc3ccncc3)c2C(C)C)C(=O)N1c1cccc(Cl)c1F,8.207608311,8.107143173462422,Train
C[C@H]1CC[C@H](Cn2c(C3(c4ccccn4)CC3)nc3nc(-c4nc(=O)o[nH]4)nc(-c4cccc(Cl)c4)c32)CC1,7.770574152,7.952043672798769,Train
CCCCC(C)(O)C1CCC(N2C(=O)Cc3cc(OC)c(OC(C)C)cc3C2c2ccc(Cl)cc2)CC1,8.200659451,8.10298916976402,Train
CC[C@@H](Cn1cc(C(F)(F)F)ccc1=O)N1C(=O)[C@@](C)(CC(=O)O)C[C@H](c2cccc(Cl)c2)[C@H]1c1ccc(Cl)cc1,7.920818754,8.019461255172256,Train
CC[C@@H]1CC[C@H](N1C(=O)C2=C(N3[C@@H]([C@](N=C3S2)(C)C4=CC=C(C=C4)Cl)C5=CC=C(C=C5)Cl)C(C)C)C(=O)N6CCN([C@@H](C6)C)C,7.537602002,7.614629640470835,Train
CC(C)(C)OC(=O)[C@H](C1CC1)N1C(=O)[C@@H](CC(=O)O)C[C@H](c2cccc(Cl)c2)[C@H]1c1ccc(Cl)cc1,8.22184875,8.280905813992034,Train
O=C(O)c1ccc(CNC(=O)[C@@H]2NC3(CCCCC3)[C@@]3(C(=O)Nc4cc(Cl)ccc43)[C@H]2c2cccc(Cl)c2F)cc1,8.004364805,7.976385571493857,Train
C1CC1C2=C(SC3=N[C@H]([C@H](N23)C4=CC=C(C=C4)Cl)C5=CC=C(C=C5)Cl)C(=O)N6CCNC(=O)C6,5.022276395,5.436778656712394,Train
CC(C)(C)C[C@@H]1[C@]2([C@H]([C@@H](N1)C(=O)NCCC(C)(CO)O)C3=CC(=CC=C3)Cl)C4=CC(=C(C=C4NC2=O)Cl)F,6.0,5.939634071291736,Train
CC[C@@H](CO)N1[C@@H]([C@@H](O[C@H](C1=O)CC(=O)O)C2=CC(=CC=C2)Cl)C3=CC=C(C=C3)Cl,6.214670165,6.436511611214992,Train
CC1=NC(=CC=C1)NC(C2=CC(=C(C=C2)OC)O)C3=C(C4=C(C=CC=N4)C=C3)O,5.37675071,5.364361695782164,Train
CCOC(=O)[C@H](CC)N1C(=O)[C@@H](CC(=O)O)C[C@H](c2cccc(Cl)c2)[C@H]1c1ccc(Cl)cc1,7.22184875,7.381998963155164,Train
COc1cc2c(cc1OC(C)C)[C@H](c1ccc(Cl)cc1)N(C1CCC([C@@](C)(O)C3CCOCC3)CC1)C(=O)C2,7.903089987,7.697219035165794,Train
C[C@@H]1CC[C@H](N1C(=O)C2=C(N3[C@@H]([C@](N=C3S2)(C)C4=CC=C(C=C4)Cl)C5=CC=C(C=C5)Cl)C(C)C)C(=O)N6CCNC7(C6)CC7,8.022276395,7.890402594563555,Train
COc1cc2c(cc1OC(C)C)[C@H](c1ccc(Cl)cc1)N(c1cnc(N(C)C[C@H]3CC[C@H](N4CC(=O)N(C)C4)CC3)cn1)C(=O)C2,8.366531544,8.234281577119003,Train
CN(C)S(=O)(=O)NC[C@H](C1CC1)N1C(=O)[C@@](C)(CC(=O)O)C[C@H](c2cccc(Cl)c2)[C@H]1c1ccc(Cl)cc1,9.301029996,9.207337758060387,Train
O=C(NC1CCC(O)CC1)[C@@H]1NC2(CCCC2)[C@@]2(C(=O)Nc3cc(Cl)ccc32)[C@H]1c1cccc(Cl)c1F,7.378823718,7.4646664425497375,Train
COc1ncc(-c2nc3c(n2C(C)C)[C@H](c2ccc(Cl)cc2)N(c2cc(Cl)c(=O)n(C)c2)C3=O)c(OC)n1,9.906578315,9.602873262531093,Train
CC(C)(C)C[C@@H]1N[C@@H](C(=O)Nc2ccc(C(=O)O)cc2)[C@H](c2cccc(Cl)c2F)[C@@]1(C#N)c1ccc(Cl)cc1F,7.657577319,7.6387109752767905,Train
CCC(CC)N1[C@@H]([C@H](C[C@](C1=O)(C)CC2=NNC(=O)O2)C3=CC(=CC=C3)Cl)C4=CC=C(C=C4)Cl,6.585026652,6.553853102326791,Train
COc1cc2c(cc1OC(C)C)[C@H](c1ccc(Cl)cc1)N(c1ccc(N(C)C[C@H]3CC[C@H](N4CC(=O)N(C)C4)CC3)cn1)C(=O)C2,8.244125144,8.283831166713076,Train
C[C@@]1(C[C@@H]([C@H](N(C1=O)C2=NC=NC=C2)C3=CC=C(C=C3)Cl)C4=CC(=CC=C4)Cl)CC(=O)O,6.468521083,6.568830043285012,Train
CC(C)(C)C[C@@H]1[C@]2([C@H]([C@@H](N1)C(=O)NCCCN3CCN(CC3)C4CC4)C5=C(C(=CC=C5)Cl)F)C6=C(C=C(C=C6)Cl)NC2=O,5.0,5.37832978871164,Train
CC[C@@H](CN1C[C@H]2C[C@@H]1CO2)N3[C@@H]([C@H](C[C@](C3=O)(C)CC(=O)O)C4=CC(=CC=C4)Cl)C5=CC=C(C=C5)Cl,7.15490196,7.3032072486982145,Train
COc1cc(CO)ccc1-c1nc2c(n1C(C)C)C(c1ccc(Cl)cc1)N(c1cc(Cl)ccc1C)C2=O,9.920818754,9.596401719392077,Train
COC(C)(c1ccccc1C#N)c1nc2nc(-c3noc(=O)[nH]3)nc(-c3cncc(Cl)c3)c2n1C[C@H]1CC[C@H](C)CC1,9.361510743,9.16649081555837,Train
COCCn1cc(N2C(=O)c3nn(-c4ccccc4OC)c(C(C)C)c3C2c2ccc(Cl)cc2C)cc(Cl)c1=O,9.573488739,9.483123575372304,Train
Cc1cc(Cl)ccc1C1c2c(nn(CCN3CCN(C)CC3)c2C(C)C)C(=O)N1c1cc(Cl)ccc1C,9.15490196,8.893608141575115,Train
Cc1cc(Cl)ccc1C1c2c(nn(Cc3ccccc3)c2C(C)C)C(=O)N1c1cccc(Cl)c1F,7.616184634,7.752329868535254,Train
C1=CC=C2C(=C1)C3=C(C(N4C(=NC=N4)N3CCCCC(=O)O)C5=CC=C(C=C5)Br)C(O2)C6=CC=C(C=C6)Br,6.119186408,6.278150719774667,Train
C1=CC=C2C(=C1)C(=O)N(C2(C3=CC=C(C=C3)Br)OCCCO)CC4=CC=C(C=C4)[N+](=O)[O-],5.853871964,5.883767597187511,Train
CC1(CC(C1)NC(=O)[C@H]2[C@@H]([C@@]3([C@H](N2)CC(C)(C)C)C4=C(C=C(C=C4)F)NC3=O)C5=C(C(=CC=C5)Cl)F)O,5.301029996,5.864317038679678,Train
COc1cc2c(cc1OC(C)C)[C@H](c1ccc(Cl)cc1)N(c1ccc([C@H](C)N3CCN(C(C)=O)CC3=O)cc1)C(=O)C2,7.48148606,7.646439704914318,Train
CCOC1=C(C=CC(=C1)OC)C2=N[C@H]([C@H](N2C(=O)N3CCN(CC3)CCO)C4=CC=C(C=C4)Br)C5=CC=C(C=C5)Br,6.853871964,6.666975441649364,Train
CCC(CC)CN1C(=O)[C@@H](CC(=O)O)C[C@H](c2cccc(Cl)c2)[C@H]1c1ccc(Cl)cc1,7.22184875,7.428561575677435,Train
Cc1cc(Cl)ccc1C1c2c(nn(C(=O)N(C)c3ccccc3)c2C(C)C)C(=O)N1c1cc(Cl)ccc1C,7.675717545,7.949085737455205,Train
CC[C@@H](CS(=O)(=O)C(C)(C)C)N1C(=O)[C@@](C)(CC(=O)O)C[C@H](c2cccc(Cl)c2)[C@H]1c1ccc(Cl)cc1,10.0,9.875611984342058,Train
COc1ccc(CNC(=O)CO)cc1-c1nc2c(n1C(C)C)C(c1ccc(Cl)cc1C)N(c1cc(Cl)ccc1C)C2=O,10.09691001,9.718132767121945,Train
CC(C)OC1=C(C=C2CC(=O)N([C@H](C2=C1)C3=CC=C(C=C3)Cl)C4=CC=C(C=C4)N(C)CC5CCC(CC5)N6CC(=O)NC6)OC,8.769551079,8.351869991400497,Train
COc1cc(C(=O)OCOC(C)=O)ccc1NC(=O)[C@@H]1N[C@@H](CC(C)(C)C)[C@](C#N)(c2ccc(Cl)cc2F)[C@H]1c1cccc(Cl)c1F,7.346787486,7.563344830556307,Train
CC[C@H](c1cccc(C(C)(C)O)n1)N1C(=O)[C@@](C)(CC(=O)O)C[C@H](c2cccc(Cl)c2)[C@H]1c1ccc(Cl)cc1,8.522878745,8.328275717750389,Train
C1CC1CN2[C@@H]([C@@H](O[C@H](C2=O)CC(=O)O)C3=CC(=CC=C3)Cl)C4=CC=C(C=C4)Cl,5.769551079,5.696518985832525,Train
COCC(C)(F)c1nc2nc(-c3noc(=O)[nH]3)nc(-c3cncc(Cl)c3)c2n1C[C@H]1CC[C@H](C)CC1,8.423773863,8.380553686884493,Train
C1CC(C1)CN2[C@@H]([C@H](C[C@@H](C2=O)CC(=O)O)C3=CC(=CC=C3)Cl)C4=CC=C(C=C4)Cl,5.366531544,5.696905674032991,Train
C1CC1NC(=O)C2=C(SC(=C2C3=CC=C(C=C3)Cl)C4=CC=C(C=C4)F)N,5.522878745,5.432838443084924,Train
C1=CC=C2C(=C1)C(=O)N(C2(C3=CC=C(C=C3)Cl)OCC4=CC=CC(=C4)CO)CC5=CC=C(C=C5)[N+](=O)[O-],6.13667714,6.212636145603671,Train
CCN1C2=C(C(N3C1=NC=N3)C4=CC=C(C=C4)Br)C(OC5=CC=CC=C52)C6=CC=C(C=C6)Br,5.744727495,5.806486447223026,Train
Cc1cc(Cl)ccc1C1c2c(nn(CCC(C)C)c2C2CC2)C(=O)N1c1cccc(Cl)c1F,7.920818754,8.053059643615356,Train
CC(C)OC1=C(C=CC(=C1)OC)C2=NC(C(N2)C3=CC=C(C=C3)Cl)C4=CC=C(C=C4)Cl,7.045757491,6.517961446536211,Train
CCOC(=O)[C@H](C1CC1)N1C(=O)[C@@H](CC(=O)O)C[C@H](c2cccc(Cl)c2)[C@H]1c1ccc(Cl)cc1,7.397940009,7.519916198690116,Train
Cc1cc(Cl)ccc1C1c2c(nn(Cc3ccccn3)c2C(C)C)C(=O)N1c1cc(Cl)ccc1C,8.585026652,8.512546157773098,Train
CC[C@@H](CN(C1CC1)S(C)(=O)=O)N1C(=O)[C@@](C)(CC(=O)O)C[C@H](c2cccc(Cl)c2)C1c1ccc(Cl)cc1,9.0,8.783082384734142,Train
CC(C)(C)C[C@@H]1[C@]2([C@H]([C@@H](N1)C(=O)N[C@H]3CC[C@@H](C3)O)C4=C(C(=CC=C4)Cl)F)C5=C(C=C(C=C5)Cl)NC2=O,6.0,6.045468801878513,Train
CC[C@]1(CC(=O)O)C[C@H](c2cccc(Cl)c2)[C@@H](c2ccc(Cl)cc2)N([C@H](CS(=O)(=O)CC)C2CC2)C1=O,9.698970004,9.656634169772714,Train
CC(C)(C)C[C@@H]1[C@]2([C@H]([C@@H](N1)C(=O)NC3CCC(CC3)OC(=O)C(C)(C)N)C4=C(C(=CC=C4)Cl)F)C5=C(C=C(C=C5)Cl)NC2=O,6.0,6.035526381132517,Train
COc1ccccc1-n1nc2c(c1C(C)C)C(c1ccc(F)c(F)c1)N(c1cccc(Cl)c1F)C2=O,8.48148606,8.36137909560075,Train
C[C@@]1(C[C@@H]([C@H](N(C1=O)C2CCCC2)C3=CC=C(C=C3)Cl)C4=CC(=CC=C4)Cl)CC(=O)O,7.522878745,7.284364825696413,Train
CC[C@@H](CNS(=O)(=O)C(C)(C)C)N1[C@@H]([C@H](C[C@](C1=O)(C)CC(=O)O)C2=CC(=CC=C2)Cl)C3=CC=C(C=C3)Cl,8.886056648,8.869002168388347,Train
CC[C@@H](CC(O)(C1CC1)C(F)(F)F)N1C(=O)[C@@](C)(CC(=O)O)C[C@H](c2cccc(Cl)c2)[C@H]1c1ccc(Cl)cc1,8.0,7.9486511689974835,Train
CC(C)OC1=C(C=CC(=C1)OC)C2=NC(C(N2C(=O)CCN3CCOCC3)C4=CC=C(C=C4)Cl)C5=CC=C(C=C5)Cl,5.417936637,5.601679991261108,Train
CCOC(=O)CCCNC(=O)N1[C@H]([C@H](N=C1C2=C(C=C(C=C2)OC)OC(C)C)C3=CC=C(C=C3)Cl)C4=CC=C(C=C4)Cl,5.779891912,5.74227919760969,Train
O=C1c2cccc(Cl)c2C(OCC2(CO)CC2)(c2ccc(Cl)cc2)N1Cc1ccc([N+](=O)[O-])cc1,7.397940009,7.576324748412941,Train
COc1ncc(-c2nc3c(n2C(C)C)[C@H](c2ccc(Cl)cc2)N(c2cc(Cl)cn(C)c2=O)C3=O)c(OC)n1,9.677780705,9.70325224508732,Train
C1CCC(CC1)C2=NC(=C(N2C3=C(C(=CC=C3)Cl)F)C4=CC(=C(C=C4)F)Cl)C5=NNN=N5,8.522878745,8.153733373828343,Train
O=C(N[C@H]1C[C@H](C(=O)O)C1)[C@@H]1NC2(CCCCC2)[C@@]2(C(=O)Nc3cc(Cl)ccc32)[C@H]1c1cccc(Cl)c1F,8.15490196,8.091837295899351,Train
CC[C@@H](CN1CC2CCC(C1)O2)N3[C@@H]([C@H](C[C@](C3=O)(C)CC(=O)O)C4=CC(=CC=C4)Cl)C5=CC=C(C=C5)Cl,7.522878745,7.569216566035568,Train
CN1C2=C([C@@H](N3C1=NC=N3)C4=CC=C(C=C4)Br)[C@H](OC5=CC=CC=C52)C6=CC=C(C=C6)Br,5.853871964,5.8722354295124966,Train
CC1=C(C=C(C=C1)Cl)N2C(C3=C(C2=O)N=C(N3C(C)C)C4=C(N=C(C=C4)OC)OC)C5=C(C=C(C=C5)Cl)C,9.657577319,8.495492416732343,Train
CC(C)OC1=C(C=CC(=C1)OC)C2=NC(C(N2C(=O)CCN3CCN(CC3)C)C4=CC=C(C=C4)Cl)C5=CC=C(C=C5)Cl,5.496209317,5.5950837019747635,Train
CC[C@@H](CC(C)(C)O)N1C(=O)[C@@](C)(CC(=O)O)C[C@H](c2cccc(Cl)c2)[C@H]1c1ccc(Cl)cc1,7.207608311,7.364264444973719,Train
COCCn1nc2c(c1C(C)C)C(c1ccc(Cl)cc1C)N(c1cc(Cl)ccc1C)C2=O,8.356547324,8.472527144565165,Train
C1=CC=NC(=C1)NC(C2=C(C3=C(C=CC=N3)C=C2)O)C4=C(C=CC(=C4)Cl)Cl,5.124938737,5.209473331553226,Train
CC(C)(C)C[C@@H]1[C@]2([C@H]([C@@H](N1)C(=O)NCCN3CCNCC3)C4=CC(=CC=C4)Cl)C5=CC(=C(C=C5NC2=O)Cl)F,6.0,5.920252692671731,Train
Cc1cc(Cl)ccc1C1c2c(nn(Cc3cccnc3)c2C(C)C)C(=O)N1c1cccc(Cl)c1F,7.946921557,7.989634307719205,Train
COc1ccc(C(=O)N(C)C)cc1-c1nc2c(n1C(C)C)[C@H](c1ccc(Cl)cc1)N(c1cc(Cl)ccc1C)C2=O,9.886056648,9.83019755393662,Train
C1=CC=C2C(=C1)C(=O)N(C2(C3=CC=C(C=C3)Cl)O)CC4=CC=C(C=C4)Cl,5.37675071,5.391341871226502,Train
C1CCC2(CC1)[C@@]3([C@H]([C@@H](N2)C(=O)NC4=C(C=C(C=C4)C(=O)O)F)C5=C(C(=CC=C5)Cl)F)C6=C(C=C(C=C6)Cl)NC3=O,7.896196279,7.834735731090631,Train
CC[C@@H](CS(=O)(=O)C1CC1)N1C(=O)[C@@](C)(CC(=O)O)C[C@H](c2cc(F)cc(Cl)c2)[C@H]1c1ccc(Cl)cc1,9.698970004,9.642255629868428,Train
CC[C@@H](CC(C(F)(F)F)O)N1[C@@H]([C@H](C[C@](C1=O)(C)CC(=O)O)C2=CC(=CC=C2)Cl)C3=CC=C(C=C3)Cl,7.522878745,7.4894870531928,Train
C1=CC=C(C=C1)C2=CC(=C(N2C3=CC=C(C=C3)Cl)C4=CC=CC=C4)C=C5C(=O)NC(=S)NC5=O,6.958607315,6.774594237398857,Train
CC(C)(C)C[C@@H]1[C@]2([C@H]([C@@H](N1)C(=O)NCC[C@@H](CN)O)C3=CC(=CC=C3)Cl)C4=CC(=C(C=C4NC2=O)Cl)F,6.0,5.985637930275771,Train
CC(C)(C)C[C@H]1[C@@]2([C@H]([C@@H](N1)C(=O)NCC[C@@H](CO)O)C3=C(C(=CC=C3)Cl)F)C4=C(C=C(C=C4)Cl)NC2=O,7.0,7.2485672640033645,Train
COCC(C)(OC)c1nc2nc(-c3noc(=O)[nH]3)nc(-c3cncc(Cl)c3)c2n1C[C@H]1CC[C@H](C)CC1,8.270349332,8.22435261563793,Train
C1=CC=C2C(=C1)C(=O)N(C2(C3=CC=C(C=C3)Cl)O)CC4=CC=C(C=C4)C#N,5.22184875,5.2819250082568745,Train
CC[C@@H]1CC[C@H](N1C(=O)C2=C(N3[C@@H]([C@](N=C3S2)(C)C4=CC=C(C=C4)Cl)C5=CC=C(C=C5)Cl)C(C)C)C(=O)N6CCN(CC6)C(=O)C,7.366531544,7.440272579462683,Train
C1COCCN1C(=O)C2=C(SC(=C2C3=CC=C(C=C3)Cl)C4=CC=C(C=C4)Br)N,5.125518182,5.284114902484887,Train
C[C@@]1(C[C@@H]([C@H](N(C1=O)[C@@H]2CCCN(C2)CC(F)(F)F)C3=CC=C(C=C3)Cl)C4=CC(=CC=C4)Cl)CC(=O)O,7.397940009,7.468589015134187,Train
O=C(NC1CCS(=O)(=O)CC1)[C@@H]1NC2(CCCCC2)[C@@]2(C(=O)Nc3cc(Cl)ccc32)[C@H]1c1cccc(Cl)c1F,7.677780705,7.911880275234871,Train
CC(C)(C)CNC1=CC2=C(C=C1)C(=O)N(C(C(=S)N2)C3=CC=C(C=C3)Cl)C(C4=CC=C(C=C4)Cl)C(=O)OC,5.659555885,5.863849576430904,Train
CC[C@@H](C(=O)OC(C)(C)C)N1[C@@H]([C@H](C[C@@H](C1=O)CC2=NNN=N2)C3=CC(=CC=C3)Cl)C4=CC=C(C=C4)Cl,7.692503962,7.594358718153171,Train
CC1=CC=C(C=C1)CN2C(=O)C3=CC=CC=C3C2(C4=CC=C(C=C4)Cl)OCC5(CC5)CO,5.638272164,5.6758057484110465,Train
CNC(=O)Cc1ccc(Cl)c(F)c1-n1c(C2CCCCC2)nc(-c2nnc(N)o2)c1-c1ccc(F)c(Cl)c1,8.397940009,8.319130082895086,Train
CC[C@@H](CN(C)S(=O)(=O)C1CC1)N2[C@@H]([C@H](C[C@](C2=O)(C)CC(=O)N)C3=CC(=CC=C3)Cl)C4=CC=C(C=C4)Cl,7.0,6.965783590489877,Train
CC[C@@H](CNS(=O)(=O)C(F)(F)F)N1C(=O)[C@@](C)(CC(=O)O)C[C@H](c2cccc(Cl)c2)[C@H]1c1ccc(Cl)cc1,8.15490196,8.325418894647317,Train
CC[C@@H](COCC1CC1)N2[C@@H]([C@H](C[C@H](C2=O)CC(=O)O)C3=CC(=CC=C3)Cl)C4=CC=C(C=C4)Cl,6.958607315,7.14211329751422,Train
CC[C@@H](C)OC1=C(C=C2CC(=O)N(C(C2=C1)C3=CC=C(C=C3)Cl)C4=CC=C(C=C4)N(C)C)OC,6.920818754,6.501957399671226,Train
COC(=O)C(C1=CC=C(C=C1)Cl)N2C(C(=S)NC3=CC(=C(C=C3C2=O)F)F)C4=CC=C(C=C4)Cl,5.241845378,5.4328171598523545,Train
CCOC(=O)[C@H](C)N1[C@@H]([C@H](CCC1=O)C2=CC(=CC=C2)Cl)C3=CC=C(C=C3)Cl,5.769551079,5.749964530197871,Train
CC[C@@H](C1=CC=NC=C1)N2[C@@H]([C@H](C[C@](C2=O)(C)CC(=O)O)C3=CC(=CC=C3)Cl)C4=CC=C(C=C4)Cl,7.397940009,7.401128673147571,Train
CC(C)OC1=C(C=CC(=C1)OC)C2=NC(C(N2C(=O)OCCNC(=O)C)C3=CC=C(C=C3)Cl)C4=CC=C(C=C4)Cl,5.040958608,5.288690171458296,Train
C[C@@H]1CC[C@H](N1C(=O)C2=C(N3[C@@H]([C@](N=C3S2)(C)C4=CC=C(C=C4)Cl)C5=CC=C(C=C5)Cl)C(C)C)C(=O)N6CCN(CC6)C,7.795880017,7.730080387670585,Train
CC[C@@H](CNS(=O)(=O)c1ccccc1)N1C(=O)[C@@](C)(CC(=O)O)C[C@H](c2cccc(Cl)c2)[C@H]1c1ccc(Cl)cc1,9.0,8.884458400430573,Train
CC[C@H](C(=O)OCC)N1[C@@H]([C@H](CCC1=O)C2=CC(=CC=C2)Cl)C3=CC=C(C=C3)Cl,5.455931956,5.749947353635336,Train
CC(C)(C)C[C@@H]1[C@]2([C@H]([C@@H](N1)C(=O)NCC[C@@H](CO)O)C3=C(C(=CC=C3)Cl)F)C4=C(C=C(C=C4)Cl)NC2=O,7.785156152,7.2485672640033645,Train
CC[C@@H](CN1CC(C)OC(C)C1)N1C(=O)[C@@](C)(CC(=O)O)C[C@H](c2cccc(Cl)c2)[C@H]1c1ccc(Cl)cc1,8.0,8.082554648980668,Train
COc1ncc(-c2nc3c(n2C(C)C)C(c2ccc(Cl)cc2)N(c2cccc(Cl)c2F)C3=O)c(OC)n1,9.823908741,9.70080094517154,Train
CC[C@@H](CN1CCN(CC1)C(=O)C)N2[C@@H]([C@H](C[C@](C2=O)(C)CC(=O)O)C3=CC(=CC=C3)Cl)C4=CC=C(C=C4)Cl,8.0,7.885319821628854,Train
COc1cc(C(=O)O[C@@H](C)OC(=O)N2CCOCC2)ccc1NC(=O)[C@@H]1N[C@@H](CC(C)(C)C)[C@](C#N)(c2ccc(Cl)cc2F)[C@H]1c1cccc(Cl)c1F,7.995678626,7.918851961519631,Train
CC[C@@H](C)Oc1cc2c(cc1OC)CC(=O)N(c1ccc(C(C)N3CCOCC3=O)cc1)C2c1ccc(Cl)cc1,7.57024772,7.713591146647173,Train
COc1ncc(-c2nc3c(n2C(C)C)C(c2ccc(Cl)cc2)N([C@H]2CC[C@H](NC(C)=O)CC2)C3=O)c(OC)n1,7.928117993,8.097772691176461,Train
CC(C)(C)C[C@H]1[C@@]2([C@H]([C@@H](N1)C(=O)NCC[C@@H](CO)O)C3=CC(=CC=C3)Cl)C4=CC(=C(C=C4NC2=O)Cl)F,6.982966661,6.707600991674342,Train
CC(C)(C)NC(=O)CC1=C(C(=C(C=C1)Cl)F)N2C(=NC(=C2C3=CC(=C(C=C3)F)Cl)C4=NN=C(O4)N)C5CCCCC5,8.698970004,8.43841816016252,Train
C[C@H]1CC[C@H](Cn2c(C3(F)CCOc4cccnc43)nc3nc(-c4n[nH]c(=O)o4)nc(-c4cncc(Cl)c4)c32)CC1,8.611366031,8.744430433551216,Train
C1CC1(CO)CO[C@@]2(C3=CC=CC=C3C(=O)N2CC4=CC=C(C=C4)[N+](=O)[O-])C5=CC=C(C=C5)Cl,6.769551079,6.612473795585218,Train
CC(C)OC1=C(C=CC(=C1)OC)C2=N[C@@H]([C@@H](N2C(=O)NCC(=O)N3CCN(CC3)C)C4=CC=C(C=C4)Cl)C5=CC=C(C=C5)Cl,5.449771647,5.486512819244117,Train
C1CN(CCN1)C(=O)C2=C(SC(=C2C3=CC=C(C=C3)Cl)C4=CC=C(C=C4)Cl)N,5.567030709,5.449821619045503,Train
COC(=O)Cc1ccc(OC)c(-c2nc3c(n2C(C)C)C(c2ccc(Cl)cc2)N(c2cccc(Cl)c2F)C3=O)c1,9.494850022,9.476132035905668,Train
C[C@@H](C1=CC=C(C=C1)Cl)N2C(=O)C3=CC=CC=C3C2(C4=CC=C(C=C4)Cl)OCC5(CC5)CO,5.050609993,5.516342401055115,Train
C1=CC2=C(C(=C(C=C2)C(C3=CC(=C(C=C3)Cl)C(F)(F)F)NC4=NC=C(C=C4)Cl)O)N=C1,5.096910013,5.226320782220416,Train
CC(C)N1[C@@H]([C@H](C[C@@H](S1(=O)=O)CC(=O)O)C2=CC(=CC=C2)Cl)C3=CC=C(C=C3)Cl,6.148741651,6.303627144417251,Train
COC(=O)C(C1=CC=C(C=C1)F)N2C(C(=S)NC3=C(C2=O)C=C(C=C3)Cl)C4=CC=C(C=C4)Cl,5.188424994,5.279444617384232,Train
COc1ccc(CNC(C)=O)cc1-n1nc2c(c1C(C)C)C(c1ccc(Cl)cc1C)N(c1cc(Cl)c(=O)n(C)c1)C2=O,9.402304814,9.3119652172639,Train
CC(C)(C)C[C@@H]1[C@]2([C@H]([C@@H](N1)C(=O)NCCOCCOC)C3=C(C(=CC=C3)Cl)F)C4=C(C=C(C=C4)Cl)NC2=O,7.48945499,7.078244488930871,Train
CC1(CC(C1)NC(=O)[C@H]2[C@@H]([C@]3([C@@H](N2)CC(C)(C)C)C4=C(C=C(C=C4)Cl)NC3=O)C5=C(C(=CC=C5)F)F)O,7.568636236,7.057804464803573,Train
CC1(CC(C1)NC(=O)[C@H]2[C@@H]([C@@]3([C@H](N2)CC(C)(C)C)C4=CC(=C(C=C4NC3=O)F)F)C5=CC(=CC=C5)Cl)O,5.522878745,5.89005289310022,Train
CC(C)C1=C(SC2=NC(C(N12)C3=CC=C(C=C3)Cl)(C)C4=CC=C(C=C4)Cl)C(=O)N5CCNC(=O)C5,6.387216143,6.559711645616644,Train
C[C@]1(CC(=O)O)C[C@H](c2cccc(Cl)c2)[C@@H](c2ccc(Cl)cc2)N([C@H](CS(=O)(=O)C2CC2)C2CC2)C1=O,10.0,9.833419347325304,Train
C[C@]1(CC(=O)O)C[C@H](c2cccc(Cl)c2)[C@@H](c2ccc(Cl)cc2)N([C@H](CS(=O)(=O)c2ccc(F)cc2F)C2CC2)C1=O,9.045757491,9.026648275564986,Train
CC[C@@H]([C@H](C)CO)N1C(=O)[C@@](C)(CC(=O)O)C[C@H](c2cccc(Cl)c2)[C@H]1c1ccc(Cl)cc1,8.698970004,8.566260962528435,Train
CCN[C@H]1CC[C@H](CN(C)c2ccc(N3C(=O)Cc4cc(OC)c(O[C@H](C)CC)cc4C3c3ccc(Cl)cc3)cc2)CC1,8.236572006,8.165205602546475,Train
C1=CC=C2C(=C1)NC(=N2)C(=O)/C=C/C3=CC=C(C=C3)Cl,5.168130226,5.223205648224266,Train
CC(=O)N1CC(NC(=O)[C@@H]2NC3(CCCCC3)[C@@]3(C(=O)Nc4cc(Cl)ccc43)[C@H]2c2cccc(Cl)c2F)C1,7.769551079,7.811620402986467,Train
CC[C@@H]([C@H](C)C(C)(C)O)N1[C@@H]([C@H](C[C@](C1=O)(C)CC(=O)O)C2=CC(=CC=C2)Cl)C3=CC=C(C=C3)Cl,7.397940009,7.6833772819371235,Train
CC[C@@H](CNS(=O)(=O)c1ccc(Cl)cc1)N1C(=O)[C@@](C)(CC(=O)O)C[C@H](c2cccc(Cl)c2)[C@H]1c1ccc(Cl)cc1,8.522878745,8.571709419094182,Train
CC[C@@H](CN1CCN(C(C)=O)CC1)N1C(=O)[C@@](C)(CC(=O)O)C[C@H](c2cccc(Cl)c2)[C@H]1c1ccc(Cl)cc1,8.698970004,8.527346637052053,Train
CC(C)(C)C[C@@H]1[C@]2([C@H]([C@@H](N1)C(=O)N)C3=CC(=CC=C3)Cl)C4=CC(=C(C=C4NC2=O)Cl)F,6.0,6.05135520412076,Train
C1CC1CN2[C@@H]([C@H](C[C@@H](C2=O)CC(=O)O)C3=CC(=CC=C3)Cl)C4=CC=C(C=C4)Cl,6.431798276,6.0515817670643735,Train
C1CCC2(CC1)[C@@]3([C@H]([C@@H](N2)C(=O)NC4CCN(CC4)CC(=O)O)C5=C(C(=CC=C5)Cl)F)C6=C(C=C(C=C6)Cl)NC3=O,7.721246399,7.660268656704004,Train
C1=CC=C2C(=C1)NC(=N2)C(=O)/C=C/C3=CN=CC=C3,5.071604148,5.150224901504837,Train
CS(=O)(=O)CN1C2=C(C(N3C1=NC=N3)C4=CC=C(C=C4)Br)C(OC5=CC=CC=C52)C6=CC=C(C=C6)Br,6.292429824,6.318977406731911,Train
CC(=O)NC1=C(C(=C(S1)C2=CC=C(C=C2)Cl)C3=CC=C(C=C3)Cl)C(=O)N4CCCCC4,5.221125528,5.4017220184977734,Train
C[C@]1(CC(=O)O)C[C@H](c2cccc(Cl)c2)[C@@H](c2ccc(Cl)cc2)N([C@H](CS(=O)(=O)CC2CC2)C2CC2)C1=O,10.0,9.797593397466713,Train
CC1(CC(C1)NC(=O)[C@H]2[C@@H]([C@@]3([C@H](N2)CC(C)(C)C)C4=C(C=C(C=C4)Cl)NC3=O)C5=C(C(=CC=C5)F)F)O,6.777283529,7.057804464803573,Train
CC[C@@H](CN1CCOCC1(C)C)N1C(=O)[C@@](C)(CC(=O)O)C[C@H](c2cccc(Cl)c2)[C@H]1c1ccc(Cl)cc1,8.522878745,8.363947178134682,Train
CC(C)OC1=C(C=C2CC(=O)N([C@H](C2=C1)C3=CC=C(C=C3)Cl)C4=CN=C(C=C4)N(C)CC5CCC(CC5)N(C)C)OC,5.301029996,6.041088017302909,Train
COc1cc(C(N)=O)ccc1NC(=O)[C@@H]1N[C@@H](CC(C)(C)C)[C@@]2(C(=O)Nc3cc(Cl)ccc32)[C@H]1c1cccc(Cl)c1F,8.301029996,8.167663398972232,Train
CC(C)(C)C[C@@H]1[C@]2([C@H]([C@@H](N1)C(=O)NCCCN3CCN(CC3)C)C4=CC(=CC=C4)Cl)C5=CC(=C(C=C5NC2=O)Cl)F,6.0,5.880760856392368,Train
CCCS(=O)(=O)C[C@H](CC)N1C(=O)[C@@](C)(CC(=O)O)C[C@H](c2cccc(Cl)c2)[C@H]1c1ccc(Cl)cc1,9.397940009,9.482237193575305,Train
CCn1nc2c(c1C(C)C)C(c1ccc(Cl)cc1C)N(c1cc(Cl)ccc1OCCN(C)C)C2=O,8.387216143,8.348512070944059,Train
CCC(CC)N1C(=O)[C@@](C)(CC(=O)O)C[C@H](c2cccc(Cl)c2)[C@H]1c1ccc(Cl)cn1,7.301029996,7.622946984302897,Train
CCCCCOC1=C(C(N(C1=O)CCCN2C=CN=C2)C3=CC=C(C=C3)Br)C(=O)C4=CC=CC=C4,5.039053804,5.312803386958106,Train
CC(C)c1c2c(nn1CCO)C(=O)N(c1cccc(Cl)c1F)C2c1ccc(Cl)c(F)c1,8.107905397,7.963736707468785,Train
CC[C@@H](CS(C)(=O)=O)N1C(=O)[C@@](C)(CC(=O)O)C[C@H](c2cc(F)cc(Cl)c2)[C@H]1c1ccc(Cl)cc1,9.301029996,9.284184623477309,Train
CC[C@@H](COC)N1C(=O)[C@@H](CC(=O)O)C[C@H](c2cccc(Cl)c2)[C@H]1c1ccc(Cl)cc1,7.15490196,7.302618485541186,Train
CCN1CN([C@H]2CC[C@H](CN(C)c3ccc(N4C(=O)Cc5cc(OC)c(OC(C)C)cc5[C@@H]4c4ccc(Cl)cc4)cn3)CC2)CC1=O,8.387216143,8.463782853950832,Train
CC(C)(C)C[C@@H]1[C@]2([C@H]([C@@H](N1)C(=O)NCC[C@@H](CN3CC[C@H](C3)O)O)C4=CC(=CC=C4)Cl)C5=CC(=C(C=C5NC2=O)Cl)F,6.0,5.929427915384175,Train
CC[C@@H]([C@H](CC)O)N1[C@@H]([C@H](C[C@](C1=O)(C)CC(=O)O)C2=CC(=CC=C2)Cl)C3=CC=C(C=C3)Cl,8.0,7.927797687618344,Train
CC1=CC=C(C=C1)N2C(=CC(=C2C)/C=C/3\C(=O)NC(=S)N(C3=O)C4=CC=CC=C4)C,5.075720714,5.353702694224747,Train
CC(C)(C)C[C@@H]1[C@]2([C@H]([C@@H](N1)C(=O)NCC(C)(C)O)C3=C(C(=CC=C3)Cl)F)C4=C(C=C(C=C4)Cl)NC2=O,6.0,6.07724318182944,Train
CC(C)(C)C[C@@H]1[C@]2([C@H]([C@@H](N1C)C(=O)NCC[C@@H](CO)O)C3=C(C(=CC=C3)Cl)F)C4=CC(=C(C=C4NC2=O)F)F,5.0,5.414461811495835,Train
COc1cc(C(=O)OC(C)OC(=O)O[C@@H]2[C@@H](O)[C@@H](O)O[C@@H]2[C@H](O)CO)ccc1NC(=O)[C@@H]1N[C@@H](CC(C)(C)C)[C@](C#N)(c2ccc(Cl)cc2F)[C@H]1c1cccc(Cl)c1F,8.468521083,8.249201509910474,Train
CC(C)(C)C[C@@H]1[C@]2([C@H]([C@@H](N1)C(=O)NC3CCN(CC3)C)C4=C(C(=CC=C4)Cl)F)C5=C(C=C(C=C5)Cl)NC2=O,6.0,6.1820348815733315,Train
CC(C)(C)C[C@H]1[C@]([C@H]([C@@H](N1)C(=O)NCC[C@@H](CO)O)C2=C(C(=CC=C2)Cl)F)(C#N)C3=C(C=C(C=C3)Cl)F,7.13076828,6.972274844640384,Train
CC[C@@H](C(C)NS(=O)(=O)C1CC1)N1C(=O)[C@@](C)(CC(=O)O)C[C@H](c2cccc(Cl)c2)C1c1ccc(Cl)cc1,9.0,8.818015923504287,Train
CC[C@@H](C(=O)OC(C)(C)C)N1[C@@H]([C@H](C[C@](C1=O)(C)CC2=NNN=N2)C3=CC(=CC=C3)Cl)C4=CC=C(C=C4)Cl,8.045757491,7.846344880552567,Train
CC[C@@H](CN1CCCC1)N2[C@@H]([C@H](C[C@@H](C2=O)CC(=O)O)C3=CC(=CC=C3)Cl)C4=CC=C(C=C4)Cl,6.244125144,6.450944505834892,Train
CC[C@@H](C1CCC(=O)O1)N1C(=O)[C@@](C)(CC(=O)O)C[C@H](c2cccc(Cl)c2)[C@H]1c1ccc(Cl)cc1,8.397940009,8.187777345531943,Train
CC(C)(C)C[C@@H]1[C@]2([C@H]([C@@H](N1)C(=O)NC3CC(C3)O)C4=C(C(=CC=C4)Cl)F)C5=C(C=C(C=C5)Cl)NC2=O,6.0,6.227261070486127,Train
C[C@@]1(C[C@@H]([C@H](N(C1=O)N(C)C)C2=CC=C(C=C2)Cl)C3=CC(=CC=C3)Cl)CC(=O)O,7.698970004,7.390564244812896,Train
CC(C)C1=C(SC2=N[C@@]([C@H](N12)C3=CC=C(C=C3)Cl)(C)C4=CC=C(C=C4)Cl)C(=O)N5CCNC(=O)C5,7.036212173,6.559711645616644,Train
C1[C@@H](C=C[C@@H]1OC2(C3=CC=CC=C3C(=O)N2CC4=CC=CC=C4)C5=CC=C(C=C5)Cl)O,5.327902142,5.493265066993115,Train
C[C@@]1(C[C@@H]([C@H](N(C1=O)CC2CC2)C3=CC=C(C=C3)Cl)C4=CC(=CC=C4)Cl)CC(=O)O,7.22184875,7.134959658794083,Train
COc1cc(C(=O)O)ccc1NC(=O)[C@@H]1NC2(CCCCC2)[C@@]2(C(=O)Nc3cc(Cl)ccc32)[C@H]1c1cccc(Cl)c1F,8.327902142,8.236616466465334,Train
CC(C)(C)C[C@H]1[C@@]2([C@H]([C@@H](N1)C(=O)NC3=C(C=C(C=C3)C(=O)O)OC)C4=C(C(=CC=C4)Cl)F)C5=C(C=C(C=C5)Cl)NC2=O,8.301029996,7.903747273774283,Train
COc1cc2c(cc1OC(C)C)C(c1ccc(Cl)cc1)N(C1CCC(C(C)(O)c3cccc(F)c3)CC1)C(=O)C2,7.214670165,7.425305310696275,Train
CCOC1=C(C=CC(=C1)C(C)(C)C)C2=N[C@@]([C@@](N2C(=O)N3CCN(CC3)CCNC(=O)C)(C)C4=CC=C(C=C4)Cl)(C)C5=CC=C(C=C5)Cl,7.0,6.66370434079957,Train
CC[C@@H](CCC(C)(C)O)N1[C@@H]([C@H](C[C@](C1=O)(C)CC(=O)O)C2=CC(=CC=C2)Cl)C3=CC=C(C=C3)Cl,8.853871964,8.433934718315532,Train
CC(C)OC1=C(C=CC(=C1)OC)C2=N[C@@H]([C@@H](N2C(=O)NCC(=O)O)C3=CC=C(C=C3)Cl)C4=CC=C(C=C4)Cl,5.209011525,5.634962787669434,Train
CC(C)CCn1nc2c(c1C(C)C)C(c1ccc(F)cc1)N(c1cccc(Cl)c1F)C2=O,7.503070352,7.7062202923468295,Train
C1CCC2(CC1)[C@@]3([C@H]([C@@H](N2)C(=O)NC4CCS(=O)(=O)CC4)C5=C(C(=CC=C5)Cl)F)C6=C(C=C(C=C6)Cl)NC3=O,7.684029655,7.339827474755728,Train
O=C(O)CN1CCC(NC(=O)[C@@H]2NC3(CCCCC3)[C@@]3(C(=O)Nc4cc(Cl)ccc43)[C@H]2c2cccc(Cl)c2F)CC1,7.721246399,7.815301952581591,Train
C1CCC2(CC1)[C@@]3([C@H]([C@@H](N2)C(=O)NC4=CN=C(C=C4)C(=O)O)C5=C(C(=CC=C5)Cl)F)C6=C(C=C(C=C6)Cl)NC3=O,8.022276395,7.952096450722345,Train
CC[C@@H](CS(=O)(=O)NCC1COC1)N1C(=O)[C@@](C)(CC(=O)O)C[C@H](c2cccc(Cl)c2)[C@H]1c1ccc(Cl)cc1,9.698970004,9.644845883842063,Train
Cc1cc(Cl)ccc1C1c2c(nn(CCc3c[nH]cn3)c2C(C)C)C(=O)N1c1cccc(Cl)c1F,8.397940009,8.243443508884864,Train
CCN(CC)C(=O)[C@H](C)NC(=O)N1[C@H]([C@H](N=C1C2=C(C=C(C=C2)OC)OC(C)C)C3=CC=C(C=C3)Cl)C4=CC=C(C=C4)Cl,5.274088368,5.510082667791272,Train
CC[C@@H](CNS(=O)(=O)c1ccccn1)N1C(=O)[C@@](C)(CC(=O)O)C[C@H](c2cccc(Cl)c2)[C@H]1c1ccc(Cl)cc1,9.0,8.838848525839142,Train
CC1=C(C=C(C=C1)NS(=O)(=O)C2=CC3=C(C=C2)NC(C4C3C=CC4)C5=CC=C(C=C5)C(=O)OC)C,5.327902142,5.8295533479986865,Train
O=C(O)c1ccc(NC(=O)[C@@H]2NC3(CCCCC3)[C@@]3(C(=O)Nc4cc(Cl)ccc43)[C@H]2c2cccc(Cl)c2F)cc1,8.356547324,8.226856080179944,Train
C1CC1(CO)COC2(C3=C(C=CC=C3Cl)C(=O)N2CC4=CC=C(C=C4)C#N)C5=CC=C(C=C5)Cl,6.866461092,6.595338758611674,Train
COC(=O)C(C1=CC=C(C=C1)Cl)N2C(C(=S)NC3=CC=CC=C3C2=O)C4=CC=C(C=C4)Cl,5.1837587,5.228758997363633,Train
CC[C@@H](C(=O)NCC(C)(C)C)N1[C@@H]([C@H](C[C@](C1=O)(C)CC(=O)O)C2=CC(=CC=C2)Cl)C3=CC=C(C=C3)Cl,7.698970004,7.644355028488462,Train
CC[C@@H](C)OC1=C(C=C2CC(=O)N(C(C2=C1)C3=CC=C(C=C3)Cl)C4=CC=C(C=C4)N(C)CC5CCC(CC5)N(C)C)OC,8.522878745,7.8168916800191655,Train
CCCN1CCN(CC1)CCNC(=O)[C@H]2[C@@H]([C@@]3([C@H](N2)CC(C)(C)C)C4=CC(=C(C=C4NC3=O)Cl)F)C5=CC(=CC=C5)Cl,5.522878745,5.627610787641405,Train
COC[C@@H](C)n1c(-c2cnc(N(C)C)nc2OC)nc2c1[C@H](c1ccc(Cl)cc1)N(c1cc(Cl)c(=O)n(C)c1)C2=O,10.22914799,9.422359710085644,Train
C1=CC=C(C=C1)CNC(=O)C2=C(SC(=C2C3=CC=C(C=C3)Cl)C4=CC=CC=C4)N,5.07007044,5.151356334024586,Train
COc1nc(N(C)C)ncc1-c1nc2c(n1C(C)C)C(c1ccc(Cl)cc1)N(c1cc(C)cn(C)c1=O)C2=O,9.596879479,9.513356602302443,Train
CC[C@@H](COCC1CC1)N2C(C(C[C@](C2=O)(C)CC(=O)O)C3=CC(=CC=C3)Cl)C4=CC=C(C=C4)Cl,7.522878745,7.444869293610071,Train
CC[C@@H](CS(=O)(=O)C1CC1)N1C(=O)[C@@](C)(CC(=O)O)C[C@H](c2cccc(Cl)c2)[C@H]1c1ccc(Cl)cc1,9.698970004,9.660707104610182,Train
COc1cc(C(=O)OCOP(=O)(O)O)ccc1NC(=O)[C@@H]1N[C@@H](CC(C)(C)C)[C@](C#N)(c2ccc(Cl)cc2F)[C@H]1c1cccc(Cl)c1F,8.289036881,8.396618959814976,Train
COc1cc2c(cc1OC(C)C)C(c1ccc(Cl)cc1)N(C1CCC(C(C)(O)CCC(C)C)CC1)C(=O)C2,8.15490196,8.09002499077012,Train
CSCC[C@H](NC(=O)[C@H](Cc1ccccc1)NC(C)=O)C(=O)NC(C)(C)C(=O)N[C@@H](Cc1ccc(CP(=O)(O)O)cc1)C(=O)N[C@@H](Cc1c[nH]c2cc(Cl)ccc12)C(=O)N[C@@H](CCC(=O)O)C(=O)NC1(C(=O)N[C@@H](CC(C)C)C(N)=O)CC1,8.301029996,8.28476129771747,Train
C1CC1NC(=O)C2=C(SC(=C2C3=CC=C(C=C3)Cl)C4=CC=C(C=C4)Cl)N,5.434152181,5.426714215439168,Train
CNC(=O)[C@H]1CCCN1[C@@H](C)c1ccc(N2C(=O)Cc3cc(OC)c(OC(C)C)cc3[C@@H]2c2ccc(Cl)cc2)cc1,7.847711656,7.926991226702917,Train
CC(C)(C)C[C@H]1[C@@]2([C@H]([C@@H](N1)C(=O)NC3=C(C=C(C=C3)C(=O)N)OC)C4=C(C(=CC=C4)Cl)F)C5=C(C=C(C=C5)Cl)NC2=O,8.301029996,8.146022888067119,Train
CC[C@]1(CC(=O)O)C[C@H](c2cccc(Cl)c2)[C@@H](c2ccc(Cl)cc2)N([C@H](CS(=O)(=O)c2ccc(F)cc2)C2CC2)C1=O,8.795880017,8.847551440052364,Train
C[C@]1(CC(=O)O)C[C@H](c2cccc(Cl)c2)[C@@H](c2ccc(Cl)cc2)N([C@@H](c2ccccn2)C2CC2)C1=O,8.522878745,8.266710360227929,Train
CC[C@@H](CN(C)S(=O)(=O)C1CC1)N1C(=O)[C@@](CCN2CCS(=O)(=O)CC2)(CC(N)=O)C[C@H](c2cccc(Cl)c2)[C@H]1c1ccc(Cl)cc1,9.0,8.77216421587,Train
C1CC(=O)N[C@@H]([C@H]1C2=CC(=CC=C2)Cl)C3=CC=C(C=C3)Cl,5.0,5.2215090467470375,Train
C[C@@]1(C[C@@H]([C@H](N(C1=O)[C@H](CS(=O)(=O)NC(C)(C)C)C2CC2)C3=CC=C(C=C3)Cl)C4=CC(=CC=C4)Cl)CC(=O)O,9.318758763,9.006102153284917,Train
C1CC1(CO)COC2(C3=C(C=C(C=C3)F)C(=O)N2CC4=CC=C(C=C4)[N+](=O)[O-])C5=CC=C(C=C5)Cl,6.069560405,6.159463932530099,Train
CC1=NN=C(O1)C2=C(N(C(=N2)C3CCCCC3)C4=C(C(=CC=C4)Cl)F)C5=CC(=C(C=C5)F)Cl,7.602059991,7.427286990747743,Train
CC(C)OC1=C(C=CC(=C1)OC)C2=NC(C(N2C(=O)N3CCNC(=O)C3)C4=CC=C(C=C4)Cl)C5=CC=C(C=C5)Cl,6.98088371,6.021832778856365,Train
CC(F)(c1ncccc1F)c1nc2nc(-c3n[nH]c(=O)o3)nc(-c3cncc(Cl)c3)c2n1C[C@H]1CC[C@H](C)CC1,9.444905551,9.375731254983826,Train
CC[C@H](C1=CC=CC(=N1)C2CC2)N3[C@@H]([C@H](C[C@](C3=O)(C)CC(=O)O)C4=CC(=CC=C4)Cl)C5=CC=C(C=C5)Cl,7.522878745,6.740153725011978,Train
C[C@@]1(C[C@@H]([C@H](N(C1=O)C2=NC(=NC=C2)Cl)C3=CC=C(C=C3)Cl)C4=CC(=CC=C4)Cl)CC(=O)O,6.214670165,6.537793260035401,Train
CC1=CC=C(C=C1)N2C(=CC(=C2C)C=C3C(=O)NC(=S)NC3=O)C,5.327902142,5.430227823891442,Train
C[C@]1(CC(=O)O)C[C@H](c2cccc(Cl)c2)[C@@H](c2ccc(Cl)cc2)N(C2CCCC2)C1=O,8.301029996,8.171283664785555,Train
CC(C)[C@@H](C(=O)OC1CCC(CC1)NC(=O)[C@H]2[C@@H]([C@@]3([C@H](N2)CC(C)(C)C)C4=C(C=C(C=C4)Cl)NC3=O)C5=C(C(=CC=C5)Cl)F)N,5.522878745,5.819108756632741,Train
CCOC(=O)C1=C(NC(=C1C2=CC=C(C=C2)Cl)C3=CC=C(C=C3)Cl)N,5.596879479,5.491280919392603,Train
COC(c1ccccc1C#N)c1nc2nc(-c3noc(=O)[nH]3)nc(-c3cncc(Cl)c3)c2n1C[C@H]1CC[C@H](C)CC1,9.150580586,9.011157624155954,Train
CC(C)OC1=C(C=C2CC(=O)N([C@H](C2=C1)C3=CC=C(C=C3)Cl)C4=NC=C(C=C4)N(C)CC5CCC(CC5)N6CCN(C(=O)C6)C)OC,8.698970004,8.352489864495016,Train
CC1(CCCC1CN2[C@@H]([C@H](C[C@@H](C2=O)CC(=O)O)C3=CC(=CC=C3)Cl)C4=CC=C(C=C4)Cl)C,6.522878745,6.651787744993027,Train
CC(C)C1=C(C(=O)N2[C@H](C)CC[C@H]2C(=O)N2CCN(C)[C@H](C)C2)SC2=N[C@@](C)(c3ccc(Cl)cc3)[C@@H](c3ccc(Cl)cc3)N21,7.823908741,7.902434732034984,Train
CC(C)S(=O)(=O)C[C@@H](N1C(=O)[C@@](C)(CC(=O)O)C[C@H](c2cccc(Cl)c2)[C@H]1c1ccc(Cl)cc1)C(C)(C)C,9.397940009,9.14673838521202,Train
CC[C@@H](CS(=O)(=O)C(C)C)N1C(=O)[C@@](CC)(CC(=O)O)C[C@H](c2cccc(Cl)c2)[C@H]1c1ccc(Cl)cc1,9.698970004,9.689165878511748,Train
CC[C@@H](CN(C)S(=O)(=O)C1CC1)N1C(=O)[C@@](C)(CC(=O)NCCO)C[C@H](c2cccc(Cl)c2)[C@H]1c1ccc(Cl)cc1,7.30980392,7.531510411079989,Train
COCCOCCOCCOCCOCCOCCOC(=O)OC(C)OC(=O)c1ccc(NC(=O)[C@@H]2N[C@@H](CC(C)(C)C)[C@](C#N)(c3ccc(Cl)cc3F)[C@H]2c2cccc(Cl)c2F)c(OC)c1,7.361510743,7.683829409691299,Train
CC[C@@H](CN1CCS(=O)(=O)CC1)N2[C@@H]([C@H](C[C@](C2=O)(C)CC(=O)O)C3=CC(=CC=C3)Cl)C4=CC=C(C=C4)Cl,7.698970004,7.6236967828477225,Train
CC(F)(c1c(F)cccc1F)c1nc2nc(-c3noc(=O)[nH]3)nc(-c3cncc(Cl)c3)c2n1C[C@H]1CC[C@H](C)CC1,9.806875402,9.42698824199872,Train
COc1nc(N(C)C)ncc1-c1nc2c(n1C(C)C)C(c1ccc(Cl)cc1)N(c1cc(Cl)cn(C)c1=O)C2=O,9.795880017,9.738852515259797,Train
CC[C@@H](CO)N1C(=O)[C@@H](CC(=O)O)C[C@H](c2cccc(Cl)c2)[C@H]1c1ccc(Cl)cc1,7.301029996,7.403196227159982,Train
CCC1([C@@]2([C@H]([C@@H](N1)C(=O)NCCN3CCOCC3)C4=C(C(=CC=C4)Cl)F)C5=C(C=C(C=C5)Cl)NC2=O)CC,6.777283529,6.6825943696338115,Train
Cc1cc(Cl)ccc1C1c2c(nn(CCN3C(=O)c4ccccc4C3=O)c2C(C)C)C(=O)N1c1cccc(Cl)c1F,8.050609993,8.104781528686445,Train
CC(=O)N1CCC(O)(Cn2nc3c(c2C(C)C)C(c2ccc(Cl)cc2C)N(c2cc(Cl)ccc2C)C3=O)CC1,8.508638306,8.455363118368979,Train
O=C(O)Cc1ccc(NC(=O)[C@@H]2NC3(CCCCC3)[C@@]3(C(=O)Nc4cc(Cl)ccc43)[C@H]2c2cccc(Cl)c2F)cc1,7.769551079,7.893931507337621,Train
CC[C@@H](COCCOC)N1[C@@H]([C@H](C[C@H](C1=O)CC(=O)O)C2=CC(=CC=C2)Cl)C3=CC=C(C=C3)Cl,6.619788758,6.665189272989567,Train
CN1C2=C(C(N3C1=NC=N3)C4=CC=C(C=C4)Br)C(OC5=C2C=C(C=C5)Cl)C6=CC=C(C=C6)Br,5.853871964,5.775188887857331,Train
CC(C)C1=C(SC2=N[C@@]([C@H](N12)C3=CC=C(C=C3)Cl)(C)C4=CC=C(C=C4)Cl)C(=O)N5CC[C@H]5C(=O)N(C)C,6.853871964,6.9883014429215,Train
COC1(c2nc3nc(-c4noc(=O)[nH]4)nc(-c4cncc(Cl)c4)c3n2C[C@H]2CC[C@H](C)CC2)CCOCC1C,7.947306058,8.089923177799504,Train
C1CC1CN2[C@@H]([C@H](C[C@@H](C2=O)CC#N)C3=CC(=CC=C3)Cl)C4=CC=C(C=C4)Cl,5.630784143,5.681037618543281,Train
CC(C)(C)C[C@@H]1[C@]2([C@@H]([C@H](N1)C(=O)NC3=CC(=C(C=C3)C(=O)O)OC)C4=C(C(=CC=C4)Cl)F)C5=C(C=C(C=C5)Cl)NC2=O,5.510182092,6.337440828200792,Train
COc1ncc(-c2nc3c(n2C(C)C)C(c2ccc(Cl)cc2)N(c2cc(Cl)cnc2OC)C3=O)c(OC)n1,9.614393726,9.565430528839903,Train
CC[C@@H](CNS(=O)(=O)c1ccccc1C)N1C(=O)[C@@](C)(CC(=O)O)C[C@H](c2cccc(Cl)c2)[C@H]1c1ccc(Cl)cc1,8.301029996,8.469096573815271,Train
CC(C)CC[C@@H]1[C@]2([C@H]([C@@H](N1)C(=O)NCC[C@@H](CO)O)C3=CC(=CC=C3)Cl)C4=CC(=C(C=C4NC2=O)Cl)F,5.0,5.400179637485784,Train
CC(C)C1=C(C(=O)N2C[C@H](F)C[C@H]2C(=O)N2CC3(CC3)NC[C@@H]2C)SC2=N[C@@](C)(c3ccc(Cl)nc3)[C@@H](c3ccc(Cl)c(F)c3)N21,8.657577319,8.630203772006736,Train
CC[C@@H]1CNC2(CC2)CN1C(=O)[C@@H]3C[C@H](CN3C(=O)C4=C(N5[C@@H]([C@](N=C5S4)(C)C6=CN=C(C=C6)Cl)C7=CC(=C(C=C7)Cl)F)C(C)C)F,8.619788758,8.225171573664321,Train
CCC(CC)N1[C@@H]([C@H](C[C@@](C1=O)(C)CC(=O)O)C2=CC(=CC=C2)Cl)C3=NC=C(C=C3)Cl,6.036212173,6.742940927073812,Train
CC(C)(C)C[C@H]1[C@@]2([C@H]([C@@H](N1)C(=O)NC3=C(C=C(C=C3)C#N)F)C4=C(C(=CC=C4)Cl)F)C5=C(C=C(C=C5)Cl)NC2=O,8.15490196,7.720186868479407,Train
CC(C)(C)C[C@@H]1[C@]2([C@H]([C@@H](N1)C(=O)NCCN3CCN(CC3)S(=O)(=O)C)C4=C(C(=CC=C4)Cl)F)C5=C(C=C(C=C5)Cl)NC2=O,6.0,6.222577739713792,Train
CN1C2=C(C(N3C1=NC=N3)C4=CC=C(C=C4)Br)C(OC5=CC=CC=C52)C6=CC=C(C=C6)F,5.18243463,5.4288826468708,Train
CC(C)(C)C[C@H]1[C@@]2([C@H]([C@@H](N1)C(=O)NC3=C(C=C(C=C3)C(=O)N)OC)C4=C(C(=CC=C4)Cl)F)C5=C(C(=C(C=C5)Cl)F)NC2=O,7.823908741,7.763948594764131,Train
COc1cc2c(cc1OC(C)C)[C@H](c1ccc(Cl)cc1)N(c1ccc(N(C)C[C@H]3CC[C@H](N4CCOCC4)CC3)cc1)C(=O)C2,8.48148606,8.36499117457798,Train
COCCOCCOCCOCCOCCOC(=O)OC(C)OC(=O)c1ccc(NC(=O)[C@@H]2N[C@@H](CC(C)(C)C)[C@](C#N)(c3ccc(Cl)cc3F)[C@H]2c2cccc(Cl)c2F)c(OC)c1,8.233587153,7.9931225728741255,Train
CS(=O)(=O)CCNC(=O)[C@H]1[C@@H]([C@@]2(C3=C(C=C(C=C3)Cl)NC2=O)C4(N1)CCCCC4)C5=C(C(=CC=C5)Cl)F,7.0,6.890387559685835,Train
COc1cc(C(=O)O)ccc1NC(=O)[C@@H]1N[C@@H](CC(C)(C)C)[C@@]2(C(=O)Nc3nc(Cl)ncc32)[C@H]1c1cccc(Cl)c1F,7.602059991,7.720101096835035,Train
CCCCS(=O)(=O)C[C@H](C1CC1)N1C(=O)[C@@](CC)(CC(=O)O)C[C@H](c2cccc(Cl)c2)[C@H]1c1ccc(Cl)cc1,9.698970004,9.690802885429783,Train
COc1ccc(C(=O)N2CCOCC2)cc1-c1nc2c(n1C(C)C)C(c1ccc(Cl)cc1)N(c1cc(Cl)ccc1C)C2=O,9.795880017,9.778605847630294,Train
COc1cc(NC(=O)[C@@H]2N[C@@H](CC(C)(C)C)[C@](C#N)(c3ccc(Cl)cc3F)[C@H]2c2cccc(Cl)c2F)ccc1C(=O)O,7.698970004,7.681926131118267,Train
CC[C@@H](C)OC1=C(C=C2CC(=O)N(C(C2=C1)C3=CC=C(C=C3)Cl)C4=CC=C(C=C4)N(C)CC5CCC(CC5)N)OC,8.522878745,7.9729993345352534,Train
C[C@]1(CC(=O)O)C[C@H](c2cccc(Cl)c2)[C@@H](c2ccc(Cl)cc2)N([C@H](CNS(=O)(=O)Cc2cccnc2)C2CC2)C1=O,9.522878745,9.33891703363953,Train
CC[C@@H](CC(C)(C)C#N)N1C(=O)[C@@](C)(CC(=O)O)C[C@H](c2cccc(Cl)c2)[C@H]1c1ccc(Cl)cc1,8.920818754,8.523252906635745,Train
CC(C)NS(=O)(=O)C[C@H](C1CC1)N2[C@@H]([C@H](C[C@](C2=O)(C)CC(=O)O)C3=CC(=CC=C3)Cl)C4=CC=C(C=C4)Cl,8.619788758,8.776348520216656,Train
CC(c1c(F)cccc1F)c1nc2nc(-c3noc(=O)[nH]3)nc(-c3cncc(Cl)c3)c2n1C[C@H]1CC[C@H](C)CC1,8.651889932,8.746974180590808,Train
CC(C)(C)C[C@@H]1[C@]2([C@H]([C@@H](N1)C(=O)N[C@@H]3CCN(C[C@@H]3F)C)C4=C(C(=CC=C4)Cl)F)C5=C(C=C(C=C5)Cl)NC2=O,6.0,6.139595538388236,Train
CC(C)(C)C[C@@H]1N[C@@H](C(=O)Nc2ccn(CC(C)(C)O)n2)[C@H](c2cccc(Cl)c2F)[C@@]1(C#N)c1ccc(Cl)cc1F,7.251811973,7.456439518937441,Train
COc1cc(C(=O)OC(C)OC(=O)NCC(=O)O)ccc1NC(=O)[C@@H]1N[C@@H](CC(C)(C)C)[C@](C#N)(c2ccc(Cl)cc2F)[C@H]1c1cccc(Cl)c1F,8.35753548,8.20584011877704,Train
CC1(CC(C1)NC(=O)[C@H]2[C@@H]([C@]3([C@@H](N2)CC(C)(C)C)C4=C(C(=C(C=C4)Cl)F)NC3=O)C5=C(C(=CC=C5)F)F)O,6.790484985,6.793602390183882,Train
CC1=C2[C@H](C(=O)[C@@]3([C@H](C[C@@H]4[C@]([C@H]3[C@@H]([C@@](C2(C)C)(C[C@@H]1OC(=O)[C@@H]([C@H](C5=CC=CC=C5)NC(=O)C6=CC=CC=C6)O)O)OC(=O)C7=CC=CC=C7)(CO4)OC(=O)C)O)C)OC(=O)C,7.588211995,7.6245761856984675,Train
CC[C@@H](CN1CCOCC1)N2[C@@H]([C@H](C[C@](C2=O)(C)CC(=O)O)C3=CC(=CC=C3)Cl)C4=CC=C(C=C4)Cl,8.0,7.823928520551049,Train
CC(C)(C)C[C@@H]1[C@]2([C@H]([C@@H](N1)C(=O)N3CCN(CC3)C)C4=CC(=CC=C4)Cl)C5=CC(=C(C=C5NC2=O)Cl)F,5.301029996,5.555533184163819,Train
CC1=NC(=CC=C1)NC(C2=CC(=C(C=C2)Cl)Cl)C3=C(C4=C(C=CC(=N4)C)C=C3)O,5.22184875,5.264908286301916,Train
COc1ccc(CO)cc1-c1nc2c(n1C(C)C)[C@@H](c1ccc(Cl)cc1C)N(c1cc(Cl)ccc1C)C2=O,8.958607315,9.657287191545072,Train
C[C@@H](C1=CC=C(C=C1)Cl)N2C(=O)C3=CC=CC=C3C2(C4=CC=C(C=C4)Cl)OCCCCO,6.045757491,5.825287856044679,Train
COC1=CC=CC(=C1)/C=C/C(=O)C2=C(C=C(C=C2OC)OC)O,5.508638306,5.486256545106931,Train
Cc1cc(Cl)ccc1C1c2c(nn(C3CCN(C(=O)OC(C)(C)C)C3)c2C(C)C)C(=O)N1c1cc(Cl)ccc1C,7.379863945,7.732355372395906,Train
C[C@]1(CC(=O)O)C[C@H](c2cccc(Cl)c2)C(c2ccc(Cl)cc2)N([C@H](CN(c2ccccc2F)S(C)(=O)=O)C2CC2)C1=O,9.698970004,9.630812894137854,Train
CC[C@@H](CN1CC(O)(C(F)(F)F)C1)N1C(=O)[C@@](C)(CC(=O)O)C[C@H](c2cccc(Cl)c2)[C@H]1c1ccc(Cl)cc1,8.22184875,8.104611523347414,Train
CC[C@@H](C)Oc1cc2c(cc1OC)CC(=O)N(c1ccc(N(C)CC3CCNCC3)cc1)C2c1ccc(Cl)cc1,8.455931956,8.321931228661587,Train
CN1[C@@H]([C@@H](O[C@H](C1=O)CC2=CC=C(C=C2)OC)C3=CC=C(C=C3)Br)C4=CC=C(C=C4)Br,5.721246399,5.751332011143529,Train
COc1cc(CN)ccc1-c1nc2c(n1C(C)C)C(c1ccc(Cl)cc1)N(c1cc(Cl)ccc1C)C2=O,9.769551079,9.680206067045658,Train
C1CC(CCC1NC(=O)[C@H]2[C@@H]([C@@]3(C4=C(C=C(C=C4)Cl)NC3=O)C5(N2)CCOCC5)C6=C(C(=CC=C6)Cl)F)O,6.549750892,6.111189612024804,Train
CC(C)(C)C[C@@H]1[C@]2([C@H]([C@@H](N1)C(=O)N[C@H]3CC[C@H](C3)O)C4=CC(=CC=C4)Cl)C5=CC(=C(C=C5NC2=O)Cl)F,6.0,6.044718655433879,Train
O=C(NC[C@H]1CC[C@H](C(=O)O)CC1)[C@@H]1NC2(CCCCC2)[C@@]2(C(=O)Nc3cc(Cl)ccc32)[C@H]1c1cccc(Cl)c1F,7.769551079,7.8528084751267695,Train
C1CC(CCC12[C@@]3([C@H]([C@@H](N2)C(=O)NCCN4CCOCC4)C5=C(C(=CC=C5)Cl)F)C6=C(C=C(C=C6)Cl)NC3=O)(F)F,6.0,6.195390836688812,Train
CN1C2=C(C(N3C1=NC=N3)C4=CC=C(C=C4)Br)C(OC5=CC=CC=C52)C6=CC=C(C=C6)Cl,6.050609993,5.886205049636738,Train
CC(C)(C)C[C@@H]1[C@]2([C@H]([C@@H](N1)C(=O)N3CCN(CC3)C(=O)CN(C)C)C4=CC(=CC=C4)Cl)C5=CC(=C(C=C5NC2=O)Cl)F,5.0,5.328901252058552,Train
CC[C@@H](CN(C)S(=O)(=O)C1CC1)N1C(=O)[C@@](C)(CC(=O)O)C[C@H](c2cncc(Cl)c2)[C@H]1c1ccc(Cl)cc1,8.397940009,8.422193403745137,Train
CCOC1=C(C=CC(=C1)C(C)(C)C)C2=N[C@@]([C@H](N2C(=O)N3CCN(CC3)CCCS(=O)(=O)C)C4=CC=C(C=C4)Cl)(C)C5=CC=C(C=C5)Cl,6.634512015,6.642153821346194,Train
Cc1cc(Cl)ccc1C1c2c(nn(CC3CCCO3)c2C(C)C)C(=O)N1c1cc(Cl)ccc1C,8.602059991,8.589203311341342,Train
COC[C@@H](C)n1c(-c2cnc(OC)nc2OC)nc2c1[C@@H](c1ccc(Cl)cc1)N(c1ccc(F)c(Cl)c1)C2=O,7.359240386,8.797438757198048,Train
CCn1cc(N2C(=O)c3nn(-c4ccccc4OC)c(C(C)C)c3C2c2ccc(Cl)cc2C)cc(Cl)c1=O,9.37675071,9.403223965018084,Train
O=C(NC1CCC(O)CC1)[C@@H]1NC2(CCCCCC2)[C@@]2(C(=O)Nc3cc(Cl)ccc32)[C@H]1c1cccc(Cl)c1F,7.806875402,7.791916901604343,Train
CC(C)(C)C[C@H]1[C@]([C@H]([C@@H](N1)C(=O)NC2=CC(=C(C=C2)C(=O)O)F)C3=C(C(=CC=C3)Cl)F)(C#N)C4=C(C=C(C=C4)Cl)F,7.677780705,7.665879243597491,Train
CC(C)(C)C[C@H]1[C@]([C@H]([C@@H](N1)C(=O)NC2=CC=CC(=C2)C(=O)O)C3=C(C(=CC=C3)Cl)F)(C#N)C4=C(C=C(C=C4)Cl)F,7.37675071,7.505894959151268,Train
CC1=CC=C(C=C1)C2C3=C(C4=CC=CC=C4OC3C5=CC=C(C=C5)Br)N(C6=NC=NN26)C,5.324221658,5.476427346582816,Train
CC(C)[C@@H](CS(=O)(=O)C(C)C)N1C(=O)[C@@](C)(CC(=O)O)C[C@H](c2cccc(Cl)c2)[C@H]1c1ccc(Cl)cc1,7.327902142,8.16927590901089,Train
COC(=O)C(C1=CC=C(C=C1)Cl)N2C(C(=S)NC3=C(C2=O)C=CC(=C3)F)C4=CC=C(C=C4)Cl,5.181114585,5.2221490485129,Train
C1CCC2(CC1)[C@@]3([C@H]([C@@H](N2)C(=O)NCC4=CC=C(C=C4)C(=O)O)C5=C(C(=CC=C5)Cl)F)C6=C(C=C(C=C6)Cl)NC3=O,8.004364805,7.949371426792376,Train
CC[C@@H](CN1CCN(CC1)S(=O)(=O)C2CC2)N3[C@@H]([C@H](C[C@](C3=O)(C)CC(=O)O)C4=CC(=CC=C4)Cl)C5=CC=C(C=C5)Cl,7.522878745,7.914163144804196,Train
CC[C@@H]([C@H](C)OC)N1[C@@H]([C@H](C[C@](C1=O)(C)CC(=O)O)C2=CC(=CC=C2)Cl)C3=CC=C(C=C3)Cl,6.844663963,7.2652215506568645,Train
CC(C)CCN1C=NC(=C1C2=CNC3=C2C=CC(=C3)Cl)C4=CC=CC=C4,6.045757491,5.961563960920785,Train
C[C@]1(CC(=O)O)C[C@H](c2cccc(Cl)c2)[C@@H](c2ccc(Cl)cc2)N([C@H](CS(=O)(=O)c2ccncc2)C2CC2)C1=O,9.301029996,9.21520993178501,Train
CC[C@@H](CCC#N)N1C(=O)[C@@H](CC(=O)O)C[C@H](c2cccc(Cl)c2)[C@H]1c1ccc(Cl)cc1,8.397940009,8.001070656668276,Train
COc1ncc(-c2nc3c(n2C2CCC2)C(c2ccc(Cl)cc2)N(c2ccc(F)c(Cl)c2)C3=O)c(OC)n1,7.928117993,8.339844627275102,Train
C1CC1(CO)COC2(C3=CC=CC=C3C(=O)N2CC4=CC=C(C=C4)I)C5=CC=C(C=C5)Cl,5.823908741,5.877056463678499,Train
CC(C)OC1=C(C=CC(=C1)OC)C2=N[C@@H]([C@@H](N2C(=O)N3CCNC(=O)C3)C4=CC=C(C=C4)Cl)C5=CC=C(C=C5)Cl,5.226945307,6.021832778856365,Train
CC[C@@H](CO)N1[C@@H]([C@H](C[C@@H](C1=O)CC(=O)O)C2=CC(=CC=C2)Cl)C3=CC=C(C=C3)Cl,7.301029996,7.046998109042404,Train
CC[C@@H](C(=O)OC(C)(C)C)N1[C@@H]([C@H](C[C@H](C1=O)CC(=O)O)C2=CC(=CC=C2)Cl)C3=CC=C(C=C3)Cl,6.698970004,6.801760316515922,Train
COc1ccc(CN)cc1-n1nc2c(c1C(C)C)C(c1ccc(Cl)cc1C)N(c1cc(Cl)c(=O)n(C)c1)C2=O,9.258848401,9.305588456077334,Train
CC(C)C1=C(SC2=N[C@@]([C@H](N12)C3=CC=C(C=C3)Cl)(C)C4=CC=C(C=C4)Cl)C(=O)N5CCC[C@H]5C(=O)N6CCN(CC6)C,7.638272164,7.569075994806725,Train
C[C@@H]1CC[C@H](N1C(=O)C2=C(N3[C@@H]([C@](N=C3S2)(C)C4=CC=C(C=C4)Cl)C5=CC=C(C=C5)Cl)C(C)C)C(=O)N6CCN([C@H](C6)C)C(=O)C,7.431798276,7.496154379366931,Train
CC[C@@H](CS(=O)(=O)CC)N1C(=O)[C@@](C)(CC(=O)O)C[C@H](c2cccc(Cl)c2)[C@H]1c1ccc(Cl)cn1,9.045757491,9.060832474555637,Train
CC(C)(C)C[C@@H]1[C@]2([C@H]([C@@H](N1)C(=O)NCCCN3CCCC3)C4=C(C(=CC=C4)Cl)F)C5=CC(=C(C=C5NC2=O)Cl)F,6.0,5.956300773132393,Train
C1CCC2(CC1)[C@@]3([C@H]([C@@H](N2)C(=O)NCCN4CCOCC4)C5=C(C(=CC=C5)Cl)F)C6=C(C=C(C=C6)Cl)NC3=O,7.677780705,7.293292143031788,Train
COc1cc(C(N)=O)ccc1NC(=O)[C@@H]1N[C@@H](CC(C)(C)C)[C@@]2(C(=O)Nc3cc(Cl)ncc32)[C@H]1c1cccc(Cl)c1F,8.22184875,8.090245831833323,Train
CC(C)(C)C[C@@H]1N[C@@H](C(=O)N[C@H]2C[C@](C)(O)C2)[C@H](c2cccc(Cl)c2F)[C@]12C(=O)Nc1cc(Cl)ccc12,7.958607315,8.04957086162939,Train
COc1ccc(-c2nc3c(n2C(C)C)C(c2ccc(Cl)cc2C)N(c2cc(Cl)ccc2C)C3=O)c(OC)n1,9.657577319,9.705656828668292,Train
CN1C2=C([C@@H](N3C1=NC=N3)C4=CC=C(C=C4)Br)[C@H](OC5=C2C(=CC=C5)OC)C6=CC=C(C=C6)Br,6.017728767,5.8991803474379685,Train
COc1nc(N)ncc1-c1nc2c(n1C(C)C)C(c1ccc(Cl)cc1)N(c1cc(Cl)ccc1C)C2=O,9.568636236,9.232850061431543,Train
C1CC1CN2[C@@H]([C@H](C[C@H](C2=O)CCC(=O)O)C3=CC(=CC=C3)Cl)C4=CC=C(C=C4)Cl,5.177831921,5.372946531347282,Train
CC[C@@H](C)OC1=C(C=C2CC(=O)N(C(C2=C1)C3=CC=C(C=C3)Cl)C4=CC=C(C=C4)N(C)CC5=CC(=CC=C5)F)OC,6.769551079,6.865217163976732,Train
CC(C)C1=C(C(=O)N2[C@H](C)CC[C@H]2C(=O)N2CCN(C)C3(CC3)C2)SC2=N[C@@](C)(c3ccc(Cl)cc3)[C@@H](c3ccc(Cl)cc3)N21,7.677780705,7.842670050204674,Train
CC[C@@H](c1cc(C)no1)N1C(=O)[C@@](C)(CC(=O)O)C[C@H](c2cccc(Cl)c2)[C@H]1c1ccc(Cl)cc1,7.397940009,7.560071528019659,Train
C1CN(C(=O)CC1=O)C(=O)C2=C(SC(=C2C3=CC=C(C=C3)Cl)C4=CC=C(C=C4)Cl)N,5.034798299,5.229935468344259,Train
C[C@@]1(C[C@@H]([C@H](N(C1=O)C2CC[C@@H](C2)O)C3=CC=C(C=C3)Cl)C4=CC(=CC=C4)Cl)CC(=O)O,6.721246399,7.0001591991813,Train
O=C(O)C[C@H]1C[C@H](c2cccc(Cl)c2)[C@@H](c2ccc(Cl)cc2)N([C@H](CO)C2CC2)C1=O,7.397940009,7.453868915515966,Train
CC[C@@H](C)Oc1cc2c(cc1OC)CC(=O)N(c1ccc(C(C)O)cc1)C2c1ccc(Cl)cc1,7.140261434,7.388212266023813,Train
COC(=O)C[C@H]1C[C@@H]([C@H](N(C1=O)CC2CC2)C3=CC=C(C=C3)Cl)C4=CC(=CC=C4)Cl,6.102372909,5.872853775711733,Train
C[C@]1(CC(=O)O)C[C@H](c2cccc(Cl)c2)[C@@H](c2ccc(Cl)cc2)N([C@H](CS(=O)(=O)N2CCCC2)C2CC2)C1=O,10.0,9.881384947671906,Train
CC(C)(C)C[C@H]1[C@@]2([C@H]([C@@H](N1)C(=O)NC3CCC(CC3)O)C4=C(C(=CC=C4)Cl)F)C5=C(C=C(C=C5)Cl)NC2=O,8.086186148,6.930987045548708,Train
CC[C@@H](CS(=O)(=O)c1ccccc1)N1C(=O)[C@@](C)(CC(=O)O)C[C@H](c2cccc(Cl)c2)[C@H]1c1ccc(Cl)cc1,9.522878745,9.513642372032912,Train
CC[C@@H](CN(C)S(=O)(=O)C1CC1)N2C([C@H](C[C@](C2=O)(C)CC(=O)O)C3=CC(=CC=C3)Cl)C4=CC=C(C=C4)Cl,8.0,8.613922420091084,Train
C1CC(CC1O)OC2(C3=CC=CC=C3C(=O)N2CC4=CC=C(C=C4)[N+](=O)[O-])C5=CC=C(C=C5)Cl,6.15490196,6.2290062633388095,Train
CC[C@@H](CNS(=O)(=O)c1ccccc1Cl)N1C(=O)[C@@](C)(CC(=O)O)C[C@H](c2cccc(Cl)c2)[C@H]1c1ccc(Cl)cc1,8.522878745,8.549410347017513,Train
CC[C@@H](CNCC(F)(F)F)N1[C@@H]([C@H](C[C@](C1=O)(C)CC(=O)O)C2=CC(=CC=C2)Cl)C3=CC=C(C=C3)Cl,7.397940009,7.485956353657506,Train
C1=CC=C(C=C1)C2=NC(=C(N2C3=CC(=CC=C3)Cl)C4=CC(=CC=C4)Cl)C(=O)O,6.920818754,7.022413136064182,Train
C1CC1(CO)COC2(C3=CC=CC=C3C(=O)N2CC4=CC=C(C=C4)Cl)C5=CC=C(C=C5)Cl,5.638272164,5.661195776706824,Train
CC[C@@H](CCC1=CC=CC=N1)N2[C@@H]([C@H](C[C@@H](C2=O)CC(=O)O)C3=CC(=CC=C3)Cl)C4=CC=C(C=C4)Cl,7.045757491,7.071315252850186,Train
CC[C@@H](CN(CC)S(=O)(=O)C(C)C)N1C(=O)[C@@](C)(CC(=O)O)C[C@H](c2cccc(Cl)c2)[C@H]1c1ccc(Cl)cc1,7.886056648,8.139279296885524,Train
CC[C@@H](C(C)NS(=O)(=O)C(C)C)N1C(=O)[C@@](C)(CC(=O)O)C[C@H](c2cccc(Cl)c2)C1c1ccc(Cl)cc1,8.522878745,8.573008257437907,Train
CC(C)(C)C[C@H]1[C@@]2([C@H]([C@@H](N1)C(=O)NC3=CC=C(C=C3)OCCO)C4=C(C(=CC=C4)Cl)F)C5=C(C=C(C=C5)Cl)NC2=O,8.15490196,7.775059278295264,Train
CC(C)C1=C(SC2=N[C@@]([C@H](N12)C3=CC=C(C=C3)Cl)(C)C4=CC=C(C=C4)Cl)C(=O)N5CCC[C@H]5C(=O)N(C)C,8.036212173,7.504081286788146,Train
CC[C@@H](CN(C)S(=O)(=O)C(C)(C)C)N1[C@@H]([C@H](C[C@](C1=O)(C)CC(=O)O)C2=CC(=CC=C2)Cl)C3=CC=C(C=C3)Cl,9.15490196,9.06584488442915,Train
COC[C@@H](C)n1c(-c2cnc(OC)nc2OC)nc2c1[C@H](c1ccc(Cl)cc1)N(c1ccc(F)c(Cl)c1)C2=O,10.05060999,8.797438757198048,Train
CC(C)(C)C[C@@H]1[C@]2([C@H]([C@@H](N1)C(=O)NC3CN(C3)C(=O)NC4CCCCC4)C5=C(C(=CC=C5)Cl)F)C6=C(C=C(C=C6)Cl)NC2=O,5.522878745,5.8081416369099,Train
CC[C@@H](CS(=O)(=O)NCC1(C)COC1)N1C(=O)[C@@](C)(CC(=O)O)C[C@H](c2cccc(Cl)c2)[C@H]1c1ccc(Cl)cc1,9.698970004,9.619295405339615,Train
CC(C)(C)S(=O)(=O)N(C[C@H](C1CC1)N1C(=O)[C@@](C)(CC(=O)O)C[C@H](c2cccc(Cl)c2)C1c1ccc(Cl)cc1)C(F)F,9.522878745,9.300181103952461,Train
CC[C@@H]1CC[C@H](N1C(=O)C2=C(N3[C@@H]([C@](N=C3S2)(C)C4=CC=C(C=C4)Cl)C5=CC=C(C=C5)Cl)C(C)C)C(=O)N(C)C,7.744727495,7.662433457673377,Train
CC[C@@H](CN1C=C(C=CC1=O)C(F)(F)F)N2[C@@H]([C@H](C[C@](C2=O)(C)CC(=O)O)C3=CC(=CC=C3)Cl)C4=CC=C(C=C4)Cl,7.522878745,7.553109033605697,Train
CC(C)(C)C[C@H]1[C@@]2([C@H]([C@@H](N1)C(=O)NC3=C(C=C(C=C3)C(=O)N)OC)C4=C(C(=CC=C4)Cl)F)C5=C(NC2=O)N=C(C=C5)Cl,7.958607315,7.681865346874934,Train
COc1ccc(CO)cc1-c1nc2c(n1C(C)C)[C@H](c1ccc(Cl)cc1C)N(c1cc(Cl)ccc1C)C2=O,10.39794001,9.657287191545072,Train
C[C@]1(CC(=O)O)C[C@H](c2cccc(Cl)c2)[C@@H](c2ccc(Cl)cc2)N(C(C2CC2)C2CC2)C1=O,9.0,8.759171140619431,Train
CC(C)(C)C[C@H]1[C@@]2([C@H]([C@@H](N1)C(=O)NC3=C(C=C(C=C3)C(=O)O)OC)C4=C(C(=CC=C4)Cl)F)C5=C(NC2=O)N=CC=C5,7.283996656,7.240257390581504,Train
C[C@]1(CC(=O)O)C[C@H](c2cccc(Cl)c2)[C@@H](c2ccc(Cl)cc2)N([C@@H](CC(F)F)c2ccccn2)C1=O,7.397940009,7.48710013494858,Train
CC[C@@H](CN1CCN(CC1)S(=O)(=O)C)N2[C@@H]([C@H](C[C@](C2=O)(C)CC(=O)O)C3=CC(=CC=C3)Cl)C4=CC=C(C=C4)Cl,7.698970004,7.7141428887271175,Train
COCCOCCOCCOCCOCCOC(=O)OCOC(=O)c1ccc(NC(=O)[C@@H]2N[C@@H](CC(C)(C)C)[C@](C#N)(c3ccc(Cl)cc3F)[C@H]2c2cccc(Cl)c2F)c(OC)c1,8.279840697,8.137740228712117,Train
CC(C)(C)[C@@H](CS(C)(=O)=O)N1C(=O)[C@@](C)(CC(=O)O)C[C@H](c2cccc(Cl)c2)[C@H]1c1ccc(Cl)cc1,9.698970004,9.524261458983336,Train
C1=CC=C2C(=C1)C(=O)N(C2(C3=CC=C(C=C3)F)O)CC4=CC=C(C=C4)[N+](=O)[O-],5.022276395,5.204384876145423,Train
C1=CC=NC(=C1)NC(C2=C(C=C(C=C2)Cl)Cl)C3=C(C4=C(C=CC=N4)C=C3)O,5.13076828,5.186664602886131,Train
C1CC1CN2[C@@H]([C@H](C[C@@H](C2=O)CC(=O)N)C3=CC(=CC=C3)Cl)C4=CC=C(C=C4)Cl,5.117475462,5.6019775985283164,Train
CC(C)(C)C[C@@H]1[C@]2([C@H]([C@@H](N1)C(=O)NCCN3CC[C@@H](C3)O)C4=CC(=CC=C4)Cl)C5=CC(=C(C=C5NC2=O)Cl)F,6.0,5.996427827888208,Train
CC[C@]1(CC(=O)O)C[C@H](c2cccc(Cl)c2)[C@@H](c2ccc(Cl)cc2)N([C@H](CS(=O)(=O)C2CCCCC2)C2CC2)C1=O,10.0,9.851986829312716,Train
C[C@H](C1=CC=CC=C1)NC2=C([C@H](N(C2=O)CCCN3C=CN=C3)C4=CC=C(C=C4)Br)C(=O)C5=CC=CC=C5,5.705533774,5.720514635747933,Train
CC(C)(C)C[C@@H]1[C@]2([C@@H]([C@H](N1)C(=O)NC3=C(C=C(C=C3)C(=O)N)OC)C4=C(C(=CC=C4)Cl)F)C5=C(C=C(S5)Cl)NC2=O,6.752026734,7.397700339282627,Train
CC1CCCCC1(F)c1nc2nc(-c3n[nH]c(=O)o3)nc(-c3cncc(Cl)c3)c2n1C[C@H]1CC[C@H](C)CC1,8.200314909,8.275158302679227,Train
CC[C@@H](CC(C1CC1)(C(F)(F)F)O)N2[C@@H]([C@H](C[C@](C2=O)(C)CC(=O)O)C3=CC(=CC=C3)Cl)C4=CC=C(C=C4)Cl,8.0,7.7694118568774675,Train
COc1cc2c(cc1OC(C)C)C(c1ccc(Cl)cc1)N(C1CCC(C(C)(O)C3CCOCC3)CC1)C(=O)C2,7.443697499,7.697219035165794,Train
O=C(N[C@H]1CC[C@H](O)CC1)[C@@H]1NC2(CCCC2)[C@@]2(C(=O)Nc3cc(Cl)ccc32)[C@H]1c1cccc(Cl)c1F,7.455931956,7.4646664425497375,Train
CC[C@@H](CS(=O)(=O)C1CCCC1)N1C(=O)[C@@](C)(CC(=O)O)C[C@H](c2cccc(Cl)c2)[C@H]1c1ccc(Cl)cc1,9.522878745,9.561473502015884,Train
C1=CC=C2C(=C1)C(=O)N(C2(C3=CC=C(C=C3)Cl)O)CC4=CC=C(C=C4)[N+](=O)[O-],5.619788758,5.48630913387513,Train
C1=CC=C(C=C1)/C=C/C(=O)C2=NC3=CC=CC=C3N2,5.684029655,5.520596228921547,Train
C1=CC2=C(C(=C(C=C2)C(C3=CC=CS3)NC4=CN=CC=C4)O)N=C1,5.823908741,5.686295460592166,Train
CC(=O)OC(C)(C)C(=O)N1CC(C1)NC(=O)[C@H]2[C@@H]([C@@]3([C@H](N2)CC(C)(C)C)C4=C(C=C(C=C4)Cl)NC3=O)C5=C(C(=CC=C5)Cl)F,6.0,6.304281247726456,Train
CC(=O)N1CCC2(CC1)[C@@]3([C@H]([C@@H](N2)C(=O)NC)C4=C(C(=CC=C4)Cl)F)C5=C(C=C(C=C5)Cl)NC3=O,5.675717545,6.008833542934293,Train
CC(C)(C)C[C@@H]1N[C@@H](C(=O)NC2CCC(O)CC2)[C@H](c2cccc(Cl)c2)[C@]12C(=O)Nc1cc(Cl)c(F)cc12,7.494850022,7.5707693177909015,Train
C1CC1CN2[C@@H]([C@@H](OCC2=O)C3=CC(=CC=C3)Cl)C4=CC=C(C=C4)Cl,5.744727495,5.729040155093326,Train
COc1cc(C(=O)OC(C)OC(=O)N2CCN(C)CC2)ccc1NC(=O)[C@@H]1N[C@@H](CC(C)(C)C)[C@](C#N)(c2ccc(Cl)cc2F)[C@H]1c1cccc(Cl)c1F,7.728158393,7.761384907350571,Train
CN1C2=C(C(N3C1=NC=N3)C4=CC=C(C=C4)C#N)C(OC5=CC=CC=C52)C6=CC=C(C=C6)Br,5.233587153,5.434092041344671,Train
C1CCC2(CC1)[C@@]3([C@H]([C@@H](N2)C(=O)NC4=CC=C(C=C4)CC(=O)O)C5=C(C(=CC=C5)Cl)F)C6=C(C=C(C=C6)Cl)NC3=O,7.769551079,7.861514546051867,Train
CC(C)(C)C[C@@H]1[C@]2([C@H]([C@@H](N1)C(=O)NC3CCC(CC3)N)C4=CC(=CC=C4)Cl)C5=CC(=C(C=C5NC2=O)Cl)F,6.0,6.069641928891636,Train
CC[C@@H](CN1CCOCC1C)N2[C@@H]([C@H](C[C@](C2=O)(C)CC(=O)O)C3=CC(=CC=C3)Cl)C4=CC=C(C=C4)Cl,8.0,7.874656175226579,Train
CCOC(=O)[C@H](CC(C)C)N1[C@@H]([C@H](C[C@@H](C1=O)CC(=O)O)C2=CC(=CC=C2)Cl)C3=CC=C(C=C3)Cl,6.721246399,6.728394507600607,Train
CC[C@@H](CN(C)C1COC1)N2[C@@H]([C@H](C[C@](C2=O)(C)CC(=O)O)C3=CC(=CC=C3)Cl)C4=CC=C(C=C4)Cl,7.522878745,7.631632162662028,Train
C1=CC=C2C(=C1)C3=C(C(N4C(=NC=N4)N3CCCO)C5=CC=C(C=C5)Br)C(O2)C6=CC=C(C=C6)Br,6.366531544,6.186609853678183,Train
C[C@]1(CC(=O)O)C[C@H](c2cccc(Cl)c2)[C@@H](c2ccc(Cl)cc2)N([C@H](CS(=O)(=O)N2CCCCC2)C2CC2)C1=O,9.22184875,9.495158587582013,Train
C1CC1CN2[C@@H]([C@H](C[C@](C2=O)(CCN3CCOCC3)CC(=O)O)C4=CC(=CC=C4)Cl)C5=CC=C(C=C5)Cl,6.886056648,6.99571203426247,Train
CCC(C(=O)OC(C)(C)C)N1C(=O)[C@@](C)(Cc2nnn[nH]2)C[C@H](c2cccc(Cl)c2)[C@H]1c1ccc(Cl)cc1,9.0,8.530344223391092,Train
CC(C)C1=C(SC2=N[C@H]([C@H](N12)C3=CC=C(C=C3)Cl)C4=CC=C(C=C4)Cl)C(=O)N5CCN(CC5)C(=O)C,6.075720714,6.025603281143609,Train
CC[C@@H](C(C)=O)N1C(=O)[C@@](C)(CC(=O)O)C[C@H](c2cccc(Cl)c2)[C@H]1c1ccc(Cl)cc1,8.22184875,8.213241828914668,Train
C1CC1NC(=O)C2=C(SC(=C2C3=CC=C(C=C3)Cl)C4=CC=CC=C4)N,5.366531544,5.373217751014959,Train
CC(C)(C)C[C@@H]1[C@]2([C@H]([C@@H](N1)C(=O)NC)C3=CC(=CC=C3)Cl)C4=CC(=C(C=C4NC2=O)Cl)F,6.0,5.9857785855945345,Train
COC[C@@H](C)n1c(-c2cnc(OC)nc2OC)nc2c1[C@H](c1ccc(Cl)cc1)N(c1cc(Cl)c(=O)n(C)c1)C2=O,9.869666232,9.690774987556683,Train
CC1=CC=C(C=C1)CN2C(=O)C3=CC=CC=C3C2(C4=CC=C(C=C4)Cl)O[C@@H]5C[C@@H](C=C5)O,5.853871964,5.785044600317466,Train
CC1=CC(=NC=C1)N2[C@@H]([C@H](C[C@](C2=O)(C)CC(=O)O)C3=CC(=CC=C3)Cl)C4=CC=C(C=C4)Cl,7.522878745,7.352721579966673,Train
C1CC1(CO)COC2(C3=CC=CC=C3C(=O)N2CC4=CC=C(C=C4)F)C5=CC=C(C=C5)Cl,5.585026652,5.684768852190764,Train
CC(C)(C)C[C@@H]1[C@]2([C@H]([C@@H](N1)C(=O)NCC[C@H]3CC[C@H](C3)O)C4=C(C(=CC=C4)Cl)F)C5=C(C=C(C=C5)Cl)NC2=O,6.0,6.004645564673284,Train
CC1=C(C2=C(C=C1)OC(C3=C2N(C4=NC=NN4C3C5=CC=C(C=C5)Br)C)C6=CC=C(C=C6)Br)OC,5.404503778,5.883600419267881,Train
C[C@@H]1CC[C@H](N1C(=O)C2=C(N3[C@@H]([C@](N=C3S2)(C)C4=CC=C(C=C4)Cl)C5=CC(=C(C=C5)Cl)F)C(C)C)C(=O)N6CCNC7(C6)CC7,8.119186408,7.958007783459278,Train
C1CCC2(CC1)[C@@]3([C@H]([C@@H](N2)C(=O)NC4CCC(CC4)C(=O)O)C5=C(C(=CC=C5)Cl)F)C6=C(C=C(C=C6)Cl)NC3=O,8.356547324,8.009330605570886,Train
C[C@]1(CC(=O)O)C[C@H](c2cccc(Cl)c2)[C@@H](c2ccc(Cl)cc2)N([C@H](CS(=O)(=O)c2ccccc2)C2CC2)C1=O,8.853871964,8.926869442253297,Train
COC1=CC(=CC(=C1OC)OC)CC2=C(NC3=CC=CC=C32)C4=CN(C=C4)S(=O)(=O)C5=CC=CC=C5,5.721246399,5.983606856505174,Train
CCOC(=O)CCNC(=O)N1[C@H]([C@H](N=C1C2=C(C=C(C=C2)OC)OC(C)C)C3=CC=C(C=C3)Cl)C4=CC=C(C=C4)Cl,5.473660723,5.545108856952635,Train
CC(C)(C)C[C@@H]1[C@]2([C@H]([C@@H](N1)C(=O)NC3CCNCC3)C4=C(C(=CC=C4)Cl)F)C5=C(C=C(C=C5)Cl)NC2=O,6.0,6.08554662998221,Train
COc1cc2c(cc1OC(C)C)[C@H](c1ccc(Cl)cc1)N(c1ccc(N(C)C[C@H]3CC[C@H](N(C)C)CC3)cc1)C(=O)C2,8.602059991,8.506014835676256,Train
CC(C)(C)C[C@@H]1[C@]2([C@H]([C@@H](N1)C(=O)NCCCN3CCCC3)C4=C(C(=CC=C4)Cl)F)C5=C(C=C(C=C5)Cl)NC2=O,5.0,5.393631640206423,Train
CC[C@@H](CN1CCS(=O)(=O)CC1)N1C(=O)[C@@](C)(CC(=O)O)C[C@H](c2cccc(Cl)c2)[C@H]1c1ccc(Cl)cc1,8.397940009,8.29871222277965,Train
CCOC1=C(C=CC(=C1)C(C)(C)C)C2=N[C@@]([C@@](N2C(=O)N3CCNC(=O)C3)(C)C4=CC=C(C=C4)Cl)(C)C5=CC=C(C=C5)Cl,5.119186408,5.6214305438749355,Train
CC[C@@H](C1=NC(CO1)(C)C)N2[C@@H]([C@H](C[C@](C2=O)(C)CC(=O)O)C3=CC(=CC=C3)Cl)C4=CC=C(C=C4)Cl,7.397940009,7.456428123394127,Train
C1=CC(=CC=C1[C@H]2[C@H](N=C(N2)C3=CC=C(C=C3)Br)C4=CC=C(C=C4)Br)Br,5.043351421,5.375894247510514,Train
CC(C)[C@H](C(=O)OC1CCC(CC1)NC(=O)[C@H]2[C@@H]([C@@]3([C@H](N2)CC(C)(C)C)C4=C(C=C(C=C4)Cl)NC3=O)C5=C(C(=CC=C5)Cl)F)N,6.0,5.819108756632741,Train
CC[C@H](C1=NC(=NO1)C2CC2)N3[C@@H]([C@H](C[C@](C3=O)(C)CC(=O)O)C4=CC(=CC=C4)Cl)C5=CC=C(C=C5)Cl,7.397940009,7.2548739380720715,Train
CC[C@@H](C)Oc1cc2c(cc1OC)CC(=O)N(c1ccc(C(C)NC3CCNCC3)cc1)C2c1ccc(Cl)cc1,7.370590401,7.679362408572756,Train
CC(=O)N1CCC(CC1)NC(=O)[C@H]2[C@@H]([C@@]3([C@H](N2)CC(C)(C)C)C4=C(C=C(C=C4)Cl)NC3=O)C5=C(C(=CC=C5)Cl)F,6.301029996,6.294219532763259,Train
O=C(O)c1nc(-c2ccccc2)n(-c2cccc(Cl)c2F)c1-c1cccc(Cl)c1,8.15490196,8.17294562004025,Train
CC(C)(C)C[C@@H]1N[C@@H](C(=O)NCC[C@H](O)CO)[C@H](c2cccc(Cl)c2F)[C@@]1(C#N)c1ccc(Cl)cc1F,7.13076828,7.325357064646847,Train
CC[C@@H](CS(=O)(=O)C(C)(C)C)N1C(=O)[C@@](C)(CC(=O)O)C[C@H](c2cc(F)cc(Cl)c2)[C@H]1c1ccc(Cl)cc1,10.0,9.872172136866373,Train
C1CCC(CC1)CN2[C@@H]([C@H](C[C@@H](C2=O)CC(=O)O)C3=CC(=CC=C3)Cl)C4=CC=C(C=C4)Cl,6.769551079,6.682363005734441,Train
C1=CC=C2C(=C1)C3=C([C@@H](N4C(=NC=N4)N3CC(=O)O)C5=CC=C(C=C5)Br)[C@H](O2)C6=CC=C(C=C6)Br,6.318758763,6.217751852893498,Train
COC(C)(c1ncccc1F)c1nc2nc(-c3n[nH]c(=O)o3)nc(-c3cncc(Cl)c3)c2n1C[C@H]1CC[C@H](C)CC1,9.170696227,9.070236467932604,Train
CC(C)[C@@H](CS(=O)(=O)C(C)(C)C)N1[C@@H]([C@H](C[C@](C1=O)(C)CC(=O)O)C2=CC(=CC=C2)Cl)C3=CC=C(C=C3)Cl,9.22184875,9.145255101679988,Train
COc1cc2c(cc1OC(C)C)C(c1ccc(Cl)cc1)N(C1CCC(C(O)c3cccc(F)c3)CC1)C(=O)C2,7.142667504,7.338513968739046,Train
CC[C@@H](COCC1CC1)N1C(=O)[C@@H](CC(=O)O)C[C@H](c2cccc(Cl)c2)[C@H]1c1ccc(Cl)cc1,7.522878745,7.53238938415112,Train
CC(C)(C)C[C@@H]1[C@]2([C@H]([C@@H](N1)C(=O)NCC[C@@H](CO)O)C3=CC(=CN=C3)Cl)C4=CC(=C(C=C4NC2=O)Cl)F,5.0,5.3877302884212614,Train
CN1CCC(CCNC(=O)[C@@H]2N[C@H](CC(C)(C)C)[C@]3(C(=O)Nc4cc(Cl)ccc43)[C@H]2c2cccc(Cl)c2F)CC1,7.48945499,7.582888277032271,Train
CC(C)(C)C[C@H]1[C@@]2([C@H]([C@@H](N1)C(=O)NC3=C(C=C(C=C3)OCCO)OC)C4=C(C(=CC=C4)Cl)F)C5=C(C=C(C=C5)Cl)NC2=O,8.301029996,7.981038968505362,Train
CC(C)(C)C[C@@H]1[C@]2([C@H]([C@@H](N1)C(=O)NCC3CCN(CC3)C)C4=C(C(=CC=C4)Cl)F)C5=C(C=C(C=C5)Cl)NC2=O,6.0,6.096629413122022,Train
CC[C@@H](C)OC1=C(C=C2CC(=O)N(C(C2=C1)C3=CC=C(C=C3)Cl)C4=CC=C(C=C4)N(C)CC5=CN=CC=C5)OC,7.823908741,7.533285435920529,Train
CN1[C@@H]([C@@H](O[C@H](C1=O)CC2=CC=CC=C2)C3=CC=C(C=C3)Cl)C4=CC=C(C=C4)Cl,5.744727495,5.772063627167106,Train
CC[C@@H]([C@@H](O)CO)N1C(=O)[C@@](C)(CC(=O)O)C[C@H](c2cccc(Cl)c2)[C@H]1c1ccc(Cl)cc1,9.0,8.688700037742501,Train
C1CC(=O)N([C@@H]([C@H]1C2=CC(=CC=C2)Cl)C3=CC=C(C=C3)Cl)CC4CC4,6.086186148,5.895861736019388,Train
CC(C)(C)C[C@H]1N[C@@H](C(=O)NCC[C@H](O)CO)[C@H](c2cccc(Cl)c2)[C@@]12C(=O)Nc1cc(Cl)ccc12,7.251811973,7.475475526388301,Train
CC(C)(C)C[C@@H]1N[C@@H](C(=O)NCC[C@H](O)CO)[C@H](c2cccc(Cl)c2F)[C@]12C(=O)Nc1cc(Cl)ccc12,8.008773924,7.843044097370709,Train
CC(C)[C@@H](CS(=O)(=O)C(C)C)N1[C@@H]([C@H](C[C@](C1=O)(C)CC(=O)O)C2=CC(=CC=C2)Cl)C3=CC=C(C=C3)Cl,7.327902142,8.131280443625021,Train
CN1C2=C(C(N3C1=NC=N3)C4=CC=C(C=C4)Br)C(OC5=CC=CC=C52)C6=CC=C(C=C6)Br,5.931814138,5.8722354295124966,Train
C1CC[C@H]([C@H](C1)CO)COC2(C3=CC=CC=C3C(=O)N2CC4=CC=C(C=C4)[N+](=O)[O-])C5=CC=C(C=C5)Cl,6.244125144,6.280406664031592,Train
C[C@H](C1=CC=C(C=C1)Cl)N2C(=O)C3=CC=CC=C3C2(C4=CC=C(C=C4)Cl)OCCCCO,5.602059991,5.825287856044679,Train
CC(C)(C)C[C@H]1[C@]2([C@H]([C@@H](N1)C(=O)NC3CCC(CC3)O)C4=C(C(=CC=C4)Cl)F)C5=C(C=C(C=C5)Cl)NC2=O,5.229147988,6.930987045548708,Train
CC[C@@H](C1=CC=CC(=N1)C)N2[C@@H]([C@H](C[C@](C2=O)(C)CC(=O)O)C3=CC(=CC=C3)Cl)C4=CC=C(C=C4)Cl,8.0,7.724460382021166,Train
CC[C@@H](C)OC1=C(C=C2CC(=O)N([C@H](C2=C1)C3=CC=C(C=C3)Cl)C4=CC=C(C=C4)N(C)CC5=CC=NC=C5)OC,8.638272164,7.509372549477999,Train
CC[C@@H](CN1CCOC1=O)N2[C@@H]([C@H](C[C@](C2=O)(C)CC(=O)O)C3=CC(=CC=C3)Cl)C4=CC=C(C=C4)Cl,7.522878745,7.52739427760028,Train
C[C@]1(CC(=O)O)C[C@H](c2cccc(Cl)c2)[C@@H](c2ccc(Cl)cc2)N([C@H](CS(=O)(=O)C2CCC2)C2CC2)C1=O,9.698970004,9.735436268745646,Train
CC[C@@H](C(=O)NCC(C)(C)C)N1C(=O)[C@@](C)(CC(=O)O)C[C@H](c2cccc(Cl)c2)[C@H]1c1ccc(Cl)cc1,8.22184875,8.16674687842428,Train
CC(C)CC(C)(C)C[C@@H]1[C@]2([C@H]([C@@H](N1C)C(=O)NCC[C@@H](CO)O)C3=CC(=CC=C3)Cl)C4=CC(=C(C=C4NC2=O)Cl)F,5.301029996,5.53797273075721,Train
COc1ccccc1C(C)(OC)c1nc2nc(-c3n[nH]c(=O)o3)nc(-c3cncc(Cl)c3)c2n1C[C@H]1CC[C@H](C)CC1,8.085022528,8.377419883719181,Train
CC(C)N1[C@@H]([C@H](C[C@H](S1(=O)=O)CC(=O)O)C2=CC(=CC=C2)Cl)C3=CC=C(C=C3)Cl,6.187086643,6.303627144417251,Train
C1CCC2(CC1)[C@@]3([C@H]([C@@H](N2)C(=O)NCC4=NNN=N4)C5=C(C(=CC=C5)Cl)F)C6=C(C=C(C=C6)Cl)NC3=O,7.0,7.25925606923546,Train
CNC(=O)CN[C@H]1CC[C@H](CN(C)c2ccc(N3C(=O)Cc4cc(OC)c(OC(C)C)cc4[C@@H]3c3ccc(Cl)cc3)nc2)CC1,8.113509275,8.158250694877344,Train
C1CCC2(CC1)[C@@]3([C@H]([C@@H](N2)C(=O)NC4CCC(CC4)O)C5=CC(=CN=C5)Cl)C6=C(C=C(C=C6)Cl)NC3=O,6.585026652,6.5075089163792175,Train
COCCOCCOCCOC(=O)OC(C)OC(=O)c1ccc(NC(=O)[C@@H]2N[C@@H](CC(C)(C)C)[C@](C#N)(c3ccc(Cl)cc3F)[C@H]2c2cccc(Cl)c2F)c(OC)c1,7.882728704,7.905527649222172,Train
COc1cc2c(cc1OC(C)C)[C@H](c1ccc(Cl)cc1)N(c1ccc(N(C)C[C@H]3CC[C@H](N4CCN(C)C(=O)C4)CC3)nc1)C(=O)C2,8.769551079,8.616731645422696,Train
CC(C)(C)C1=CC2=C(C=C1)C(N(C2=O)CC3=CC=C(C=C3)[N+](=O)[O-])(C4=CC=C(C=C4)Cl)OCC5(CC5)CO,6.818156412,6.547382989748944,Train
C[C@@]1(C[C@@H]([C@H](N(C1=O)[C@H](C2CC2)C3=CC=CC=N3)C4=CC=C(C=C4)Cl)C5=CC(=CC=C5)Cl)CC(=O)O,7.698970004,7.046079764419342,Train
CC(C)(C)C[C@@H]1N[C@@H](C(=O)Nc2cccc(C(=O)O)c2)[C@H](c2cccc(Cl)c2F)[C@@]1(C#N)c1ccc(Cl)cc1F,7.37675071,7.4732599285637455,Train
CC(C)(C)C[C@@H]1N[C@@H](C(=O)Nc2ccc(C(=O)O)cc2F)[C@H](c2cccc(Cl)c2F)[C@@]1(C#N)c1ccc(Cl)cc1F,7.602059991,7.630656203740141,Train
CC#CC1=CC=C(C=C1)C2C3=C(C4=CC=CC=C4O2)N(C5=NC=NN5C3C6=CC=C(C=C6)Br)C,5.042392713,5.327337482758196,Train
CC[C@@H](CN1CCOCC1)N2[C@@H]([C@H](C[C@](C2=O)(C)CC(=O)O)C3=CC(=CC=C3)Cl)C4=NC=C(C=C4)Cl,7.301029996,7.3732162161756785,Train
CC1=CC(=NC=C1)NC(C2=C(C3=C(C=CC=N3)C=C2)O)C4=C(C=CS4)C,5.698970004,5.601270524135551,Train
CC1=CC2=C(C=C1F)OC(C3=C2N(C4=NC=NN4C3C5=CC=C(C=C5)Br)C)C6=CC=C(C=C6)Br,6.318758763,6.134421909252373,Train
CC[C@@H](C)OC1=C(C=C2CC(=O)N(C(C2=C1)C3=CC=C(C=C3)Cl)C4=CC=C(C=C4)N(C)CC5CCNCC5)OC,8.397940009,7.8820217552577905,Train
CCOC1=C(C=CC(=C1)OC)C2=NC(C(N2C(=O)N3CCN(CC3)CCO)C4=CC=C(C=C4)Br)C5=CC=C(C=C5)Br,6.853871964,6.666975441649364,Train
CC(C)C1=C(SC2=N[C@H]([C@H](N12)C3=CC=C(C=C3)Cl)C4=CC=C(C=C4)Cl)C(=O)N5CCC(=O)NCC5,5.958607315,5.969577793987944,Train
CC(=O)N1CCC(NC(=O)Cn2nc3c(c2C(C)C)C(c2ccc(Cl)cc2C)N(c2cc(Cl)ccc2C)C3=O)CC1,8.552841969,8.442527258277005,Train
CC[C@@H](CS(=O)(=O)C1CCOCC1)N1C(=O)[C@@](C)(CC(=O)O)C[C@H](c2cccc(Cl)c2)[C@H]1c1ccc(Cl)cc1,9.698970004,9.66246254197803,Train
CC(C)C1=C(SC2=N[C@@]([C@H](N12)C3=CC=C(C=C3)Cl)(C)C4=CC=C(C=C4)Cl)C(=O)N5CCC[C@H]5C(=O)N6CCN(CC6)C(=O)C,7.180456064,7.317431727239565,Train
CC[C@@H](CN(C)S(=O)(=O)C1CC1)N1C(=O)[C@@](C)(CC(=O)NCCCO)C[C@H](c2cccc(Cl)c2)[C@H]1c1ccc(Cl)cc1,7.27572413,7.426986707710005,Train
C[C@@H](O)[C@H](C1CC1)N1C(=O)[C@@](C)(CC(=O)O)C[C@H](c2cccc(Cl)c2)[C@H]1c1ccc(Cl)cc1,9.0,8.766508562181464,Train
CC(C)(C)C[C@@H]1[C@]2([C@H]([C@@H](N1C)C(=O)NCC[C@@H](CO)O)C3=CC(=CC=C3)Cl)C4=CC(=C(C=C4NC2=O)Cl)F,5.522878745,5.72247609684436,Train
C1CCN(C(=O)C1)C(=O)C2=C(SC(=C2C3=CC=C(C=C3)Cl)C4=CC=C(C=C4)Cl)N,5.306273051,5.270083117400117,Train
CC[C@@H](COC)N1[C@@H]([C@H](C[C@@H](C1=O)CC(=O)O)C2=CC(=CC=C2)Cl)C3=CC=C(C=C3)Cl,7.15490196,6.7940023682230875,Train
CC(C)(C)C[C@H]1[C@]([C@H]([C@@H](N1)C(=O)NC2=NN(C=C2)CC(C)(C)O)C3=C(C(=CC=C3)Cl)F)(C#N)C4=C(C=C(C=C4)Cl)F,7.251811973,7.066877993584259,Train
CC[C@@H](CC(C)O)N1C(=O)[C@@](C)(CC(=O)O)C[C@H](c2cccc(Cl)c2)C1c1ccc(Cl)cc1,8.397940009,8.295131069328418,Train
CC[C@]1(CC(=O)O)C[C@H](c2cccc(Cl)c2)[C@@H](c2ccc(Cl)cc2)N([C@H](CNS(=O)(=O)C(C)C)C2CC2)C1=O,9.045757491,9.034883243902481,Train
CNC(=O)[C@@H]1NC2(CCCCC2)[C@@]2(C(=O)Nc3cc(Cl)ccc32)[C@H]1c1cccc(Cl)c1F,7.318758763,7.543031129765406,Train
CC[C@@H](CC(C)(C)O)N1C(=O)[C@@](C)(CC(=O)O)C[C@H](c2cccc(Cl)c2)C1c1ccc(Cl)cc1,7.15490196,7.364264444973719,Train
O=C(N[C@H]1CC[C@H](O)CC1)[C@@H]1NC2(CCCCC2)[C@@]2(C(=O)Nc3cc(Cl)ccc32)[C@H]1c1cccc(Cl)c1F,7.769551079,7.745494108387678,Train
C[C@@H]1CC[C@H](N1C(=O)C2=C(N3[C@@H]([C@](N=C3S2)(C)C4=CC=C(C=C4)Cl)C5=CC=C(C=C5)Cl)C(C)C)C(=O)N6CCN(CC6)C(=O)C,7.585026652,7.560607511936379,Train
CC[C@@H](CNS(=O)(=O)C(C)C)N1C(=O)[C@@](C)(CC(=O)O)C[C@H](c2cccc(Cl)c2)[C@H]1c1ccc(Cl)cc1,8.522878745,8.542843761749062,Train
CCN(CC)N1[C@@H]([C@H](C[C@](C1=O)(C)CC(=O)O)C2=CC(=CC=C2)Cl)C3=CC=C(C=C3)Cl,8.0,7.785955082649864,Train
Cc1c(Cl)ccc2c(/C=C3\NC(=O)N(Cc4ccc(F)c(F)c4)C3=O)c[nH]c12,7.48148606,7.713900943415041,Train
CC[C@@H](CS(=O)(=O)CC1CC1)N1C(=O)[C@@](C)(CC(=O)O)C[C@H](c2cccc(Cl)c2)[C@H]1c1ccc(Cl)cc1,9.698970004,9.646742125303172,Train
C[C@@]1(C[C@@H]([C@H](N(C1=O)[C@@H]2CC[C@@H]([C@@H]2O)O)C3=CC=C(C=C3)Cl)C4=CC(=CC=C4)Cl)CC(=O)O,6.552841969,6.954839789819005,Train
CC[C@@H](CS(=O)(=O)CC)N1C(=O)[C@@](CC)(CC(=O)O)C[C@H](c2cccc(Cl)c2)[C@H]1c1ccc(Cl)cc1,9.397940009,9.433032448425127,Train
CC(C)(C)C1=CC2=C(C=C1)C(=O)N(C2(C3=CC=C(C=C3)Cl)OCC4(CC4)CO)CC5=CC=C(C=C5)[N+](=O)[O-],6.134896025,6.275886609058778,Train
CC(C)N1[C@@H]([C@H](C[C@@](S1(=O)=O)(C)CC(=O)O)C2=CC(=CC=C2)Cl)C3=CC=C(C=C3)Cl,6.251811973,6.768289308675674,Train
CC[C@@H](CN(C)S(=O)(=O)C(C)(C)C)N1C(=O)[C@@](C)(CC(=O)O)C[C@H](c2cccc(Cl)c2)[C@H]1c1ccc(Cl)cc1,9.15490196,8.980386881924709,Train
CC[C@@H](CN1CC(C1)(F)F)N2[C@@H]([C@H](C[C@](C2=O)(C)CC(=O)O)C3=CC(=CC=C3)Cl)C4=CC=C(C=C4)Cl,7.522878745,7.547912420355759,Train
CCC(CC)N1[C@@H]([C@H](C[C@](C1=O)(C)CS(=O)(=O)C)C2=CC(=CC=C2)Cl)C3=CC=C(C=C3)Cl,6.075720714,6.1858246543705695,Train
CC[C@@H](C(C(F)(F)F)O)N1[C@@H]([C@H](C[C@@H](C1=O)CC(=O)O)C2=CC(=CC=C2)Cl)C3=CC=C(C=C3)Cl,8.0,7.715408420537626,Train
CC[C@]1(CC(=O)O)C[C@H](c2cccc(Cl)c2)[C@@H](c2ccc(Cl)cc2)N([C@H](CS(=O)(=O)c2ccccc2Cl)C2CC2)C1=O,9.397940009,9.146165848928343,Train
C1CCC(C1)CN2[C@@H]([C@H](C[C@@H](C2=O)CC(=O)O)C3=CC(=CC=C3)Cl)C4=CC=C(C=C4)Cl,6.721246399,6.608407255434258,Train
CC[C@@H](C)Oc1cc2c(cc1OC)CC(=O)N(c1ccc(N(C)CC3CCCN(C)C3)cc1)C2c1ccc(Cl)cc1,8.040958608,8.099212451234093,Train
CN1[C@@H]([C@]2([C@H]([C@@H]1C(=O)NCC[C@@H](CO)O)C3=CC(=CC=C3)Cl)C4=CC(=C(C=C4NC2=O)Cl)F)CCC5CCCC5,5.0,5.291508632432014,Train
CC(C)C1=C(SC2=N[C@@]([C@H](N12)C3=CC=C(C=C3)Cl)(C)C4=CC=C(C=C4)Cl)C(=O)N5CCC[C@H]5C(=O)N(C)CCOC,7.337242168,7.328891096977909,Train
CCS(=O)(=O)C[C@H](C1CC1)N1C(=O)[C@@](C)(CC(=O)CO)C[C@H](c2cccc(Cl)c2)[C@H]1c1ccc(Cl)cc1,8.387216143,8.735902287145976,Train
COCCN(CCOC)C(=O)OC(C)OC(=O)c1ccc(NC(=O)[C@@H]2N[C@@H](CC(C)(C)C)[C@](C#N)(c3ccc(Cl)cc3F)[C@H]2c2cccc(Cl)c2F)c(OC)c1,7.787812396,7.846456540677907,Train
CC[C@@H](C(=O)OC(C)(C)C)N1C(=O)[C@@](C)(CC(=O)O)C[C@H](c2cccc(Cl)c2)[C@H]1c1ccc(Cl)cc1,8.698970004,8.550975934378657,Train
CC(C)N1C(=O)[C@@](C)(CC(=O)O)C[C@H](c2cc(F)cc(Cl)c2)[C@H]1c1ccc(Cl)cc1,8.301029996,8.142610279233141,Train
O=C(O)c1ccc(NC(=O)[C@@H]2NC3(CCCCC3)[C@@]3(C(=O)Nc4cc(Cl)ccc43)[C@H]2c2cccc(Cl)c2F)c(F)c1,7.886056648,7.953932765417964,Train
C1=CC=C2C(=C1)C3=C(C(N4C(=NC=N4)N3CC(=O)N)C5=CC=C(C=C5)Br)C(O2)C6=CC=C(C=C6)Br,6.26760624,6.2400325191192705,Train
CC[C@@H]1CC[C@H](N1C(=O)C2=C(N3[C@@H]([C@](N=C3S2)(C)C4=CC=C(C=C4)Cl)C5=CC=C(C=C5)Cl)C(C)C)C(=O)N6CCN(CC6)C,7.522878745,7.5805406952981125,Train
C[C@@H]1CC[C@H](N1C(=O)C2=C(N3[C@@H]([C@](N=C3S2)(C)C4=CC=C(C=C4)Cl)C5=CC=C(C=C5)Cl)C(C)C)C(=O)N6CCN(C7(C6)CC7)C,7.677780705,7.698808852881436,Train
CC1CN(CCN1)C(=O)C2=C(SC(=C2C3=CC=C(C=C3)Cl)C4=CC=C(C=C4)Cl)N,5.142064735,5.27981043023546,Train
C1CC1CN2[C@@H]([C@H](C[C@@H](C2=O)CC(=O)O)C3=CC(=CC=C3)Cl)C4=CC=C(S4)Cl,6.366531544,6.471785876137871,Train
CCN(C[C@H]1CC[C@H](N(C)C)CC1)c1ccc(N2C(=O)Cc3cc(OC)c(OC(C)C)cc3[C@@H]2c2ccc(Cl)cc2)cc1,8.568636236,8.506069037352772,Train
C1=CC=C(C=C1)C(=O)C2=C(C(=O)N(C2C3=CC=C(C=C3)Br)CCCN4C=CN=C4)NC5=CC(=CC=C5)Br,5.041436117,5.500606922426754,Train
CC[C@@H](CN1CCOCC1)N2[C@@H]([C@H](C[C@@H](C2=O)CC(=O)O)C3=CC(=CC=C3)Cl)C4=CC=C(C=C4)Cl,7.15490196,7.047662903341515,Train
COC(=O)C(C1=CC=C(C=C1)Cl)N2C(C(=S)NC3=C(C2=O)C=CC(=C3)NCC4=CSC=C4)C5=CC=C(C=C5)Cl,5.472370099,5.740663660899489,Train
CC[C@@H](CN(C)S(=O)(=O)C1(C)CC1)N1C(=O)[C@@](C)(CC(=O)O)C[C@H](c2cccc(Cl)c2)[C@H]1c1ccc(Cl)cc1,9.0,8.877430438899284,Train
CC[C@@H](CN1CCCC1=O)N2[C@@H]([C@H](C[C@](C2=O)(C)CC(=O)O)C3=CC(=CC=C3)Cl)C4=CC=C(C=C4)Cl,7.698970004,7.619127735694001,Train
CC[C@@H](COCC1(C#N)CC1)N1C(=O)[C@@H](CC(=O)O)C[C@H](c2cccc(Cl)c2)[C@H]1c1ccc(Cl)cc1,7.397940009,7.483956547197173,Train
C1C[C@@H](C[C@@H]1O)OC2(C3=CC=CC=C3C(=O)N2CC4=CC=C(C=C4)[N+](=O)[O-])C5=CC=C(C=C5)Cl,6.397940009,6.2290062633388095,Train
C[C@H]1CC[C@H](Cn2c(C3CC3)nc3nc(-c4noc(=O)[nH]4)nc(-c4cccc(Cl)c4)c32)CC1,7.379968105,7.601581388581244,Train
COc1cc2c(cc1OC(C)C)[C@H](c1ccc(Cl)cc1)N(c1ccc(C(C)CN3CCC(N(C)C)CC3)cc1)C(=O)C2,7.66756154,7.980311867994717,Train
CC[C@@H](CN(C)S(=O)(=O)C1CC1)N1C(=O)[C@@](CCN2CCOCC2)(CC(=O)O)C[C@H](c2cccc(Cl)c2)[C@H]1c1ccc(Cl)cc1,8.455931956,8.441448221140842,Train
CC(=O)N1CCC(Cn2nc3c(c2C(C)C)C(c2ccc(Cl)cc2C)N(c2cc(Cl)ccc2C)C3=O)CC1,8.619788758,8.545046266097774,Train
CC[C@]1(CC(=O)O)C[C@H](c2cccc(Cl)c2)[C@@H](c2ccc(Cl)cc2)N([C@H](CS(=O)(=O)C(C)(C)C)C2CC2)C1=O,9.698970004,9.593179828240011,Train
C[C@@]1(C[C@@H]([C@H](N(C1=O)[C@@H](C2CC2)C3=CC=CC=N3)C4=CC=C(C=C4)Cl)C5=CC(=CC=C5)Cl)CC(=O)O,6.167491087,7.046079764419342,Train
COc1cc2c(cc1OC(C)C)[C@H](c1ccc(Cl)cc1)N(c1ccc(N(C)C[C@H]3CC[C@H](N4CC(=O)NCC4=O)CC3)cc1)C(=O)C2,8.200659451,8.255124497580695,Train
CC[C@@H](CCS(=O)(=O)CC1CC1)N2[C@@H]([C@H](C[C@](C2=O)(C)CC(=O)O)C3=CC(=CC=C3)Cl)C4=CC=C(C=C4)Cl,7.397940009,7.747085495166882,Train
Cc1cc(Cl)ccc1C1c2c(nn(CC(=O)N3CCC(CCO)CC3)c2C(C)C)C(=O)N1c1cc(Cl)ccc1C,8.37675071,8.405927818101906,Train
CC(C)c1c2c(nn1CCO)C(=O)N(c1cccc(Cl)c1F)C2c1ccc(Cl)cc1Cl,7.879426069,7.975586936807162,Train
CC[C@@H](c1nccs1)N1C(=O)[C@@](C)(CC(=O)O)C[C@H](c2cccc(Cl)c2)[C@H]1c1ccc(Cl)cc1,7.301029996,7.428275688034279,Train
Cc1nnc(-c2nc(C3CCCCC3)n(-c3cccc(Cl)c3F)c2-c2ccc(F)c(Cl)c2)o1,7.602059991,7.9226380945382235,Train
CC(C)(C)C[C@H]1[C@@]2([C@H]([C@@H](N1)C(=O)NC3=C(C=C(C=C3)C(=O)N)OC)C4=C(C(=CC=C4)Cl)F)C5=CN=C(N=C5NC2=O)Cl,7.346787486,7.311241007381228,Train
CCC(CN(C)S(=O)(=O)C1CC1)N1C(=O)[C@@](C)(CC(=O)NS(C)(=O)=O)C[C@H](c2cccc(Cl)c2)[C@H]1c1ccc(Cl)cc1,8.22184875,8.377315833029993,Train
COC[C@@H](C)n1c(-c2cnc(N(C)C)nc2OC)nc2c1[C@@H](c1ccc(Cl)cc1)N(c1cc(Cl)c(=O)n(C)c1)C2=O,8.212327035,9.422359710085644,Train
CC(C)(C)C[C@H]1[C@@]2([C@H]([C@@H](N1)C(=O)NCCN3CCOCC3)C4=C(C(=CC=C4)Cl)F)C5=C(C=C(C=C5)Cl)NC2=O,7.671620397,7.063740750069838,Train
CNCC[C@H]1C(=O)N([C@@H]([C@@H](O1)C2=CC(=CC=C2)Cl)C3=CC=C(C=C3)Cl)CC4CC4,5.004364805,5.261986026394977,Train
CC(C)(C)C[C@@H]1[C@]2([C@H]([C@@H](N1)C(=O)NC3CN(C3)CC(C)(C)O)C4=C(C(=CC=C4)Cl)F)C5=C(C=C(C=C5)Cl)NC2=O,6.0,6.0488917405162965,Train
CCOC1=C(C=CC(=C1)C(C)(C)C)C2=N[C@@]([C@@](N2C(=O)N3CCN(CC3)CCCS(=O)(=O)C)(C)C4=CC=C(C=C4)Cl)(C)C5=CC=C(C=C5)Cl,6.522878745,6.583132021716502,Train
CC(C)CN1[C@@H]([C@H](CCC1=O)C2=CC(=CC=C2)Cl)C3=CC=C(C=C3)Cl,5.638272164,5.752367016040293,Train
CC1CCN(CC1)C(=O)C2=C(SC(=C2C3=CC=C(C=C3)Cl)C4=CC=C(C=C4)Cl)N,5.240332155,5.416475137415708,Train
C1=CC=C2C(=C1)NC(=N2)C(=O)/C=C/C3=CC=NC=C3,5.251037139,5.217047130496382,Train
CCOc1cc(C(C)(C)C)ccc1C1=N[C@@](C)(c2ccc(Cl)cc2)[C@@](C)(c2ccc(Cl)cc2)N1C(=O)N1CCN(CC(=O)N2CCOCC2)CC1,7.744727495,7.7586432547912025,Train
CC[C@H](O)[C@H](CC)N1C(=O)[C@@](C)(CC(=O)O)C[C@H](c2cccc(Cl)c2)[C@H]1c1ccc(Cl)cc1,8.0,8.097045104039623,Train
C1CCC(CC1)NC(=O)C2=C(SC(=C2C3=CC=C(C=C3)Cl)C4=CC=C(C=C4)Br)N,5.018181393,5.137125879661236,Train
CC[C@@H](CC(O)(O)C(F)(F)F)N1C(=O)[C@@](C)(CC(=O)O)C[C@H](c2cccc(Cl)c2)[C@H]1c1ccc(Cl)cc1,8.698970004,8.350640194277826,Train
Cc1ccnc(N2C(=O)[C@@](C)(CC(=O)O)C[C@H](c3cccc(Cl)c3)[C@H]2c2ccc(Cl)cc2)c1,7.522878745,7.6129362315214495,Train
CC[C@@H](CN1CCN(CC1)C(=O)C2CC2)N3[C@@H]([C@H](C[C@](C3=O)(C)CC(=O)O)C4=CC(=CC=C4)Cl)C5=CC=C(C=C5)Cl,8.0,7.841253080147287,Train
CC(C)[C@@H](CNS(=O)(=O)C1CC1)N1C(=O)[C@@](C)(CC(=O)O)C[C@H](c2cccc(Cl)c2)[C@H]1c1ccc(Cl)cc1,8.356547324,8.430336324401653,Train
COCCOCCOCCOC(=O)OC(OC(=O)c1ccc(NC(=O)[C@@H]2N[C@@H](CC(C)(C)C)[C@](C#N)(c3ccc(Cl)cc3F)[C@H]2c2cccc(Cl)c2F)c(OC)c1)C(C)C,8.085128182,7.994912970313991,Train
CC(C)(C)C[C@@H]1[C@]2([C@@H]([C@H](N1)C(=O)NC3=C(C=C(C=C3)C(=O)N)OC)C4=C(C(=CC=C4)Cl)F)C5=CN=C(C=C5NC2=O)Cl,5.239276028,6.911367354633117,Train
C1=CC(=CC(=C1)Cl)[C@H]2[C@@H](N[C@@H]([C@@]23C4=CC(=C(C=C4NC3=O)Cl)F)CCC5=CC=CO5)C(=O)NCC[C@@H](CO)O,5.301029996,5.558703632556593,Train
C1CCC(C1)CC[C@@H]2[C@]3([C@H]([C@@H](N2)C(=O)NCC[C@@H](CO)O)C4=CC(=CC=C4)Cl)C5=CC(=C(C=C5NC3=O)Cl)F,5.522878745,5.622291987875983,Train
CC(C)S(=O)(=O)C[C@H](C1CC1)N2[C@@H]([C@H](C[C@](C2=O)(C)CC(=O)O)C3=CC(=CC=C3)Cl)C4=CC=C(C=C4)Cl,9.698970004,9.398839884815034,Train
COc1ccc(CC(=O)O)cc1-c1nc2c(n1C(C)C)C(c1ccc(Cl)cc1)N(c1cccc(Cl)c1F)C2=O,9.494850022,9.461141602420813,Train
CC(C)(C)C(C)(F)c1nc2nc(-c3noc(=O)[nH]3)nc(-c3cncc(Cl)c3)c2n1C[C@H]1CC[C@H](C)CC1,7.887394998,7.976943733077971,Train
C1=CC=C2C(=C1)C3=C([C@@H](N4C(=NC=N4)N3CCCCC(=O)O)C5=CC=C(C=C5)Br)[C@H](O2)C6=CC=C(C=C6)Br,6.455931956,6.278150719774667,Train
COCCOCCOCCOC(=O)OCOC(=O)c1ccc(NC(=O)[C@@H]2N[C@@H](CC(C)(C)C)[C@](C#N)(c3ccc(Cl)cc3F)[C@H]2c2cccc(Cl)c2F)c(OC)c1,8.041436117,8.016811754058352,Train
CC(C)C1=C(C(=O)N2[C@H](C)CC[C@H]2C(=O)N2CCNC3(CC3)C2)SC2=N[C@@](C)(c3ccc(Cl)cc3)[C@@H](c3ccc(Cl)cc3)N21,8.022276395,8.016346871663005,Train
C1=CC=C2C(=C1)NC(=N2)C(=O)/C=C/C3=CC(=CC=C3)Cl,5.008773924,5.133050003585173,Train
C1=CC=C(C=C1)NC(=O)CCCCCCC(=O)NO,5.696803943,5.856410320583235,Train
CC[C@@H](c1ccncc1)N1C(=O)[C@@](C)(CC(=O)O)C[C@H](c2cccc(Cl)c2)[C@H]1c1ccc(Cl)cc1,8.045757491,8.065585832998867,Train
CC[C@@H](C1=NC(C)(C)CO1)N1C(=O)[C@@](C)(CC(=O)O)C[C@H](c2cccc(Cl)c2)[C@H]1c1ccc(Cl)cc1,7.397940009,7.615660661770009,Train
C[C@@]1(C[C@@H]([C@H](N(C1=O)[C@H](CN(C)S(=O)(=O)C2CC2)C3CC3)C4=CC=C(C=C4)Cl)C5=CC(=CC=C5)Cl)CC(=O)O,9.698970004,9.297503226249649,Train
COC[C@@H](C)n1c(-c2cnc(OC)nc2OC)nc2c1C(c1ccc(Cl)cc1)N(c1cc(Cl)cn(C)c1=O)C2=O,9.091514981,9.29191758053755,Train
C1CC1(CO)COC2(C3=C(C=CC=C3Cl)C(=O)N2CC4=CC=C(C=C4)S(=O)(=O)C(F)(F)F)C5=CC=C(C=C5)Cl,5.045757491,5.77317312362265,Train
C[C@@H](C(=O)N1CCN(CC1)C)NC(=O)N2[C@H]([C@H](N=C2C3=C(C=C(C=C3)OC)OC(C)C)C4=CC=C(C=C4)Cl)C5=CC=C(C=C5)Cl,5.22475374,5.51628120055171,Train
CC1=CC=C(C=C1)C2C3=C(C4=CC=CC=C4O2)N(C5=NC=NN5C3C6=CC=C(C=C6)Br)C,5.334419009,5.441578216161678,Train
CC(C)(CO)COC1(C2=CC=CC=C2C(=O)N1CC3=CC=C(C=C3)[N+](=O)[O-])C4=CC=C(C=C4)Cl,6.397940009,6.283403568292254,Train
CC[C@@H](C(O)C(F)(F)F)N1C(=O)[C@@H](CC(=O)O)C[C@H](c2cccc(Cl)c2)[C@H]1c1ccc(Cl)cc1,7.15490196,7.362316486893423,Train
CC(C)(C)C[C@@H]1N[C@@H](C(=O)NC2CCC(C)(O)CC2)[C@H](c2cccc(Cl)c2F)[C@]12C(=O)Nc1cc(Cl)ccc12,8.096910013,7.957987675588311,Train
CC(F)(c1ncccc1F)c1nc2nc(-c3noc(=O)[nH]3)nc(-c3cncc(Cl)c3)c2n1C[C@H]1CC[C@H](C)CC1,9.501689446,9.408476139819506,Train
CC[C@@H](CN1CCN(S(=O)(=O)C2CC2)CC1)N1C(=O)[C@@](C)(CC(=O)O)C[C@H](c2cccc(Cl)c2)[C@H]1c1ccc(Cl)cc1,8.045757491,8.085675610354317,Train
C1=CC=C(C=C1)CCN2C(=O)C3=CC=CC=C3C2(C4=CC=C(C=C4)Cl)O,5.142667504,5.258866578176542,Train
COC(=O)CN1[C@@H]([C@H](CCC1=O)C2=CC(=CC=C2)Cl)C3=CC=C(C=C3)Cl,5.259637311,5.372887629004137,Train
CC(C)(C)C[C@H]1[C@@]2([C@H]([C@@H](N1)C(=O)NC3=C(C=C(C=C3)C(=O)N)OC)C4=C(C(=CC=C4)Cl)F)C5=C(C=C(C=N5)Cl)NC2=O,7.283996656,7.346699004564012,Train
C1=CC=C2C(=C1)C(=O)N(C2(C3=CC=C(C=C3)Cl)O)CC4=CC=C(C=C4)Br,5.346787486,5.323419119255484,Train
CC(C)OC1=C(C=CC(=C1)OC)C2=N[C@@H]([C@@H](N2C(=O)NCC(=O)N3CCN(CC3)C(=O)C)C4=CC=C(C=C4)Cl)C5=CC=C(C=C5)Cl,5.26520017,5.698113137086757,Train
Cc1cc(Cl)ccc1C1c2c(nn(CC(=O)N3CCCC3)c2C(C)C)C(=O)N1c1cc(Cl)ccc1C,8.698970004,8.603663442469742,Train
CC(C)OC1=C(C=CC(=C1)OC)C2=N[C@@H]([C@@H](N2C(=O)NCCC(=O)N3CCOCC3)C4=CC=C(C=C4)Cl)C5=CC=C(C=C5)Cl,5.651695137,5.720841525192633,Train
CC[C@@H](C1=CC=CC(=N1)C2CC2)N3[C@@H]([C@H](C[C@](C3=O)(C)CC(=O)O)C4=CC(=CC=C4)Cl)C5=CC=C(C=C5)Cl,5.739928612,6.740153725011978,Train
CCOc1cc(C(C)(C)C)ccc1C1=N[C@@](C)(c2ccc(Cl)cc2)[C@@](C)(c2ccc(Cl)cc2)N1C(=O)N1CCNC(=O)C1,7.283996656,7.492197795451472,Train
COc1ncc(-n2nc3c(c2C(C)C)C(c2ccc(Cl)cc2C)N(c2cc(Cl)c(=O)n(C)c2)C3=O)c(OC)n1,9.346787486,9.201606265946953,Train
COc1cc(C(=O)O)ccc1NC(=O)[C@@H]1N[C@@H](CC(C)(C)C)[C@@]2(C(=O)Nc3cc(Cl)sc32)[C@H]1c1cccc(Cl)c1F,8.15490196,7.709282637897141,Train
COc1ncc(-c2nc3c(n2C(C)C)[C@H](c2ccc(Cl)cc2C)N(c2cc(Cl)ccc2C)C3=O)c(OC)n1,10.15490196,9.956816646522164,Train
C1CC1CN2[C@@H]([C@H](C[C@H](C2=O)CC(=O)N)C3=CC(=CC=C3)Cl)C4=CC=C(C=C4)Cl,6.060480747,5.6019775985283164,Train
CC[C@@H](CN1CCS(=O)(=O)CC1)N2[C@@H]([C@H](C[C@@H](C2=O)CC(=O)O)C3=CC(=CC=C3)Cl)C4=CC=C(C=C4)Cl,6.886056648,7.000498005262931,Train
CC(C)(C)C[C@@H]1[C@]2([C@H]([C@@H](N1)C(=O)N3CCNCC3)C4=CC(=CC=C4)Cl)C5=CC(=C(C=C5NC2=O)Cl)F,5.301029996,5.642877452533039,Train
CC1=C(C=C(C=C1)Cl)N2C(=C(N=C2C3=CC=CC=C3)C(=O)O)C4=CC(=CC=C4)Cl,7.958607315,7.797338660160437,Train
Cc1c(Cl)ccc2c(/C=C3\NC(=O)N(C(C(=O)NC(CO)CO)c4ccc(F)c(F)c4)C3=O)c[nH]c12,7.769551079,7.8279320287691645,Train
CC[C@]1(CC(=O)O)C[C@H](c2cccc(Cl)c2)[C@@H](c2ccc(Cl)cc2)N([C@H](CNS(=O)(=O)C2CCC2)C2CC2)C1=O,9.096910013,9.018468486885011,Train
COc1cc(C(=O)OC(C)OC(=O)NCC(=O)OCc2ccccc2)ccc1NC(=O)[C@@H]1N[C@@H](CC(C)(C)C)[C@](C#N)(c2ccc(Cl)cc2F)[C@H]1c1cccc(Cl)c1F,7.958607315,7.995172700138962,Train
Cc1cccnc1N1C(=O)[C@@](C)(CC(=O)O)C[C@H](c2cccc(Cl)c2)[C@H]1c1ccc(Cl)cc1,7.522878745,7.713564130285051,Train
CC(c1ccccc1F)c1nc2nc(-c3noc(=O)[nH]3)nc(-c3cncc(Cl)c3)c2n1C[C@H]1CC[C@H](C)CC1,8.857610534,8.808814596871434,Train
CNC(=O)Cc1cnc(OC)c(-c2nc3c(n2C(C)C)C(c2ccc(Cl)cc2)N(c2cccc(Cl)c2F)C3=O)c1,9.180456064,9.286672847141482,Train
CNC(=O)[C@H]1[C@@H]([C@@]2(C3=C(C=C(C=C3)Cl)NC2=O)C4(N1)CCCCC4)C5=C(C(=CC=C5)Cl)F,7.673664139,7.101542418888332,Train
C1CC1CN2[C@@H]([C@H](C[C@@H](C2=O)CC3=NNN=N3)C4=CC(=CC=C4)Cl)C5=CC=C(C=C5)Cl,6.721246399,6.758001909904988,Train
C1=CC=C2C(=C1)C(=O)N(C2(C3=CC=C(C=C3)Cl)OCCCCO)CCC4=CC=C(C=C4)[N+](=O)[O-],5.494850022,5.731783348017134,Train
CC[C@@H](CN1C=CC=CC1=O)N2[C@@H]([C@H](C[C@](C2=O)(C)CC(=O)O)C3=CC(=CC=C3)Cl)C4=CC=C(C=C4)Cl,7.096910013,7.316891243120735,Train
O=C(O)c1ccc(NC(=O)[C@@H]2NC3(CCCCC3)[C@@]3(C(=O)Nc4cc(Cl)ccc43)[C@H]2c2cccc(Cl)c2F)cc1F,8.142667504,8.078312424634099,Train
CC(C)(C)C[C@@H]1N[C@@H](C(=O)Nc2ccc3cc(C(=O)O)ccc3c2)[C@H](c2cccc(Cl)c2F)[C@@]1(C#N)c1ccc(Cl)cc1F,7.657577319,7.875000987306607,Train
C[C@]1(CC(=O)O)C[C@H](c2cccc(Cl)c2)[C@@H](c2ccc(Cl)cc2)N([C@H](CS(=O)(=O)N2CCOCC2)C2CC2)C1=O,10.01772877,9.913735915332978,Train
CCN(CC)C(=O)CCNC(=O)N1[C@H]([C@H](N=C1C2=C(C=C(C=C2)OC)OC(C)C)C3=CC=C(C=C3)Cl)C4=CC=C(C=C4)Cl,6.187086643,5.891095633483791,Train
CC(C)(C)C[C@@H]1N[C@@H](C(=O)Nc2ccc(C(=O)O)cn2)[C@H](c2cccc(Cl)c2F)[C@@]1(C#N)c1ccc(Cl)cc1F,7.638272164,7.628037862411576,Train
CC(C)C1=C(SC2=N[C@H]([C@H](N12)C3=CC=C(C=C3)Cl)C4=CC=C(C=C4)Cl)C(=O)N5CCC(CC5)C(=O)N(C)C,5.356547324,6.012014190078553,Train
C[C@H]([C@@H](C(=O)N[C@@H](CC1=CC=CC=C1)C(=O)N[C@@H](CCC(=O)O)C(=O)N[C@@H](CC2=CN=CN2)C(=O)N[C@@H](CC3=CC=C(C=C3)O)C(=O)N[C@@H](CC4=CNC5=CC=CC=C54)C(=O)N[C@@H](C)C(=O)N[C@@H](CCC(=O)N)C(=O)N[C@@H](CC(C)C)C(=O)N[C@@H]([C@@H](C)O)C(=O)N[C@@H](CO)C(=O)N)NC(=O)[C@H](CC(C)C)NC(=O)C)O,7.356547324,7.218617194895628,Train
COc1cc2c(cc1OC(C)C)[C@H](c1ccc(Cl)cc1)N(c1ccc(N(C)C[C@H]3CC[C@H](N4CCNC(=O)C4)CC3)cc1OC)C(=O)C2,8.698970004,8.543977928996105,Train
CC(C)(C)C[C@@H]1N[C@@H](C(=O)N[C@H]2C[C@@](C)(O)C2)[C@H](c2cccc(Cl)c2F)[C@]12C(=O)Nc1cc(Cl)ccc12,8.251811973,8.04957086162939,Train
CC[C@@H](CO)N1[C@@H]([C@H](C[C@](C1=O)(C)CC(=O)O)C2=CC(=CC=C2)Cl)C3=CC=C(C=C3)Cl,8.167491087,7.774026196665396,Train
CN1C2=C(C(N3C1=NC=N3)C4=CC=C(C=C4)F)C(OC5=CC=CC=C52)C6=CC=C(C=C6)Br,5.725842151,5.618201406610679,Train
CC(C)C1=C(SC2=NC(C(N12)C3=CC=C(C=C3)Cl)(C)C4=CC=C(C=C4)Cl)C(=O)N5CCCC[C@H]5C(=O)N(C)C,6.769551079,7.019776883345946,Train
C1=CC(=CC(=C1)Cl)[C@H]2[C@@H](N[C@@H]([C@@]23C4=CC(=C(C=C4NC3=O)Cl)F)CCC5=CSC=C5)C(=O)NCC[C@@H](CO)O,5.301029996,5.674645827755752,Train
CC(C)OC1=C(C=CC(=C1)OC)C2=N[C@@H]([C@@H](N2C(=O)NCCC(=O)N3CCN(CC3)C)C4=CC=C(C=C4)Cl)C5=CC=C(C=C5)Cl,5.229999746,5.581724246551066,Train
CCOC(=O)[C@@H](C)NC(=O)N1[C@H]([C@H](N=C1C2=C(C=C(C=C2)OC)OC(C)C)C3=CC=C(C=C3)Cl)C4=CC=C(C=C4)Cl,6.229147988,5.891958277153962,Train
C[C@]1(CC(=O)O)C[C@H](c2cccc(Cl)c2)[C@@H](c2ccc(Cl)cc2)N([C@H](CS(=O)(=O)c2ccc(Cl)cc2)C2CC2)C1=O,8.537602002,8.753347127830619,Train
C1COCCN1C(=O)C2=C(SC(=C2C3=CC=C(C=C3)Cl)C4=CC=C(C=C4)Cl)N,5.728158393,5.607413436075128,Train
CC(c1ccccc1F)c1nc2nc(-c3n[nH]c(=O)o3)nc(-c3cncc(Cl)c3)c2n1C[C@H]1CC[C@H](C)CC1,8.67243674,8.740183572779486,Train
C[C@]1(CC(=O)O)C[C@H](c2cccc(Cl)c2)[C@@H](c2ccc(Cl)cc2)N([C@H](Cn2c(=O)[nH]c3ccccc32)C2CC2)C1=O,8.853871964,8.766341049900008,Train
C1CC(CCCC(C1)OC2(C3=CC=CC=C3C(=O)N2CC4=CC=C(C=C4)[N+](=O)[O-])C5=CC=C(C=C5)Cl)O,6.420216403,6.306757070191156,Train
O=C(O)CCCNC(=O)[C@@H]1NC2(CCCCC2)[C@@]2(C(=O)Nc3cc(Cl)ccc32)[C@H]1c1cccc(Cl)c1F,8.026872146,7.970806460459256,Train
C1=CC=C2C(=C1)C(=O)N(C2(C3=CC=C(C=C3)Cl)OCCCO)CC4=CC=C(C=C4)[N+](=O)[O-],6.346787486,6.1546132879600375,Train
CC[C@@H](CNS(=O)(=O)C(C)(C)C)N1C(=O)[C@@](C)(CC(=O)O)C[C@H](c2cccc(Cl)c2)[C@H]1c1ccc(Cl)cc1,8.886056648,8.828056130339537,Train
Cc1cc(Cl)ccc1C1c2c(nn(CC3(O)CCN(C(=O)NC(C)C)CC3)c2C(C)C)C(=O)N1c1cc(Cl)ccc1C,8.657577319,8.517219329305302,Train
CC(C)(C)C[C@H]1[C@]([C@H]([C@@H](N1)C(=O)NC2=CC(=C(C=C2)C(=O)O)OC)C3=C(C(=CC=C3)Cl)F)(C#N)C4=C(C=C(C=C4)Cl)F,7.698970004,7.639311395414409,Train
COc1nc(N(C)C)ncc1-c1nc2c(n1C(C)C)C(c1ccc(Cl)cc1C)N(c1cc(Cl)ccc1C)C2=O,9.795880017,9.791010279276602,Train
CC(C)(C)C[C@@H]1[C@]2([C@H]([C@@H](N1)C(=O)NCCCNS(=O)(=O)C)C3=C(C(=CC=C3)Cl)F)C4=CC(=C(C=C4NC2=O)Cl)F,6.0,6.132735423679065,Train
CC(C)(C)C[C@H]1[C@@]2([C@H]([C@@H](N1)C(=O)NC3=C(C=C(C=C3)C(=O)N)OC)C4=C(C(=CC=C4)Cl)F)C5=CN=C(C=C5NC2=O)Cl,8.22184875,6.911367354633117,Train
CC[C@@H](C1=NN=C(O1)C)N2[C@@H]([C@H](C[C@@H](C2=O)CC(=O)O)C3=CC(=CC=C3)Cl)C4=CC=C(C=C4)Cl,6.148741651,6.3794936948464365,Train
COCCn1nc2c(c1C(C)C)C(c1ccc(Cl)cc1C)N(c1cccc(Cl)c1F)C2=O,8.37675071,8.26670236024054,Train
CC(C)N1CCN(CC1)CCCNC(=O)[C@H]2[C@@H]([C@@]3([C@H](N2)CC(C)(C)C)C4=C(C=C(C=C4)Cl)NC3=O)C5=C(C(=CC=C5)Cl)F,5.0,5.247633970019394,Train
CC(C)OC1=C(C=CC(=C1)OC)C2=N[C@@H]([C@@H](N2C(=O)NCC(=O)N3CCOCC3)C4=CC=C(C=C4)Cl)C5=CC=C(C=C5)Cl,5.278189385,5.246993691248942,Train
CC(C)(C)C[C@@H]1[C@]2([C@H]([C@@H](N1)C(=O)NCC[C@@H](CO)O)C3=CC(=CC=C3)Cl)C4=C(C=C(C=C4)Cl)NC2=O,7.251811973,6.951578742136921,Train
COC[C@@H](C)n1c(-c2cnc(OC)nc2OC)nc2c1C(c1ccc(C#N)cc1)N(c1cc(Cl)ccc1C)C2=O,9.769551079,9.588226670562287,Train
COc1nc(N(C)C)ncc1-c1nc2c(n1C(C)C)[C@@H](c1ccc(C#N)c(F)c1)N(c1cc(Cl)cn(C)c1=O)C2=O,7.291562102,8.025952007909979,Train
CCS(=O)(=O)N(C[C@H](C1CC1)N1C(=O)[C@@](C)(CC(=O)O)C[C@H](c2cccc(Cl)c2)C1c1ccc(Cl)cc1)c1ccccc1F,10.0,9.696075482985513,Train
CC(C)(C)C[C@@H]1[C@]2([C@H]([C@@H](N1)C(=O)NCC[C@@H](CO)O)C3=C(C(=CC=C3)Cl)F)C4=CC(=C(C=C4NC2=O)F)F,5.522878745,5.63315849880364,Train
C1=CC=C(C=C1)C2=CC(=C(N2C3=CC=C(C=C3)Cl)C4=CC=CC=C4)C=C5C(=O)NC(=O)NC5=O,6.522878745,6.540414952325846,Train
CC[C@@H](C(=O)CC(C)C)N1C(=O)[C@@](C)(CC(=O)O)C[C@H](c2cccc(Cl)c2)[C@H]1c1ccc(Cl)cc1,8.698970004,8.487887046539129,Train
CN1C2=C(C(N3C1=NC=N3)C4=CC=C(C=C4)Br)C(OC5=CC=CC=C52)C6=CC=C(C=C6)C#C,5.607303047,5.61704527663796,Train
CC[C@@H](CCS(C)(=O)=O)N1C(=O)[C@@H](CC(=O)O)C[C@H](c2cccc(Cl)c2)[C@H]1c1ccc(Cl)cc1,7.301029996,7.615821819804989,Train
CC[C@@H](CNS(C)(=O)=O)N1C(=O)[C@@H](CC(=O)O)C[C@H](c2cccc(Cl)c2)[C@H]1c1ccc(Cl)cc1,7.522878745,7.6953605276608394,Train
COc1ncc(-c2nc3c(n2C(C)C)C(c2ccc(C#N)cc2)N(c2cccc(Cl)c2F)C3=O)c(OC)n1,9.443697499,9.5470081839614,Train
CCC(C)(C)S(=O)(=O)C[C@H](C1CC1)N1C(=O)[C@@](C)(CC(=O)O)C[C@H](c2cccc(Cl)c2)[C@H]1c1ccc(Cl)cc1,9.22184875,9.387696712325795,Train
C1=CC=C(C=C1)C2=NC(=C(N2C3=C(C(=CC=C3)Cl)F)C4=CC(=CC=C4)Cl)C(=O)O,8.15490196,8.055053552403988,Train
C[C@H]([C@@H](C(=O)N[C@@H](CC1=CC=CC=C1)C(=O)N[C@@H](CCCCNC(=O)C)C(=O)N[C@@H](CC2=CN=CN2)C(=O)N[C@@H](CC3=CC=C(C=C3)O)C(=O)N[C@@H](CC4=CNC5=CC=CC=C54)C(=O)N[C@@H](C)C(=O)N[C@@H](CCC(=O)N)C(=O)N[C@@H](CC(C)C)C(=O)N[C@@H]([C@@H](C)O)C(=O)N[C@@H](CO)C(=O)N)NC(=O)[C@H](CC(C)C)NC(=O)C)O,8.0,7.778089863256729,Train
CN1C2=C(C(N3C1=NC=N3)C4=CC=C(C=C4)Br)C(OC5=C2C=C(C=C5)C#N)C6=CC=C(C=C6)Br,5.514278574,5.69321414747267,Train
CCCCC(C)(C)C[C@@H]1[C@]2([C@H]([C@@H](N1)C(=O)NCC[C@@H](CO)O)C3=CC(=CC=C3)Cl)C4=CC(=C(C=C4NC2=O)Cl)F,6.0,5.915964007137323,Train
CC(C)[C@@H](CS(C)(=O)=O)N1C(=O)[C@@](C)(CC(=O)O)C[C@H](c2cccc(Cl)c2)[C@H]1c1ccc(Cl)cc1,9.522878745,9.551233752249361,Train
CC(C)(C)C[C@@H]1[C@]2([C@H]([C@@H](N1)C(=O)NCCCN3CCN(CC3)C)C4=C(C(=CC=C4)Cl)F)C5=C(C=C(C=C5)Cl)NC2=O,6.0,5.832974945566876,Train
CC[C@@H](C(=O)N(C)S(=O)(=O)C1CC1)N1C(=O)[C@@](C)(CC(=O)O)C[C@H](c2cccc(Cl)c2)[C@H]1c1ccc(Cl)cc1,7.27572413,7.869061379986569,Train
CC(C)(C)C[C@@H]1[C@]2([C@H]([C@@H](N1)C(=O)NCCCO)C3=CC(=CC=C3)Cl)C4=CC(=C(C=C4NC2=O)Cl)F,6.0,6.02398664259167,Test
CN1CCC2=C3[C@H]1CC4=C(C3=CC=C2)C(=C(C=C4)O)O,6.66756154,6.332619106743945,Test
CC[C@@H](C)Oc1cc2c(cc1OC)CC(=O)N(c1ccc(C(C)N3CCC(N(C)C(C)C)CC3)cc1)C2c1ccc(Cl)cc1,7.657577319,7.7642907220217765,Test
CC(C)(C)C[C@@H]1[C@]2([C@H]([C@@H](N1)C(=O)NCCN3CCN(CC3)C)C4=C(C(=CC=C4)Cl)F)C5=C(C=C(C=C5)Cl)NC2=O,7.590066877,6.291816556125619,Test
C[C@H](C(=O)O)NC(=O)N1[C@H]([C@H](N=C1C2=C(C=C(C=C2)OC)OC(C)C)C3=CC=C(C=C3)Cl)C4=CC=C(C=C4)Cl,5.485452247,6.04485192127751,Test
CC(C)C1=C(SC2=N[C@@]([C@H](N12)C3=CC=C(C=C3)Cl)(C)C4=CC=C(C=C4)Cl)C(=O)N5CCC[C@H]5C(=O)N6CCOCC6,7.585026652,7.434587404185705,Test
CC(C)C1=C(SC2=N[C@@]([C@H](N12)C3=CC=C(C=C3)Cl)(C)C4=CC=C(C=C4)Cl)C(=O)N(C)C,7.585026652,6.168874512282896,Test
CNC(=O)c1ccc(OC)c(-n2nc3c(c2C(C)C)C(c2ccc(Cl)cc2C)N(c2cc(Cl)c(=O)n(C)c2)C3=O)c1,9.586700236,9.021628384418843,Test
COc1cc2c(cc1OC(C)C)[C@H](c1ccc(Cl)cc1)N(c1ccc(N(C)C[C@H]3CC[C@H](N4CCNC(=O)C4)CC3)cc1)C(=O)C2,8.795880017,8.433992855296962,Test
CC1=CC2=C(C=C1)OC(C3=C2N(C4=NC=NN4C3C5=CC=C(C=C5)Br)C)C6=CC=C(C=C6)Br,6.356547324,5.830203491682203,Test
CC[C@@H](C(=O)OC(C)(C)C)N1C(=O)[C@@](C)(CC(=O)O)C[C@H](c2cccc(Cl)c2)[C@H]1c1ccc(Cl)cn1,7.698970004,8.276408459692659,Test
COc1ccccc1-n1nc2c(c1C(C)C)C(c1ccc(Cl)cc1)N(c1cc(Cl)c(=O)n(CCO)c1)C2=O,7.970616222,9.142309948730697,Test
COc1ccccc1-c1nc2c(n1C(C)C)C(c1ccc(Cl)cc1C)N(c1cc(Cl)ccc1C)C2=O,9.602059991,9.105016260597777,Test
CC(C)(C)C[C@H]1[C@@]2([C@H]([C@@H](N1)C(=O)NC3=CC(=C(C=C3)C(=O)N)OC)C4=C(C(=CC=C4)Cl)F)C5=C(C=C(C=C5)Cl)NC2=O,8.301029996,7.687213532640286,Test
CC(C)(C)C[C@@H]1[C@]2([C@H]([C@@H](N1)C(=O)NCCC3CCC(C3)O)C4=C(C(=CC=C4)Cl)F)C5=C(C=C(C=C5)Cl)NC2=O,6.0,6.004645564673284,Test
CC(C)(C)C[C@@H]1[C@]2([C@H]([C@@H](N1)C(=O)NCCN3CCOCC3)C4=C(C(=CC=C4)Cl)F)C5=CC(=C(C=C5NC2=O)F)F,5.522878745,6.018697879132349,Test
COc1cc(C(=O)OC(C)OC(=O)N2CCOCC2)ccc1NC(=O)[C@@H]1N[C@@H](CC(C)(C)C)[C@](C#N)(c2ccc(Cl)cc2F)[C@H]1c1cccc(Cl)c1F,7.428614611115103,8.379608737317248,Test
CC(C)C1=C(SC2=NC(C(N12)C3=CC=C(C=C3)Cl)(C)C4=CC=C(C=C4)Cl)C(=O)N5CCCC5,6.698970004,6.176649093230152,Test
CC(C)(C)C[C@@H]1[C@]2([C@H]([C@@H](N1)C(=O)NCC[C@H](CO)O)C3=CC(=CC=C3)Cl)C4=CC(=C(C=C4NC2=O)Cl)F,6.804100348,6.707600991674342,Test
C1=CC2=C(C(=C(C=C2)C(C3=CC(=C(C=C3)Cl)Cl)NC4=NC=C(C=C4)Cl)O)N=C1,5.045757491,5.243032993388024,Test
CC(C)(C)C[C@H]1[C@@]2([C@H]([C@@H](N1)C(=O)NC3=C(C=C(C=C3)C(=O)O)OC)C4=C(C(=CC=C4)Cl)F)C5=C(C=C(S5)Cl)NC2=O,8.15490196,7.491591812089519,Test
Cc1cc(Cl)ccc1C1c2c(nn(CCc3ccccc3)c2C(C)C)C(=O)N1c1cccc(Cl)c1F,7.534617149,7.996276215279661,Test
CCCC(C)(O)C1CCC(N2C(=O)Cc3cc(OC)c(OC(C)C)cc3C2c2ccc(Cl)cc2)CC1,8.113509275,8.011456592900895,Test
COc1cc(C(=O)O)ccc1NC(=O)[C@@H]1N[C@@H](CC(C)(C)C)[C@@]2(C(=O)Nc3cc(Cl)cnc32)[C@H]1c1cccc(Cl)c1F,7.337242168,7.927603418790735,Test
CC1=NC(=CC=C1)NC(C2=CC=C(C=C2)C(F)(F)F)C3=C(C4=C(C=CC=N4)C=C3)O,5.337242168,5.290125568427985,Test
CC(C)(C)C[C@@H]1N[C@@H](C(=O)N[C@H]2C[C@@](C)(O)C2)[C@H](c2cc(F)cc(Cl)c2)[C@]12C(=O)Nc1cc(Cl)ccc12,7.920818754,7.994836614029703,Test
CC(C)C1=C(SC2=NC(C(N12)C3=CC=C(C=C3)Cl)(C)C4=CC=C(C=C4)Cl)C(=O)N5CCC[C@@H]5C(=O)N(C)C,6.13076828,7.504081286788146,Test
CC(C)(C)C[C@H]1[C@@]2([C@H]([C@@H](N1)C(=O)NC3=CC=C(C=C3)C(=O)N)C4=C(C(=CC=C4)Cl)F)C5=CC(=C(C=C5NC2=O)Cl)F,8.22184875,7.5903438430387835,Test
C1CC1(CO)CO[C@]2(C3=CC=CC=C3C(=O)N2CC4=CC=C(C=C4)[N+](=O)[O-])C5=CC=C(C=C5)Cl,5.886056648,6.612473795585216,Test
CC[C@]1(CC(=O)O)C[C@H](c2cccc(Cl)c2)[C@@H](c2ccc(Cl)cc2)N([C@H](CS(=O)(=O)CCC(C)C)C2CC2)C1=O,9.522878745,9.684810138992445,Test
CC[C@@H](CN1CCOC(C)(C)C1)N1C(=O)[C@@](C)(CC(=O)O)C[C@H](c2cccc(Cl)c2)[C@H]1c1ccc(Cl)cc1,8.522878745,8.203931455080378,Test
COc1cc2c(cc1OC(C)C)C(c1ccc(Cl)cc1)N(C1CCC(C(C)(C)O)CC1)C(=O)C2,7.259637311,7.937639871279256,Test
C[C@]1(CC(=O)O)C[C@H](c2cccc(Cl)c2)[C@@H](c2ccc(Cl)cc2)N([C@H](CS(=O)(=O)c2ccc(F)cc2)C2CC2)C1=O,8.619788758,8.983784757190438,Test
C1CCC(C1)(CCO)C[C@@H]2[C@]3([C@H]([C@@H](N2)C(=O)NCC[C@@H](CO)O)C4=CC(=CC=C4)Cl)C5=CC(=C(C=C5NC3=O)Cl)F,6.0,6.22184655605998,Test
CCS(=O)(=O)C[C@@H](N1C(=O)[C@@](C)(CC(=O)O)C[C@H](c2cccc(Cl)c2)[C@H]1c1ccc(Cl)cc1)C(C)(C)C,9.522878745,8.655501881759701,Test
CC[C@@]1([C@@](N(C(=N1)C2=C(C=C(C=C2)C(C)(C)C)OCC)C(=O)N3CCN(CC3)CCCS(=O)(=O)C)(CC)C4=CC=C(C=C4)Cl)C5=CC=C(C=C5)Cl,5.664943481,6.615956739074002,Test
COCCOCCOCCOCCOCCOCCOCCOCCOC(=O)OC(C)OC(=O)c1ccc(NC(=O)[C@@H]2N[C@@H](CC(C)(C)C)[C@](C#N)(c3ccc(Cl)cc3F)[C@H]2c2cccc(Cl)c2F)c(OC)c1,8.35261703,7.804337039894117,Test
Cc1cc(Cl)ccc1C1c2c(nn(-c3ccccc3F)c2C(C)C)C(=O)N1c1cccc(Cl)c1F,8.13667714,8.603654753620125,Test
CN1C2=C(C(N3C1=NC=N3)C4=CC=C(C=C4)Br)C(OC5=C2C=CC(=C5)F)C6=CC=C(C=C6)Br,6.004364805,5.718589697423243,Test
CC(C)C1=C(SC2=N[C@H]([C@H](N12)C3=CC=C(C=C3)Cl)C4=CC=C(C=C4)Cl)C(=O)N5CCNC(=O)C5,6.585026652,6.34270031619941,Test
CN1[C@@H]([C@@H](O[C@H](C1=O)CC2=CC(=CC=C2)OC)C3=CC=C(C=C3)Br)C4=CC=C(C=C4)Br,5.677780705,5.772939138803526,Test
CC[C@@H](CC(C)O)N1C([C@H](C[C@](C1=O)(C)CC(=O)O)C2=CC(=CC=C2)Cl)C3=CC=C(C=C3)Cl,8.0,8.024747269791284,Test
CC(C)(C)C[C@@H]1[C@]2([C@H]([C@@H](N1)C(=O)NCCN3CCOCC3)C4=C(C(=CC=C4)Cl)F)C5=C(C=C(C=C5)Cl)NC2=O,7.677780705,7.063740750069838,Test
C1CC1NC(=S)C2=C(SC(=C2C3=CC=C(C=C3)Cl)C4=CC=C(C=C4)Cl)N,5.081969663,5.506901506969981,Test
Cc1cc(Cl)ccc1C1c2c(nn(Cc3ccccc3)c2C(C)C)C(=O)N1c1cc(Cl)ccc1C,8.468521083,8.49050049708959,Test
Cc1cc(Cl)ccc1C1c2c(nn(CCc3ccccn3)c2C(C)C)C(=O)N1c1cccc(Cl)c1F,8.004364805,8.150497460799963,Test
C[C@]1(CC(=O)O)C[C@H](c2cccc(Cl)c2)C(c2ccc(Cl)cc2)N([C@H](CNS(=O)(=O)c2ccc(Cl)s2)C2CC2)C1=O,9.301029996,9.147819131774362,Test
CC[C@@H](CN1CCOCC1(C)C)N2[C@@H]([C@H](C[C@](C2=O)(C)CC(=O)O)C3=CC(=CC=C3)Cl)C4=CC=C(C=C4)Cl,7.698970004,7.79917859541588,Test
C[C@H](C1=CC=C(C=C1)Cl)N2C(=O)C3=CC=CC=C3C2(C4=CC=C(C=C4)Cl)OCC5(CC5)CO,5.055517328,5.516342401055115,Test
C[C@]1(CC(=O)O)C[C@H](c2cccc(Cl)c2)[C@@H](c2ccc(Cl)cc2)N([C@H](CS(=O)(=O)c2ccccc2Cl)C2CC2)C1=O,8.920818754,8.914303098213763,Test
C[C@]1(CC(=O)O)C[C@H](c2cccc(Cl)c2)C(c2ccc(Cl)cc2)N([C@H](CNS(=O)(=O)c2cccs2)C2CC2)C1=O,9.698970004,9.197276048113372,Test
CC1(CC(C1)NC(=O)[C@H]2[C@@H]([C@]3([C@@H](N2)CC(C)(C)C)C4=C(C=C(C=C4)Cl)NC3=O)C5=CC(=CC(=C5)Cl)F)O,7.920818754,6.905405071497585,Test
CC(C)(C)C[C@@H]1[C@]2([C@H]([C@@H](N1)C(=O)NC3CCC(CC3)O)C4=C(C(=CC=C4)Cl)F)C5=C(C=C(C=C5)F)NC2=O,6.754487332,6.401767273021327,Test
CC[C@@H](C)Oc1cc2c(cc1OC)CC(=O)N(c1ccc(C(C)N3CCC(N(C)C)CC3)cc1)C2c1ccc(Cl)cc1,7.818156412,7.919306276090618,Test
CC[C@@H](C1CCCCO1)N1C(=O)[C@@](C)(CC(=O)O)C[C@H](c2cccc(Cl)c2)[C@H]1c1ccc(Cl)cc1,9.0,8.082955885243047,Test
CC[C@@H](CNS(=O)(=O)C1CC1)N1C(=O)[C@@](C)(CC(=O)O)C[C@H](c2cccc(Cl)c2)[C@H]1c1ccc(Cl)cc1,9.301029996,8.418402955220843,Test
CC(C)C1=C(SC2=N[C@H]([C@H](N12)C3=CC=C(C=C3)Cl)C4=CC=C(C=C4)Cl)C(=O)N5CCOCC5,6.468521083,6.033284155161739,Test
CC[C@@H](C(=O)OC(C)(C)C)N1C(=O)[C@@](C)(CC(=O)O)C[C@H](c2cc(Cl)ccn2)[C@H]1c1ccc(Cl)cc1,8.301029996,8.268859063917626,Test
CCC(C(=O)OC(C)(C)C)N1[C@@H]([C@H](C[C@](C1=O)(C)CC2=NNN=N2)C3=CC(=CC=C3)Cl)C4=CC=C(C=C4)Cl,8.0,7.846344880552567,Test
C1CCC2=C(C1)C(=O)N(C2(C3=CC=C(C=C3)Cl)OCC4(CC4)CO)CC5=CC=C(C=C5)[N+](=O)[O-],5.459670525,6.079318935402387,Test
CC[C@@H](C[S@@](=O)C(C)C)N1C(=O)[C@@](C)(CC(=O)O)C[C@H](c2cccc(Cl)c2)[C@H]1c1ccc(Cl)cc1,8.721246399,8.764747000035477,Test
CC[C@@H](CN1CCOC1=O)N1C(=O)[C@@](C)(CC(=O)O)C[C@H](c2cccc(Cl)c2)[C@H]1c1ccc(Cl)cc1,8.301029996,8.0983468801777,Test
CC(C)(C)C[C@@H]1[C@]2([C@H]([C@@H](N1)C(=O)NC3CN(C3)CC(F)F)C4=C(C(=CC=C4)Cl)F)C5=C(C=C(C=C5)Cl)NC2=O,6.0,6.2540209992286115,Test
CC(C)OC1=C(C(N(C1=O)CCCN2C=CN=C2)C3=CC=C(C=C3)Br)C(=O)C4=CC=CC=C4,5.059483515,5.452639767413058,Test
CCC1=CC2=C(C=C1)OC(C3=C2N(C4=NC=NN4C3C5=CC=C(C=C5)Br)C)C6=CC=C(C=C6)Br,5.494850022,5.899166826896791,Test
C1=CC2=C(C(=C1)O)C(=O)C3=C(C2=O)C=C(C=C3O)NC(=O)CCl,6.080921908,5.730620949035414,Test
CC(C)(C)C[C@H]1[C@]([C@H]([C@@H](N1)C(=O)NC2=C(C=C(C=C2)C(=O)O)OC)C3=C(C(=CC=C3)Cl)F)(C#N)C4=C(C=C(C=C4)Cl)F,8.045757491,7.48829534747964,Test
CC1=CC(=NC=C1)NC(C2=C(C(=CC=C2)Cl)Cl)C3=C(C4=C(C=CC=N4)C=C3)O,5.356547324,5.302351179213335,Test
CC(C)(C)C[C@@H]1N[C@@H](C(=O)N[C@H]2C[C@@](C)(O)C2)[C@H](c2cccc(Cl)c2)[C@]12C(=O)Nc1cc(Cl)c(F)cc12,7.214670165,7.892300618932338,Test
CC1=CC2=C(C=C1)C(=O)N(C2(C3=CC=C(C=C3)Cl)OCC4(CC4)CO)CC5=CC=C(C=C5)[N+](=O)[O-],6.308034897,6.227676914416044,Test
COc1cc2c(cc1OC(C)C)[C@H](c1ccc(Cl)cc1)N(c1ccc(N(C)C[C@H]3CC[C@H](N4CCN(C(C)=O)CC4)CC3)cc1)C(=O)C2,8.853871964,8.27781514119428,Test
CC(C)c1c2c(nn1Cc1ccccc1C#N)C(=O)N(c1ccc(F)c(F)c1)C2c1ccc(Cl)cc1,7.714442691,7.879093411491903,Test
COc1cnc(CC#N)cc1-c1nc2c(n1C(C)C)[C@@H](c1ccc(Cl)cc1)N(c1cccc(Cl)c1F)C2=O,8.356547324,9.343844672362703,Test
CC(C)(C)C[C@@H]1[C@]2([C@H]([C@@H](N1)C(=O)NC3CN(C3)CCO)C4=C(C(=CC=C4)Cl)F)C5=C(C=C(C=C5)Cl)NC2=O,5.522878745,6.486567264907083,Test
C[C@@H](C(=O)N[C@@H](C1CCCCC1)C(=O)N2CCC[C@H]2C(=O)NC3=C(N=NS3)C4=CC=CC=C4)NC,6.096910013,6.145219687591144,Test
CCC(C)(C)C[C@@H]1[C@]2([C@H]([C@@H](N1C)C(=O)NCC[C@@H](CO)O)C3=C(C(=CC=C3)Cl)F)C4=CC(=C(C=C4NC2=O)F)F,5.301029996,5.637202548663619,Test
CN1C2=C(C(N3C1=NC=N3)C4=CC=C(C=C4)Br)C(OC5=C2C=C(C=C5)F)C6=CC=C(C=C6)Br,5.761953897,5.678549796659825,Test
CCCCNC(=O)C1=C(SC(=C1C2=CC=C(C=C2)Cl)C3=CC=C(C=C3)Cl)N,5.087777943,5.239644407835005,Test
CN1C2=C(C(N3C1=NC=N3)C4=CC=C(C=C4)Br)C(OC5=C2C(=CC=C5)F)C6=CC=C(C=C6)Br,5.764471553,6.023065825736276,Test
CC[C@@H](C1=CN=CC=C1)N2[C@@H]([C@H](C[C@](C2=O)(C)CC(=O)O)C3=CC(=CC=C3)Cl)C4=CC=C(C=C4)Cl,7.096910013,7.429772938562816,Test
CC[C@@H](COCC1(C(N)=O)CC1)N1C(=O)[C@@H](CC(=O)O)C[C@H](c2cccc(Cl)c2)[C@H]1c1ccc(Cl)cc1,7.15490196,7.707958990796881,Test
C1CCC2(CC1)[C@@]3([C@H]([C@@H](N2)C(=O)NC4=CC=CC(=C4)C(=O)O)C5=C(C(=CC=C5)Cl)F)C6=C(C=C(C=C6)Cl)NC3=O,8.055517328,7.89466062451093,Test
COc1nn(C)c(=O)cc1-c1nc2c(n1C(C)C)C(c1ccc(Cl)cc1)N(c1cccc(Cl)c1F)C2=O,7.66756154,8.83403722825684,Test
COc1cc(C(=O)O)ccc1NC(=O)[C@@H]1N[C@@H](CC(C)(C)C)[C@@]2(C(=O)Nc3ncccc32)[C@H]1c1cccc(Cl)c1F,7.283996656,7.834199523726165,Test
CC(C)(C)C[C@@H]1N[C@@H](C(=O)Nc2ccc(C(=O)O)c(F)c2)[C@H](c2cccc(Cl)c2F)[C@@]1(C#N)c1ccc(Cl)cc1F,7.677780705,7.695699641917123,Test
Cc1cc(Cl)ccc1C1c2c(nn(CC(=O)N3CCN(C)C(=O)C3)c2C(C)C)C(=O)N1c1cc(Cl)ccc1C,8.522878745,8.417251564041724,Test
CNS(=O)(=O)C[C@H](C1CC1)N1C(=O)[C@@](C)(CC(=O)O)C[C@H](c2cccc(Cl)c2)[C@H]1c1ccc(Cl)cc1,9.008773924,9.689766391531665,Test
CC1=CC=C(C=C1)N2C(C3=C(NN=C3C2=O)C)C4=CC=C(C=C4)Cl,5.823908741,5.4061468975977505,Test
CC(C)(C)S(=O)(=O)C[C@H](C1CC1)N2[C@@H]([C@H](O[C@@H](C2=O)CC(=O)O)C3=CC(=CC=C3)Cl)C4=CC=C(C=C4)Cl,7.602059991,8.48894976544584,Test
CC1(CC(C1)NC(=O)[C@H]2[C@@H]([C@@]3([C@H](N2)CC(C)(C)C)C4=C(C=C(C=C4)Cl)NC3=O)C5=C(C(=CC=C5)Cl)F)O,7.382999659,6.782950125036239,Test
CC[C@@H](CNS(=O)(=O)CC)N1C(=O)[C@@](C)(CC(=O)O)C[C@H](c2cc(F)cc(Cl)c2)[C@H]1c1ccc(Cl)cc1,9.15490196,8.644275272589022,Test
CC(C)(C)C[C@H]1[C@@]2([C@H]([C@@H](N1)C(=O)NC3=CC(=C(C=C3)C(=O)O)OC)C4=C(C(=CC=C4)Cl)F)C5=C(C=C(C=C5)Cl)NC2=O,8.397940009,6.337440828200792,Test
CC[C@@H](C)Oc1cc2c(cc1OC)CC(=O)N(c1ccc(N(C)Cc3ccncc3)cc1)C2c1ccc(Cl)cc1,8.075720714,8.108994310038348,Test
CC(C)C1=C(SC2=N[C@H]([C@H](N12)C3=CC=C(C=C3)Cl)C4=CC=C(C=C4)Cl)C(=O)N5CCN(CC5)C,5.920818754,6.016791057719853,Test
CC(C)(C)CC1C2(C(C(N1)C(=O)NC3=C(C=C(C=C3)C(=O)N)OC)C4=C(C(=CC=C4)Cl)F)C5=C(C=C(S5)Cl)NC2=O,7.397940009,7.397700339282628,Test
O=C(O)c1nc(-c2ccccc2)n(-c2cccc(Cl)c2F)c1-c1ccc(F)c(Cl)c1,8.522878745,8.11180246229207,Test
COc1nnc(C(=O)N(C)C)cc1-c1nc2c(n1C(C)C)C(c1ccc(Cl)cc1)N(c1cccc(Cl)c1F)C2=O,8.653647026,9.040640511271528,Test
C[C@]1(CC(=O)O)C[C@H](c2cccc(Cl)c2)[C@@H](c2ccc(Cl)cc2)N([C@H](CS(C)(=O)=O)C2CC2)C1=O,10.0,9.55137638357415,Test
CC(C)OC1=C(C=CC(=C1)OC)C2=N[C@@H]([C@@H](N2C(=O)NCCCC(=O)O)C3=CC=C(C=C3)Cl)C4=CC=C(C=C4)Cl,5.688246139,6.197112221898715,Test
CC[C@@H](CNS(=O)(=O)c1ccc(OC)cc1)N1C(=O)[C@@](C)(CC(=O)O)C[C@H](c2cccc(Cl)c2)[C@H]1c1ccc(Cl)cc1,9.0,8.790497621389852,Test
CC(C)(C)C[C@@H]1[C@]2([C@H]([C@@H](N1)C(=O)NC3CCN(CC3)CC(C)(C)O)C4=C(C(=CC=C4)Cl)F)C5=C(C=C(C=C5)Cl)NC2=O,6.301029996,5.921778201038083,Test
C1=CC2=C(C(=C(C=C2)C(C3=CC(=C(C=C3)Cl)Cl)NC4=NC=C(C=C4)F)O)N=C1,5.045757491,5.2573095761075885,Test
COc1ccccc1-n1nc2c(c1C(C)C)C(c1ccc(Cl)cc1)N(c1cccc(Cl)c1F)C2=O,8.698970004,8.65531912181778,Test
CCOC(=O)[C@H](C)NC(=O)N1[C@H]([C@H](N=C1C2=C(C=C(C=C2)OC)OC(C)C)C3=CC=C(C=C3)Cl)C4=CC=C(C=C4)Cl,6.075720714,5.891958277153963,Test
C[C@H]1CC[C@H](Cn2c(C3OCCc4ccccc43)nc3nc(-c4noc(=O)[nH]4)nc(-c4cncc(Cl)c4)c32)CC1,8.985899678,8.665704923674001,Test
C[C@@H]1CC[C@H](N1C(=O)C2=C(N3[C@@H]([C@](N=C3S2)(C)C4=CC=C(C=C4)Cl)C5=CC=C(C=C5)Cl)C(C)C)C(=O)N6CCN([C@@H](C6)C)C,7.823908741,7.725548798502834,Test
CC1=NN=C(O1)C[C@H]2C[C@@H]([C@H](N(C2=O)CC3CC3)C4=CC=C(C=C4)Cl)C5=CC(=CC=C5)Cl,5.795880017,6.13530782780727,Test
CC1(CCC2(CC1)[C@@]3([C@H]([C@@H](N2)C(=O)NC4CCC(CC4)O)C5=C(C(=CC=C5)Cl)F)C6=C(C=C(C=C6)Cl)NC3=O)C,8.187086643,7.018912329716186,Test
CC[C@@H](CN1CC(C)(C)OC1=O)N1C(=O)[C@@](C)(CC(=O)O)C[C@H](c2cccc(Cl)c2)[C@H]1c1ccc(Cl)cc1,7.698970004,8.085771122727929,Test
COC1=CC=CC(=C1)/C=C/C(=O)C2=NC3=CC=CC=C3N2,5.32330639,5.235284763248017,Test
CC[C@@H](CN1CCOCC1)N1C(=O)[C@@](C)(CC(=O)O)C[C@H](c2cccc(Cl)c2)[C@H]1c1ccc(Cl)cc1,8.397940009,7.825829134645966,Test
CC(C)C[C@H](N)C(=O)N[C@H](C(=O)N[C@@H](Cc1ccccc1)C(=O)N[C@@H](CCC(=O)O)C(=O)N[C@@H](Cc1c[nH]cn1)C(=O)N[C@@H](Cc1ccc(O)cc1)C(=O)N[C@@H](Cc1c[nH]c2ccccc12)C(=O)N[C@@H](C)C(=O)N[C@@H](CCC(N)=O)C(=O)N[C@@H](CCC(=O)O)C(=O)N[C@H](C(=O)N[C@@H](CO)C(=O)O)[C@@H](C)O)[C@@H](C)O,7.356547324,7.5341753525809905,Test
COC(c1ccccc1F)c1nc2nc(-c3n[nH]c(=O)o3)nc(-c3cncc(Cl)c3)c2n1C[C@H]1CC[C@H](C)CC1,8.769551079,8.793016770125286,Test
C[C@]1(CC(=O)O)C[C@H](c2cccc(Cl)c2)[C@@H](c2ccc(Cl)cc2)N(C2CCC2)C1=O,7.15490196,7.97502082040431,Test
CCS(=O)(=O)C[C@H](C1CC1)N1C(=O)[C@@](C)(CC(=O)O)C[C@H](c2cccc(Cl)c2)[C@H]1c1ccc(Cl)cc1,10.0,9.641158309200597,Test
CC(C)(C)C[C@@H]1[C@]2([C@H]([C@@H](N1)C(=O)NCCN3CCC(CC3)O)C4=CC(=CC=C4)Cl)C5=CC(=C(C=C5NC2=O)Cl)F,6.0,5.955776556912218,Test
Nc1ccn([C@@H]2O[C@H](CO)[C@@H](O)[C@@H]2O)c(=O)n1,7.698970004,6.790410444317491,Test
CCOC1=C(C=C2C(N(C(=O)CC2=C1)C3=CC=C(C=C3)Cl)C4=CC=C(C=C4)Cl)OCC,6.0,5.813642202844169,Test
CC(C)(C)C[C@H]1[C@]([C@H]([C@@H](N1)C(=O)NC2=C(C=C(C=C2)C(=O)O)F)C3=C(C(=CC=C3)Cl)F)(C#N)C4=C(C=C(C=C4)Cl)F,7.602059991,7.455132781987521,Test
CC(C)(C)C[C@@H]1[C@]2([C@H]([C@@H](N1)C(=O)NC3CCC(CC3)OC(=O)[C@H](CC4=CC=CC=C4)N)C5=C(C(=CC=C5)Cl)F)C6=C(C=C(C=C6)Cl)NC2=O,6.0,6.8876764785081726,Test
COc1cc2c(cc1OC(C)C)[C@H](c1ccc(Cl)cc1)N(c1ccc(N(C)C[C@H]3CC[C@H](N4CCCNC(=O)C4)CC3)cc1)C(=O)C2,8.853871964,8.477777556189922,Test
CC[C@@H](CS(=O)(=O)CC1(C)COC1)N1C(=O)[C@@](C)(CC(=O)O)C[C@H](c2cccc(Cl)c2)[C@H]1c1ccc(Cl)cc1,10.0,9.61848929053998,Test
C1=CC=C2C(=C1)C(=O)N(C2(C3=CC=C(C=C3)Br)OCCCCO)CC4=CC=C(C=C4)[N+](=O)[O-],6.244125144,5.965132926248685,Test
COc1ccccc1-c1nc2c(n1C(C)C)C(c1ccc(Cl)cc1C)N(c1cccc(Cl)c1F)C2=O,9.387216143,8.896202402130953,Test
CC[C@@H](CS(=O)(=O)C)N1[C@@H]([C@H](C[C@](C1=O)(C)CC(=O)O)C2=CC(=CC=C2)Cl)C3=CC=C(C=C3)Cl,9.522878745,8.414675115422925,Test
Cc1cc(Cl)ccc1C1c2c(nn(Cc3ccccn3)c2C(C)C)C(=O)N1c1cccc(Cl)c1F,8.186619193,7.998132955523779,Test
COc1ncc(-c2nc3c(n2C(C)C)C(c2ccc(Cl)cc2)N(c2ccc(C#N)cc2C)C3=O)c(OC)n1,8.303643611,9.067574293168095,Test
COc1cc(C(=O)OC(C)OC(=O)NCC(O)CO)ccc1NC(=O)[C@@H]1N[C@@H](CC(C)(C)C)[C@](C#N)(c2ccc(Cl)cc2F)[C@H]1c1cccc(Cl)c1F,7.872895202,8.13628658902816,Test
C1CC1CN2C(=O)[C@H](C[C@@H]([C@@]23C4=C(C=C(C=C4)Cl)NC3=O)C5=CC(=CC=C5)Cl)CC(=O)O,7.045757491,6.79109756342476,Test
CC[C@@H](COC1=CN=CC=C1)N2[C@@H]([C@H](C[C@](C2=O)(C)CC=C)C3=CC(=CC=C3)Cl)C4=CC=C(C=C4)Cl,7.522878745,6.819133137317896,Test
C[C@@H]1CN(C[C@@H](N1)C)C(=O)C2=C(N3[C@@H]([C@@H](N=C3S2)C4=CC=C(C=C4)Cl)C5=CC=C(C=C5)Cl)C(C)C,6.853871964,6.232338081927687,Test
Cc1nc(Cn2nc3c(c2C(C)C)C(c2ccc(Cl)cc2C)N(c2cccc(Cl)c2F)C3=O)cs1,8.207608311,8.48965754498502,Test
CC(C)S(=O)(=O)NC[C@H](C1CC1)N1C(=O)[C@@](C)(CC(=O)O)C[C@H](c2cccc(Cl)c2)[C@H]1c1ccc(Cl)cc1,8.698970004,9.145723304708369,Test
Cc1cc(Cl)ccc1C1c2c(nn(CCN(C)C)c2C(C)C)C(=O)N1c1cccc(Cl)c1F,8.091514981,8.163185277050946,Test
CCOc1cc(C(C)(C)C)ccc1C1=N[C@@](C)(c2ccc(Cl)cc2)[C@@](C)(c2ccc(Cl)cc2)N1C(=O)N1CCN(CCCS(C)(=O)=O)CC1,7.744727495,8.537372075207507,Test
COc1cc2c(cc1OC(C)C)[C@H](c1ccc(Cl)cc1)N(c1ccc([C@H](C)N3CCN(C(C)=O)CC3)cc1)C(=O)C2,7.457174573,7.912986193883892,Test
CC[C@@H](CN(C)S(C)(=O)=O)N1C(=O)[C@@](C)(CC(=O)O)C[C@H](c2cccc(Cl)c2)C1c1ccc(Cl)cc1,8.698970004,8.28300662855968,Test
COc1cc2c(cc1OC(C)C)[C@H](c1ccc(Cl)cc1)N(c1cnc(N(C)C[C@H]3CC[C@H](N4CCN(C)C(=O)C4)CC3)cn1)C(=O)C2,8.366531544,8.192774411312675,Test
C[C@@H]1CC[C@H](N1C(=O)C2=C(N3[C@@H]([C@](N=C3S2)(C)C4=CC=C(C=C4)Cl)C5=CC=C(C=C5)Cl)C(C)C)C(=O)N(C)C,7.853871964,7.7128074518082075,Test
CC(C)(C)C[C@@H]1N[C@@H](C(=O)NCC[C@H](O)CO)[C@H](c2cccc(Cl)c2)[C@@]1(C#N)c1ccc(Cl)cc1,8.045757491,7.596522558564306,Test
CC(C)[C@@H](CS(=O)(=O)CC(F)(F)F)N1C(=O)[C@@](C)(CC(=O)O)C[C@H](c2cccc(Cl)c2)[C@H]1c1ccc(Cl)cc1,8.744727495,9.453165667647363,Test
C1CCC2(CC1)[C@@]3([C@H]([C@@H](N2)C(=O)NC4=CC=C(C=C4)C(=O)O)C5=C(C(=CC=C5)Cl)F)C6=C(C=C(C=C6)Cl)NC3=O,6.853871964,7.928933288990674,Test
CC1(CC(C1)NC(=O)[C@H]2[C@@H]([C@]3([C@@H](N2)CC(C)(C)C)C4=C(C=C(C=C4)Cl)NC3=O)C5=CC(=CC=C5)Cl)O,7.744727495,7.156803668508643,Test
CC[C@@H](CCS(=O)(=O)C)N1[C@@H]([C@H](C[C@@H](C1=O)CC(=O)O)C2=CC(=CC=C2)Cl)C3=CC=C(C=C3)Cl,7.301029996,7.797829504863337,Test
C1CC(=O)N([C@@H]([C@H]1C2=CC(=CC=C2)Cl)C3=CC=C(C=C3)Cl)CC4=CC=CC=C4,5.26760624,5.8548343110770125,Test
C[C@]1(CC(=O)O)C[C@H](c2cccc(Cl)c2)[C@@H](c2ccc(Cl)cc2)N([C@H](CS(=O)(=O)c2ccc(F)cc2Cl)C2CC2)C1=O,8.886056648,8.930538420289997,Test
C1CC(CCC12[C@]3([C@H]([C@@H](N2)C(=O)NCCN4CCOCC4)C5=C(C(=CC=C5)Cl)F)C6=C(C=C(C=C6)Cl)NC3=O)(F)F,5.301029996,6.195390836688812,Test
C1=CC=C2C(=C1)C(=O)N(C2(C3=CC=C(C=C3)Cl)OCCCCO)CC4=CC=C(C=C4)[N+](=O)[O-],6.443697499,5.963247804441455,Test
CC[C@@H](CS(C)(=O)=O)N1C(=O)[C@@](C)(CC(=O)O)C[C@H](c2cccc(Cl)c2)[C@H]1c1ccc(Cl)cc1,9.522878745,9.362507157955116,Test
CC(C)N1[C@@H]([C@H](C[C@](C1=O)(C)CC(=O)O)C2=CC(=CC=C2)Cl)C3=CC=C(C=C3)Cl,7.522878745,7.262589880490413,Test
CC[C@@H](C)Oc1cc2c(cc1OC)CC(=O)N(c1ccc(N(C)CC3CCN(S(C)(=O)=O)CC3)cc1)C2c1ccc(Cl)cc1,7.970616222,8.197182961140005,Test
CCC(CC)N1C(=O)[C@@](CC)(CC(=O)O)C[C@H](c2cccc(Cl)c2)[C@H]1c1ccc(Cl)cc1,7.698970004,8.332299683864289,Test
COc1nc(N)ncc1-c1nc2c(n1C(C)C)C(c1ccc(Cl)cc1)N(c1cc(Cl)cn(C)c1=O)C2=O,8.869666232,7.923094786996768,Test
CCC(CC)N1[C@@H]([C@H](C[C@](C1=O)(C)CC2=CC(=O)NO2)C3=CC(=CC=C3)Cl)C4=CC=C(C=C4)Cl,7.096910013,6.472142875877215,Test
CCC[C@H](C(=O)O)N1[C@@H]([C@@H](O[C@H](C1=O)CC2=CC=C(C=C2)F)C3=CC=C(C=C3)Cl)C4=CC=C(C=C4)Cl,5.537602002,6.705252269440072,Test
CC[C@@H](C(=O)OC(C)(C)C)N1[C@@H]([C@H](C[C@](C1=O)(C)CC(=O)O)C2=CC(=CC=C2)Cl)C3=NC=C(C=C3)Cl,7.698970004,7.482810061136512,Test
CC[C@@H](CS(=O)(=O)C(C)(C)C)N1C(=O)[C@@](C)(CC(=O)O)C[C@H](c2cncc(Cl)c2)[C@H]1c1ccc(Cl)cc1,8.823908741,9.379120541295151,Test
CC(=O)N1CC(C1)NC(=O)[C@H]2[C@@H]([C@@]3([C@H](N2)CC(C)(C)C)C4=C(C=C(C=C4)Cl)NC3=O)C5=C(C(=CC=C5)Cl)F,5.522878745,6.657963834975679,Test
CC[C@H]1CC[C@H](N1C(=O)C2=C(N3[C@@H]([C@](N=C3S2)(C)C4=CC=C(C=C4)Cl)C5=CC=C(C=C5)Cl)C(C)C)C(=O)N(C)C,7.408935393,7.662433457673377,Test
C1CCN(C1)C(=O)C2=C(SC(=C2C3=CC=C(C=C3)Cl)C4=CC=C(C=C4)Br)N,5.127261173,5.480863216781281,Test
C1CC1CN2[C@@H]([C@H](C[C@@H](C2=O)CC(=O)NO)C3=CC(=CC=C3)Cl)C4=CC=C(C=C4)Cl,5.769551079,5.99326965939926,Test
CC1=CC(=C(N1C2=CC=C(C=C2)Br)C)C=C3C(=O)N(C(=S)N(C3=O)C4=CC=CC=C4)C5=CC=CC=C5,6.701146924,6.711158267921354,Test
CC[C@@H](CN(C)S(=O)(=O)C1CC1)N1C(=O)[C@@](CCN2CCCC2)(CC(=O)O)C[C@H](c2cccc(Cl)c2)[C@H]1c1ccc(Cl)cc1,8.585026652,8.509154434520834,Test
C1COCCC12[C@@]3([C@H]([C@@H](N2)C(=O)NCCN4CCOCC4)C5=C(C(=CC=C5)Cl)F)C6=C(C=C(C=C6)Cl)NC3=O,5.301029996,6.64653567637027,Test
CC[C@@H](CNCC(F)(F)F)N1C(=O)[C@@](C)(CC(=O)O)C[C@H](c2cccc(Cl)c2)[C@H]1c1ccc(Cl)cc1,7.397940009,7.940259685445149,Test
COc1nc(N)ncc1-c1nc2c(n1C(C)C)[C@H](c1ccc(Cl)cc1)N(c1cc(Cl)ccc1C)C2=O,9.958607315,9.232850061431543,Test
COc1nc(N)ncc1-c1nc2c(n1C(C)C)C(c1ccc(Cl)cc1)N(c1ccc(C#N)cc1C)C2=O,8.367542708,8.830637125494185,Test
C[C@@]1(C[C@@H]([C@H](N(C1=O)[C@H](CS(=O)(=O)C)C2CC2)C3=CC=C(C=C3)Cl)C4=CC(=CC=C4)Cl)CC(=O)O,10.0,8.511218021420854,Test
C1CC(CCC1O)OC2(C3=CC=CC=C3C(=O)N2CC4=CC=C(C=C4)[N+](=O)[O-])C5=CC=C(C=C5)Cl,6.408935393,6.3569367898593905,Test
CC[C@@H](CN(C)S(=O)(=O)C1CC1)N1C(=O)[C@@](C)(CC(=O)O)C[C@H](c2cccc(Cl)c2)[C@H]1c1ccc(Cl)cc1,9.045757491,8.577808453700456,Test
C1[C@@H](C=C[C@@H]1OC2(C3=CC=CC=C3C(=O)N2CC4=CC=C(C=C4)Cl)C5=CC=C(C=C5)Cl)O,5.823908741,5.749901194073105,Test
CCC(CC)N1[C@@H]([C@H](C[C@](C1=O)(C)CC(=O)NS(=O)(=O)C(F)(F)F)C2=CC(=CC=C2)Cl)C3=CC=C(C=C3)Cl,6.27572413,7.1418476194445155,Test
CC(C)(C)C[C@H]1N[C@@H](C(=O)NCC[C@H](O)CO)[C@H](c2cccc(Cl)c2F)[C@@]12C(=O)Nc1cc(Cl)ccc12,7.785156152,7.84304409737071,Test
CC(C)C1=C(SC2=NC(C(N12)C3=CC=C(C=C3)Cl)(C)C4=CC=C(C=C4)Cl)C(=O)N,6.107905397,5.840679243847799,Test
C[C@]1(O)C[C@@H](NC(=O)[C@@H]2NC3(CCCCC3)[C@@]3(C(=O)Nc4cc(Cl)ccc43)[C@H]2c2cccc(Cl)c2F)C1,7.698970004,7.804796010181144,Test
C[C@@H]1CN(C[C@@H](N1)C)C(=O)[C@@H]2CCCN2C(=O)C3=C(N4[C@@H]([C@](N=C4S3)(C)C5=CC=C(C=C5)Cl)C6=CC=C(C=C6)Cl)C(C)C,7.431798276,7.413838605466765,Test
CC(C)(C)C[C@@H]1[C@]2([C@H]([C@@H](N1)C(=O)NCC[C@@H](C=O)O)C3=CC(=CC=C3)Cl)C4=CC(=C(C=C4NC2=O)Cl)F,6.0,5.900069522740426,Test
COc1ccc(CO)cc1-c1nc2c(n1C(C)C)C(c1ccc(Cl)cc1)N(c1cccc(Cl)c1F)C2=O,9.769551079,9.209631810825844,Test
C1CCC(=C[C@@H]2[C@]3([C@H]([C@@H](N2)C(=O)NC4CCC(CC4)O)C5=C(C(=CC=C5)Cl)F)C6=C(C=C(C=C6)Cl)NC3=O)C1,5.301029996,6.181223585458652,Test
COc1cc2c(cc1OC(C)C)[C@H](c1ccc(Cl)cc1)N(c1ccc(N(C)C[C@H]3CC[C@H](NC(=O)c4cocn4)CC3)cc1)C(=O)C2,8.30980392,8.177059523251847,Test
O=C(O)c1nc(C2CCCCC2)n(-c2cccc(Cl)c2F)c1-c1ccc(F)c(Cl)c1,8.397940009,8.075537816614666,Test
CS(=O)(=O)NC(=O)C[C@@H]1C[C@@H]([C@H](N(C1=O)CC2CC2)C3=CC=C(C=C3)Cl)C4=CC(=CC=C4)Cl,6.15490196,6.349361344379593,Test
CC[C@@H](CNS(=O)(=O)C1(C)CC1)N1C(=O)[C@@](C)(CC(=O)O)C[C@H](c2cccc(Cl)c2)[C@H]1c1ccc(Cl)cc1,9.0,8.817644017867899,Test
O=C(O)CCC(=O)OCC1(COC2(c3ccc(Cl)cc3)c3c(Cl)cccc3C(=O)N2Cc2ccc([N+](=O)[O-])cc2)CC1,7.721246399,7.78727807255888,Test
COc1cc2c(cc1OC(C)C)C(c1ccc(Cl)cc1)N(C1CCC(C(C)(O)c3ccoc3)CC1)C(=O)C2,7.559090918,7.837464708603692,Test
CC1COCCC1(F)c1nc2nc(-c3noc(=O)[nH]3)nc(-c3cncc(Cl)c3)c2n1C[C@H]1CC[C@H](C)CC1,8.363411816,8.10580524318621,Test
O=C(NCCN1CCOCC1)[C@@H]1NC2(CCCCC2)[C@@]2(C(=O)Nc3cc(Cl)ccc32)[C@H]1c1cccc(Cl)c1F,7.677780705,7.7290639647677635,Test
CC[C@@H](C(=O)OC(C)(C)C)N1[C@@H]([C@H](C[C@@H](C1=O)CC(=O)O)C2=CC(=CC=C2)Cl)C3=CC=C(C=C3)Cl,7.363512104,6.801760316515922,Test
CCN(CC)C(=O)[C@@H](C)NC(=O)N1[C@H]([C@H](N=C1C2=C(C=C(C=C2)OC)OC(C)C)C3=CC=C(C=C3)Cl)C4=CC=C(C=C4)Cl,5.300162274,5.510082667791272,Test
CC[C@@H](C1=NC=CN=C1)N2[C@@H]([C@H](C[C@](C2=O)(C)CC(=O)O)C3=CC(=CC=C3)Cl)C4=CC=C(C=C4)Cl,7.301029996,7.37369983408865,Test
CC[C@@H](CN(C)S(=O)(=O)C1CC1)N1C(=O)[C@@](C)(CC(=O)NC[C@H](O)CO)C[C@H](c2cccc(Cl)c2)[C@H]1c1ccc(Cl)cc1,7.236572006,8.213968977329998,Test
CC1=C(C=C(C=C1)Cl)N2[C@H](C3=C(C2=O)N=C(N3C(C)C)C4=CN=C(N=C4OC)OC)C5=C(C=C(C=C5)Cl)C,10.09691001,7.672668124322683,Test
CS(=O)(=O)NC(=O)[C@H]1[C@@H]([C@@]2(C3=C(C=C(C=C3)Cl)NC2=O)C4(N1)CCCCC4)C5=C(C(=CC=C5)Cl)F,7.187086643,6.914534305252048,Test
C1C[C@@H](C[C@@H]1O)OC2(C3=CC=CC=C3C(=O)N2CC4=CC=C(C=C4)C#N)C5=CC=C(C=C5)Cl,5.638272164,5.920084605398229,Test
CC(C)OC1=C(C=CC(=C1)OC)C2=N[C@@H]([C@@H](N2C(=O)NCC(=O)N3CCCC3)C4=CC=C(C=C4)Cl)C5=CC=C(C=C5)Cl,5.231361899,5.682147602296277,Test
CN1C2=C(C(N3C1=NC=N3)C4=CC=C(C=C4)Br)C(OC5=CC=CC=C52)C6=CC=C(C=C6)C#N,5.681936665,5.482787431433769,Test
CC[C@@H](CN(CC(F)(F)F)S(C)(=O)=O)N1C(=O)[C@@](C)(CC(=O)O)C[C@H](c2cccc(Cl)c2)[C@H]1c1ccc(Cl)cc1,8.698970004,8.654921120575919,Test
C1=CC=C2C(=C1)C(=O)N(C2(C3=CC=C(C=C3)Cl)OC/C=C\CO)CC4=CC=C(C=C4)[N+](=O)[O-],6.397940009,6.149107717764118,Test
CC[C@@H](CS(=O)(=O)C1CCC1)N1C(=O)[C@@](CC)(CC(=O)O)C[C@H](c2cccc(Cl)c2)[C@H]1c1ccc(Cl)cc1,9.522878745,9.608003886858972,Test
COc1cn(C)c(=O)cc1-c1nc2c(n1C(C)C)C(c1ccc(Cl)cc1)N(c1cc(C)ccc1OC)C2=O,8.935542011,8.898719246902912,Test
CC(C)C1=C(SC2=N[C@]([C@@H](N12)C3=CC=C(C=C3)Cl)(C)C4=CC=C(C=C4)Cl)C(=O)N5CCNC(=O)C5,5.823908741,6.559711645616644,Test
CC(C)(C)C[C@@H]1[C@]2([C@H]([C@@H](N1)CO)C3=CC(=CC=C3)Cl)C4=CC(=C(C=C4NC2=O)Cl)F,5.301029996,6.002765842943797,Test
CC[C@@H](CN1CCCS1(=O)=O)N1C(=O)[C@@](C)(CC(=O)O)C[C@H](c2cccc(Cl)c2)[C@H]1c1ccc(Cl)cc1,9.0,8.334374451305274,Test
CC[C@@H](COCCOC)N1[C@@H]([C@H](C[C@@H](C1=O)CC(=O)O)C2=CC(=CC=C2)Cl)C3=CC=C(C=C3)Cl,7.045757491,6.665189272989568,Test
Cc1ccc(Cl)cc1-n1c(-c2ccccc2)nc(C(=O)O)c1-c1cccc(Cl)c1,7.958607315,8.025802011748379,Test
CC[C@@H](CCC#N)N1[C@@H]([C@H](C[C@@H](C1=O)CC(=O)O)C2=CC(=CC=C2)Cl)C3=CC=C(C=C3)Cl,7.522878745,6.58000361037557,Test
CC[C@@H]([C@@H](C)S(C)(=O)=O)N1C(=O)[C@@](C)(CC(=O)O)C[C@H](c2cccc(Cl)c2)[C@H]1c1ccc(Cl)cc1,9.22184875,9.46515749987857,Test
NC(=O)c1nc(C2CCCCC2)n(-c2cccc(Cl)c2F)c1-c1ccc(F)c(Cl)c1,7.744727495,8.174917534497169,Test
CCCCNC(=O)N1CC(C1)NC(=O)[C@H]2[C@@H]([C@@]3([C@H](N2)CC(C)(C)C)C4=C(C=C(C=C4)Cl)NC3=O)C5=C(C(=CC=C5)Cl)F,7.0,6.149934399901246,Test
CC(C)C1=C(SC2=N[C@H]([C@H](N12)C3=CC=C(C=C3)Cl)C4=CC=C(C=C4)Cl)C(=O)N5CCN(CC5)CCO,5.744727495,6.04189462520166,Test
CC(C)n1c(-c2ccnc(N)c2)nc2c1C(c1ccc(Cl)cc1)N(c1cccc(Cl)c1F)C2=O,8.180456064,8.353546127045208,Test
C[C@]1(CC(=O)O)C[C@H](c2cccc(Cl)c2)C(c2ccc(Cl)cc2)N([C@H](CO)C2CC2)C1=O,9.0,7.785904832324983,Test
CC[C@@H](C)Oc1cc2c(cc1OC)CC(=O)N(c1ccc(N(C)CC3CCN(C(C)=O)CC3)cc1)C2c1ccc(Cl)cc1,8.22184875,8.057280007153732,Test
C1CC1(CO)COC2(C3=C(C=CC=C3Cl)C(=O)N2CC4=CC=C(C=C4)[N+](=O)[O-])C5=CC=C(C=C5)Cl,7.356547324,6.32252948366287,Test
COc1cc(C(N)=O)ccc1NC(=O)[C@@H]1N[C@@H](CC(C)(C)C)[C@@]2(C(=O)Nc3nc(Cl)ncc32)[C@H]1c1cccc(Cl)c1F,7.346787486,7.793694407430194,Test
Cc1cc(Cl)ccc1C1c2c(nn(C(=O)N3CCN(C)CC3)c2C(C)C)C(=O)N1c1cc(Cl)ccc1C,8.568636236,8.27902998228143,Test
CCOC1=CC=CC2=C1C3=C(C(N4C(=NC=N4)N3C)C5=CC=C(C=C5)Br)C(O2)C6=CC=C(C=C6)Br,6.040958608,5.840115753508932,Test
CC(C)(C)C[C@H]1[C@]([C@H]([C@@H](N1)C(=O)NC2=NC=C(C=C2)C(=O)O)C3=C(C(=CC=C3)Cl)F)(C#N)C4=C(C=C(C=C4)Cl)F,7.638272164,7.614014696897137,Test
CC[C@@H](COCC1(CC1)C(=O)N)N2[C@@H]([C@H](C[C@@H](C2=O)CC(=O)O)C3=CC(=CC=C3)Cl)C4=CC=C(C=C4)Cl,7.15490196,6.730504727952494,Test
COc1cnc(CC#N)cc1-c1nc2c(n1C(C)C)C(c1ccc(Cl)cc1)N(c1cccc(Cl)c1F)C2=O,9.698970004,9.343844672362703,Test
CC[C@@H](CNC(=O)C)N1[C@@H]([C@H](C[C@@H](C1=O)CC(=O)O)C2=CC(=CC=C2)Cl)C3=CC=C(C=C3)Cl,6.744727495,6.6649745554815665,Test
C[C@@]1(C[C@@H]([C@H](N(C1=O)[C@@H](CC(F)(F)F)C2=CC=CC=N2)C3=CC=C(C=C3)Cl)C4=CC(=CC=C4)Cl)CC(=O)O,7.522878745,7.463319801019709,Test
CC(C)C1=C(C(=O)N2C[C@H](F)C[C@H]2C(=O)N2CC3(CC3)NC[C@@H]2C)SC2=N[C@@](C)(c3ccc(Cl)cc3)[C@@H](c3ccc(Cl)c(F)c3)N21,8.920818754,8.41221651928999,Test
CC[C@@H](Cn1ccccc1=O)N1C(=O)[C@@](C)(CC(=O)O)C[C@H](c2cccc(Cl)c2)[C@H]1c1ccc(Cl)cc1,7.721246399,8.073863151599781,Test
CC[C@@H](CN(C)C1COC1)N1C(=O)[C@@](C)(CC(=O)O)C[C@H](c2cccc(Cl)c2)[C@H]1c1ccc(Cl)cc1,8.522878745,7.925925770568989,Test
CC(C)(C)C[C@H]1[C@@]2([C@H]([C@@H](N1)C(=O)NC3=C(C=C(C=C3)C(=O)O)OC)C4=C(C(=CC=C4)Cl)F)C5=C(C=CN=C5)NC2=O,7.283996656,7.1957021049606045,Test
