naAromAtom,nBondsD,nAcid,SaasC,SpMax3_Bhm,ETA_EtaP,SpMax1_Bhm,MDEO-11,SpMax4_Bhm,MLFER_S,maxHBa,ATSC4c,SpMax4_Bhv,VPC-4,ATSC8c,VE3_Dzs,AATS6s,VE1_Dzs,minHsOH,gmin,GATS2c,minwHBa,CrippenLogP,SpMax5_Bhv,VE3_Dzv,GATS6m,ATSC2m,ATSC8m,VC-5,MDEC-33,maxHssNH,AATS6v,SpMin6_Bhm,AATS8e,GATS8m,maxHBd,IC3,AATS7s,hmin,SpMin5_Bhm,SssssC,ndsN,ATSC1m,SCH-6,GATS5m,ETA_Beta,SpMin4_Bhm,AATSC5s,ATSC7p,apol
0,8.0,0,0.0,3.432318191,0.66647,3.85011453,0.125,3.17771196,3.26,12.04579113,-0.209513811,3.057813296,0.744252337,0.175971936,-6.504641908,3.511015326,0.038684319,0.0,-0.252523148,0.637140039,-0.252523148,3.67968,2.792101677,-5.225681502,1.013741587,149.9317547,131.7936339,0.041066607,4.263256607,0.497188695,177.1620663,1.102832963,7.550865021,0.909713497,0.523150327,4.479143374,3.100217865,0.287117504,1.195626466,0.0,0.0,-17.51931484,0.166666667,0.968766111,24.25,1.289062887,-0.037335601,-1.248456945,41.305895
0,5.0,0,0.0,3.462513584,0.80336,3.764871719,0.464158883,3.203542946,2.478,11.59141463,-0.045500602,3.092324045,0.308313037,-0.261467758,-2.17585438,2.833333333,0.31816457,0.793998463,-0.359425318,0.774488473,-0.359425318,2.4711,2.780410043,-3.099240238,1.081381728,-226.883799,-172.5696599,0.0,0.598408481,0.701763459,138.2928296,1.102295258,7.590818596,1.065011331,0.793998463,4.342969206,2.688888889,0.329513588,1.177163174,0.0,0.0,-17.18919744,0.102062073,1.029499062,18.5,1.407429495,-0.260515126,-0.146819684,42.58186
0,6.0,0,0.0,3.358185975,0.90133,3.997865651,0.333333333,3.099586588,2.152,10.26032195,-0.085668657,3.078332031,1.9669593,-0.100219001,-3.065701427,2.666666667,0.215919265,0.428595522,-0.037993433,0.942977087,-0.037993433,2.5088,2.810182635,-4.467312566,1.142160398,171.5021985,-154.0431249,0.209634507,12.94860915,0.0,146.3919749,1.082369627,7.570873714,1.269987377,0.511770873,4.810672622,2.599033816,-0.108682681,1.339346326,0.0,0.0,38.23300932,0.224513414,0.963818477,21.75,1.426475972,0.000725,-1.729171185,43.959481
6,1.0,0,0.178697589,3.07905266,0.7054,3.996032105,1.243816058,2.968673776,1.545,11.56642621,0.040799554,2.833148089,1.055711747,-0.136477356,-1.776004315,4.61687631,0.35179438,0.483131378,-1.289931028,0.862893605,0.178697589,-2.73513,2.661488024,-3.101513864,1.079950181,-116.0842617,-141.0593598,0.095563631,5.931661303,0.0,140.6382163,0.963232377,7.874274069,1.148903943,0.622003496,4.696131794,4.681818182,-0.053676304,1.071537503,0.0,0.0,-65.02825085,0.326092699,1.029573791,20.5,1.138559185,-0.051762189,-0.48547652,32.485102
0,3.0,0,0.0,3.044261851,0.78792,3.825514947,1.243816058,2.920086523,1.735,11.51087065,-0.02676984,2.752874485,1.034325505,-0.121846858,-2.120577877,4.903628118,0.287251037,0.490075822,-1.309931028,0.884052459,-0.694592782,-2.44422,2.654052928,-5.455455027,1.060408155,-105.2347295,-210.5489297,0.093957392,5.931661303,0.0,145.1276501,0.860224633,7.94909552,1.232428322,0.625909746,4.640223929,5.128205128,-0.043676304,1.019726921,0.0,1.0,-59.09424591,0.326092699,1.035302409,16.5,1.107090939,-0.084540895,-0.641940061,31.818309
0,16.0,0,0.0,3.802393128,1.66956,3.988611456,4.500459846,3.77974919,5.288,15.48379502,-0.556237274,3.758600744,8.033191369,-0.111437336,-8.219134061,3.992802303,0.265625785,-0.301037066,-2.390958147,0.945728363,-1.231490182,3.32079,3.744842116,-4.121450284,1.055059448,908.1759065,467.0421684,1.394955893,33.6471174,0.350113801,182.5557331,1.643441755,7.768932078,1.011232556,0.350113801,5.810637369,4.123703371,-0.73548567,1.913033942,-7.876879185,0.0,125.3257853,0.771877833,0.969891655,62.75,1.919377337,0.06343002,-17.9841369,129.054443
0,12.0,0,0.0,3.868966372,1.16123,4.0052362,0.2,3.718186893,3.264,14.40806581,0.040732031,3.567142021,2.582616522,-0.026081329,-5.875316284,3.087874912,0.230194869,0.0,-0.394586159,1.043447443,-0.245492946,5.70439,3.400305596,-13.44523637,0.779811438,463.2428395,-238.667693,0.163066352,18.44138893,0.415786604,215.6364463,1.435202111,7.650163936,0.82107867,0.415786604,5.268359267,2.988090535,-0.338098864,1.72603667,0.0,1.0,114.2089206,0.499485066,0.600186892,44.5,1.812299342,0.119464912,-2.598043705,84.77179
0,6.0,0,0.0,3.358185975,0.90133,3.997865651,0.333333333,3.099586588,2.152,10.26032195,-0.085668657,3.078332031,1.9669593,-0.100219001,-3.065701427,2.666666667,0.215919265,0.428595522,-0.037993433,0.942977087,-0.037993433,2.5088,2.810182635,-4.467312566,1.142160398,171.5021985,-154.0431249,0.209634507,12.94860915,0.0,146.3919749,1.082369627,7.570873714,1.269987377,0.511770873,4.810672622,2.599033816,-0.108682681,1.339346326,0.0,0.0,38.23300932,0.224513414,0.963818477,21.75,1.426475972,0.000725,-1.729171185,43.959481
0,9.0,0,0.0,3.678133939,0.84951,3.985583029,0.25,3.459374015,3.764,12.09025076,0.165329653,3.085642626,1.709376782,0.038081596,-13.67217508,2.825829097,0.003356892,0.0,-0.334362069,0.592819975,-0.334362069,1.75285,2.937456387,-8.684463495,0.757847667,740.1793647,-606.2255377,0.145590193,10.02700338,0.502009835,164.0928833,1.201969524,7.726318767,1.209382702,0.502009835,4.570609017,2.948033305,0.015700908,1.378094742,0.0,0.0,28.64316588,0.396940206,0.720578404,28.75,1.575755842,-0.008261958,2.785514767,50.819481
0,9.0,0,0.0,3.798173213,0.84477,3.994881302,0.25,3.484142127,3.921,12.09479466,0.123184937,3.081938981,1.735144583,0.066612641,-8.400949643,2.828823212,0.030185437,0.0,-0.328954457,0.576456815,-0.328954457,2.32352,2.927006065,-9.11361693,0.616248331,634.5069638,-1579.027183,0.145590193,10.02700338,0.501838367,167.20741,1.099501213,8.095713049,1.871383301,0.501838367,4.471354487,2.981430041,0.015015037,1.201976457,0.0,0.0,-0.560952371,0.396940206,0.588814222,29.0,1.566318209,-0.047651563,6.084412155,49.239102
0,12.0,0,0.0,3.803976018,0.89661,4.023173465,0.25,3.67576539,4.302,13.26350214,0.10857449,3.523854241,2.170302128,0.082093848,-8.227735839,3.045927182,0.064404059,0.0,-0.335036751,0.665464516,-0.335036751,4.76761,3.088945032,-10.13579758,0.807941006,588.4591591,-1787.200456,0.208312405,11.93798219,0.447222437,182.5726175,1.202360434,7.96307218,1.625883387,0.447222437,4.746115365,3.150658814,-0.002130168,1.5533512,0.0,0.0,38.85899538,0.488807644,0.81030224,37.25,1.620486405,-0.054381741,6.089421198,62.466274
0,15.0,0,0.0,3.872357415,0.8636,4.018309334,0.25,3.72516263,4.853,12.70129161,0.136633548,3.67022258,1.916150411,0.267908487,-8.59805706,3.054430727,0.079751454,0.0,-0.363010265,0.663289211,-0.363010265,5.54677,3.441601402,-9.779145913,0.702547647,40.76146135,533.2423287,0.136993912,15.12722548,0.481122363,243.4353569,1.309206934,7.640256897,0.881138224,0.481122363,4.656888516,2.92389252,-0.045818296,1.454291778,0.0,0.0,17.70171421,0.534651353,0.554187584,44.0,1.761890337,-0.010125564,-2.61227566,69.506274
0,16.0,0,0.0,3.781487675,0.81377,4.008028105,0.809435203,3.725115835,4.91,12.69674771,0.143685882,3.670229946,1.882127807,0.261497836,-10.04619579,3.21280052,0.061383762,0.0,-0.44249195,0.709862451,-0.44249195,4.66057,3.446674826,-5.951717254,0.821365835,39.29740767,526.7723545,0.136993912,15.12722548,0.493641793,241.3963707,1.332205967,7.720270824,0.86417358,0.493641793,4.712949308,3.151199092,-0.000631,1.454703524,0.0,0.0,50.11628866,0.534651353,0.733984901,48.5,1.76205476,-0.124295618,-4.958083058,70.030274
0,12.0,0,0.0,3.688608055,0.90066,4.021149235,0.25,3.667626168,4.145,13.25895824,0.150719202,3.527202943,2.144534327,0.053027563,-9.381578315,3.038787544,0.043840696,0.0,-0.340444363,0.684175174,-0.340444363,4.19694,3.092411281,-9.854298549,0.992821344,704.9001217,-807.6322464,0.208312405,11.93798219,0.447393905,179.8578613,1.378051363,7.711843545,1.162406105,0.447393905,4.907336126,3.116854536,-0.001444297,1.560321564,0.0,0.0,69.09511246,0.488807644,0.986081422,37.0,1.639827258,-0.021345534,3.036879443,64.046653
0,15.0,0,0.0,3.882683994,1.00687,6.879516245,0.25,3.729876634,4.762,13.85566076,0.104725139,3.680442199,2.746554721,0.073751619,-5.381334692,3.215827604,0.224290051,0.0,-0.285308152,0.756312291,-0.285308152,7.3208,3.500914652,-7.225715219,0.5767749,642.9249979,-4848.971469,0.263806541,14.11785138,0.0,207.8557772,1.538762104,7.724958234,1.609814046,0.0,4.46498121,3.237073112,-0.047973602,1.61500145,0.0,0.0,52.29951239,0.582545833,0.494868205,45.25,1.793526972,-0.035986984,5.427899586,76.563446
0,12.0,0,0.0,3.983702118,1.03826,6.879516345,0.0,3.738751598,3.312,6.665633506,0.036041297,3.534785243,2.498950901,0.066432566,-11.24583898,2.881087697,0.026577508,0.0,-0.193990864,0.971168992,0.763486513,6.22768,3.237072806,-9.41788151,0.558445518,-90.39618286,1454.267556,0.16003225,17.26143697,0.357040539,232.2435362,1.188205599,7.499778397,1.141044482,0.357040539,4.916290979,2.62495772,-0.414995493,1.306362581,0.0,2.0,-6.557494943,0.492096557,0.255877086,38.25,1.588778219,0.034940543,4.059586572,64.210688
0,16.0,0,0.0,3.757509597,0.79314,3.989934181,1.343943148,3.72133794,2.889,12.46859956,0.234637903,3.662260084,1.780065734,0.264495647,-12.99438445,3.312865497,0.027063989,0.0,-0.876057915,0.57441164,-0.876057915,4.49567,3.437268373,-6.218531045,0.936434914,-46.85358152,414.9213804,0.136993912,15.12722548,0.636645908,239.7240466,1.33781395,7.763461846,0.950433858,0.636645908,4.712949308,3.271392082,0.015258055,1.471447558,0.0,0.0,62.00819235,0.534651353,0.893758099,48.75,1.770735013,-0.088517745,-6.316945498,67.932274
0,10.0,0,0.0,3.755628497,0.91418,4.062798453,0.0,3.394158482,2.613,10.9568729,0.026687223,3.348848364,2.078613765,0.011252718,-3.646115419,2.870819304,0.246017629,0.32309432,-1.219120137,0.900961451,0.256715797,4.17953,2.970132474,-3.619046365,1.020562602,222.2478615,-981.533053,0.216857379,12.18440016,0.254199854,212.3347186,1.296429871,7.375720092,1.309417104,0.32309432,5.102746985,2.787922705,0.070192298,1.364677873,0.0,2.0,109.0383622,0.408114734,0.984924985,31.25,1.566136401,-0.160009698,1.047946671,56.631067
0,11.0,0,0.0,3.727466431,0.85454,4.063902399,0.0,3.604045276,2.989,11.00325299,0.031891576,3.366732866,1.704669252,0.072990289,-7.182393134,3.106153243,0.069938038,0.321626503,-0.184534797,0.862370308,0.224238351,6.26168,3.017620632,-4.041732442,0.843742119,-105.5382487,204.9176317,0.145988939,12.35852439,0.280444027,226.4723272,1.048412555,7.670148894,1.101501627,0.321626503,5.154222185,2.949206349,0.086955271,1.281274587,0.0,2.0,-15.09540505,0.308992343,0.802301352,33.75,1.563831555,-0.07177219,-0.711240399,55.423895
0,11.0,0,0.0,3.760133322,0.92071,4.089857509,0.0,3.502855578,2.96,11.07470144,0.062177706,3.368565937,2.166483938,-0.002862711,-8.052399584,2.993938383,0.056367812,0.305920533,-0.182370874,0.914710318,0.229824613,5.88451,3.017081566,-3.761192177,0.869595803,145.7650574,-570.4523819,0.231468462,14.4618875,0.256577254,228.3745727,1.267873819,7.654191585,1.185446262,0.305920533,5.297300041,2.885964912,0.060831011,1.361804113,0.0,2.0,-6.090787453,0.290263604,1.008399966,34.25,1.571329936,-0.094843133,-0.359774368,58.517481
0,11.0,0,0.0,3.742588405,0.86891,3.941324977,0.142857143,3.412126922,3.296,10.9738048,-0.129156761,3.372629024,1.585460819,0.031882155,-18.10204359,3.076605903,0.001945796,0.332843404,-0.46526644,0.954041237,0.020745727,4.29191,3.043588112,-4.073399317,0.841979269,154.581848,-516.1451921,0.10987191,13.22441154,0.308420139,194.3289872,1.355249716,7.707794848,1.095415879,0.452817699,5.29366069,3.486111111,0.088238261,1.42025371,0.0,2.0,29.80040655,0.290263604,1.076227412,35.0,1.575588553,-0.174159796,-0.699097611,60.188653
0,10.0,0,0.0,3.720232514,0.78012,4.044582101,0.0,3.388382022,2.563,10.8161731,-0.058529442,3.337996592,1.470025553,-0.065070183,-2.813698509,2.884972786,0.309630887,0.35345658,-1.149976855,1.049447511,0.25841695,4.77829,2.93882634,-3.322736682,1.206490155,-253.0977761,-289.8973232,0.121632169,8.857542076,0.269894298,214.5913932,1.063924474,7.441783333,1.152540074,0.35345658,5.131556065,2.93996744,0.103214443,1.305973895,0.0,2.0,80.97378934,0.324284295,1.011277782,30.25,1.520682981,-0.15365052,-0.155352341,50.443895
15,3.0,0,1.621589364,3.776700431,0.7226,4.12689685,0.25,3.623027406,1.826,13.39450955,-0.074404311,3.308822458,2.088251721,0.110880983,-6.149456008,4.404245709,0.111221198,0.0,-1.020017668,0.789298875,-1.020017668,3.67621,2.982021297,-3.882902186,0.845924851,301.9001156,128.7673729,0.212535946,12.8626633,0.530459845,202.253234,1.336662072,8.275682258,0.857642002,0.530459845,5.136248673,5.994517931,0.187098647,1.398806218,0.0,0.0,3.275047815,0.583481208,0.85588695,39.5,1.455096619,-0.061471403,-0.583674459,52.733102
0,15.0,0,0.0,3.778519071,0.89423,6.879516245,0.75,3.721516224,2.911,12.4750939,0.235499212,3.662258699,1.973834921,0.257352471,-12.66168654,3.149588477,0.024136611,0.0,-0.816102506,0.530335034,-0.816102506,5.49097,3.433181595,-8.575823615,0.477142159,5.091640208,806.9212103,0.136993912,15.12722548,0.623976444,242.8582175,1.311867428,7.661419736,0.894121745,0.623976444,4.656888516,3.035348584,-0.030529087,1.471245647,0.0,0.0,0.544151919,0.534651353,0.33984073,44.0,1.770500595,0.01359115,-2.827235755,68.278274
0,15.0,0,0.0,3.771156896,0.84174,4.008401133,0.75,3.721416492,2.832,12.47314346,0.227585569,3.66225781,1.814088338,0.270808209,-10.8434627,3.155829904,0.041202608,0.0,-0.817764425,0.530212514,-0.817764425,5.38187,3.431924285,-8.869283078,0.764882943,-43.14147587,427.7859334,0.136993912,15.12722548,0.624126478,241.7407351,1.3156008,7.685433713,0.946917527,0.624126478,4.656888516,3.04691358,-0.02992895,1.471280656,0.0,0.0,28.46336825,0.534651353,0.635319186,44.25,1.770577804,0.015171269,-4.135031921,67.408274
0,12.0,0,0.0,3.983702118,1.03826,6.879516345,0.0,3.738751598,3.312,6.665633506,0.036041297,3.534785243,2.498950901,0.066432566,-11.24583898,2.881087697,0.026577508,0.0,-0.193990864,0.971168992,0.763486513,6.22768,3.237072806,-9.41788151,0.558445518,-90.39618286,1454.267556,0.16003225,17.26143697,0.357040539,232.2435362,1.188205599,7.499778397,1.141044482,0.357040539,4.916290979,2.62495772,-0.414995493,1.306362581,0.0,2.0,-6.557494943,0.492096557,0.255877086,38.25,1.588778219,0.034940543,4.059586572,64.210688
0,13.0,0,0.0,3.786739622,1.02349,4.724812832,0.430674364,3.759597596,3.435,13.3341335,-0.08243061,3.672610423,3.039059192,-0.192912,-1.900724932,2.874106067,0.58096529,0.0,-5.543108181,0.879582647,-0.355093479,5.85561,3.373486534,-11.48076129,1.181420665,390.2561563,-601.6055033,0.308778813,14.06085556,0.309902423,184.3463585,1.446367368,7.743335053,1.008289024,0.309902423,5.42141405,3.122062923,-0.065021474,1.576063557,0.0,0.0,535.3349093,0.400859781,0.981997008,39.75,1.674390301,-0.113928412,-2.657379294,76.258204
0,11.0,0,0.0,3.751019806,0.87556,3.943052486,0.0,3.464711274,2.583,12.9996278,0.029731002,3.388892386,1.617650638,-0.346757048,-6.259309119,3.144468186,0.124128697,0.345497725,-4.422062524,0.78361464,-0.733258674,5.71531,3.118598048,-7.14956274,0.783945053,330.9755415,-229.5652882,0.13037168,10.89540492,0.328810587,206.0482532,1.293178556,7.754902102,0.989094025,0.345497725,5.103308012,3.632565492,0.048652998,1.418574634,-4.422062524,2.0,12.20368769,0.305555556,1.053592892,35.5,1.580971914,-0.331019689,1.446589669,58.255274
0,10.0,0,0.0,3.860433861,1.04791,4.003601565,0.0,3.542453151,3.008,13.44503303,-0.085705938,3.328427703,2.032551719,0.058865854,-7.839667222,2.907144082,0.079744707,0.0,-0.195842432,1.144885382,0.100925795,7.13958,3.130427404,-6.887122834,0.772202669,384.8599799,1267.174243,0.144347958,12.87407532,0.0,200.4933159,1.402059407,7.592929615,0.952651812,0.0,4.726928706,2.501415352,-0.16749201,1.64122449,0.0,0.0,80.62132542,0.267583143,0.604815929,34.5,1.649694128,-0.018365656,-2.120009177,67.202239
0,13.0,1,0.0,3.785949489,1.00867,4.724812832,0.861348728,3.755564107,3.385,13.29915618,-0.065728911,3.671632257,3.005231739,-0.24260169,-2.010864924,2.980395143,0.553534687,0.626296765,-5.549350438,0.659712182,-0.943056442,5.76721,3.373486427,-13.43740954,1.201401737,313.0675576,-558.0737164,0.31010444,14.06085556,0.312124645,190.0118066,1.429544402,7.747734906,1.006077778,0.626296765,5.402479554,3.312806528,-0.059465919,1.574469572,0.0,0.0,475.2012313,0.400859781,0.960790101,39.0,1.673255513,-0.120006689,-3.924057781,73.164618
0,10.0,0,0.0,3.760988028,1.03815,3.991588985,0.0,3.479688531,3.036,13.47310016,-0.123909612,3.328220719,1.960942631,0.11376884,-11.03541824,2.864399824,0.031791122,0.0,-0.250224833,1.222354115,0.051751727,6.49478,3.130448912,-8.922643629,0.891495558,386.6605966,975.42094,0.144347958,12.87407532,0.0,192.2250953,1.434070378,7.603689512,0.947267703,0.0,4.943850823,2.653887502,-0.165967931,1.641239764,0.0,0.0,120.71042,0.267583143,0.736579552,35.25,1.650628012,-0.012471032,-2.403495336,69.584618
0,11.0,0,0.0,3.948687695,1.29601,6.879516845,0.125,3.762535614,3.532,14.58109298,0.210370238,3.581413616,3.067164074,0.166714219,-2.616960493,2.969933564,0.528198538,0.513348432,-0.294885624,1.209628409,-0.051757354,5.71219,3.418291123,-1.817244486,0.569878742,476.3049944,1478.329837,0.163066352,14.97039641,0.0,204.6585539,1.568553528,7.620745825,0.629588086,0.513348432,5.355355024,2.782346651,-0.300309404,1.635018126,0.0,1.0,62.93730064,0.499485066,0.297903297,43.25,1.844951896,-0.047521922,-2.812989603,90.938962
0,9.0,0,0.0,3.48493749,0.62653,3.900898047,0.0,3.135784055,2.256,12.10549351,-0.2128995,3.061819343,0.804887498,-0.004392991,-5.681377811,3.748366013,0.066842378,0.0,-0.150909208,1.193617171,-0.150909208,3.70897,2.821574725,-5.410228988,0.943370825,1.270939387,142.6096643,0.031810057,4.259727376,0.472264767,190.2801202,1.095478567,7.530372818,0.87978044,0.472264767,4.743289445,3.490956072,0.143262317,1.261980344,0.0,1.0,51.48829836,0.358304986,0.840090021,26.75,1.414617564,0.15477946,-0.502771969,43.059102
0,9.0,0,0.0,3.552137506,0.6301,3.951273904,0.0,3.298856881,2.228,12.08209007,-0.18356701,3.04974914,0.876496586,-0.053411599,-3.724417745,4.139114724,0.155329149,0.0,-0.113132716,1.045729906,-0.113132716,3.85298,2.72838366,-11.08244868,0.98002984,-56.50179722,323.920305,0.031810057,4.259727376,0.466150085,218.3529463,1.028468775,7.611788,0.775747377,0.466150085,4.607264455,3.483322504,0.13921375,1.096111923,0.0,1.0,12.06111875,0.358304986,0.603588519,26.0,1.27056727,0.148241363,0.157285188,40.676723
0,18.0,0,0.0,3.894454188,0.96017,4.046952573,0.25,3.86363857,5.329,13.99465265,0.199098702,3.724735836,2.549142671,0.321543272,-6.337340669,3.187070703,0.21316413,0.0,-0.357274406,0.716067599,-0.357274406,8.64426,3.631233994,-6.204510145,0.713302478,54.4180707,701.0509569,0.199716124,18.75391559,0.415798447,248.0752113,1.440853452,7.682514,0.806570287,0.415798447,4.923290714,3.014093099,-0.071536782,1.733373364,0.0,0.0,36.37897453,0.607790052,0.736962437,53.0,1.858170565,-0.031818719,-2.43586757,84.246653
0,8.0,0,0.0,3.398730353,0.72651,3.884004555,0.25,3.086329643,1.763,12.8210558,0.689990922,2.963251963,0.899808541,-0.043302452,-4.006837692,4.227777778,0.161816895,0.518189535,-0.429325869,1.047459698,-0.429325869,3.76268,2.897624852,-6.05593528,1.418544248,137.2078942,28.29449582,0.045600213,6.416670248,0.0,172.6029795,1.098519835,7.874174237,0.98798747,0.518189535,4.391489514,3.361111111,0.095967313,1.373158031,0.0,0.0,16.8209863,0.138888889,0.968695854,25.25,1.435567526,-0.115519043,0.15256618,43.686895
0,9.0,0,0.0,3.462365981,0.5582,3.899721419,0.0,3.058430513,2.268,11.9914503,-0.127803025,2.994514276,0.658278696,0.102073499,-4.030155739,4.339031339,0.119895518,0.0,-0.145359033,1.123427408,-0.145359033,2.59458,2.717230799,-6.61748749,1.068308734,-132.6466417,31.07007634,0.031810057,3.809091237,0.477569838,211.1547902,1.027586753,7.489593882,0.957154234,0.477569838,4.773557262,3.898148148,0.153133503,1.093250015,0.0,2.0,35.00210882,0.377033725,0.86920639,25.75,1.259105592,0.137933441,0.209449801,37.836723
0,9.0,0,0.0,3.46785788,0.57276,3.899989986,0.0,3.06924486,2.095,12.0070753,-0.164259718,3.029157614,0.658278696,-0.025802082,-4.002614064,4.135501355,0.121646135,0.0,-0.124950869,1.094126334,-0.124950869,3.19958,2.71895602,-7.586090025,1.042999051,-124.2101101,-85.88293988,0.031810057,3.809091237,0.471396999,207.5886375,1.031603947,7.454810222,1.055231607,0.471396999,4.361792182,3.535087719,0.146960664,1.102295258,0.0,1.0,34.02973878,0.377033725,0.874059279,25.25,1.286741188,0.142727114,0.285562016,39.163516
0,9.0,0,0.0,3.463385807,0.55757,3.899669984,0.0,3.063785573,2.268,11.98666714,-0.15159644,3.014188677,0.645756289,-0.09173292,-4.405403517,4.501424501,0.098407975,0.0,-0.152728647,1.142128511,-0.152728647,2.59458,2.718640452,-5.508076698,1.044849959,-132.6466417,8.55825314,0.031810057,3.809091237,0.479209499,209.9880946,1.008126076,7.512856,0.989390257,0.479209499,4.773557262,3.643518519,0.154773164,1.034097798,0.0,2.0,35.00210882,0.377033725,0.908715771,25.75,1.277835936,0.105481201,0.438776732,37.836723
18,5.0,1,2.179667027,3.685571875,0.82091,3.877852698,1.792756262,3.668502504,5.0,13.14544109,-0.567800753,3.555755566,1.460358895,-0.168138279,-8.439728507,3.930087391,0.108502595,0.590861938,-1.37970273,0.611094661,-1.277551789,1.82678,3.315445435,-4.742310988,1.002774814,-150.3996923,566.9779291,0.085956201,11.09157441,0.496034409,177.5164972,1.435181109,7.783968541,0.929421164,0.608071729,5.23149284,3.930395913,0.044739131,1.565806249,0.0,0.0,-54.03695174,0.287457479,0.906543672,49.75,1.76722438,0.593293274,-2.623206856,76.800204
0,9.0,0,0.0,3.537155425,0.63428,3.955549582,0.0,3.290239636,2.228,12.10222679,-0.132672435,3.039799421,0.854435726,0.087385969,-3.786161553,4.087523838,0.150607107,0.0,-0.109140842,1.048119228,-0.109140842,3.85298,2.752808386,-8.752400489,0.98002984,-56.50179722,324.058073,0.031810057,4.546565243,0.464919328,218.3529463,1.022670072,7.611493667,0.775677625,0.464919328,4.736296714,3.565681178,0.137396573,1.038700734,0.0,1.0,12.06111875,0.358304986,1.063620956,26.0,1.281036964,0.139290466,0.361881367,40.676723
21,11.0,3,3.136261808,3.859010438,1.5909,4.419890269,7.866230673,3.830100358,11.276,14.96618599,-2.220794243,3.790481464,5.252612932,0.82717466,-14.5491093,3.654144098,0.173269909,0.405676396,-5.810389532,0.759408691,-1.301864681,1.42539,3.640150263,-18.43534977,0.876525478,-118.0585409,-933.9087593,0.342181026,0.0,0.352280064,171.6920827,1.831697236,7.823471497,0.971125861,0.529933396,6.148426462,3.39597063,-0.34668903,1.848387972,-3.279290688,0.0,482.4544585,0.677474136,0.833008403,90.0,1.889332635,0.350804433,10.19903956,178.840682
0,21.0,3,0.0,3.85896643,1.66386,4.419301589,7.866230673,3.824828789,11.276,14.96618599,-2.203383717,3.777927478,5.252612932,0.816462136,-14.77021768,3.654144098,0.168715013,0.405676396,-5.810389532,0.770324128,-1.301864681,1.42539,3.639141003,-18.6436594,0.876525478,-118.0585409,-933.9087593,0.342181026,0.0,0.352280064,171.6920827,1.823929136,7.823471497,0.971125861,0.529933396,6.186643023,3.39597063,-0.34668903,1.845366053,-3.279290688,0.0,482.4544585,0.677474136,0.833008403,83.5,1.88887101,0.350804433,10.19903956,178.840682
0,12.0,0,0.0,3.86878764,1.22415,4.005136096,0.142857143,3.722564451,3.551,14.6155899,0.182601207,3.591076778,2.96712614,-0.09209433,-3.481368294,2.931799942,0.436530421,0.0,-0.347503823,1.085275734,-0.117389204,6.43669,3.420399189,-2.634355544,0.758919803,643.4767416,-599.6120332,0.208709899,17.66979674,0.0,205.5588733,1.543083486,7.627105483,0.848864144,0.0,5.129249224,2.99860208,-0.355091964,1.72616824,0.0,1.0,151.2869435,0.499485066,0.622625738,45.75,1.855956015,-0.066789686,-2.537485051,90.958962
0,8.0,0,0.0,3.374488342,0.75514,4.021128295,0.333333333,3.146846966,2.385,12.22659273,0.058770336,3.105457851,1.678222243,-0.02098182,-5.554231371,3.15,0.062217704,0.0,-0.428363804,1.22034519,-0.428363804,3.08308,2.847710085,-4.380200104,1.214154142,184.457847,-80.57343711,0.16900011,12.94860915,0.0,168.3217158,1.073134785,7.73859375,1.416627488,0.0,4.718488437,3.032738095,-0.009396613,1.292505202,0.0,0.0,64.876211,0.224513414,1.006878271,24.75,1.388810182,-0.002013094,-1.098885897,41.292309
0,11.0,0,0.0,3.948687695,1.29601,6.879516845,0.125,3.762535614,3.532,14.58109298,0.210370238,3.581413616,3.067164074,0.166714219,-2.616960493,2.969933564,0.528198538,0.513348432,-0.294885624,1.209628409,-0.051757354,5.71219,3.418291123,-1.817244486,0.569878742,476.3049944,1478.329837,0.163066352,14.97039641,0.0,204.6585539,1.568553528,7.620745825,0.629588086,0.513348432,5.355355024,2.782346651,-0.300309404,1.635018126,0.0,1.0,62.93730064,0.499485066,0.297903297,43.25,1.844951896,-0.047521922,-2.812989603,90.938962
0,10.0,0,0.0,3.854902166,1.02809,3.992302849,0.0,3.620874366,2.431,6.123586691,0.317157054,3.390075405,1.96770532,-0.089988429,-4.0020351,2.529170096,0.275001407,0.0,0.010517771,1.191353051,0.775908254,6.44019,3.297922775,-4.89363254,0.788150128,362.2737551,21.52790167,0.104404653,14.00642763,0.227350088,196.8570815,1.414842876,7.479790374,0.825491106,0.227350088,4.831093122,2.523100137,-0.256808551,1.431449929,0.0,1.0,71.91265853,0.401374715,0.596315281,34.5,1.726196546,-0.041833729,-0.968077564,68.167032
0,8.0,0,0.0,3.39693789,0.82079,3.89020731,0.25,3.092067119,2.371,12.53258795,0.748904162,2.974754775,1.139032997,0.098202638,-8.129369612,3.429245283,0.038706496,0.495792841,-0.414929611,1.300412307,-0.414929611,3.64078,2.915168968,-9.505966899,1.227516318,303.3485923,181.6773685,0.074638689,8.789402611,0.0,152.6939218,1.409858909,7.985617387,0.937577209,0.495792841,4.224751985,2.921146953,0.057770455,1.421389649,0.0,0.0,62.02472984,0.123596937,1.215963338,27.5,1.437443205,-0.242556829,3.158602527,51.58786
18,3.0,0,6.601926897,3.887873819,1.04127,4.023849661,0.2,3.725719346,3.264,14.40806581,0.07906182,3.570087117,2.582616522,-0.045310069,-5.551402333,3.087874912,0.249611247,0.0,-0.394586159,1.088857557,-0.245492946,5.70439,3.404494415,-19.01033403,0.779811438,463.2428395,-238.667693,0.163066352,18.44138893,0.415786604,215.6364463,1.434062407,7.650163936,0.82107867,0.415786604,5.21121641,2.988090535,-0.338098864,1.727983938,0.0,1.0,114.2089206,0.499485066,0.600186892,51.0,1.813380368,0.119464912,-2.598043705,84.77179
0,12.0,0,0.0,3.868966372,1.16123,4.0052362,0.2,3.718186893,3.264,14.40806581,0.040732031,3.567142021,2.582616522,-0.026081329,-5.875316284,3.087874912,0.230194869,0.0,-0.394586159,1.043447443,-0.245492946,5.70439,3.400305596,-13.44523637,0.779811438,463.2428395,-238.667693,0.163066352,18.44138893,0.415786604,215.6364463,1.435202111,7.650163936,0.82107867,0.415786604,5.268359267,2.988090535,-0.338098864,1.72603667,0.0,1.0,114.2089206,0.499485066,0.600186892,44.5,1.812299342,0.119464912,-2.598043705,84.77179
0,10.0,0,0.0,3.7310546,1.0367,4.011978853,0.125,3.648579813,2.783,13.69970101,0.163248867,3.62751361,2.318035926,0.0790535,-14.69172048,2.839548818,0.008745074,0.360681496,-1.003704614,0.94981644,-0.018874874,4.2138,3.220945469,-7.614492609,0.843364596,-9.998197534,-266.383903,0.197089757,7.477011321,0.0,209.3317204,1.476687498,7.432244485,1.156621328,0.360681496,4.857197506,2.633977167,-0.652895841,1.672469906,-1.003704614,0.0,73.38543476,0.714678614,0.741078705,34.5,1.69754826,-0.020602419,-4.192316507,67.449032
12,2.0,0,3.695148154,3.7849677,1.29081,4.08204811,0.166666667,3.616208346,3.453,15.99144565,0.144757828,3.523569918,4.120193241,-0.50611271,-2.720390386,3.654919845,0.4978104,0.0,-1.105353246,1.21065692,-0.280736221,4.93129,3.451698368,-0.499191719,0.763668826,502.7686192,-2878.15346,0.394994267,18.38153923,0.294320086,185.8545006,1.576248222,7.753789457,1.270673185,0.294320086,5.327234278,3.071655638,-0.198155422,1.650682845,-1.232257187,0.0,88.84519575,0.686226046,0.791375846,42.0,1.849842458,-0.083268071,-4.286806266,86.100755
0,8.0,0,0.0,3.784476425,1.39682,4.066323421,0.166666667,3.616733883,3.453,15.99144565,0.148982445,3.523428115,4.120193241,-0.524465882,-2.917472289,3.654919845,0.473279187,0.0,-1.105353246,1.236994345,-0.280736221,4.3312,3.449798415,-0.571835232,0.763668826,502.7686192,-2878.15346,0.394994267,18.38153923,0.294320086,185.8545006,1.568587811,7.753789457,1.270673185,0.294320086,5.327234278,3.071655638,-0.198155422,1.648433414,-1.232257187,0.0,88.84519575,0.686226046,0.791375846,37.5,1.838602099,-0.083268071,-4.286806266,86.100755
0,11.0,0,0.0,3.812628357,1.01514,4.012657485,0.77280389,3.648642441,2.973,13.76663773,0.164509073,3.627513636,2.502231212,-0.044154538,-7.715487206,2.933644613,0.103388562,0.360273936,-1.150595951,0.957757216,-0.148967729,3.981,3.248911928,-4.325210829,0.841944909,51.05756262,401.8626378,0.197089757,8.401686825,0.0,211.6645841,1.481443589,7.530092257,1.091196168,0.360273936,5.194915839,2.804139216,-0.654068681,1.672500474,-1.150595951,0.0,81.72749838,0.695949874,0.763905744,39.75,1.69755534,-0.132102968,-2.936224869,69.486239
12,2.0,0,3.351458636,3.784758231,1.28406,4.08204726,0.908166554,3.546971733,3.562,15.85790613,0.124185413,3.489496165,3.933805164,-0.417829846,-2.471292567,3.929972295,0.512775624,0.427518337,-1.174397094,0.883899609,-0.353390899,4.34239,3.410290102,-0.824038441,0.752096631,524.8151922,-2739.929727,0.394994267,19.05622263,0.305042635,190.2682402,1.568327748,7.747765719,1.244620595,0.544848025,5.423246015,3.255279805,-0.17778667,1.598191859,-1.34802473,0.0,-25.65273284,0.584163973,0.812010534,39.75,1.798731693,-0.175800929,-4.02288417,80.282376
0,8.0,0,0.0,3.784283905,1.3941,4.066322238,0.908166554,3.548813046,3.562,15.85790613,0.128193223,3.488387973,3.933805164,-0.47096604,-2.672498646,3.929972295,0.485635503,0.427518337,-1.174397094,0.896922468,-0.353390899,3.7423,3.409907431,-0.910039744,0.752096631,524.8151922,-2739.929727,0.394994267,19.05622263,0.305042635,190.2682402,1.563445414,7.747765719,1.244620595,0.544848025,5.423246015,3.255279805,-0.17778667,1.593540068,-1.34802473,0.0,-25.65273284,0.584163973,0.812010534,35.25,1.797501475,-0.175800929,-4.02288417,80.282376
0,10.0,0,0.0,3.830450767,1.06682,4.008306927,0.1,3.428954332,3.171,13.48035108,-0.084573471,3.35108758,2.352529305,0.062716659,-13.56510008,2.762867837,0.016397336,0.472073088,-1.055492099,1.198762914,-0.059347633,4.4332,3.131787001,-3.509354864,0.92269081,457.1304927,1345.999757,0.223442071,8.806525933,0.0,181.7200614,1.439284572,7.534604682,1.003488368,0.472073088,5.106805125,2.36678972,-0.558186728,1.446964789,-1.055492099,0.0,87.41795611,0.466987633,0.918292545,36.0,1.768376037,-0.171829872,3.805258825,70.386618
0,10.0,0,0.0,6.879515616,1.06799,6.879516921,0.0,3.890988624,2.556,3.728427225,-0.042165154,3.398608262,2.277327252,-0.056397167,-5.066568722,2.330600566,0.142461958,0.0,0.138016883,1.047329506,1.02848894,6.02199,2.932108824,-6.765447142,0.591604338,-39.24019373,-78.39415449,0.089890777,9.743673406,0.22732816,224.2990783,1.098214923,7.332170198,0.857213803,0.22732816,4.2595142,2.331524625,-0.171675879,1.267085109,0.0,1.0,-24.9447937,0.416666667,0.255787312,30.5,1.402288902,-0.014369705,-4.236216756,58.311895
0,8.0,0,0.0,3.395603087,0.75798,3.883779967,0.25,3.089594445,1.873,12.37377512,0.751854279,2.971356379,0.960971994,-0.207885492,-4.65905929,3.690379404,0.131904388,0.505792841,-0.370534297,1.164437403,-0.370534297,3.63218,2.913849764,-5.658048066,1.390242407,185.1134556,16.4649384,0.045600213,6.766365729,0.0,165.2878348,1.37043848,7.768362269,0.991914642,0.505792841,4.350619992,3.157534247,0.083570618,1.410840682,0.0,0.0,44.29186982,0.138888889,1.023371314,26.0,1.43728125,-0.095449173,0.724713828,47.692274
0,11.0,0,0.0,3.757118623,0.85749,3.993783455,0.0,3.425417309,2.87,10.99517495,0.086507128,3.36417261,1.688294037,0.007840039,-8.901371259,3.021262003,0.037001228,0.321931335,-0.20271038,0.891714159,0.214014585,5.23111,3.005441739,-3.710874311,0.906228512,71.01831466,-283.7766315,0.145988939,12.18440016,0.271152014,218.1416426,1.276282767,7.494185321,1.050632004,0.321931335,5.208411152,2.871597719,0.072935563,1.363548718,0.0,2.0,18.1163768,0.305555556,1.032626756,33.5,1.576441835,-0.09425347,-0.383908798,57.004274
0,9.0,0,0.0,3.723921879,0.872,4.006846763,0.0,3.322305161,2.265,12.99761586,0.053663385,3.104352733,1.844588321,0.146573285,-4.696746584,3.351676736,0.141284775,0.0,-0.125753933,1.05219136,-0.041833585,3.94904,2.896571661,-4.716765177,1.043646854,383.7220568,1248.609534,0.150912196,11.94379898,0.494489551,213.2785096,1.24598984,7.432234024,0.960930693,0.494489551,4.68418372,2.651422629,0.050403124,1.330449739,0.0,1.0,55.75428529,0.594624885,0.611059763,28.75,1.457775925,0.080811051,-2.429409189,50.390688
0,12.0,0,0.0,3.868966372,1.16123,4.0052362,0.2,3.718186893,3.264,14.40806581,0.040732031,3.567142021,2.582616522,-0.026081329,-5.875316284,3.087874912,0.230194869,0.0,-0.394586159,1.043447443,-0.245492946,5.70439,3.400305596,-13.44523637,0.779811438,463.2428395,-238.667693,0.163066352,18.44138893,0.415786604,215.6364463,1.435202111,7.650163936,0.82107867,0.415786604,5.268359267,2.988090535,-0.338098864,1.72603667,0.0,1.0,114.2089206,0.499485066,0.600186892,44.5,1.812299342,0.119464912,-2.598043705,84.77179
18,2.0,0,7.682862953,3.903076575,1.31687,4.048807023,0.0,3.7507069,2.626,14.82560824,0.148083392,3.577798302,5.400100553,-0.293648732,-11.37755032,2.733389918,0.066607336,0.0,-0.788477187,1.140816935,-0.012709249,7.42639,3.473123221,-7.995267646,0.790969968,1157.284302,-1025.030405,0.932281679,8.383744828,0.24657855,197.903235,1.62591444,7.466148397,0.977501816,0.24657855,5.041534895,2.507848501,-0.458891763,1.735115747,-1.576414899,1.0,145.348776,0.590704015,0.636698418,49.25,1.847587158,0.002009234,-10.99059855,96.87572
0,11.0,0,0.0,3.882929087,1.44015,4.032217649,0.0,3.743511639,2.626,14.82560824,0.109868291,3.571831036,5.400100553,-0.31656115,-15.70694589,2.733389918,0.023760066,0.0,-0.788477187,1.108507407,-0.012709249,7.42639,3.47238254,-7.066698077,0.790969968,1157.284302,-1025.030405,0.932281679,8.383744828,0.24657855,197.903235,1.623281014,7.466148397,0.977501816,0.24657855,5.123911572,2.507848501,-0.458891763,1.729825412,-1.576414899,1.0,145.348776,0.590704015,0.636698418,43.25,1.845131703,0.002009234,-10.99059855,96.87572
18,3.0,0,7.419600363,3.903259276,1.35244,4.048892734,0.142857143,3.758943395,3.284,15.02646567,0.102936597,3.603561674,5.844760826,-0.390107871,-4.473911213,2.705232309,0.37001842,0.0,-0.865030436,1.051706993,-0.108355508,7.68529,3.511923583,-2.039553355,0.763982947,1395.585848,-921.0423028,0.977925225,9.115789655,0.0,193.0153958,1.626199915,7.507181325,0.980196926,0.0,5.055951651,2.700217528,-0.467564602,1.735657881,-1.747456207,1.0,164.1845047,0.571975275,0.649857505,52.75,1.864362917,-0.039572217,-10.61339974,102.531306
0,12.0,0,0.0,3.883204727,1.47113,4.032331114,0.142857143,3.751978218,3.284,15.02646567,0.064926472,3.599955685,5.844760826,-0.439502049,-4.880911209,2.705232309,0.338021108,0.0,-0.865030436,1.022151041,-0.108355508,7.68529,3.508569781,-2.586540138,0.763982947,1395.585848,-921.0423028,0.977925225,9.115789655,0.0,193.0153958,1.623603971,7.507181325,0.980196926,0.0,5.133594036,2.700217528,-0.467564602,1.730384144,-1.747456207,1.0,164.1845047,0.571975275,0.649857505,46.75,1.858690202,-0.039572217,-10.61339974,102.531306
18,3.0,0,7.448537463,3.903229577,1.40119,4.04887585,0.125,3.760266514,3.867,15.32201841,0.145637443,3.616023554,6.105733269,-0.035714101,-1.456251922,2.713550435,0.751608583,0.0,-0.873241451,1.332150338,-0.084324242,6.99759,3.54063894,-0.482936966,0.83790195,1108.653343,21.33229874,0.96455654,8.912240706,0.0,192.7311164,1.735329336,7.483105427,0.939679156,0.0,5.317173285,2.441678557,-0.489101802,1.799072448,-1.771898633,1.0,229.7029166,0.674037348,0.681782954,57.5,1.882133537,-0.038150344,-12.74297275,116.140857
0,11.0,0,0.0,3.882978298,1.47703,4.03224366,0.0,3.74449206,2.565,14.85338602,0.192443569,3.601879681,5.400100553,-0.288983232,-13.89770415,2.735431486,0.036553542,0.0,-0.768069024,1.000988926,0.027290751,9.00709,3.504106332,-6.976224085,0.804381111,1212.492229,-1207.599744,0.932281679,8.383744828,0.0,197.8310045,1.623555508,7.436262595,0.984755588,0.0,5.132165751,2.473079561,-0.466704263,1.730782277,-1.533437292,1.0,154.1220745,0.590704015,0.644270399,42.75,1.866858228,-0.01453131,-10.37649539,98.202513
18,2.0,0,7.029159809,3.903207721,1.40372,4.048869983,0.0,3.756833588,2.683,15.07866719,0.307495122,3.603694398,5.842653607,-0.603108143,-1.321307833,3.024976117,0.759365194,0.0,-4.2118347,1.094293257,-0.212735744,9.09119,3.515611846,-0.530824427,0.825533938,1538.706818,-772.7998443,0.932281679,8.383744828,0.0,191.1144129,1.633731107,7.519581949,0.938011285,0.0,5.225725514,2.835767409,-0.466224369,1.736324856,-6.16917662,1.0,150.0556732,0.571975275,0.603852633,53.25,1.88171418,-0.013821361,-5.809275114,105.827099
0,11.0,0,0.0,3.883126471,1.51818,4.03230077,0.0,3.749836865,2.683,15.07866719,0.269355448,3.60022724,5.842653607,-0.615589779,-1.470439831,3.024976117,0.73613509,0.0,-4.2118347,1.0697648,-0.212735744,9.09119,3.512073988,-0.755972834,0.825533938,1538.706818,-772.7998443,0.932281679,8.383744828,0.0,191.1144129,1.632047016,7.519581949,0.938011285,0.0,5.299955047,2.835767409,-0.466224369,1.7310984,-6.16917662,1.0,150.0556732,0.571975275,0.603852633,47.25,1.865194541,-0.013821361,-5.809275114,105.827099
18,3.0,0,7.515912532,3.903196403,1.38504,4.048867209,0.1,3.755508589,3.622,15.18789073,0.092691598,3.599919211,5.807679533,-0.060026772,-1.498195946,2.663436274,0.731890654,0.0,-0.84634819,1.138705322,-0.054365759,7.27489,3.511067344,-0.196242937,0.782342409,1290.577441,-869.6279757,0.932281679,8.576457707,0.362947409,189.6565137,1.677441408,7.500223614,0.983579839,0.362947409,5.283770708,2.591072954,-0.48266865,1.736589619,-1.712702545,1.0,170.7141426,0.571975275,0.653973564,54.75,1.881646576,-0.013020236,-11.16316722,110.485271
0,12.0,0,0.0,3.88310747,1.4992,4.03229685,0.1,3.748381115,3.622,15.18789073,0.054485016,3.596102831,5.807679533,-0.079057582,-1.654887669,2.663436274,0.708384492,0.0,-0.84634819,1.112788684,-0.054365759,7.27489,3.507920294,-0.399507709,0.782342409,1290.577441,-869.6279757,0.932281679,8.576457707,0.362947409,189.6565137,1.677036919,7.500223614,0.983579839,0.362947409,5.354874787,2.591072954,-0.48266865,1.731424276,-1.712702545,1.0,170.7141426,0.571975275,0.653973564,48.75,1.865217172,-0.013020236,-11.16316722,110.485271
18,4.0,0,7.389967733,3.950793596,1.3977,4.696843813,0.512992784,3.903186132,3.525,15.20131666,0.08574416,3.735274967,5.948238923,-0.061313902,1.082629513,2.68162462,1.247254579,0.0,-4.757146887,1.127384985,-0.091123875,7.76879,3.590652824,-0.384264343,0.797539707,889.0106623,-910.4684795,0.932281679,8.383744828,0.291188149,191.0200957,1.629949004,7.529950287,0.889569838,0.291188149,5.291440985,2.658441672,-0.484018198,1.736189255,-1.780889094,1.0,618.9433264,0.571975275,0.608158317,56.0,1.879234126,-0.0283492,-13.76523168,112.427271
0,13.0,0,0.0,3.929552339,1.51035,4.696843813,0.512992784,3.883090991,3.525,15.20131666,0.047605868,3.735179608,5.948238923,-0.079586979,1.004304655,2.68162462,1.227476129,0.0,-4.757146887,1.101792136,-0.091123875,7.76879,3.58607215,-0.585701951,0.797539707,889.0106623,-910.4684795,0.932281679,8.383744828,0.291188149,191.0200957,1.627950316,7.529950287,0.889569838,0.291188149,5.361804397,2.658441672,-0.484018198,1.730950249,-1.780889094,1.0,618.9433264,0.571975275,0.608158317,50.0,1.864689111,-0.0283492,-13.76523168,112.427271
18,2.0,0,7.54694329,3.903191361,1.36813,4.048865957,0.125,3.754996391,3.068,15.05002521,0.137378467,3.596639892,5.735510749,-0.072695925,-3.230014457,2.728061652,0.487833563,0.486062996,-0.832765775,1.158850372,-0.052386593,7.13109,3.50507113,-1.469886579,0.787117026,1107.552922,-913.1567184,0.932281679,8.383744828,0.0,190.7797645,1.62654448,7.507875504,0.98194789,0.486062996,5.218279465,2.543452296,-0.473584906,1.735990371,-1.678127295,1.0,146.9710708,0.571975275,0.649764821,51.25,1.876243677,-0.030208118,-8.84830793,103.864892
0,11.0,0,0.0,3.883099073,1.48712,4.032295079,0.125,3.747829157,3.068,15.05002521,0.09924155,3.592466627,5.735510749,-0.091082597,-3.532180795,2.728061652,0.456152058,0.486062996,-0.832765775,1.133053688,-0.052386593,7.13109,3.502337753,-1.922690652,0.787117026,1107.552922,-913.1567184,0.932281679,8.383744828,0.0,190.7797645,1.623986873,7.507875504,0.98194789,0.486062996,5.294177077,2.543452296,-0.473584906,1.730731347,-1.678127295,1.0,146.9710708,0.571975275,0.649764821,45.25,1.863923937,-0.030208118,-8.84830793,103.864892
18,3.0,0,-1.43949535,3.847667051,1.20825,3.924383256,0.166666667,3.75467354,3.638,14.80550961,-0.406048083,3.689044624,3.37037107,-0.52450567,-6.276045963,3.170430945,0.292118059,0.0,-4.866663799,1.2336229,-1.186468784,6.76357,3.465403768,-3.622762972,0.928838781,670.3537605,1377.172223,0.341702584,7.024787396,0.0,178.1662021,1.678509082,7.807401661,0.881927652,0.0,5.610345229,2.800709707,-0.607344164,1.777612448,-11.3763013,0.0,162.7393627,0.392258898,1.034958846,56.75,1.861926497,0.032786127,-4.311479685,100.450134
0,10.0,0,0.0,3.928437857,1.40572,4.141492809,0.2,3.767706938,3.842,14.37695794,-0.191087022,3.633646302,4.825555737,0.229312856,-7.445361108,2.443236005,0.148218617,0.0,-2.024480322,1.136720198,0.030606735,5.84528,3.358654876,-4.563803768,1.083138237,1406.093329,1487.587423,0.569788065,18.57273803,0.0,194.4594262,1.561322415,7.422380365,0.861476298,0.0,5.141477641,2.430931996,-0.398546365,1.732610277,-0.417840437,1.0,199.3745107,0.799646176,1.039548461,40.25,1.780767186,0.076817805,-11.49459376,88.734962
12,2.0,0,3.576523866,3.791552862,1.28058,4.088351858,0.908166554,3.547534006,3.562,15.0921698,0.118679309,3.489478967,3.916179579,-0.249628859,-2.45712496,3.678441237,0.514742848,0.426344685,-1.174397094,0.874334583,-0.309943216,4.34239,3.412795817,-0.876073587,0.775019779,524.8151922,-2236.378342,0.38775207,18.42086333,0.31241225,189.515475,1.567055416,7.757175004,1.210163644,0.543926824,5.452231522,3.223681292,-0.17778667,1.598609201,-1.34802473,0.0,-25.65273284,0.586970098,0.790616861,39.75,1.79930936,-0.126000335,-4.073553892,80.282376
0,8.0,0,0.0,3.790287085,1.38953,4.069401334,0.908166554,3.547719653,3.562,15.0921698,0.139445018,3.488222859,3.916179579,-0.295253956,-2.600045937,3.678441237,0.495238845,0.426344685,-1.174397094,0.88806337,-0.309943216,3.7423,3.409840867,-0.972833354,0.775019779,524.8151922,-2236.378342,0.38775207,18.42086333,0.31241225,189.515475,1.571801114,7.757175004,1.210163644,0.543926824,5.481217029,3.223681292,-0.17778667,1.598893475,-1.34802473,0.0,-25.65273284,0.586970098,0.790616861,35.25,1.798373004,-0.126000335,-4.073553892,80.282376
0,10.0,0,0.0,3.928385086,1.2451,4.14015913,0.2,3.682147266,3.458,13.71815409,-0.228760701,3.52282541,3.918880994,0.294976748,-7.324139846,2.494336315,0.123364562,0.0,-1.944558375,1.02347038,-0.069485857,4.43829,3.353947777,-3.976662776,0.980836784,955.951595,3282.586565,0.428967087,13.73398389,0.407633347,205.6606634,1.343897387,7.451685762,0.681624416,0.407633347,4.975578936,2.476902783,-0.360108865,1.559193865,-0.403306397,1.0,135.744207,0.675643353,1.094290153,38.0,1.787034257,0.195098738,-16.68027454,76.360618
0,10.0,0,0.0,3.928422878,1.37011,4.141061262,0.2,3.766998844,4.041,14.40203431,-0.228625509,3.631029756,4.507319396,0.25249207,-6.892132638,2.364927782,0.186186213,0.0,-2.027522446,1.238239772,0.092134513,5.32969,3.438465868,-3.300437939,0.998327716,913.7251107,2304.23312,0.500073056,16.07326895,0.0,196.1078637,1.595297657,7.512882638,0.843266666,0.0,5.211956524,2.413817518,-0.397488198,1.709981773,-0.419706713,1.0,218.895569,0.830454856,1.075257991,42.25,1.817694802,0.09088654,-11.40127522,91.296962
0,11.0,0,0.0,3.928424399,1.34817,4.141067262,0.512992784,3.780405047,4.288,14.41177583,-0.361456435,3.639008912,4.567470052,0.292681383,-7.434400402,2.482287515,0.170316751,0.0,-2.083098578,1.056449989,-0.134220012,4.42929,3.486497424,-3.440241552,1.00464408,999.7179852,2066.50163,0.500073056,17.08277583,0.411754227,198.3857211,1.598449434,7.544677609,0.860198031,0.411754227,5.371956524,2.555473328,-0.395422082,1.711986914,-0.44897063,1.0,183.8730613,0.811726117,1.089928202,44.5,1.819050582,0.164619958,-11.03983739,91.730169
0,10.0,0,0.0,3.928423445,1.39764,4.141063202,0.2,3.772773394,4.104,14.47055283,-0.193540878,3.638510696,4.823547163,0.229665294,-6.396133606,2.376820196,0.21808095,0.0,-2.023694776,1.304497041,0.120927492,5.24489,3.490837077,-2.965265232,1.011869784,1102.719754,2143.353456,0.500073056,16.07326895,0.0,196.5963507,1.611864043,7.480139419,0.846838187,0.0,5.278216824,2.421944812,-0.40539829,1.721313212,-0.414657504,1.0,238.2332646,0.811726117,1.046761516,43.0,1.82208385,0.073830195,-11.29297836,95.355341
0,9.0,0,0.0,3.927991486,1.18849,4.132307871,0.0,3.623541058,3.251,13.6172173,-0.095039049,3.470241312,3.142588074,0.243178051,-6.89129716,2.495939562,0.123901068,0.0,-1.781841539,1.27320778,0.253491793,5.16459,3.306761988,-4.299905061,1.126555092,594.267622,2979.566238,0.293831021,16.15235131,0.0,212.9915639,1.372874417,7.40037895,0.601090958,0.0,4.728502116,2.376152378,-0.280681781,1.419793641,0.0,1.0,158.725332,0.652005377,1.003416076,35.25,1.781573456,0.095119057,-11.626577,72.833825
0,10.0,0,0.0,3.928385086,1.2451,4.14015913,0.2,3.682147266,3.458,13.71815409,-0.228760701,3.52282541,3.918880994,0.294976748,-7.324139846,2.494336315,0.123364562,0.0,-1.944558375,1.02347038,-0.069485857,4.43829,3.353947777,-3.976662776,0.980836784,955.951595,3282.586565,0.428967087,13.73398389,0.407633347,205.6606634,1.343897387,7.451685762,0.681624416,0.407633347,4.975578936,2.476902783,-0.360108865,1.559193865,-0.403306397,1.0,135.744207,0.675643353,1.094290153,38.0,1.787034257,0.195098738,-16.68027454,76.360618
0,8.0,0,0.0,3.790287085,1.38953,4.069401334,0.908166554,3.547719653,3.562,15.0921698,0.139445018,3.488222859,3.916179579,-0.295253956,-2.600045937,3.678441237,0.495238845,0.426344685,-1.174397094,0.88806337,-0.309943216,3.7423,3.409840867,-0.972833354,0.775019779,524.8151922,-2236.378342,0.38775207,18.42086333,0.31241225,189.515475,1.571801114,7.757175004,1.210163644,0.543926824,5.481217029,3.223681292,-0.17778667,1.598893475,-1.34802473,0.0,-25.65273284,0.586970098,0.790616861,35.25,1.798373004,-0.126000335,-4.073553892,80.282376
0,8.0,0,0.0,3.790563033,1.43528,4.069402604,0.337553191,3.655631784,3.551,15.20773197,0.19372572,3.598030257,4.285141841,-0.476847113,-2.474737893,3.388653199,0.538652584,0.400764124,-1.120433021,1.02090946,-0.274148025,4.4557,3.460978456,-0.604374434,0.793447996,550.465965,-2360.508102,0.38775207,17.37330659,0.298323561,183.7570898,1.582949923,7.743646475,1.238838631,0.400764124,5.470887677,3.047534807,-0.205348092,1.67769453,-1.258751143,0.0,51.55946228,0.670303432,0.764069106,37.75,1.825788002,-0.032981677,-3.329244061,89.194341
0,12.0,0,0.0,3.858225154,0.84872,4.028693719,0.0,3.63273806,2.788,3.4849795,0.056259574,3.49993854,1.833141254,-0.000339,-4.682867157,2.572846726,0.198934077,0.0,0.811949639,1.142470986,1.031437615,7.24909,3.185220692,-3.679927045,0.849784264,-81.64338743,553.2765582,0.11175977,10.17951787,0.335944005,221.680695,1.245104857,7.430216293,0.835045124,0.335944005,4.892702173,2.442870976,-0.031472286,1.406480123,0.0,1.0,41.1874008,0.6242276,0.676423199,36.75,1.579433331,0.017782729,0.015265562,61.235481
0,11.0,0,0.0,3.811824723,0.96451,4.010331437,0.739291395,3.455101204,2.901,13.6267771,-0.017565829,3.400707082,2.144574944,-0.259228584,-10.71507188,2.86020875,0.038891036,0.543996115,-1.122094912,1.029238968,-0.150252189,3.8401,3.246716406,-5.174866467,0.828934162,22.7851169,-45.95222927,0.197089757,5.506834813,0.0,199.7324386,1.3582382,7.51867067,1.132137087,0.543996115,5.122274065,2.762609614,-0.52045757,1.497618477,-1.122094912,0.0,71.14078445,0.494765411,0.800893176,38.75,1.794971162,-0.11380779,-0.063396497,67.726239
0,11.0,0,0.0,3.81181566,0.9309,4.010312059,0.77280389,3.442763002,2.901,13.56122154,0.132849979,3.333897555,2.144574944,-0.052835115,-6.401095643,2.998433139,0.135288954,0.533885047,-1.150156136,1.035509161,-0.167066746,3.45,3.23100575,-3.646444514,0.825924825,8.179536387,56.40698616,0.197089757,5.506834813,0.0,200.3294944,1.217536548,7.607947341,1.183198406,0.533885047,5.117268983,2.922962516,-0.48045757,1.488548658,-1.150156136,0.0,63.39279898,0.494765411,0.788258736,38.25,1.725632844,-0.147892148,-1.598458717,64.632653
0,9.0,0,0.0,3.481543889,0.63102,3.901080901,0.0,3.114110222,2.256,12.13029392,-0.128081819,3.047748462,0.792181445,0.227106129,-6.115164225,3.704402516,0.054367813,0.0,-0.158314909,1.197598553,-0.158314909,3.70897,2.867975992,-6.577139815,1.075444543,1.270939387,203.5219521,0.031810057,4.546565243,0.472569838,192.1644901,1.037301666,7.596361636,0.84465301,0.472569838,4.800432303,3.5,0.142547084,1.278239675,0.0,1.0,51.48829836,0.358304986,0.917848814,26.75,1.417503218,0.111717504,1.136366624,43.059102
0,9.0,0,0.0,3.475353189,0.63702,3.901639966,0.0,3.073522437,2.256,12.16588813,-0.171690496,3.029693091,0.830957925,-0.17960761,-5.837052326,3.690207156,0.06206651,0.0,-0.169346183,1.227970504,-0.169346183,3.70897,2.897060286,-7.97363584,0.854240439,1.270939387,-272.6804796,0.051451912,4.979936108,0.473036659,177.1977577,1.033150893,7.824232364,1.181865377,0.473036659,4.707714803,3.570861678,0.106536956,1.286741008,0.0,1.0,51.48829836,0.358304986,1.028019925,26.75,1.420615662,0.010231009,1.164956716,43.059102
21,11.0,1,2.94906856,3.859014248,1.5909,4.468907763,7.866230673,3.830226121,10.782,14.94965707,-2.313363694,3.7904831,5.118509158,0.871798489,-14.58921927,3.703474391,0.172434597,0.492762417,-6.310389532,0.801908753,-1.308037521,0.16139,3.641152909,-18.43534977,0.879853939,129.2870617,-910.1919471,0.342181026,0.0,0.353665106,173.2789406,1.831697339,7.825948126,0.969303909,0.530878575,6.115140515,3.42482403,-0.342556799,1.848392106,-3.299352416,0.0,522.482923,0.677474136,0.828685382,90.0,1.88933264,0.343622495,10.00299854,177.507096
26,15.0,3,1.169512571,3.816460476,1.62899,4.042798076,0.0,3.808523222,13.688,15.1340138,-3.369619537,3.718752619,5.61430362,1.040044315,-23.59950028,4.161508541,0.11246211,0.249784178,-1.953207578,0.801564784,-1.68704159,-5.13171,3.64536683,-19.8132099,0.995100553,282.8580632,1090.410566,0.376838683,0.0,0.494530363,172.3613117,1.84379142,7.940232871,0.946485513,0.5806994,6.239646019,4.028565002,-0.360890945,1.867735257,0.0,0.0,-191.9529285,0.574914957,0.910295748,118.0,1.891465493,0.419037886,4.507506336,221.122542
15,4.0,0,0.350428727,3.777135331,0.89566,4.127068567,1.732862108,3.635787094,2.863,14.01441569,-0.650177506,3.444624724,2.579034251,0.486073425,-10.59773414,4.718596219,0.052664428,0.540391932,-1.696478558,0.828836743,-1.275882128,1.68511,3.309982447,-6.853296206,0.830878529,158.7491876,-181.4229242,0.25744356,20.53223759,0.527809775,200.5639249,1.400807375,8.39683242,0.904656372,0.540391932,5.433681461,5.543489124,0.05551977,1.473885084,0.0,0.0,-58.66971797,0.573286573,0.809658458,46.25,1.710218477,0.350501079,-4.923981958,67.946653
26,14.0,1,1.368682928,3.817041745,1.67369,4.042798151,0.0,3.810208759,13.85,15.15523148,-3.230716225,3.723828524,5.835356108,1.30030425,-21.70543979,3.952398615,0.131526651,0.247592431,-1.769724128,0.828240905,-1.398695749,-4.54971,3.651650736,-18.62643529,1.032554118,472.5453711,1025.070969,0.382261044,0.0,0.441487076,169.8888414,1.847240874,7.86605322,0.953577091,0.603673343,6.19363318,3.818746326,-0.367605475,1.891466568,0.0,0.0,-138.1825758,0.574914957,0.928240603,115.5,1.902240006,0.424376559,4.352104598,224.910507
0,12.0,0,0.0,3.993425632,1.08364,6.879516345,0.0,3.740565576,3.221,6.727300173,-0.029860255,3.549326838,2.770999195,0.033130772,-14.43213666,2.719521605,0.01099799,0.0,-0.189407531,1.127891423,0.851449476,6.87467,3.237199791,-8.81935434,0.514372584,179.1948239,2392.155911,0.204876642,17.26143697,0.0,217.3395648,1.256236292,7.40917034,1.006472223,0.0,4.94875844,2.566330302,-0.442773271,1.411656191,0.0,2.0,25.10189811,0.468480722,0.265816914,39.0,1.633710606,0.013605796,1.009827231,67.304274
23,1.0,0,8.62517318,4.0473787,0.93662,6.879644581,0.0,3.81595381,3.344,6.789800173,0.302546133,3.617384057,2.915234397,0.082972789,-8.491764903,2.822522827,0.082284057,0.0,-0.249864825,1.300232749,0.791692177,7.22127,3.265915159,-8.009885356,0.519934641,373.9769889,2828.519635,0.215167073,20.31768782,0.0,215.6012418,1.405972773,7.519681366,0.908390299,0.0,4.912113891,2.64612824,-0.470551049,1.422205826,0.0,0.0,37.22683599,0.45318877,0.267539852,48.5,1.660392496,0.008436034,-1.770166683,71.19986
0,12.0,0,0.0,4.004667144,1.13527,6.879516345,0.0,3.75496548,3.344,6.789800173,0.235282628,3.55489765,2.915234397,-0.028552006,-8.860030027,2.822522827,0.073837305,0.0,-0.249864825,1.215116952,0.791692177,6.88327,3.252557,-9.392314626,0.519934641,373.9769889,2828.519635,0.215167073,20.31768782,0.0,215.6012418,1.405810812,7.519681366,0.908390299,0.0,5.023225002,2.64612824,-0.470551049,1.425646604,0.0,2.0,37.22683599,0.45318877,0.267539852,40.5,1.637255909,0.008436034,-1.770166683,71.19986
18,4.0,1,5.144661483,3.856051947,1.01747,4.094098348,1.61726669,3.785880131,3.595,14.11310313,-0.35542812,3.743768104,3.239098699,0.124965908,-2.132697024,3.039655396,0.601827147,0.671247157,-1.25031294,0.865894296,-1.058492074,5.14309,3.455766078,-1.938684169,1.069133904,267.0624899,561.8052506,0.229313566,8.642163821,0.0,214.0793312,1.470151131,7.736517492,1.16894782,0.671247157,5.32996615,2.749377301,-0.704968939,1.632408603,-1.683151615,0.0,67.43473034,0.606933548,0.763232867,53.5,1.745828027,0.286317395,-3.596030823,83.112618
0,12.0,0,0.0,3.813036899,0.9648,4.013297338,0.77280389,3.688515081,3.073,13.74862115,0.161123055,3.666395906,2.407047997,-0.043042782,-6.490621818,3.076043188,0.14822759,0.403676714,-1.201845951,0.966566595,-0.1730607,3.68319,3.249022706,-4.143136918,0.824398752,-35.26660161,287.8031107,0.197089757,8.401686825,0.0,216.5039505,1.477288606,7.579686361,1.137194466,0.403676714,5.229277387,2.958687922,-0.610665903,1.621752314,-1.201845951,0.0,69.96272408,0.695949874,0.757617377,40.75,1.639169585,-0.144371237,-1.676721947,68.152653
0,11.0,0,0.0,3.86577666,1.02711,4.016425032,0.125,3.688641564,3.016,13.75669919,0.146854419,3.666393276,2.441070601,0.172803486,-5.969814358,2.981123636,0.154808411,0.398021011,-1.049646877,0.9351511,-0.031149691,4.56939,3.230316382,-9.340188245,0.765059176,-30.34586995,758.8967737,0.197089757,8.401686825,0.0,216.5626498,1.451929822,7.54924857,1.020194629,0.398021011,4.912462323,2.757906379,-0.622143574,1.621360575,-1.049646877,0.0,35.82121112,0.695949874,0.597614978,36.25,1.638683013,-0.024642797,-1.439675995,67.628653
0,11.0,0,0.0,3.763604189,1.03113,4.012882526,0.125,3.688309985,2.859,13.74862115,0.151786858,3.666395471,2.415302801,0.168909509,-7.000314103,2.971358465,0.112185878,0.398167114,-1.059870642,0.950529561,-0.041373457,3.94401,3.243283322,-9.642736324,0.841233966,131.3829979,-225.7289576,0.197089757,8.401686825,0.0,214.6616189,1.53572045,7.473990551,1.174113625,0.398167114,5.072332432,2.705692402,-0.621838742,1.622615849,-1.059870642,0.0,70.09983629,0.695949874,0.710711189,36.0,1.640257613,-0.003998328,-0.232156964,69.209032
0,11.0,0,0.0,3.731809574,0.98262,4.012624717,0.125,3.687991959,2.883,13.68168442,0.159859478,3.666387788,2.222852711,0.078101701,-8.948297873,2.978892691,0.05576841,0.404084274,-1.054954614,0.95822074,-0.042967845,3.91599,3.220987694,-8.880535745,0.820728671,-82.13004841,-322.4886565,0.197089757,7.477011321,0.0,214.1095812,1.472514114,7.47256076,1.203789049,0.404084274,4.882091748,2.77869856,-0.609493063,1.62170535,-1.054954614,0.0,61.98526217,0.714678614,0.72908756,35.5,1.639114052,-0.026536121,-2.99319257,66.115446
0,11.0,0,0.0,3.82595507,0.99556,4.007808835,0.697550113,3.458536654,2.901,13.63084603,0.045801551,3.401636615,2.191576878,-0.155658362,-4.944829187,2.679457235,0.233549432,0.539489763,-1.067529373,1.031584969,-0.100660615,4.2221,3.297548112,-3.965651651,0.819445596,30.99542997,-362.1708565,0.197089757,5.068777063,0.0,192.1021346,1.379731092,7.582172289,1.170030506,0.539489763,5.198498507,2.666626321,-0.530297175,1.611980642,-1.067529373,0.0,78.32066329,0.494765411,0.85998781,39.25,1.795036427,-0.178104575,2.775394251,70.819825
0,10.0,0,0.0,3.864569166,1.10262,4.018247402,0.111111111,3.484029499,2.805,13.8452718,0.036501136,3.40116691,2.517019042,-0.013876324,-9.960660112,2.702378028,0.044480416,0.529096896,-0.998252319,0.977382379,-0.010655995,5.2857,3.282267335,-6.287553746,0.764692065,189.6836424,1354.467564,0.259887141,7.943385374,0.0,198.8274343,1.382510494,7.415967653,0.925194848,0.529096896,4.885974778,2.392063758,-0.571935241,1.584804418,-0.998252319,0.0,43.48224475,0.487556716,0.676045954,34.75,1.794945463,-0.055420302,-2.497115484,70.295825
0,10.0,0,0.0,3.786322136,0.97085,4.010087428,0.111111111,3.452096919,3.186,13.63060426,-0.010041664,3.400827783,2.093872502,-0.308162538,-15.34363065,2.820097563,0.008271954,0.541773893,-1.046574078,0.969448212,-0.079875388,3.94458,3.259537825,-11.92616757,0.845354809,-32.69705051,-221.0867573,0.197089757,5.506834813,0.0,200.005028,1.360292071,7.437996478,1.168046091,0.541773893,5.083822841,2.644238136,-0.52545757,1.503769554,-1.046574078,0.0,47.89474958,0.494765411,0.794033248,37.75,1.794976143,-0.04345146,-0.321213427,67.882239
0,12.0,0,0.0,3.811879058,0.91524,4.010507514,0.739291395,3.487202428,3.001,13.60876051,-0.030619162,3.448444402,2.144574944,-0.261350549,-5.662462213,3.012121762,0.179802251,0.587398893,-1.173344912,1.04084635,-0.174345159,3.54229,3.248096879,-4.39660183,0.808354878,-53.42816399,-197.0747421,0.197089757,5.506834813,0.0,204.395573,1.297615419,7.573018589,1.187624963,0.587398893,5.155544391,2.94152358,-0.477054792,1.493254932,-1.173344912,0.0,61.04608737,0.494765411,0.795479192,39.75,1.745899677,-0.128467754,1.112976314,66.392653
0,11.0,0,0.0,3.812290326,1.13152,4.011893291,0.709907332,3.624134282,2.973,13.95242149,0.032104336,3.617975464,2.534274657,-0.041686375,-4.625205063,2.732077825,0.286488919,0.338390059,-1.115126492,0.959293054,-0.11867053,5.1513,3.265853902,-14.85119632,0.808284221,80.8798254,-140.8680075,0.197089757,7.816675173,0.0,198.5996009,1.561074547,7.412680063,1.039530299,0.338390059,5.069173999,2.564257374,-0.761846458,1.601124015,-1.115126492,0.0,105.5417629,0.494765411,0.776317629,41.25,1.845168303,-0.093997609,-1.024649957,78.766997
0,11.0,0,0.0,3.812030542,1.0583,4.010929679,0.77280389,3.561270163,2.822,13.72257358,-0.005104325,3.540480368,2.874757337,-0.107346191,-9.038682459,2.968632116,0.070057705,0.408885047,-1.194531136,1.037281379,-0.173727744,4.0861,3.249357487,-4.700911403,0.817261546,394.193457,39.55297341,0.197089757,5.506834813,0.0,210.7361036,1.249629723,7.506495751,1.086250268,0.408885047,5.071214185,2.923826225,-0.60545757,1.493772382,-1.716902202,0.0,78.32066329,0.494765411,0.736007784,39.25,1.843534228,-0.096714299,-11.21058597,70.819825
0,11.0,0,0.0,3.811902423,0.89424,4.010587814,0.739291395,3.496417005,2.935,13.59074393,-0.040597171,3.450172918,2.144574944,-0.253539341,-4.971719716,3.181018838,0.2216664,0.630801671,-1.224594912,1.030062304,-0.19843813,3.14289,3.247432922,-4.191258909,0.787813568,-21.92878737,-417.5162961,0.197089757,5.506834813,0.0,209.5800516,1.271171929,7.641708319,1.26175739,0.630801671,5.116506488,3.159183246,-0.433652014,1.488381278,-1.224594912,0.0,50.66939713,0.494765411,0.792446633,40.75,1.6519712,-0.146176393,2.159107052,65.059067
0,11.0,0,0.0,3.817661014,1.02176,4.023301609,0.77280389,3.763819577,3.023,14.2532023,-0.142602713,3.710386701,2.910536532,-0.080527502,-8.736262168,3.183271384,0.082407823,0.413017279,-1.328697803,0.981310708,-0.52020363,3.9792,3.290639124,-4.41567317,0.765378618,88.26005069,-76.30093296,0.197089757,7.03479267,0.0,216.4535002,1.372874417,7.704455915,1.145615368,0.413017279,5.15982812,3.171434789,-0.595253488,1.469824641,-1.679193869,0.0,67.97670404,0.541973459,0.698544066,40.5,1.648374879,0.107465554,-8.651650878,69.376446
0,11.0,0,0.0,3.820903638,1.21089,4.02640429,0.77280389,3.766296735,2.869,14.09917978,-0.03624735,3.734063442,4.048474437,-0.205804208,-10.82483067,2.826319159,0.057923063,0.374091659,-1.196197803,1.004262778,-0.148820337,5.1376,3.488600224,-3.802247045,0.760045198,618.8746366,-1889.585463,0.447089757,7.052147991,0.0,213.5183287,1.467395434,7.535401,1.163191769,0.374091659,5.110062819,2.944332229,-0.694459837,1.646904817,-1.630131053,0.0,112.4620745,0.541973459,0.699340816,41.75,1.699841782,-0.054732279,-8.682884684,81.860583
0,11.0,0,0.0,3.817033868,1.06078,4.022117586,0.77280389,3.763166929,2.948,13.84949866,-0.010016733,3.716887046,3.022228222,-0.082147748,-8.562231589,2.952887933,0.086608971,0.398885047,-1.163697803,1.031114687,-0.149245507,3.86812,3.330524887,-4.245090986,0.822816081,256.9210953,639.2211852,0.197089757,7.052147991,0.0,214.5436829,1.401880074,7.474646432,1.032468608,0.398885047,5.188233671,2.918249091,-0.633235347,1.477136444,-1.440984898,0.0,90.21952002,0.541973459,0.713420819,40.25,1.649147521,-0.085705682,-11.87965618,72.579825
0,11.0,0,0.0,3.817377149,1.0701,4.020485185,0.77280389,3.763221871,2.948,13.8904208,0.062721073,3.715756406,3.091934319,-0.062417509,-9.561520943,2.952639595,0.065097891,0.396539368,-1.164369099,1.035605087,-0.145819581,3.86812,3.270170079,-4.410335262,0.858263984,256.9210953,-405.9462741,0.224482103,7.609066716,0.0,212.1648185,1.384944665,7.511810009,1.107769456,0.396539368,5.234148463,2.707464467,-0.64545757,1.50586976,-1.442787029,0.0,90.21952002,0.534764764,0.773398364,40.25,1.649584086,-0.081884925,-4.869426222,72.579825
18,2.0,0,5.592532156,3.856049181,0.94856,4.094067907,0.77280389,3.77105838,3.105,13.90859639,0.046857359,3.743603946,3.130786293,0.086855996,-8.864839309,2.951004469,0.079435395,0.396234537,-1.123474038,1.049051382,-0.119646741,4.5166,3.273392504,-4.218210149,1.041578342,125.8063668,-475.7709341,0.229313566,7.609066716,0.0,224.6341638,1.372874417,7.683243815,1.271537714,0.396234537,5.069560628,2.87339249,-0.646445224,1.470840017,-1.388538477,0.0,56.09968216,0.534764764,0.761998244,46.0,1.649738932,-0.091863881,-6.343658694,70.999446
0,11.0,0,0.0,3.830837313,1.06526,4.072718219,0.77280389,3.77129729,3.105,13.90859639,0.043269278,3.712269255,3.130786293,0.008471781,-9.003910328,2.951004469,0.076340948,0.396234537,-1.123474038,1.01553098,-0.119646741,4.4935,3.288243493,-4.190743539,1.041578342,125.8063668,-475.7709341,0.229313566,7.609066716,0.0,224.6341638,1.372874417,7.683243815,1.271537714,0.396234537,5.174823786,2.87339249,-0.646445224,1.467510721,-1.388538477,0.0,56.09968216,0.534764764,0.761998244,40.5,1.648684557,-0.091863881,-6.343658694,70.999446
12,4.0,0,5.320418092,3.949530283,1.39811,4.144674225,0.2,3.85211152,3.949,14.76450538,-0.291504863,3.743185554,5.452249531,0.296780184,-5.233323083,2.422177099,0.304406406,0.0,-2.062357837,1.124575013,0.125225778,5.82379,3.625824363,-3.954564287,1.087372657,1164.098998,1623.532415,0.543435752,18.57273803,0.148636943,193.8908119,1.641637106,7.435844694,0.848409714,0.148636943,5.42299666,2.360991482,-0.423095837,1.764569093,-0.291526687,1.0,238.8984772,1.091297656,1.019339526,48.25,1.824076395,0.089875134,-12.88587795,100.208927
0,10.0,0,0.0,3.928451269,1.47975,4.141535403,0.2,3.851898501,3.949,14.76450538,-0.2752048,3.7315828,5.452249531,0.325896867,-5.384422888,2.422177099,0.294130282,0.0,-2.062357837,1.132590479,0.125225778,5.72148,3.621746047,-4.139375449,1.087372657,1164.098998,1623.532415,0.543435752,18.57273803,0.148636943,193.8908119,1.64162937,7.435844694,0.848409714,0.148636943,5.471189431,2.360991482,-0.423095837,1.764521987,-0.291526687,1.0,238.8984772,1.091297656,1.019339526,44.25,1.821992517,0.089875134,-12.88587795,100.208927
12,2.0,0,3.741833295,3.78506985,1.31815,4.08204838,0.166666667,3.649464842,3.516,16.03093363,0.144561242,3.563397182,4.436421007,-0.516904304,-2.515437335,3.592220871,0.533199657,0.0,-1.098164886,1.258580094,-0.272291941,4.84649,3.460033676,-0.404995045,0.781221784,670.870244,-2733.707512,0.394994267,18.38153923,0.288810485,185.5108302,1.578128825,7.722450394,1.269109051,0.288810485,5.192346053,2.998000922,-0.207491553,1.675285776,-1.220019618,0.0,101.5713451,0.667497306,0.775113657,42.75,1.864337739,-0.047770945,-4.226274085,90.159134
0,8.0,0,0.0,3.78457059,1.42287,4.06632379,0.166666667,3.649779419,3.516,16.03093363,0.148784658,3.563275983,4.436421007,-0.53727544,-2.672784758,3.592220871,0.512632436,0.0,-1.098164886,1.288290129,-0.272291941,4.2464,3.457924704,-0.473583709,0.781221784,670.870244,-2733.707512,0.394994267,18.38153923,0.288810485,185.5108302,1.570125119,7.722450394,1.269109051,0.288810485,5.192346053,2.998000922,-0.207491553,1.673381928,-1.220019618,0.0,101.5713451,0.667497306,0.775113657,38.25,1.839166044,-0.047770945,-4.226274085,90.159134
12,2.0,0,3.78667383,3.785290974,1.36532,4.08205052,0.166666667,3.666862417,3.331,16.0376003,0.20629089,3.613713325,4.534023512,-0.391325728,-1.603397384,3.556916235,0.669750954,0.0,-1.087748219,1.09422057,-0.264061488,6.33099,3.461431525,-0.777041485,0.783198156,677.2210136,-2747.346056,0.394994267,19.05622263,0.283810485,183.9711187,1.579338397,7.681812861,1.265923113,0.283810485,5.347465874,2.96957998,-0.212491553,1.677264653,-1.202936284,0.0,89.47344881,0.667497306,0.776355556,42.0,1.864362113,-0.051672533,-3.848905713,91.485927
0,8.0,0,0.0,3.784774128,1.47098,4.066326546,0.166666667,3.667164643,3.331,16.0376003,0.210113503,3.605338981,4.534023512,-0.431081281,-1.706895239,3.556916235,0.652643781,0.0,-1.087748219,1.120825261,-0.264061488,5.7309,3.459266315,-0.866319222,0.783198156,677.2210136,-2747.346056,0.394994267,19.05622263,0.283810485,183.9711187,1.571364693,7.681812861,1.265923113,0.283810485,5.347465874,2.96957998,-0.212491553,1.675515948,-1.202936284,0.0,89.47344881,0.667497306,0.776355556,37.5,1.839199807,-0.051672533,-3.848905713,91.485927
12,2.0,0,3.566575315,3.784508817,1.26528,4.082041571,0.166666667,3.527123446,3.24,15.9082,0.07425544,3.470620126,3.784783044,-0.513662219,-2.973872999,3.720904558,0.457216546,0.0,-1.12841266,1.207284678,-0.304271203,5.26209,3.334573926,0.224492647,0.770889612,538.0885295,-2507.446998,0.394994267,18.38153923,0.314972403,188.1334943,1.575927526,7.769315155,1.250450779,0.314972403,5.36382639,3.036264504,-0.180521839,1.620323158,-1.270340905,0.0,68.26889043,0.584163973,0.815811464,40.75,1.727494332,-0.09737396,-4.350735835,83.375962
0,8.0,0,0.0,3.784055578,1.37284,4.066315035,0.166666667,3.529318534,3.24,15.9082,0.078894543,3.468626128,3.784783044,-0.532448783,-3.163482481,3.720904558,0.43496253,0.0,-1.12841266,1.231451964,-0.304271203,4.662,3.336327595,0.165532659,0.770889612,538.0885295,-2507.446998,0.394994267,18.38153923,0.314972403,188.1334943,1.568480998,7.769315155,1.250450779,0.314972403,5.36382639,3.036264504,-0.180521839,1.61873274,-1.270340905,0.0,68.26889043,0.584163973,0.815811464,36.25,1.726280852,-0.09737396,-4.350735835,83.375962
12,2.0,0,5.291107158,3.782892675,1.2734,4.074788924,0.908166554,3.546970578,3.554,14.12178787,0.162312704,3.489086348,3.766546899,-0.429555971,-2.537248636,3.224263634,0.494211711,0.423386105,-0.925230427,0.864802365,-0.190798307,4.20329,3.40996488,-0.866869293,0.776682206,461.9788659,-2620.628879,0.352037785,15.68130914,0.284634472,186.2049554,1.568342838,7.611500723,1.236391842,0.541375803,5.365275,2.965833295,-0.18288871,1.599821562,-1.000192035,0.0,-13.98257711,0.599455925,0.819757022,38.5,1.799326395,-0.108352376,-4.047389908,80.392169
0,8.0,0,0.0,3.783007278,1.36957,4.059355403,0.908166554,3.548790556,3.554,14.12178787,0.176480834,3.488017083,3.766546899,-0.48193366,-2.728216493,3.224263634,0.468678656,0.423386105,-0.925230427,0.884119389,-0.190798307,3.6032,3.409680537,-0.956316831,0.776682206,461.9788659,-2620.628879,0.352037785,15.68130914,0.284634472,186.2049554,1.563484673,7.611500723,1.236391842,0.541375803,5.394260507,2.965833295,-0.18288871,1.594680333,-1.000192035,0.0,-13.98257711,0.599455925,0.819757022,34.5,1.798373024,-0.108352376,-4.047389908,80.392169
0,8.0,0,0.0,3.790453681,1.36655,4.069410558,0.993219427,3.544236603,3.393,15.05761307,-0.042887384,3.477442516,3.889442208,-0.354764616,-3.607023046,3.791854101,0.367162465,0.420574407,-1.19723223,0.904042522,-0.368731508,3.3522,3.369303714,-1.42090894,0.783800426,524.5880864,-1899.860642,0.38775207,18.90286345,0.327157226,191.7412216,1.555560278,7.776126584,1.186594637,0.537455796,5.418875748,3.147372646,-0.16821998,1.588052967,-1.382916693,0.0,-32.24275548,0.586970098,0.770862988,34.75,1.74142839,-0.011757012,-3.764394986,77.18879
0,9.0,0,0.0,3.927994613,1.24661,4.132403079,0.125,3.665467898,3.569,13.86941204,-0.10751223,3.541830091,3.477998271,0.307725611,-4.591341697,2.523973831,0.279326845,0.530581249,-1.828574687,1.207843515,0.25381445,4.44229,3.312639836,-2.27523769,1.096490437,607.1811355,2376.452286,0.293831021,16.15235131,0.0,198.7113594,1.418430468,7.436618743,0.701323551,0.530581249,4.99121571,2.415231613,-0.298816857,1.56651826,0.0,1.0,154.5978265,0.633276638,0.958790123,37.25,1.810168205,0.00709002,-9.167900471,80.78779
0,10.0,0,0.0,3.928419534,1.34688,4.141039089,0.2,3.746809807,3.881,14.16654127,-0.197943733,3.61618747,4.490272438,0.255969581,-7.619544056,2.397110768,0.134641017,0.0,-1.993595549,1.160376286,0.033523402,5.55909,3.358650046,-3.885439685,0.994553928,1262.922197,1332.599213,0.52642537,16.07326895,0.0,192.8119369,1.560119331,7.467283667,0.889616016,0.0,5.075362481,2.413791445,-0.386827615,1.671296142,-0.411185344,1.0,190.001449,0.728392784,1.09488663,39.75,1.765370094,0.08840665,-6.517016195,85.641376
0,10.0,0,0.0,3.928420566,1.38219,4.141046774,0.2,3.752587541,4.066,14.35589273,-0.245825934,3.620396064,4.522089287,0.240751072,-6.47026418,2.425858658,0.206364096,0.0,-2.035990586,1.279766132,0.016903032,5.57569,3.364771161,-2.575964655,1.004243164,1139.451087,1609.508967,0.510988541,16.07326895,0.0,193.1044674,1.588819018,7.51419357,0.873100445,0.0,5.360625015,2.432384545,-0.39572772,1.69319081,-0.425929364,1.0,217.1580789,0.728392784,1.066958579,41.75,1.783405225,0.099863309,-6.724063841,92.630548
0,11.0,0,0.0,3.928423916,1.39978,4.141064235,0.425695024,3.780155777,4.575,14.51520848,-0.274487531,3.643715252,4.95197967,0.343065241,-6.159815521,2.347428734,0.246607303,0.0,-2.074437897,1.102870511,0.036488255,5.16159,3.522222281,-2.542376965,0.973246453,1190.642247,2058.002007,0.545716602,16.47155389,0.0,190.2590919,1.61672185,7.532266341,0.860491267,0.0,5.191460497,2.60371725,-0.40519451,1.721653642,-0.441845713,1.0,226.5296928,0.811726117,1.054603807,45.75,1.82202964,0.018038305,-11.8753374,97.917341
17,1.0,0,1.062629831,3.874728617,1.24326,4.056942539,0.125,3.771278665,3.853,15.94850339,-0.048676198,3.62318881,4.011718412,-0.27776423,-6.103716992,3.876813222,0.225663244,0.351290166,-1.572799758,0.903016826,-0.521344359,7.20476,3.461778512,-1.195769223,0.830590081,1024.647285,-2476.387721,0.343436325,16.68338069,0.391024699,193.4952962,1.541374899,7.984170759,1.283726488,0.391024699,5.323657757,3.92001909,-0.148565189,1.642011504,-2.872618937,0.0,29.45541958,0.516825605,0.783041038,49.5,1.829602263,-0.062285039,-1.01720979,87.382169
0,9.0,0,0.0,3.807752958,1.39842,4.038453545,0.125,3.741409484,3.853,15.94850339,0.038951838,3.608069911,4.011718412,-0.224252215,-6.184909376,3.876813222,0.221238388,0.351290166,-1.572799758,0.888146291,-0.521344359,7.20476,3.45805456,-0.975706578,0.830590081,1024.647285,-2476.387721,0.343436325,16.68338069,0.391024699,193.4952962,1.540357812,7.984170759,1.283726488,0.391024699,5.323657757,3.92001909,-0.148565189,1.636846643,-2.872618937,1.0,29.45541958,0.516825605,0.783041038,42.0,1.812713739,-0.062285039,-1.01720979,87.382169
12,1.0,0,4.475509167,3.783475262,1.23162,4.032780669,0.598408481,3.538203728,3.587,13.57372549,0.004623429,3.49001438,3.42921581,-0.454793546,-2.736445715,3.142619358,0.457562573,0.427952221,-0.920600798,0.909159912,-0.182464974,4.17468,3.414889905,-0.975017978,0.795682486,340.46034,-2490.827915,0.294898696,9.941499509,0.27929284,185.7160251,1.542241604,7.578842008,1.235812454,0.54517803,5.152920562,2.966622058,-0.086200121,1.591938547,-0.975654998,0.0,-23.19900499,0.380742842,0.740322439,38.5,1.799313122,-0.062919533,-5.111306348,79.590169
0,7.0,0,0.0,3.782487856,1.32855,4.014748726,0.598408481,3.538389467,3.587,13.57372549,0.028431717,3.488879471,3.42921581,-0.502645276,-2.851339508,3.142619358,0.442786117,0.427952221,-0.920600798,0.935264544,-0.182464974,4.17468,3.413724406,-1.061454088,0.795682486,340.46034,-2490.827915,0.294898696,9.941499509,0.27929284,185.7160251,1.540679983,7.578842008,1.235812454,0.54517803,5.211744091,2.966622058,-0.086200121,1.589778583,-0.975654998,0.0,-23.19900499,0.380742842,0.740322439,34.5,1.79837302,-0.062919533,-5.111306348,79.590169
18,2.0,1,1.096782891,3.852160419,1.12811,4.056787719,0.595275394,3.769603312,3.847,15.89148938,-0.075664332,3.624892766,3.843092763,-0.229457243,-9.257333643,4.101798268,0.098832042,0.629901277,-1.593739842,0.7739148,-1.095745094,7.53037,3.459165457,-2.363883452,0.823762164,629.7502353,-2837.959742,0.35865084,18.73238208,0.372502874,203.5006565,1.54001889,7.94084222,1.291047544,0.629901277,5.259535459,3.989389411,-0.137163612,1.588586924,-1.902317643,0.0,-16.96008533,0.433492272,0.75772673,51.0,1.863305286,-0.139233937,-1.638574234,81.983411
0,11.0,1,0.0,3.829597229,1.27372,4.038483334,0.595275394,3.763688309,3.847,15.89148938,-0.061754764,3.614018161,3.843092763,-0.216438074,-9.99485009,4.101798268,0.082190749,0.629901277,-1.593739842,0.776005178,-1.095745094,7.53037,3.456446386,-2.368452978,0.823762164,629.7502353,-2837.959742,0.35865084,18.73238208,0.372502874,203.5006565,1.539317468,7.94084222,1.291047544,0.629901277,5.319236951,3.989389411,-0.137163612,1.586602352,-1.902317643,0.0,-16.96008533,0.433492272,0.75772673,44.0,1.839470245,-0.139233937,-1.638574234,81.983411
0,12.0,0,0.0,3.792861368,0.96842,6.87951623,0.0,3.68169911,3.484,6.684581837,-0.007679951,3.558957674,2.526527567,-0.146632586,-15.18519651,2.788758653,0.01003602,0.0,-0.269445468,1.056472632,0.631511656,5.98385,3.242704579,-14.0073537,0.573752724,118.444067,1368.194663,0.204876642,17.26143697,0.0,216.5046458,1.2578735,7.390091809,0.943266764,0.0,5.226251077,2.750472041,-0.436028872,1.427799061,0.0,2.0,66.30782373,0.468480722,0.355752523,42.75,1.648830843,-0.033894513,-0.588825911,67.114274
0,12.0,0,0.0,4.0068094,1.10755,6.879516345,0.0,3.757253229,3.234,15.31412899,0.171152347,3.553751895,2.847521349,0.047411384,-10.25627466,3.236963465,0.044691944,0.0,-0.361259383,1.080825844,-0.296270786,7.01377,3.250287951,-8.971860006,0.531199221,189.5095221,1651.719664,0.2140743,20.31768782,0.0,221.8444968,1.256961729,7.629517739,1.02902342,0.0,4.98875844,3.085292378,-0.422773271,1.413557042,0.0,2.0,16.38585012,0.45318877,0.267310344,39.75,1.634102995,-0.042172472,0.800287208,67.194481
0,12.0,0,0.0,4.004667144,1.13527,6.879516345,0.0,3.75496548,3.344,6.789800173,0.235282628,3.55489765,2.915234397,-0.028552006,-8.860030027,2.822522827,0.073837305,0.0,-0.249864825,1.215116952,0.791692177,6.88327,3.252557,-9.392314626,0.519934641,373.9769889,2828.519635,0.215167073,20.31768782,0.0,215.6012418,1.405810812,7.519681366,0.908390299,0.0,5.023225002,2.64612824,-0.470551049,1.425646604,0.0,2.0,37.22683599,0.45318877,0.267539852,40.5,1.637255909,0.008436034,-1.770166683,71.19986
0,12.0,0,0.0,4.002047064,1.14058,6.879516345,0.0,3.754482064,3.197,6.782300173,-0.043702031,3.56573699,2.944975298,0.052801205,-8.342264341,2.713517154,0.079821779,0.0,-0.193753714,1.117967812,0.853906014,7.04451,3.272544794,-9.185213455,0.523180115,485.2909276,3519.843908,0.204876642,19.39677839,0.0,218.0589809,1.349065939,7.385362211,0.904758721,0.0,4.952082427,2.550710394,-0.470551049,1.43311327,0.0,2.0,35.06697784,0.45318877,0.265009712,39.5,1.659764919,0.035251863,-4.712254257,70.39786
0,12.0,0,0.0,3.768646768,1.02981,6.87951623,0.0,3.719141199,2.985,6.708214761,-0.027998828,3.549640097,2.585484812,0.041160863,-10.19440366,2.728712522,0.041347176,0.0,-0.215384897,1.146399122,0.842097624,6.0993,3.247851624,-17.35014726,0.586913183,366.7521172,1377.640978,0.204876642,17.26143697,0.0,214.1930388,1.354800112,7.342701457,1.045905415,0.0,5.104910077,2.565007716,-0.441828449,1.470140338,0.0,2.0,90.21811861,0.468480722,0.346462672,39.0,1.643646958,0.025021416,0.057698403,68.014653
0,12.0,0,0.0,3.787797204,0.96871,6.87951623,0.0,3.725145045,3.484,6.658948179,-0.004647334,3.550160232,2.526527567,-0.104720821,-11.22814074,2.801202455,0.033291043,0.0,-0.324511881,1.05649384,0.630172063,5.98385,3.266302615,-6.220551954,0.579711416,118.444067,1775.362579,0.204876642,17.26143697,0.0,216.5351579,1.266292878,7.383148205,1.048694304,0.0,5.226251077,2.77808642,-0.431624367,1.427455105,0.0,2.0,66.30782373,0.468480722,0.355752523,42.75,1.639024536,-0.033894513,-0.772856587,67.114274
0,12.0,0,0.0,4.005020956,1.17465,6.879516345,0.0,3.756435197,3.344,6.834301307,0.239657791,3.555950199,2.897975499,0.015329378,-7.712970948,2.781492072,0.110393283,0.0,-0.25007741,1.187714062,0.81204991,7.15147,3.257347548,-7.926684755,0.515840127,484.5819216,2371.092738,0.215167073,20.31768782,0.0,214.1043761,1.413332261,7.502751592,0.891770234,0.0,5.104648347,2.604743498,-0.490959212,1.613737636,0.0,2.0,48.15335933,0.45318877,0.275253308,41.0,1.656578442,0.000293,-0.106535026,74.293446
0,12.0,0,0.0,4.003489141,1.1025,6.879516345,0.0,3.757481141,3.272,14.42846443,-0.162487148,3.555531014,2.833283608,0.153200775,-10.16401878,2.95143375,0.045958995,0.0,-0.316202693,1.035746247,-0.285179324,7.01377,3.254352706,-9.128475819,0.512671106,189.5095221,2642.499098,0.204876642,19.39677839,0.0,221.039337,1.256237539,7.564915386,1.003110375,0.0,4.98875844,3.099264434,-0.428884382,1.412025081,0.0,2.0,16.38585012,0.45318877,0.260630669,39.75,1.629187295,0.105978946,1.291358783,67.194481
0,12.0,0,0.0,4.038059393,1.13607,6.879516345,0.0,3.858180408,3.354,6.800475756,-0.12636216,3.559485014,2.969016984,0.119334736,-11.85948605,2.706410302,0.027494105,0.0,-0.180400224,1.07276578,0.867259503,7.52807,3.259386946,-8.852762156,0.514396921,197.3554017,2838.111616,0.204876642,19.39677839,0.0,225.4153623,1.255964295,7.506842837,0.999094703,0.0,4.98875844,2.567981321,-0.47123692,1.411092161,0.0,2.0,9.548579752,0.45318877,0.267136342,39.75,1.624497991,0.019107278,-3.148354696,68.817481
0,12.0,0,0.0,3.883306382,0.96873,4.023542159,0.0,3.700086769,3.063,6.718100791,-0.033170933,3.547064813,2.451506029,0.059441403,-14.29267668,2.737211695,0.011487894,0.0,-0.201597817,1.105589375,0.844252331,6.65647,3.233767253,-8.637344964,0.746129824,101.6083686,1095.873714,0.204876642,17.26143697,0.0,215.3833581,1.256923218,7.472902627,0.978117068,0.0,4.94875844,2.587072768,-0.442065626,1.415883381,0.0,2.0,87.18457635,0.468480722,0.584248267,39.5,1.637801672,0.011087943,-1.201610921,65.564274
0,12.0,0,0.0,4.003179593,1.17246,6.879516345,0.0,3.760006942,3.197,6.826801307,-0.060412127,3.572904453,3.010234997,0.088584777,-8.668270829,2.674455815,0.078121387,0.0,-0.193966299,1.11576012,0.858901762,7.57889,3.29582554,-9.17033798,0.521843119,546.4416957,2780.0298,0.204876642,19.39677839,0.0,215.8625623,1.405680537,7.388552823,0.901366709,0.0,5.03736536,2.54119057,-0.490959212,1.537922879,0.0,2.0,45.04901517,0.45318877,0.264940381,40.0,1.68806348,0.031931011,-2.653253864,73.491446
0,12.0,0,0.0,4.004958041,1.07365,6.879516345,0.0,3.767894614,3.696,6.717390876,-0.101807332,3.572497514,2.892463909,0.072249587,-8.93740782,2.947504409,0.07217588,0.0,-0.276874462,1.016787413,0.608339194,6.74635,3.288492768,-8.329759506,0.514128901,185.23628,2448.04183,0.204876642,19.39677839,0.0,225.2074787,1.258888831,7.503384679,0.979143275,0.0,5.030172646,2.82013934,-0.45666216,1.416258147,0.0,2.0,18.33280714,0.45318877,0.263594067,43.25,1.642970707,0.00939817,-2.038256806,69.497481
0,12.0,0,0.0,4.003013622,1.10148,6.879516345,0.0,3.758511315,3.234,14.24425229,0.044367328,3.556307405,2.834307975,0.08426752,-9.309541335,2.959831682,0.059542012,0.0,-0.361259383,1.046763161,-0.306218611,7.01377,3.255088252,-9.348268825,0.516743005,189.5095221,1548.836575,0.204876642,19.21782678,0.0,220.141104,1.256296639,7.686886837,1.030545751,0.0,4.98875844,2.910309012,-0.422773271,1.412120058,0.0,2.0,16.38585012,0.45318877,0.264746077,39.75,1.627176731,-0.007477026,0.77845052,67.194481
0,12.0,0,0.0,3.993425632,1.08364,6.879516345,0.0,3.740565576,3.221,6.727300173,-0.029860255,3.549326838,2.770999195,0.033130772,-14.43213666,2.719521605,0.01099799,0.0,-0.189407531,1.127891423,0.851449476,6.87467,3.237199791,-8.81935434,0.514372584,179.1948239,2392.155911,0.204876642,17.26143697,0.0,217.3395648,1.256236292,7.40917034,1.006472223,0.0,4.94875844,2.566330302,-0.442773271,1.411656191,0.0,2.0,25.10189811,0.468480722,0.265816914,39.0,1.633710606,0.013605796,1.009827231,67.304274
0,12.0,0,0.0,3.782938945,0.97352,6.87951623,0.0,3.724102963,3.094,6.690198179,-0.04136346,3.550478508,2.537372289,-0.030063121,-11.40276079,2.759136504,0.031575239,0.0,-0.283695555,1.122933065,0.817813877,6.17306,3.286207368,-6.379195187,0.578448391,132.7740414,1692.163898,0.204876642,17.26143697,0.0,214.4317781,1.319131461,7.367218616,1.047929938,0.566012724,5.301307266,2.697512815,-0.439436867,1.442804081,0.0,2.0,74.50870568,0.468480722,0.35390104,42.5,1.640664809,-0.011571211,-1.400893152,68.441067
0,12.0,0,0.0,4.047714024,1.1422,6.879516345,0.0,3.854674117,3.311,6.898982272,-0.066687977,3.559071082,3.048797825,0.039687316,-11.67420383,2.705309719,0.029081951,0.0,-0.169068025,1.165657918,0.867259503,7.52807,3.254025463,-9.740360087,0.519544104,197.3554017,2091.101833,0.236005343,20.0743648,0.0,227.4343116,1.256984829,7.520913124,1.025359524,0.0,4.98875844,2.575546438,-0.506816481,1.413469017,0.0,2.0,9.548579752,0.45318877,0.303372385,39.75,1.627267745,0.009841286,-3.6415183,68.817481
0,12.0,0,0.0,3.789851961,0.9916,6.87951623,0.0,3.725754678,3.019,6.732154198,-0.02645918,3.551128323,2.530926434,0.016421812,-11.46715441,2.687631337,0.034297169,0.0,-0.263499976,1.164290616,0.827895757,6.52227,3.345126015,-6.043279044,0.578871632,360.9038966,1566.170235,0.204876642,17.26143697,0.0,207.9308571,1.409855601,7.371144593,1.069100481,0.0,5.317545623,2.579766804,-0.451782546,1.571439634,0.0,2.0,85.65642723,0.468480722,0.370814093,44.5,1.647265321,-0.008041045,0.303697524,71.534653
0,12.0,0,0.0,4.010055002,1.19651,6.879516345,0.0,3.771929657,3.32,6.844800173,0.186485126,3.569800311,3.155511758,-0.008913626,-6.737303882,2.734825103,0.145883931,0.0,-0.254211008,1.217764081,0.8095107,7.60861,3.276107712,-10.27310985,0.50636565,665.3990465,3853.844614,0.242656224,23.1221167,0.0,208.3879169,1.415428142,7.48555338,0.835773923,0.0,5.028077681,2.627637901,-0.498328826,1.434998715,0.0,2.0,48.15335933,0.440702944,0.272329008,41.0,1.659179254,0.014577582,-7.254468728,74.293446
0,12.0,0,0.0,3.773112457,0.99537,6.87951623,0.0,3.720729993,3.06,13.74497861,-0.038301211,3.548831675,2.465774019,0.061295889,-7.807634314,2.96816681,0.087170813,0.0,-0.382051564,1.082107634,-0.263346456,6.25127,3.229605285,-6.79687627,0.571222634,130.8203544,1810.662241,0.204876642,17.26143697,0.0,214.1995953,1.257500702,7.497060915,1.047186041,0.0,5.06875844,2.760127892,-0.411216204,1.415977716,0.0,2.0,64.22005209,0.468480722,0.345040083,39.25,1.635821761,-0.005654015,-2.353139538,64.811274
0,12.0,0,0.0,3.911613862,1.02569,6.87951623,0.0,3.732526307,3.142,6.721568251,-0.0321734,3.54914818,2.611252612,0.041004349,-11.16866833,2.729591348,0.030494503,0.0,-0.197209314,1.116459659,0.848640834,6.76557,3.234269117,-8.361885814,0.560394138,145.934839,2010.735932,0.204876642,17.26143697,0.0,216.3719779,1.256792766,7.437979542,1.036439367,0.0,5.06875844,2.574178803,-0.442332354,1.413701459,0.0,2.0,52.190921,0.468480722,0.329063245,39.25,1.634769842,0.012325764,-0.173372949,66.434274
0,12.0,0,0.0,3.780681601,0.99506,6.87951623,0.0,3.672725266,3.06,13.78727009,-0.033463358,3.543575678,2.465774019,0.09812278,-8.841806687,2.907685544,0.063098102,0.0,-0.297769799,1.082588581,-0.262006863,6.25127,3.235957146,-11.39457976,0.566003177,130.8203544,1432.314729,0.204876642,17.26143697,0.0,214.1313402,1.256465918,7.515713033,0.948649421,0.0,5.06875844,2.884712057,-0.423683193,1.416369497,0.0,2.0,64.22005209,0.468480722,0.345040083,39.25,1.639711837,-0.005654015,-1.976134417,64.811274
0,12.0,0,0.0,3.77677995,1.02962,6.87951623,0.0,3.670877922,2.985,6.715754677,-0.032850291,3.552972932,2.585484812,0.004166264,-8.320728775,2.720696649,0.074256665,0.0,-0.204019799,1.145728369,0.836837207,5.6394,3.239024015,-13.51182066,0.580961706,366.7521172,794.6430612,0.204876642,17.26143697,0.0,214.1628754,1.339820932,7.349247503,0.943787376,0.0,5.104910077,2.555380191,-0.442201712,1.463643702,0.0,2.0,90.21811861,0.468480722,0.346462672,39.0,1.661053641,0.025021416,-0.261964478,68.014653
0,12.0,0,0.0,4.008318586,1.16118,6.879516345,0.0,3.775687512,3.21,14.65628933,0.010388649,3.571032069,3.08424435,0.103919717,-7.025958804,2.941878112,0.126633464,0.0,-0.365605566,1.053409634,-0.259922315,7.18361,3.277167298,-9.699516881,0.524943251,507.9773524,2813.489465,0.236373681,22.05850337,0.0,220.7212171,1.340008655,7.621421233,0.925033482,0.0,5.020188851,2.871629078,-0.450551049,1.433051631,0.0,2.0,25.59361205,0.440702944,0.263647693,40.25,1.654029387,0.016338065,-4.926611915,70.288067
12,4.0,0,3.377057412,3.948849969,1.39484,4.145758711,0.2,3.863686248,4.124,15.18012592,-0.539801479,3.726316912,5.641982609,0.378387716,-5.14578746,2.77386575,0.32672075,0.0,-2.319444717,1.077509605,-0.205747873,5.30589,3.609094685,-4.354586431,0.957627719,1210.954715,2600.113403,0.595501324,22.37643422,0.141764836,198.9256165,1.597019759,7.739596031,0.851474676,0.141764836,5.73536237,2.836148401,-0.373010052,1.680270666,-0.736888668,1.0,199.8854072,1.033299703,1.007479927,50.75,1.821828173,0.293411243,-8.719405512,98.662548
0,10.0,0,0.0,3.927932267,1.48361,4.142342049,0.2,3.863432488,4.124,15.18012592,-0.52612988,3.708834734,5.641982609,0.387753351,-5.235052071,2.77386575,0.32044174,0.0,-2.319444717,1.090961176,-0.205747873,5.20358,3.604795901,-4.793687258,0.957627719,1210.954715,2600.113403,0.595501324,22.37643422,0.141764836,198.9256165,1.596969157,7.739596031,0.851474676,0.141764836,5.784142858,2.836148401,-0.373010052,1.680270612,-0.736888668,2.0,199.8854072,1.033299703,1.007479927,46.25,1.813281832,0.293411243,-8.719405512,98.662548
12,4.0,0,3.382604547,3.9488666,1.42306,4.145760903,0.2,3.8669957,4.124,15.25502767,-0.553955916,3.726404731,5.65305759,0.439678393,-5.389343915,2.740656441,0.317693271,0.0,-2.326790396,1.081851648,-0.204678334,5.69599,3.609349208,-4.672245457,0.938546158,1218.938185,3252.464238,0.576595148,22.37643422,0.121764836,195.1717407,1.61062775,7.678385197,0.814968205,0.121764836,5.753221083,2.776347292,-0.378218385,1.689298474,-0.738687649,1.0,210.9586411,1.033299703,0.9991739,51.25,1.822545928,0.296705784,-11.53189029,101.756134
0,10.0,0,0.0,3.92796265,1.51088,4.142344468,0.2,3.866723408,4.124,15.25502767,-0.540284316,3.708856299,5.65305759,0.449065839,-5.422581502,2.740656441,0.315454525,0.0,-2.326790396,1.095301836,-0.204678334,5.59368,3.605069213,-5.132382158,0.938546158,1218.938185,3252.464238,0.576595148,22.37643422,0.121764836,195.1717407,1.610605265,7.678385197,0.814968205,0.121764836,5.800279907,2.776347292,-0.378218385,1.68929822,-0.738687649,2.0,210.9586411,1.033299703,0.9991739,46.75,1.813582089,0.296705784,-11.53189029,101.756134
0,8.0,0,0.0,3.669829123,1.20723,4.045819158,0.512992784,3.635617658,3.955,13.80412939,-0.60032057,3.46130366,2.426495015,-0.036589869,-7.066388166,2.898710777,0.13279243,0.0,-1.787994645,1.119547221,-0.182722995,3.40769,3.42477341,-12.70024615,1.147824861,365.8513065,-696.507505,0.21163586,11.68000546,0.352185232,179.6924134,1.490252715,7.573017798,0.962098984,0.352185232,5.329184783,2.789786756,-0.120373959,1.660101611,0.0,2.0,238.1958095,0.491581624,1.077883009,34.25,1.740279737,0.130435071,-8.303624317,78.576962
0,10.0,0,0.0,3.881721743,0.95611,3.9840839,0.814325285,3.650895291,3.035,12.91933894,-0.003746261,3.493904377,2.311670315,0.040009053,-9.035581368,2.539858167,0.059390608,0.0,-0.604304681,1.423886737,-0.451757176,4.58282,3.117011686,-4.28972996,0.849589764,312.2202716,-773.4635651,0.164184617,7.669287448,0.0,178.9137553,1.368427646,7.909208581,1.694287427,0.0,4.570538035,2.561534281,-0.159330711,1.372874417,0.0,1.0,100.1401033,0.457336156,0.649126884,37.75,1.668525928,0.159971103,5.631915752,64.02386
23,1.0,1,8.876141917,3.892968492,0.80997,4.201326316,0.5,3.698778431,3.184,12.2694685,0.041371803,3.526027522,1.996818663,0.065785096,-8.960789525,3.581984454,0.050442064,0.505530116,-1.013954869,0.835578096,-1.013954869,7.25343,3.050639561,-9.911076902,0.989539541,512.1213738,-548.048801,0.137887429,16.62206112,0.0,250.8747379,1.375148205,7.694456606,1.259440595,0.505530116,4.886842188,3.46466153,-0.055708774,1.474980048,0.0,0.0,10.28499875,0.416151733,0.658575804,44.25,1.489611232,0.069121928,-7.742366072,62.406274
0,12.0,1,0.0,3.836256056,0.96898,4.032742744,0.5,3.658719857,3.184,12.2694685,-0.023669845,3.49330921,1.996818663,0.035835755,-9.61310499,3.581984454,0.04058453,0.505530116,-1.013954869,0.791149879,-1.013954869,7.13243,3.019507748,-8.174629139,0.989539541,512.1213738,-548.048801,0.137887429,16.62206112,0.0,250.8747379,1.380294296,7.694456606,1.259440595,0.505530116,5.011842188,3.46466153,-0.055708774,1.421278533,0.0,1.0,10.28499875,0.416151733,0.658575804,36.75,1.463910441,0.069121928,-7.742366072,62.406274
0,10.0,0,0.0,3.861790709,0.87729,4.009560289,0.25,3.436193088,2.659,13.10599372,0.054533886,3.232622252,2.118215901,0.092995532,-4.833242387,3.20247099,0.155837828,0.13167587,-1.43760984,0.779532986,-0.128395062,3.9295,2.968333608,-3.322606416,0.798000566,43.47946926,639.9727061,0.20590958,5.506834813,0.0,204.9431624,1.124265949,7.567798317,1.16336274,0.13167587,4.400984177,2.762438272,0.026222915,1.166500358,-1.43760984,0.0,-1.930104289,0.511037256,0.583272352,31.25,1.470200719,-0.07903399,2.431661897,54.025895
0,10.0,0,0.0,3.871325463,0.93895,6.879516205,0.25,3.670071575,2.738,13.10946118,0.056575078,3.235314453,2.277962484,0.07490291,-4.459302429,3.192349757,0.179942789,0.131409143,-1.433221337,0.783450434,-0.124006559,4.0386,2.971435506,-3.399593327,0.671614605,79.02212151,1532.130875,0.20590958,5.506834813,0.0,205.9245772,1.123446077,7.519264463,1.139943559,0.131409143,4.54732564,2.754246399,0.025781998,1.163178206,-1.433221337,0.0,-24.22289938,0.511037256,0.334706658,31.0,1.464526376,-0.076562596,3.320398477,54.895895
0,10.0,0,0.0,3.785822894,0.81759,4.005719128,0.25,3.398510581,3.001,13.10174285,0.076331986,3.263889819,2.033490856,-0.178694736,-6.009336856,3.295460391,0.107993924,0.138153542,-1.514288081,0.766819897,-0.19992927,3.14778,3.066132212,-3.373511467,0.841777335,6.941783025,99.60697152,0.20590958,5.506834813,0.0,205.5329172,1.132976674,7.461522333,1.259377544,0.138153542,4.764590566,2.947675696,0.044743402,1.213643413,-1.514288081,0.0,9.332907435,0.511037256,0.753706625,34.75,1.501078337,-0.170311584,2.098788907,54.705895
0,11.0,0,0.0,3.719642201,0.78182,3.978531226,0.980560918,3.385051273,2.634,13.40079138,0.058733693,3.248413455,1.938714703,-0.099147956,-5.254998203,3.924041298,0.153081461,0.174269692,-1.774651164,0.817060732,-0.451965262,2.529,3.026915471,-2.741548219,1.00040478,21.73487798,301.0074352,0.20590958,5.506834813,0.0,200.9345201,1.132270636,7.751770605,0.970261478,0.174269692,4.813136197,3.644129979,0.091484552,1.20325302,-1.774651164,0.0,41.44328183,0.511037256,1.020968479,35.75,1.497241184,-0.312117176,-0.066975874,52.926895
0,11.0,0,0.0,3.811125215,0.81269,4.005974143,0.980560918,3.413943525,2.716,13.09791568,0.068797321,3.251051401,2.084193297,-0.119504233,-6.187592601,3.3547926,0.109716611,0.143153542,-1.589808914,0.828999109,-0.27030607,3.0433,3.03183659,-2.59924302,0.829475312,42.95052416,228.9241838,0.20590958,5.506834813,0.0,205.052197,1.130693837,7.631704326,1.212371403,0.143153542,4.813136197,3.152379843,0.060368402,1.198698054,-1.589808914,0.0,29.92874081,0.511037256,0.772725681,35.75,1.494312619,-0.28457986,2.323910157,54.549895
0,11.0,0,0.0,3.817449138,0.87178,6.879516255,0.980560918,3.619204541,2.795,13.10138314,0.072547295,3.252719255,2.24393988,-0.127456076,-6.591929909,3.330765869,0.094963689,0.142712624,-1.582007131,0.83398023,-0.265917567,3.1524,3.035350271,-2.568910109,0.613452985,85.63446637,-280.6778635,0.20590958,5.506834813,0.0,206.8862249,1.129437551,7.573157721,1.589567804,0.142712624,4.813136197,3.131624156,0.059927485,1.195120172,-1.582007131,0.0,3.208112184,0.511037256,0.372992718,35.5,1.491560105,-0.282764986,3.47767219,55.419895
0,10.0,0,0.0,3.746206145,0.86508,4.003243752,0.25,3.400470568,2.526,13.04786939,0.127228548,3.276775799,1.946999945,0.038196092,-3.236311529,2.866642046,0.288017164,0.134181705,-1.416192449,0.812175469,-0.115140936,3.6581,3.020293137,-2.74538875,0.761132427,24.33226291,-138.3772425,0.20590958,4.467256015,0.0,189.535586,1.134602739,7.529716091,1.264242257,0.134181705,4.486047041,2.791283202,0.012731639,1.283168056,-1.416192449,0.0,27.98542986,0.529765996,0.811276163,31.0,1.610479865,-0.217918066,3.707228984,55.606274
0,11.0,0,0.0,3.825574119,0.84773,4.003434674,0.914049227,3.426461466,2.716,13.10198461,0.128575043,3.302639341,2.131195231,-0.046320574,-4.258441841,3.013141059,0.230287161,0.133313936,-1.535243375,0.833744562,-0.220714496,3.4253,3.097210682,-2.544341675,0.775740869,79.25217283,-176.8895433,0.20590958,5.068777063,0.0,194.1105983,1.135415119,7.735613021,1.26519716,0.133313936,4.906941783,3.095421811,0.031250157,1.28921385,-1.535243375,0.0,38.69475123,0.511037256,0.843961905,36.25,1.612864605,-0.382248216,3.624847731,57.643481
0,10.0,0,0.0,3.77369865,0.89106,4.003307823,0.25,3.403708712,2.96,13.08198461,0.105663715,3.285589991,2.058111056,-0.18649798,-3.462795814,2.920704084,0.277338369,0.129181705,-1.444934733,0.717619306,-0.138739187,3.2403,3.045098375,-2.718844912,0.792326715,128.343022,85.522329,0.20590958,5.068777063,0.0,190.951054,1.137769976,7.546305872,1.20225542,0.492977021,4.863463522,2.802318362,0.012731639,1.293273064,-1.444934733,0.0,0.142235,0.511037256,0.787594406,31.75,1.612613462,-0.197419812,3.734103736,57.373067
0,11.0,0,0.0,3.813828952,1.00231,4.012447847,0.77280389,3.76115403,2.972,13.73819858,0.016342089,3.706462958,2.848252119,-0.096329117,-10.5213468,2.948803044,0.045297032,0.408885047,-1.154531136,1.04002468,-0.153319581,3.8401,3.252976195,-4.715112722,0.800453516,45.29469883,17.76789398,0.197089757,5.506834813,0.0,214.1314682,1.372874417,7.543650303,1.121585316,0.408885047,5.124740401,2.884175174,-0.60545757,1.485480303,-1.426902202,0.0,81.72749838,0.557265411,0.741403418,39.75,1.649582838,-0.112585728,-8.583959121,69.486239
0,10.0,0,0.0,3.864569166,1.10262,4.018247402,0.111111111,3.484029499,2.805,13.8452718,0.036501136,3.40116691,2.517019042,-0.013876324,-9.960660112,2.702378028,0.044480416,0.529096896,-0.998252319,0.977382379,-0.010655995,5.2857,3.282267335,-6.287553746,0.764692065,189.6836424,1354.467564,0.259887141,7.943385374,0.0,198.8274343,1.382510494,7.415967653,0.925194848,0.529096896,4.885974778,2.392063758,-0.571935241,1.584804418,-0.998252319,0.0,43.48224475,0.487556716,0.676045954,34.75,1.794945463,-0.055420302,-2.497115484,70.295825
0,11.0,0,0.0,3.817938033,0.98859,6.879516256,0.77280389,3.621618029,2.98,13.564689,0.136517752,3.334802551,2.304321526,-0.057671335,-6.700076924,2.986864978,0.123221216,0.533706494,-1.142354353,1.041998771,-0.162678243,3.5591,3.231788877,-3.612566249,0.558742248,102.2275994,-668.4567094,0.197089757,5.506834813,0.0,201.5205585,1.214776966,7.565641425,1.460062182,0.533706494,5.117268983,2.910242217,-0.480898487,1.486144035,-1.142354353,0.0,34.67462875,0.494765411,0.396776466,38.0,1.724915466,-0.147173467,0.563754408,65.502653
0,11.0,0,0.0,3.817944176,1.02178,6.879516256,0.739291395,3.621752724,2.98,13.63024455,-0.013895509,3.401031664,2.304321526,-0.265910481,-11.76560533,2.848963722,0.028287509,0.543846081,-1.114293129,1.035659553,-0.145863686,3.9492,3.248138143,-5.129288285,0.569932464,133.2762427,-724.9009496,0.197089757,5.506834813,0.0,200.8902328,1.358113318,7.479851505,1.402028966,0.543846081,5.122274065,2.750355504,-0.520898487,1.494902901,-1.114293129,0.0,42.86676467,0.494765411,0.406912193,38.5,1.794118792,-0.112786679,2.014318486,68.596239
0,14.0,0,0.0,3.813669536,0.94099,4.011496742,0.683848617,3.781417972,3.303,13.84497611,-0.016078991,3.706526077,2.517557621,-0.266863627,-9.612629977,3.007354271,0.074421671,0.541578825,-1.191346652,1.047061362,-0.165557518,4.0811,3.262381219,-14.6755285,0.795548577,-56.40399827,-243.5821769,0.197089757,7.562887486,0.0,215.9468603,1.432326995,7.503775864,1.142450713,0.541578825,5.05215372,3.012925695,-0.585171288,1.512160315,-1.191346652,0.0,73.76876356,0.578098744,0.77548426,45.75,1.845270642,-0.131435663,3.255291333,74.766239
0,11.0,0,0.0,3.81208485,1.10491,4.010819818,0.683848617,3.675502781,2.973,13.88308285,0.003131504,3.685597944,2.896545639,-0.274055812,-2.022449988,2.758331316,0.578910086,0.455606603,-1.09593282,1.004234586,-0.116149869,4.8663,3.265466227,-5.889827567,0.818966116,-6.880102603,-549.3570843,0.197089757,7.562887486,0.0,201.9785786,1.480520096,7.431332907,1.095621931,0.455606603,5.069173999,2.681131143,-0.671143511,1.568158018,-1.09593282,0.0,105.5417629,0.578098744,0.754743348,41.25,1.845369327,-0.102149764,0.340366878,78.766997
0,14.0,0,0.0,3.813817939,0.94637,4.011534738,0.709907332,3.782713655,3.303,13.85662348,-0.029390473,3.70652515,2.499325987,-0.093369243,-8.550004753,3.061181673,0.099180675,0.507695614,-1.205662679,1.046448916,-0.171594125,4.0811,3.260433848,-13.29673216,0.805389235,-56.40399827,-305.3817079,0.197089757,7.839019255,0.0,207.2643915,1.415851526,7.544246697,1.128874844,0.507695614,5.220869605,2.910579117,-0.592540903,1.507863359,-1.205662679,0.0,73.76876356,0.578098744,0.795684246,45.75,1.845265226,-0.118241012,2.092055625,74.766239
0,11.0,0,0.0,3.812165266,1.1155,4.0109288,0.739291395,3.684915481,2.973,13.90952259,0.001457727,3.692561095,2.994258706,-0.254136946,-4.185970523,2.72707476,0.32259959,0.373718337,-1.134002508,1.004987408,-0.131553892,4.8663,3.258422917,-15.07696241,0.796028539,-6.880102603,-1024.858804,0.28042309,8.220978026,0.0,199.7884545,1.488431787,7.482397028,1.101738455,0.373718337,5.209251461,2.675889827,-0.690735347,1.527262524,-1.134002508,0.0,105.5417629,0.578098744,0.781589237,41.25,1.845348388,-0.095699165,0.110566996,78.766997
0,11.0,0,0.0,3.812441885,1.05341,4.012204126,0.739291395,3.637841118,2.973,13.83164674,-0.04110961,3.623301127,2.534274657,-0.272365972,-13.66830791,2.817466167,0.020136306,0.370385004,-1.124571764,0.951398254,-0.132950365,4.3711,3.251730495,-6.22484784,0.856093778,66.44770784,515.0104587,0.197089757,8.075608443,0.0,210.6467037,1.372874417,7.45448355,1.036952799,0.370385004,5.000815129,2.671510447,-0.694068681,1.494503481,-1.124571764,0.0,90.21952002,0.578098744,0.73497523,40.25,1.84497038,-0.042771284,-2.431192927,72.579825
0,12.0,0,0.0,3.812703681,1.00172,4.012642311,0.739291395,3.673135939,3.073,13.81363015,-0.057686644,3.656791141,2.43321136,-0.274566257,-6.550547202,2.949968921,0.153879582,0.413787782,-1.175821764,0.957965226,-0.157043336,4.07329,3.25129686,-5.140707875,0.837692501,-9.827358063,426.2840802,0.197089757,8.075608443,0.0,215.2871267,1.287859933,7.492114857,1.070766416,0.413787782,5.231006375,2.808465745,-0.650665903,1.492811581,-1.175821764,0.0,78.95368535,0.578098744,0.744658155,41.25,1.844834497,-0.06726801,-1.269270599,71.246239
0,10.0,0,0.0,3.789210524,1.00915,4.012211855,0.125,3.760046362,3.257,13.74202574,0.023866143,3.706655626,2.797549678,-0.146701669,-14.65257987,2.910688466,0.011793866,0.406334027,-1.079010303,0.979653159,-0.082942781,3.94458,3.265390421,-8.460941895,0.815675879,-7.467432508,-196.0134974,0.197089757,5.506834813,0.0,214.471576,1.372874417,7.474409177,1.155134527,0.406334027,5.08655978,2.777398876,-0.61045757,1.492364857,-1.3086386,0.0,60.02065376,0.557265411,0.730925467,38.75,1.649709093,-0.048865823,-9.180646697,69.642239
0,10.0,0,0.0,3.774236893,1.03705,4.012120919,0.125,3.757097621,2.833,13.66412451,-0.003122002,3.705825728,2.73679613,0.160007921,-9.508786674,2.997159599,0.051226626,0.412251187,-1.106305828,0.992845358,-0.310777004,4.212,3.231233479,-11.70339693,0.807812545,17.60623881,-42.91718235,0.197089757,5.506834813,0.0,212.8351375,1.372874417,7.556061614,1.121628843,0.412251187,4.922827333,2.779249684,-0.598111891,1.467266535,-1.348402559,0.0,59.11406487,0.557265411,0.693011697,35.25,1.64924188,-0.013528444,-10.02793899,67.339239
0,10.0,0,0.0,3.866006426,1.06699,4.015618593,0.125,3.761888426,2.915,13.74627662,0.002074376,3.706126685,2.882274723,0.120637584,-12.10752636,2.852500447,0.022740632,0.403229344,-1.002332062,1.011051133,-0.011408573,4.7263,3.235288375,-13.66488871,0.751343152,57.30395478,513.2963472,0.197089757,5.506834813,0.0,214.1643796,1.372874417,7.516633353,0.997903802,0.403229344,4.813736424,2.683168317,-0.616935241,1.461194173,-1.189434406,0.0,46.81265183,0.557265411,0.589220265,35.25,1.649100804,-8.25e-05,-8.978346839,68.962239
0,10.0,0,0.0,3.874501121,1.1242,6.879516205,0.125,3.762776446,2.994,13.74974408,0.004111964,3.706267192,3.042021306,0.105252522,-9.701034233,2.846394704,0.048239688,0.403101505,-0.997943559,1.01718586,-0.00702007,4.8354,3.237876924,-12.14251006,0.592272989,156.5161275,1955.382917,0.197089757,5.506834813,0.0,214.7564288,1.372874417,7.497407382,0.764892562,0.403101505,4.922827333,2.679112934,-0.617201968,1.455564278,-1.182724711,0.0,17.15306059,0.557265411,0.350537419,35.0,1.648964526,0.00089,-8.34975534,69.832239
0,10.0,0,0.0,3.874816594,1.13929,10.69471972,0.125,3.762934519,3.031,13.75023699,0.007990866,3.706481258,3.15200687,0.076061216,-9.392424988,2.845526749,0.053123664,0.403175579,-0.997319717,1.026745653,-0.006396227,4.6775,3.243207898,-11.11438855,0.521784914,248.6228595,3383.451646,0.197089757,5.506834813,0.0,215.6276907,1.372874417,7.464287643,0.689982743,0.403175579,4.922827333,2.678536446,-0.617047419,1.453519022,-1.181770902,0.0,-8.521689917,0.557265411,0.257944837,35.0,1.648913384,0.001030521,-6.466218913,72.132239
0,10.0,0,0.0,3.770435694,1.07105,4.012029975,0.125,3.754852659,2.758,13.73819858,0.00701129,3.706412914,2.856506923,0.114572659,-12.16516516,2.84479875,0.022334692,0.403375447,-1.012555828,1.027233747,-0.021632338,4.10092,3.247563762,-12.63661931,0.822947024,170.2837025,-567.0448295,0.197089757,5.506834813,0.0,212.3018236,1.372874417,7.452187146,1.163077153,0.403375447,4.975890315,2.634637138,-0.616630409,1.541590888,-1.205065783,0.0,80.96665192,0.557265411,0.700586361,35.0,1.650531748,0.01636647,-7.099194681,70.542618
0,10.0,0,0.0,3.771045465,1.05693,4.012034206,0.125,3.755388988,2.943,13.76968006,-0.026967223,3.705892,2.810665635,0.246817728,-18.91314227,2.82204828,0.003243004,0.404190566,-1.045252587,1.094580202,-0.049185064,4.58229,3.236290213,-5.857739897,0.798677763,95.75322229,-53.61372366,0.197089757,5.506834813,0.0,206.9766081,1.38731978,7.518138523,1.11818011,0.404190566,5.151805499,2.696074213,-0.61428473,1.496097117,-1.255367569,0.0,91.0949938,0.557265411,0.710018819,36.0,1.649457643,0.000889,-10.74905281,71.344618
0,10.0,0,0.0,3.866867013,1.13977,4.020133444,0.125,3.762062677,2.876,13.95669328,0.070534471,3.706130348,3.220696218,0.170739923,-10.12553843,2.784910177,0.046498046,0.390883665,-1.030688544,0.990039865,-0.013723388,5.2857,3.288295806,-8.838165569,0.743472882,213.9316361,651.8415152,0.259887141,7.943385374,0.0,211.7339465,1.372874417,7.469563333,0.958299884,0.390883665,4.892909125,2.519871529,-0.656935241,1.579258321,-1.22846738,0.0,54.90163434,0.550056716,0.635853442,35.75,1.650580485,-0.067033941,-9.280193092,72.055825
0,10.0,0,0.0,3.866867013,1.13977,4.020133444,0.125,3.762062677,2.876,13.95669328,0.070534471,3.706130348,3.220696218,0.170739923,-10.12553843,2.784910177,0.046498046,0.390883665,-1.030688544,0.990039865,-0.013723388,5.2857,3.288295806,-8.838165569,0.743472882,213.9316361,651.8415152,0.259887141,7.943385374,0.0,211.7339465,1.372874417,7.469563333,0.958299884,0.390883665,4.892909125,2.519871529,-0.656935241,1.579258321,-1.22846738,0.0,54.90163434,0.550056716,0.635853442,35.75,1.650580485,-0.067033941,-9.280193092,72.055825
0,8.0,0,0.0,3.78850693,1.45476,4.066467512,0.337553191,3.673229232,3.586,16.063345,0.233170771,3.594897631,4.388840194,-0.54344356,-2.601643498,3.628281352,0.521831325,0.518445353,-1.118963013,1.037977676,-0.286296455,4.4557,3.444825481,-0.767332967,0.79195062,528.547989,-2486.079628,0.394994267,20.20050812,0.286517792,183.6612872,1.571313618,7.668550171,1.199401553,0.518445353,5.418939625,2.889318992,-0.215136826,1.624869732,-1.256579586,0.0,51.55946228,0.667497306,0.800117199,37.75,1.839005871,-0.137221077,-0.392118293,89.194341
0,8.0,0,0.0,3.787534672,1.4123,4.066460311,0.166666667,3.638534114,3.348,15.96540826,0.273646224,3.579491428,4.053429997,-0.402639017,-3.755524715,3.778980046,0.362400009,0.0,-1.087583626,1.000951993,-0.268190247,4.751,3.437684604,-1.827112882,0.788775719,570.4531048,-2445.512386,0.394994267,20.20050812,0.290397573,193.0870211,1.562249437,7.642682571,1.189944921,0.290397573,5.253794267,2.905991886,-0.19778431,1.591631033,-1.201882335,0.0,49.26370226,0.686226046,0.808456803,35.75,1.838927265,-0.135562273,-1.879456959,82.205169
0,9.0,0,0.0,3.789365887,1.43772,4.066470706,0.360562393,3.696759904,3.802,16.05494209,0.243993936,3.59735956,4.49809027,-0.308067656,-3.2527239,3.682628025,0.443445232,0.0,-1.139296461,0.93749914,-0.302542099,5.0099,3.446873601,-1.090052228,0.774039853,813.4723097,-2203.576361,0.440637813,20.55877101,0.290140752,186.5462741,1.567479962,7.669332536,1.17973791,0.290140752,5.348297357,2.935371921,-0.212125204,1.60731992,-1.290817996,0.0,69.29850698,0.667497306,0.808759921,39.25,1.838975185,-0.176890334,-0.942960351,87.860755
0,8.0,0,0.0,3.788907533,1.54226,4.066468345,0.337553191,3.690530704,3.507,16.12604878,0.242395397,3.600186015,4.655628975,-0.64242574,-2.221118315,3.382716049,0.589289507,0.296223131,-1.127313564,1.006739501,-0.288505117,5.2343,3.461435734,-0.817777898,0.785035874,961.4039528,-2480.983573,0.394994267,20.20050812,0.281415751,173.6856687,1.589166041,7.667198712,1.213911931,0.296223131,5.401617895,2.742369945,-0.227891928,1.770031546,-2.040970295,0.0,63.61280961,0.667497306,0.850655228,38.75,1.839092316,-0.137756863,2.07612876,95.381513
0,8.0,0,0.0,3.794518492,1.3859,4.066576921,0.166666667,3.713838224,3.104,15.94996902,0.183342214,3.595282915,4.278348602,-0.45979543,-2.695893081,3.868478887,0.500947168,0.0,-2.428938102,1.081375546,-0.351628842,4.9483,3.440950157,-0.423864316,0.753829038,504.8120916,-2380.176241,0.394994267,20.55877101,0.304627439,192.6209485,1.562421602,7.792086794,1.18900571,0.304627439,5.339508552,3.104912084,-0.190138517,1.590655946,-1.380542385,0.0,46.84667056,0.80358007,0.869209716,37.5,1.838857125,-0.37221776,-2.621202186,81.985583
0,8.0,0,0.0,3.789870828,1.42652,4.066502823,0.421716333,3.678071565,3.366,15.93814931,0.299631735,3.59946503,4.20052395,-0.447866117,-3.821945428,3.886736834,0.355952415,0.365018337,-1.128189335,0.857141734,-0.301132634,4.9124,3.44318571,-1.828550794,0.775799275,597.6017658,-2465.92562,0.394994267,21.49215403,0.294529805,193.7045045,1.57322912,7.679455402,1.193770253,0.365018337,5.423246015,2.976814977,-0.193652079,1.689092413,-1.269746998,0.0,21.07963514,0.785348436,0.82698449,35.5,1.74487758,-0.189065918,-1.884208482,81.240376
0,8.0,0,0.0,3.789870828,1.42652,4.066502823,0.421716333,3.678071565,3.366,15.93814931,0.299631735,3.59946503,4.20052395,-0.447866117,-3.821945428,3.886736834,0.355952415,0.365018337,-1.128189335,0.857141734,-0.301132634,4.9124,3.44318571,-1.828550794,0.775799275,597.6017658,-2465.92562,0.394994267,21.49215403,0.294529805,193.7045045,1.57322912,7.679455402,1.193770253,0.365018337,5.423246015,2.976814977,-0.193652079,1.689092413,-1.269746998,0.0,21.07963514,0.785348436,0.82698449,35.5,1.74487758,-0.189065918,-1.884208482,81.240376
0,8.0,0,0.0,3.790071957,1.43266,4.066504181,0.166666667,3.681560961,3.294,15.95467823,0.273665836,3.600439512,4.248777433,-0.452615045,-3.741032792,3.802343526,0.363822218,0.0,-1.103497977,0.872696233,-0.281132634,4.8788,3.444056336,-1.855238751,0.781190529,657.3500272,-2476.988515,0.394994267,21.49215403,0.290397573,192.8896184,1.573556463,7.652570773,1.196546513,0.339943026,5.368079981,2.950882723,-0.19778431,1.725755443,-1.228526714,0.0,27.30171426,0.785348436,0.824400106,35.5,1.745922711,-0.162503263,-1.961305143,82.205169
0,8.0,0,0.0,3.78816439,1.43733,4.066465945,0.166666667,3.660536835,3.331,16.01120716,0.269809279,3.590552713,4.369657763,-0.391152532,-3.382263118,3.727185045,0.410627319,0.0,-1.088910786,1.108128639,-0.265945068,5.0932,3.441771443,-1.43504601,0.799772546,719.5030745,-2641.064646,0.394994267,20.20050812,0.286925351,191.5266453,1.564311133,7.661889309,1.210089097,0.286925351,5.285179353,2.893772148,-0.206464866,1.599160805,-1.204285597,0.0,77.68974862,0.667497306,0.782711251,36.5,1.838981468,-0.097654742,-1.74277177,85.298755
0,8.0,0,0.0,3.791046154,1.44326,4.06651179,0.166666667,3.696237732,3.325,16.01326477,0.1844675,3.595293768,4.481864741,-0.551663277,-3.874227725,3.851395903,0.37031854,0.0,-1.196254067,1.138980408,-0.379258246,5.0412,3.442724477,-1.656280292,0.788128267,661.587506,-2425.967581,0.426491306,22.17113798,0.296925351,192.7492761,1.564308767,7.746379662,1.185935406,0.296925351,5.41182473,3.040184185,-0.203964866,1.599137694,-1.371795374,0.0,65.48254212,0.652205355,0.814398106,37.25,1.838944813,-0.080054332,-1.808286131,85.188962
0,8.0,0,0.0,3.792780877,1.38743,4.066575569,0.421716333,3.693857352,3.366,15.87314931,0.341656438,3.599413219,4.165043717,-0.468927869,-3.744285878,3.899951658,0.353426615,0.427518337,-1.124283085,0.87048466,-0.303190247,4.5223,3.440790433,-1.692823075,0.757344414,565.5098307,-2551.550732,0.394994267,21.49215403,0.299529805,194.1188304,1.559900285,7.714032653,1.222558821,0.427518337,5.267360596,3.027946686,-0.181152079,1.585995978,-1.263340748,0.0,13.95793416,0.770056485,0.834022036,35.0,1.838942426,-0.208879266,-2.212268285,78.14679
0,9.0,0,0.0,3.790352858,1.34431,4.069402321,0.908166554,3.561495322,3.655,15.08410918,0.228535787,3.493243379,3.884726206,-0.249765529,-2.904269029,3.75096683,0.456148176,0.469747463,-1.190569933,0.907260349,-0.319332598,3.9489,3.418491094,-1.145448943,0.777349694,523.9160104,-2125.81622,0.38775207,18.42086333,0.316214476,192.1364523,1.567525495,7.757511607,1.207620772,0.469747463,5.449906914,3.271397236,-0.173984443,1.594146834,-1.375274246,0.0,-5.965143453,0.586970098,0.80100588,36.75,1.785808988,-0.151357969,-3.980418127,78.94879
0,8.0,0,0.0,3.790713596,1.40949,4.069403874,0.360562393,3.667965386,3.484,15.18002907,0.071054991,3.597404223,4.231073469,-0.181243527,-2.810490989,3.453116363,0.486441459,0.407287386,-1.124347737,1.037584561,-0.277712096,4.0656,3.459400207,-0.645982015,0.784580991,555.5856132,-2272.71789,0.38775207,17.67465319,0.3016897,185.24468,1.593670637,7.752201116,1.228569233,0.407287386,5.570477521,3.055668024,-0.198155422,1.690583051,-1.26488717,0.0,44.96523175,0.788154562,0.79653906,37.25,1.757667138,-0.083436585,-3.861493196,86.100755
0,8.0,0,0.0,3.790338925,1.42558,4.069399696,0.166666667,3.642551061,3.37,15.19011972,0.262851086,3.593265203,4.102567655,-0.243480193,-2.082479387,3.330792887,0.586273383,0.0,-1.086164356,1.097159214,-0.255386164,5.4849,3.464242618,-0.514270501,0.795526967,589.4951504,-2186.592607,0.38775207,17.72032451,0.296078423,181.0435739,1.609812817,7.712230023,1.239174283,0.296078423,5.342743467,2.893595589,-0.202006222,1.724171079,-1.199779383,0.0,83.76176841,0.689032171,0.794765333,37.0,1.808320422,-0.04009801,-1.777095403,88.392341
0,8.0,0,0.0,3.788998526,1.30562,4.069327495,0.166666667,3.502462129,2.972,14.92665455,0.174300317,3.459069594,3.784416357,-0.241459083,-5.615866279,3.59943551,0.172914468,0.0,-1.072653464,0.953356126,-0.265961332,4.6288,3.235206678,-9.410208251,0.75943787,772.9123044,-2007.02014,0.38775207,17.72032451,0.362712782,189.9341766,1.439008639,7.735332911,1.28224318,0.362712782,5.133168926,3.122178443,-0.135721766,1.580278476,-1.175865422,0.0,21.65701202,0.586970098,0.77167836,32.25,1.649771207,-0.086667625,-5.509498497,69.397618
0,8.0,0,0.0,3.786934339,1.28579,4.069088557,0.166666667,3.501255665,2.957,14.84813604,0.16494725,3.45187319,3.741757575,-0.197643458,-8.172176963,3.874239263,0.071633953,0.0,-1.11182013,0.818579472,-0.496046323,4.3681,3.19828166,-13.89058593,0.774997749,733.1692188,-2223.697321,0.39038358,17.72032451,0.327925367,189.9450984,1.249629723,7.796634284,1.409787167,0.487712782,5.067101304,3.254134191,-0.116190516,1.574749533,-1.233925583,0.0,-6.924135783,0.586970098,0.761603774,31.5,1.609883047,-0.092998872,-2.44426078,66.304032
0,8.0,0,0.0,3.784347252,1.4301,4.066320165,0.166666667,3.642617663,3.37,15.98889027,0.251592197,3.592681553,4.120193241,-0.428253553,-2.111473888,3.561438695,0.581930903,0.0,-1.086164356,1.10846886,-0.266183752,5.4849,3.464208391,-0.469590577,0.773380889,589.4951504,-2690.143993,0.394994267,18.38153923,0.288708809,181.7338352,1.606936454,7.703253349,1.273808416,0.288708809,5.290111888,2.923212314,-0.202006222,1.724171079,-1.199779383,0.0,83.76176841,0.686226046,0.815494896,37.0,1.807425376,-0.072089089,-1.726509617,88.392341
0,8.0,0,0.0,3.784309688,1.45511,4.066319871,0.166666667,3.635068671,3.37,16.02205353,0.23092633,3.593626202,4.120193241,-0.454673922,-1.960973498,3.492197617,0.612477315,0.0,-1.087900467,1.110818758,-0.265197559,5.875,3.465821139,-0.467137188,0.775336982,578.1169926,-2592.693269,0.394994267,18.38153923,0.286157788,179.5352122,1.579172532,7.690107152,1.269407083,0.286157788,5.357021412,2.880783561,-0.208383773,1.745357271,-1.202791005,0.0,89.47344881,0.686226046,0.803114348,37.5,1.839302538,-0.052660157,-1.903368024,91.485927
0,8.0,0,0.0,3.784358493,1.50734,4.066319937,0.166666667,3.678551531,3.579,16.09600714,0.259458294,3.598469311,4.926114688,-0.529787627,-1.843107368,3.296472105,0.65140115,0.0,-1.099518847,1.245998749,-0.269418421,5.4151,3.468734469,-0.330970371,0.761485295,796.1051791,-2379.618295,0.524093711,17.42581904,0.282580336,169.9929828,1.649977924,7.638355509,1.245105671,0.282580336,5.376345938,2.854313639,-0.221153933,1.771319832,-1.223190151,0.0,118.5486655,0.667497306,0.770553089,39.75,1.83931863,-0.018034321,-3.525117781,99.439892
0,8.0,0,0.0,3.78432695,1.44167,4.066319905,0.166666667,3.650779864,3.618,16.04616918,0.286731717,3.570457294,4.436421007,-0.52645639,-2.010057339,3.514050764,0.612468426,0.0,-1.095810559,1.280822991,-0.269856819,4.6365,3.463700993,-0.341317301,0.794660183,659.6881117,-2545.906177,0.394994267,18.38153923,0.286486586,181.2322205,1.57877333,7.680975869,1.259677655,0.286486586,5.351712966,2.865767994,-0.211388308,1.732530659,-1.21658545,0.0,107.5671476,0.667497306,0.778896318,38.75,1.83923624,-0.041815582,-1.411709293,93.25272
0,8.0,0,0.0,3.784830485,1.4657,4.066320002,0.166666667,3.764760669,3.729,16.09991339,0.258142255,3.608662972,4.667915798,-0.530856374,-1.725303322,3.360082305,0.669493829,0.0,-1.094416807,1.248729642,-0.264973977,5.1691,3.494683672,-0.334586702,0.771489967,488.091255,-2507.273327,0.459543989,17.42581904,0.282580336,174.1672557,1.577001618,7.654805031,1.255885849,0.282580336,5.406047259,2.851727454,-0.221153933,1.724720703,-1.21418186,0.0,131.1907378,0.834163973,0.781641047,40.25,1.839207929,-0.021717615,-3.118436509,98.106306
0,10.0,0,0.0,3.9604924,1.43318,4.706275614,0.763680493,3.784381169,4.007,16.07503983,0.035476288,3.608437111,4.942839941,-0.391261619,-0.098125412,3.515234525,0.977438541,0.0,-4.778941579,1.094367613,-0.318497668,4.657,3.480563204,-0.755575622,0.721122249,526.7045957,-2943.138459,0.529535377,18.38153923,0.291365285,180.8677575,1.569348711,7.766957691,1.156448485,0.291365285,5.382456484,3.112213655,-0.214936754,1.661682798,-1.326760252,0.0,510.5568395,0.667497306,0.727324304,42.25,1.839081378,-0.147865442,-6.706364172,94.663134
0,8.0,0,0.0,3.780829708,1.29,4.065927891,0.166666667,3.502291868,2.957,15.49468098,0.153075447,3.451706895,3.759383161,-0.394832402,-5.116752699,4.224265345,0.191941357,0.0,-1.11182013,0.832317068,-0.566483303,4.3681,3.205491893,-9.328321966,0.749492618,733.1692188,-2523.923718,0.397625776,18.38153923,0.320555752,190.8427621,1.249629723,7.716703207,1.430107676,0.495775266,4.994374031,3.284856157,-0.116190516,1.564617383,-1.233925583,0.0,-6.924135783,0.584163973,0.78541155,31.5,1.606078097,-0.155568238,-2.279098568,66.304032
0,8.0,0,0.0,3.788555416,1.45082,4.066467672,0.166666667,3.675085599,3.364,16.05314092,0.283659127,3.595029336,4.388840194,-0.454869988,-2.62416691,3.719451082,0.518901227,0.0,-1.132851902,1.097458639,-0.298130774,5.4329,3.444927031,-0.737241827,0.801764205,481.6672461,-2515.245612,0.394994267,20.20050812,0.289068812,186.1270086,1.569894987,7.676416129,1.187293126,0.289068812,5.388924717,2.944126004,-0.212585805,1.620243802,-1.280672556,0.0,71.80172854,0.667497306,0.800338258,37.75,1.839004167,-0.170825099,-0.882002372,88.282548
0,8.0,0,0.0,3.785001937,1.44272,4.066354641,0.464158883,3.573547982,3.046,15.85018906,-0.033348884,3.508807375,4.119673622,-0.517161567,-4.103971753,3.93574775,0.319821531,0.310991073,-1.156420825,0.882541114,-0.346923118,4.7699,3.420293164,-1.777417682,0.798297923,1022.359628,-2178.106711,0.394994267,18.38153923,0.301570413,192.429569,1.562681347,7.677528627,1.190262338,0.310991073,5.193433613,3.062897666,-0.178653864,1.592087044,-2.418605965,0.0,6.999916893,0.584163973,0.789571804,34.5,1.816802261,0.004992313,-2.993034776,79.480376
0,8.0,0,0.0,3.790478989,1.39681,4.069402327,0.166666667,3.624535606,3.329,15.19473428,0.118681414,3.540703617,4.102567655,-0.228957961,-2.788140798,3.375017084,0.48923717,0.0,-1.097088784,1.178461557,-0.260841147,3.9042,3.45422049,-0.633759093,0.785162423,525.0789151,-2363.52424,0.38775207,17.72032451,0.29873112,183.8319898,1.582113894,7.7450488,1.242487141,0.29873112,5.33823219,3.015137369,-0.201114002,1.662845879,-1.218075565,0.0,73.23724318,0.689032171,0.775555238,37.5,1.825779419,-0.038464228,-3.864914154,87.065548
0,8.0,0,0.0,3.79054188,1.41841,4.069402531,0.166666667,3.649700108,3.516,15.220394,0.159956787,3.563386371,4.418795422,-0.298954631,-2.631056769,3.359049743,0.518008207,0.0,-1.098164886,1.278351602,-0.259771608,4.2464,3.45802523,-0.517263869,0.803751715,670.870244,-2230.156126,0.38775207,17.72032451,0.2961801,184.8130114,1.58307905,7.731160104,1.23529273,0.2961801,5.243628104,2.968690578,-0.207491553,1.674468982,-1.220019618,0.0,101.5713451,0.670303432,0.755732107,38.25,1.825784253,-0.017736328,-4.276172582,90.159134
0,8.0,0,0.0,3.790320217,1.43725,4.069399494,0.166666667,3.650738239,3.618,15.23431846,0.297990605,3.570582137,4.418795422,-0.341871453,-1.991696697,3.290663041,0.615217336,0.0,-1.095810559,1.270907608,-0.258169729,4.6365,3.463740172,-0.382098832,0.816546944,659.6881117,-2042.354791,0.38775207,17.72032451,0.293856201,180.5636808,1.589102154,7.689495549,1.226136111,0.293856201,5.401095682,2.837622299,-0.211388308,1.733236305,-1.21658545,0.0,107.5671476,0.670303432,0.759813113,38.75,1.825792556,-0.013843511,-1.461119514,93.25272
0,8.0,0,0.0,3.791994874,1.44916,4.074659085,0.166666667,3.642551076,3.378,15.9940986,0.216861943,3.593373806,4.26982592,-0.18676274,-1.995350236,3.978305923,0.607236126,0.0,-1.335331023,1.095444709,-0.358339364,5.624,3.464848989,-0.433138046,0.770815571,658.9538346,-2004.57113,0.430708552,21.19195181,0.316486586,184.7694741,1.60863043,7.849825609,1.224631209,0.316486586,5.316427678,3.148628497,-0.196904181,1.724171079,-1.547612079,0.0,71.80172854,0.673740219,0.78682417,37.75,1.807305394,-0.09322319,-1.764418277,88.282548
0,8.0,0,0.0,3.798162949,1.37628,4.069885937,0.166666667,3.63207903,2.991,15.14845986,0.165645554,3.539602419,4.057232548,-0.255746505,-4.787222852,3.362998575,0.264534361,0.0,-1.075444351,1.105040972,-0.253472099,4.3146,3.405684237,-2.718045169,0.771894488,607.6712019,-1972.379862,0.412308554,17.72032451,0.299954688,192.7621496,1.547075254,7.67823503,1.141285453,0.299954688,5.211100944,2.884332484,-0.193617213,1.587209236,-1.183218817,0.0,64.33495432,0.689032171,0.788873698,35.5,1.825631426,-0.087545892,-5.281625434,79.111583
0,8.0,0,0.0,3.799438643,1.40282,4.069905073,0.166666667,3.652663887,3.178,15.18743504,0.201321405,3.556487196,4.373460314,-0.314629553,-4.417661084,3.366145613,0.303018186,0.0,-1.07689111,1.218021417,-0.251654682,4.6568,3.417414091,-2.001452534,0.776380367,759.857287,-2055.190003,0.412308554,17.72032451,0.295822456,193.8854179,1.560190684,7.675753685,1.145489673,0.295822456,5.24301016,2.917093245,-0.205490048,1.590106426,-1.185863923,0.0,93.18767826,0.670303432,0.765973416,36.25,1.825704248,-0.070506134,-5.475049621,82.205169
0,9.0,0,0.0,3.801616367,1.40484,4.069921152,0.388067491,3.687406684,3.649,15.22512171,0.120125558,3.574211686,4.501892821,-0.193861819,-4.187690526,3.287070464,0.341718903,0.0,-1.137775884,1.030013849,-0.282870439,4.5735,3.431117503,-1.40631408,0.748129527,853.0948364,-2207.725685,0.457952101,18.01913218,0.299624683,187.7538084,1.572723185,7.728942007,1.159133943,0.299624683,5.141604168,3.092342535,-0.219919257,1.595227113,-1.289132765,0.0,84.80579243,0.670303432,0.788090479,39.0,1.825699442,-0.125662801,-5.953058012,84.767169
0,9.0,0,0.0,3.802466673,1.42988,4.069923414,0.388067491,3.702183339,3.897,15.3012144,0.225069018,3.58174281,4.618315408,-0.167986921,-3.464555444,3.194967393,0.438281381,0.0,-1.149390898,1.244326143,-0.284575503,4.1152,3.44271529,-0.795127232,0.800324578,898.8387137,-1144.245854,0.444583416,18.01913218,0.294522642,187.2972843,1.586881581,7.673285675,1.096128674,0.294522642,5.212003251,2.856570809,-0.254178516,1.707839721,-1.309366487,0.0,114.713794,0.670303432,0.860499633,41.25,1.825713642,-0.202441471,-5.395002816,92.721134
0,9.0,0,0.0,3.802442542,1.44927,4.069923318,0.388067491,3.702180794,3.897,15.32152161,0.275388232,3.585795065,4.700584356,-0.190482429,-2.783696193,3.236929856,0.523419932,0.0,-1.148926072,1.209843772,-0.283147168,4.5053,3.452400006,-0.644969946,0.811823163,888.5291334,-1515.217899,0.444583416,18.01913218,0.292221659,183.2215721,1.587892413,7.627463619,1.099622571,0.292221659,5.281135967,2.927404639,-0.263512513,1.757896021,-1.308783219,0.0,120.7494052,0.670303432,0.792845103,41.75,1.825737107,-0.072368754,-7.046970957,95.81472
0,10.0,0,0.0,3.970397581,1.50625,4.698126637,0.763680493,3.792490713,3.866,16.08511366,0.195899045,3.618402825,4.788362377,0.022416609,0.042540593,3.92010451,1.009715206,0.0,-4.803637599,0.863934846,-0.40451764,6.3269,3.599029533,-0.97270304,0.750641189,345.8739865,-2179.24902,0.430708552,22.62631641,0.314143063,180.8843582,1.612229189,7.852277251,1.109598045,0.314143063,5.625367858,3.228815326,-0.214834713,1.723072287,-1.661776352,0.0,461.2566616,0.738344813,0.820684937,42.0,1.822341579,-0.238583935,-3.907624777,95.880134
0,8.0,0,0.0,3.792659822,1.48636,4.074665671,0.166666667,3.690657738,3.302,16.00151948,0.158248872,3.611308387,4.555018163,-0.061759563,-1.698110527,4.045448379,0.654078678,0.0,-1.346568811,0.890980685,-0.366756192,5.6556,3.461152232,-1.019930552,0.769116173,689.8363287,-2089.855638,0.430708552,22.62631641,0.314139283,187.849954,1.612146844,7.827735849,1.216758056,0.329539384,5.520503665,3.247575987,-0.201011961,1.725764337,-1.567273287,0.0,27.87775254,0.77286261,0.784708578,37.25,1.822343586,-0.120084293,-2.999350413,88.282548
0,10.0,0,0.0,3.970392008,1.40826,4.696834091,0.866025404,3.791695245,3.794,15.92340783,0.201190691,3.612708904,4.147143897,-0.142780012,0.048531852,4.296936874,1.012206866,0.0,-4.842179846,0.891120258,-0.433702082,5.1582,3.469495275,-0.578632139,0.72267751,353.8503512,-1592.29798,0.430708552,21.19195181,0.329221112,190.0092153,1.568462557,7.898404395,1.090888111,0.329221112,5.447159723,3.279161856,-0.183399192,1.593431976,-1.700389692,0.0,408.8503473,0.571678147,0.773212088,39.5,1.785055833,-0.239420193,-2.051199835,84.839376
0,10.0,0,0.0,3.970387374,1.38695,4.696832581,0.932089182,3.791442445,3.692,15.88630393,0.003957118,3.612115604,4.147143897,-0.081127479,-0.228993569,4.246841242,0.942974253,0.0,-4.948533204,0.89616141,-0.475232621,4.7681,3.463468254,-0.843202317,0.691864762,338.4094855,-2234.753728,0.430708552,21.19195181,0.343325874,192.8186027,1.547756962,7.959130212,1.162199663,0.343325874,5.383320109,3.644176878,-0.17562387,1.58526506,-1.730702419,0.0,392.5313233,0.571678147,0.74315859,39.0,1.720940408,-0.190776995,-4.135885872,81.74579
0,8.0,0,0.0,3.794153121,1.4574,4.069516609,0.166666667,3.668672674,3.294,15.19089291,0.159600441,3.603343516,4.271506672,-0.140314853,-2.999648602,3.480972924,0.454125716,0.0,-1.100680333,0.861124152,-0.263134617,5.2689,3.446807415,-1.681591179,0.823065429,652.4615373,-2268.764764,0.38775207,20.31685839,0.293634956,191.0799377,1.574449319,7.653829289,1.182113211,0.328991508,5.268123018,2.935245913,-0.207124875,1.606358715,-1.224434392,0.0,33.76577262,0.670303432,0.77298054,36.0,1.825771158,-0.072937303,-1.952644452,85.298755
0,8.0,0,0.0,3.788833932,1.4826,4.066467968,0.166666667,3.692192082,3.201,16.0875797,0.385828924,3.597462748,4.495983051,-0.130756973,-2.055825326,3.938474249,0.619960872,0.0,-4.200497815,0.984215256,-0.355128722,6.4158,3.450060911,-0.468320691,0.834781646,928.1948502,-2542.906433,0.394994267,20.20050812,0.294749084,184.4259287,1.579859763,7.735147296,1.163550438,0.294749084,5.347465874,3.138990438,-0.216905533,1.663239143,-5.609679081,0.0,55.57458316,0.667497306,0.747826087,39.75,1.839022967,-0.128535268,0.783636382,91.156548
0,8.0,0,0.0,3.785734575,1.45268,4.066352639,0.166666667,3.664843608,3.331,16.02376789,0.148257691,3.601752465,4.491748017,-0.319041404,-2.344785935,3.701095218,0.548138568,0.0,-1.088148942,1.120384973,-0.264994577,5.3408,3.452414267,-1.101431702,0.796756042,688.5991714,-2377.051701,0.394994267,19.56319595,0.28534737,189.402433,1.567419933,7.635800952,1.215823085,0.28534737,5.352676197,2.983288123,-0.209419804,1.627830929,-1.203355641,0.0,83.76176841,0.667497306,0.767876433,37.0,1.839122201,-0.051557876,-1.980058818,88.392341
0,10.0,0,0.0,3.960508396,1.48446,4.697964649,0.810760202,3.78789823,3.858,16.09948059,0.193718874,3.615730154,4.519579125,-0.491371879,-0.199371666,3.646090535,0.953639612,0.0,-4.830543498,0.844537051,-0.319175831,5.9402,3.575423656,-1.198327429,0.752017516,310.2508962,-2263.16378,0.394994267,20.97946342,0.286217262,182.6295205,1.564848603,7.678475453,1.076443827,0.286217262,5.341260495,2.945679678,-0.223090416,1.603028008,-1.333456038,0.0,471.3466146,0.667497306,0.854829202,40.75,1.839050195,-0.232188266,0.211019458,92.896341
12,2.0,0,3.559330209,3.801295995,1.32853,4.08228082,0.421716333,3.730466633,3.326,15.92356942,0.386712584,3.61104786,4.593992184,-0.464146954,-2.980903981,3.870660857,0.446797537,0.316407226,-1.132240261,0.833938678,-0.305494774,5.51249,3.447150953,-1.491552869,0.75235215,850.6139193,-2628.631454,0.394994267,20.20050812,0.295397573,193.3433176,1.566765428,7.710038661,1.223328543,0.316407226,5.296363587,3.068621211,-0.191482657,1.597202131,-2.057825881,0.0,21.07963514,0.991551251,0.844025504,40.0,1.864304128,-0.203473679,-2.465366283,81.240376
0,8.0,0,0.0,3.799893631,1.43961,4.066615494,0.421716333,3.731984035,3.326,15.92356942,0.39086736,3.602797191,4.593992184,-0.511946574,-3.211936955,3.870660857,0.419752063,0.316407226,-1.132240261,0.848563639,-0.305494774,4.9124,3.444996342,-1.596534137,0.75235215,850.6139193,-2628.631454,0.394994267,20.20050812,0.295397573,193.3433176,1.562343581,7.710038661,1.223328543,0.316407226,5.296363587,3.068621211,-0.191482657,1.59193057,-2.057825881,0.0,21.07963514,0.991551251,0.844025504,35.5,1.839007111,-0.203473679,-2.465366283,81.240376
0,8.0,0,0.0,3.758179842,1.40389,4.055575668,0.421716333,3.705145315,3.244,15.50767436,0.405044361,3.601286413,4.399490042,-0.527941366,-3.144145339,4.127265392,0.427513672,0.32699536,-1.317082511,0.853972074,-1.044863773,4.3981,3.442739622,-1.629332643,0.764498337,792.7804086,-2324.198892,0.374374614,20.20050812,0.319220876,189.6324185,1.562429931,7.759529213,1.203752602,0.32699536,5.325349094,3.70410077,-0.167659355,1.59610948,-2.37981463,0.0,32.86131147,0.991551251,0.881224533,35.5,1.841508297,-0.304167415,-2.392672076,79.617376
0,8.0,0,0.0,3.76475824,1.40678,4.046658235,0.421716333,3.645473777,3.244,15.85702621,0.426023854,3.599096829,4.458258809,-0.587220609,-2.940469689,4.122916162,0.451707001,0.324186263,-1.317082511,0.839083761,-0.480454394,4.3981,3.441907374,-1.676662412,0.842336631,792.7804086,-2434.466746,0.394994267,20.20050812,0.356385228,191.3400186,1.564066402,7.754171732,1.23869201,0.356385228,5.325349094,3.287193799,-0.160366507,1.593063588,-2.364194922,0.0,32.86131147,0.991551251,0.921020988,35.5,1.848044161,-0.270538013,-3.444473174,79.617376
12,2.0,0,5.461131724,3.799546081,1.31859,4.075029527,0.421716333,3.730258698,3.318,14.18204993,0.424637761,3.609763724,4.42673392,-0.490330204,-3.037569861,3.167501816,0.430086294,0.312274994,-0.883073595,0.807190619,-0.083983303,5.37339,3.446373314,-1.517387528,0.777627489,787.3476703,-2693.75448,0.352037785,16.73020545,0.27498941,189.2959673,1.566766718,7.575602378,1.229592793,0.312274994,5.238392572,2.789322752,-0.196584698,1.598971797,-1.646608412,0.0,33.98657384,1.006843202,0.852739214,38.75,1.867058199,-0.132186127,-2.49882061,81.350169
0,8.0,0,0.0,3.798576401,1.41568,4.059657904,0.421716333,3.731897563,3.318,14.18204993,0.438958653,3.601586097,4.42673392,-0.537634601,-3.256831493,3.167501816,0.404673215,0.312274994,-0.883073595,0.830826861,-0.083983303,4.7733,3.444385396,-1.625775944,0.777627489,787.3476703,-2693.75448,0.352037785,16.73020545,0.27498941,189.2959673,1.562361553,7.575602378,1.229592793,0.312274994,5.26737808,2.789322752,-0.196584698,1.593174614,-1.646608412,0.0,33.98657384,1.006843202,0.852739214,34.75,1.84274351,-0.132186127,-2.49882061,81.350169
0,8.0,0,0.0,3.768313419,1.40093,4.036017255,0.421716333,3.666579851,3.244,14.71907645,0.43603792,3.602342174,4.376339438,-0.399393544,-2.837624875,3.872153635,0.464438727,0.323012612,-1.317082511,0.843172344,-1.027843797,4.3981,3.442382003,-1.756804337,0.869911079,792.7804086,-2128.863767,0.363942547,19.50791159,0.363754842,190.5902054,1.571005302,7.762542126,1.213935165,0.363754842,5.325349094,3.261038081,-0.160366507,1.599950485,-2.344930327,0.0,32.86131147,0.994357376,0.894489902,35.5,1.835170281,-0.21616819,-3.493941538,79.617376
0,8.0,0,0.0,3.758279499,1.42454,4.072813108,0.421716333,3.708509591,3.209,15.51288269,0.265107115,3.605663736,4.560121042,-0.309785489,-3.194527647,4.360489793,0.431423458,0.32995394,-1.566249178,0.896500167,-1.137019385,4.5372,3.445503503,-1.687607049,0.758208623,856.00014,-1634.086262,0.414324345,23.51345913,0.381720876,192.314986,1.558420623,7.910140866,1.147533101,0.381720876,5.325349094,3.940211882,-0.16071491,1.59392633,-2.771767505,0.0,20.00089031,0.970236612,0.859307794,36.25,1.826155916,-0.219475368,-2.436243502,79.507583
12,2.0,0,3.630431257,3.78920042,1.34679,4.08216473,0.388067491,3.664681074,3.366,15.98893902,0.13575191,3.606233258,4.236004183,-0.209247082,-2.926878532,3.758605457,0.462906036,0.371236914,-1.120680333,0.841168172,-0.292336253,5.90259,3.447769956,-1.485294404,0.79495143,595.5042557,-2497.707445,0.394994267,20.97946342,0.289737564,192.7290938,1.569177633,7.655738878,1.189994823,0.371236914,5.318755383,3.029781433,-0.203652653,1.603075514,-1.258323281,0.0,27.76344,0.667497306,0.800052192,40.5,1.86431022,-0.128792529,-1.944951771,84.333962
0,8.0,0,0.0,3.788376061,1.45619,4.066467953,0.388067491,3.665802314,3.366,15.98893902,0.13955208,3.599530826,4.236004183,-0.258844759,-3.150076419,3.758605457,0.436499749,0.371236914,-1.120680333,0.85614664,-0.292336253,5.3025,3.445652609,-1.588420981,0.79495143,595.5042557,-2497.707445,0.394994267,20.97946342,0.289737564,192.7290938,1.563891913,7.655738878,1.189994823,0.371236914,5.318755383,3.029781433,-0.203652653,1.598559205,-1.258323281,0.0,27.76344,0.667497306,0.800052192,36.0,1.839032045,-0.128792529,-1.944951771,84.333962
0,8.0,0,0.0,3.719765767,1.44183,4.047455338,0.388067491,3.636558417,3.292,15.92760415,0.13908072,3.60020332,4.185609701,-0.094409162,-2.784767358,4.444854789,0.489660536,0.380564341,-1.55468925,0.863705957,-1.106493547,4.9273,3.443746269,-1.697080107,0.884480915,600.8017644,-1613.605028,0.406899029,23.91632498,0.378502996,193.988753,1.574539578,7.838267144,1.149237325,0.380564341,5.346533161,3.465387493,-0.167434462,1.603219022,-1.873150337,0.0,26.70624392,0.65501148,0.83408326,36.75,1.831713431,-0.215030912,-2.951557297,82.601169
0,8.0,0,0.0,3.707457564,1.42385,4.046436152,0.388067491,3.624250457,3.284,15.92239581,0.174708573,3.596212724,4.100270807,-0.334343888,-2.905899833,4.004121116,0.465468673,0.37801332,-1.305522583,0.846150495,-0.473556142,4.7882,3.442680222,-1.663456532,0.890215057,538.7536551,-2320.008188,0.394994267,20.97946342,0.350725219,190.779318,1.565911971,7.697103454,1.204723053,0.37801332,5.346533161,3.239183142,-0.172536503,1.599391158,-1.525317641,0.0,39.29444531,0.667497306,0.869903529,36.0,1.848076888,-0.185560922,-2.915500456,82.710962
0,8.0,0,0.0,3.72282152,1.42097,4.055417245,0.388067491,3.664117347,3.284,15.57304396,0.153728667,3.598337811,4.041502041,-0.278127779,-3.072492567,4.008354145,0.445503277,0.380258757,-1.305522583,0.860584741,-1.031705251,4.7882,3.443448804,-1.625742766,0.813599197,538.7536551,-2211.820703,0.374374614,20.97946342,0.313560867,189.1173409,1.564139883,7.702124856,1.171604874,0.380258757,5.346533161,3.638597514,-0.17982935,1.602525224,-1.525317641,0.0,39.29444531,0.667497306,0.832507586,36.0,1.841519706,-0.215923448,-1.887264901,82.710962
0,8.0,0,0.0,3.791173427,1.40829,4.066448109,0.388067491,3.669956107,3.556,16.05590855,0.09651198,3.651007051,4.038052541,-0.19213299,-3.384241111,3.684756185,0.419893517,0.366949992,-1.069777556,0.851415471,-0.269088373,5.4466,3.505537544,-1.86746895,0.798243984,73.01321172,-2246.018672,0.394994267,23.44212426,0.284316646,195.8935875,1.598535645,7.661460315,1.164641792,0.366949992,5.532290312,2.91042451,-0.217204949,1.724171079,-1.069777556,0.0,42.07379661,0.769559379,0.78505252,37.0,1.813072094,-0.093547445,-3.195510533,86.093962
0,9.0,0,0.0,3.789362678,1.55148,4.066470462,0.337553191,3.706211594,3.545,16.17717353,0.030696444,3.602842085,4.992489828,-0.26025845,-2.494743554,3.553694772,0.574424013,0.0,-1.164051466,0.927872429,-0.386543169,5.8367,3.525103046,-0.830385722,0.848392913,923.4297703,-1435.737797,0.507256819,24.31734038,0.283405312,187.6825481,1.598729245,7.543483801,1.095490321,0.400125611,5.541318124,2.785853764,-0.273346419,1.838948655,-1.335012658,0.0,60.56473679,0.667497306,0.87956345,41.75,1.846663992,-0.246649845,-3.439308507,101.037099
0,9.0,0,0.0,3.789324952,1.56811,4.06647044,0.337553191,3.704583878,3.545,16.19712195,0.012738249,3.602908625,4.768567162,-0.256524359,-2.194882397,3.534234159,0.620550466,0.0,-1.164476435,0.925427439,-0.369228354,6.2268,3.540215,-0.795982196,0.867134061,910.1630017,-2005.053349,0.414636122,23.85092777,0.28189823,178.6101754,1.600596016,7.558864889,1.131894038,0.391375611,5.597970602,2.790367431,-0.288901975,1.839024833,-1.335834825,0.0,65.83858874,0.667497306,0.877116631,42.25,1.879051926,-0.177771374,-1.981084682,104.130685
0,12.0,0,0.0,3.790597048,1.46624,4.066470465,0.337553191,3.774326753,4.01,16.2494774,-0.017086765,3.66354778,4.72787323,-0.278363242,-3.03261342,3.59213654,0.538536126,0.0,-1.174631646,0.9378113,-0.415382927,6.4234,3.601238435,-1.35936961,0.858231754,586.9752026,-2097.64774,0.414636122,23.85092777,0.282369165,183.4348304,1.631800983,7.592760036,1.160163073,0.408009682,5.596559646,2.865635002,-0.307344081,1.839035648,-1.353999311,0.0,68.26449714,0.769559379,0.861600262,48.75,1.900749491,-0.147180614,0.423438392,108.077099
0,9.0,0,0.0,3.789077316,1.45819,4.06647027,0.337553191,3.690777504,3.623,16.09981856,-0.002360553,3.601251499,4.34706361,-0.273929381,-2.845056661,3.634306181,0.507938733,0.0,-1.157062716,0.917101919,-0.423580206,4.8121,3.448680702,-0.665152826,0.814597795,686.2508882,-2075.873586,0.394994267,21.72220187,0.289533784,184.2722395,1.572907364,7.650557113,1.163104877,0.518181167,5.477398311,2.912340486,-0.219280697,1.607421807,-1.322644502,0.0,42.88093085,0.667497306,0.842095127,40.25,1.839037872,-0.19979715,0.018800871,91.756341
0,9.0,0,0.0,3.789362678,1.55148,4.066470462,0.337553191,3.706211594,3.545,16.17717353,0.030696444,3.602842085,4.992489828,-0.26025845,-2.494743554,3.553694772,0.574424013,0.0,-1.164051466,0.927872429,-0.386543169,5.8367,3.525103046,-0.830385722,0.848392913,923.4297703,-1435.737797,0.507256819,24.31734038,0.283405312,187.6825481,1.598729245,7.543483801,1.095490321,0.400125611,5.541318124,2.785853764,-0.273346419,1.838948655,-1.335012658,0.0,60.56473679,0.667497306,0.87956345,41.75,1.846663992,-0.246649845,-3.439308507,101.037099
0,9.0,0,0.0,3.789211159,1.49459,4.066470395,0.337553191,3.697128383,3.584,16.12733557,-0.033551307,3.601683311,4.51877307,-0.243590613,-2.776275666,3.586445052,0.52432398,0.0,-1.160343178,0.920163923,-0.418950577,5.2006,3.452634943,-0.708151086,0.829642189,822.6999468,-1622.595119,0.422772044,22.89534118,0.287311562,184.5194291,1.596935708,7.611691595,1.129785636,0.462625611,5.527806882,2.832722192,-0.224836252,1.712284485,-1.328407958,0.0,49.11043869,0.667497306,0.851572683,40.75,1.839041654,-0.192297659,-0.278596567,94.849927
0,9.0,0,0.0,3.789473311,1.54089,4.066470558,0.337553191,3.70991468,3.544,16.15442741,-0.059470249,3.602762032,4.85029449,-0.212783011,-2.831366485,3.542742982,0.525454129,0.0,-1.164202344,0.921222322,-0.43515428,5.5907,3.501779316,-0.846905765,0.844406749,1077.734512,-1193.720131,0.484773456,21.72220187,0.28508934,184.7524486,1.597717142,7.576458368,1.099641414,0.407070056,5.458873436,2.762049861,-0.255846419,1.78999532,-2.396784213,0.0,54.99650295,0.667497306,0.860914685,41.25,1.839054494,-0.186231627,-0.608246699,97.943513
0,8.0,0,0.0,3.792961402,1.44486,4.069434403,0.871182062,3.709018847,3.634,15.17633238,-0.059392655,3.607981239,4.469990018,-0.091216138,-2.611901483,3.570571046,0.511852732,0.370315713,-1.165335368,0.858897621,-0.30035276,4.1308,3.454108361,-1.404054928,0.806177874,525.8930661,-2082.053631,0.421085404,21.6445461,0.302620009,189.9195487,1.594586176,7.713843023,1.183120426,0.370315713,5.405109319,3.232750955,-0.200287244,1.654643109,-1.334113266,0.0,-5.327025664,0.84746157,0.785265973,36.75,1.805070494,-0.084380679,-3.420761267,85.135962
0,12.0,0,0.0,3.829444012,1.29336,4.066676737,0.360562393,3.767624456,4.316,16.01830858,0.163033068,3.605118857,4.156870511,-0.111001797,-9.5571029,3.92952265,0.091696073,0.0,-1.197002583,0.79855398,-0.564114178,6.22049,3.451861598,-2.325665695,0.773588267,707.1496496,-1923.278739,0.414636122,22.22113972,0.344831389,198.9872195,1.562862139,7.724893627,1.212151444,0.59245605,5.394260507,3.192212785,-0.196153651,1.593960855,-1.385157629,0.0,-2.505374591,0.667497306,0.828389088,43.25,1.838976052,-0.197127511,-0.082965208,83.859997
0,12.0,1,0.0,3.853856127,1.32482,4.066720177,0.866025404,3.773385316,3.924,16.08866435,0.586713059,3.605286179,4.279604683,-0.243324879,-15.59196675,4.01385421,0.024419506,0.596357077,-1.243600953,0.853633655,-1.154993808,6.82839,3.452152689,-2.698657669,0.801665017,794.3671625,-2240.796422,0.425180769,24.83256215,0.361146581,194.889775,1.56245603,7.815551226,1.225932247,0.596357077,5.502715279,3.199385666,-0.203941742,1.592319761,-1.46406036,0.0,7.933844344,0.652205355,0.849867082,44.75,1.838919259,-0.228549556,1.389256646,86.79079
0,11.0,0,0.0,3.812709683,1.32415,4.066658419,0.31795195,3.756005088,3.86,16.05650499,0.052966874,3.604220177,4.037150814,-0.01295144,-8.507762443,3.838760577,0.125548391,0.610988058,-1.176996718,0.955790013,-0.335903156,6.49269,3.448740941,-1.117686429,0.783981834,533.205562,-1991.962435,0.394994267,20.97946342,0.338514857,194.2912025,1.576005405,7.719169636,1.21508848,0.610988058,5.4873011,3.158835894,-0.201392559,1.607728032,-1.351453299,0.0,23.04738118,0.667497306,0.817181372,42.5,1.838897719,-0.113403699,0.329207288,87.322376
0,11.0,0,0.0,3.835714895,1.36595,4.066748454,0.31795195,3.766521354,3.94,16.155207,0.030520754,3.604414688,4.194748412,-0.304307249,-13.82441641,3.811884874,0.040156114,0.598642379,-1.214609506,1.032046734,-0.397662415,6.50129,3.44887172,-1.722355074,0.797578112,661.3571065,-1780.220494,0.412004612,23.52690173,0.349764857,192.0716127,1.576110634,7.750388425,1.165909752,0.598642379,5.590954073,3.241378531,-0.214223138,1.607691308,-1.413649208,0.0,40.17382268,0.652205355,0.816127031,44.0,1.838846808,-0.066752746,-0.332566625,91.217962
0,12.0,0,0.0,3.855134474,1.32964,4.06672123,0.360562393,3.773666093,4.439,16.10049867,0.56023329,3.605366216,4.303305875,-0.230758523,-14.87396479,3.934928933,0.028972152,0.0,-1.227072027,0.886398581,-0.654993808,6.22909,3.452619754,-2.71942741,0.797403353,839.2551463,-2224.922605,0.429014957,24.83256215,0.3509425,193.1952934,1.562924681,7.7965952,1.228225569,0.598567161,5.504357435,3.154753595,-0.206900322,1.593942329,-1.435697115,0.0,14.20017419,0.652205355,0.853625212,44.75,1.838942341,-0.209265627,2.139470025,87.755583
0,12.0,0,0.0,3.83162724,1.31428,4.074941992,0.360562393,3.772963666,4.324,16.02351692,0.128332935,3.609650059,4.306503191,0.122720167,-8.49665186,4.389571344,0.125889076,0.0,-1.446169249,0.809004264,-0.594454717,6.35959,3.452657458,-2.332368212,0.77717751,759.2206143,-1334.438529,0.450350407,25.17429045,0.357177068,202.3373071,1.570969319,7.88362956,1.170242091,0.596900495,5.423246015,3.435424982,-0.19105161,1.598283274,-1.732990324,0.0,-13.81132525,0.65501148,0.803836051,44.0,1.822483718,-0.229372071,-0.088979781,83.750204
0,11.0,0,0.0,3.853221279,1.28225,4.066799284,0.166666667,3.770952512,3.927,15.99888529,-0.01655942,3.60509157,4.132372622,-0.417512041,-13.56690859,4.100201123,0.033650507,0.0,-1.273010209,0.875293553,-0.749035013,7.13237,3.451340608,-2.853590994,0.780591246,658.1124625,-1884.944688,0.410742786,23.52690173,0.409173792,203.6282807,1.56237627,7.802650843,1.216149827,0.409173792,5.358269687,3.352378035,-0.18895896,1.592291905,-1.508147717,0.0,12.29912376,0.652205355,0.816692775,44.75,1.838915763,0.054824979,0.003571029,81.614618
18,3.0,0,4.033861316,3.878016083,1.19712,4.082464152,0.360562393,3.773927812,4.434,16.11701059,-0.155187486,3.614291098,4.313285273,-0.345847453,-14.98309653,3.926113844,0.028229043,0.0,-1.234615371,0.90700317,-0.625873437,6.72988,3.454071371,-2.860569218,0.779107161,839.2551463,-1490.23214,0.431646467,25.14849866,0.356081389,195.9886395,1.567497177,7.749217456,1.159855779,0.596140858,5.504357435,3.273613989,-0.208984229,1.598949154,-1.447353538,0.0,14.20017419,0.652205355,0.815584076,51.75,1.864296476,-0.066322812,0.564456666,87.755583
0,12.0,0,0.0,3.854151246,1.33434,4.066772308,0.360562393,3.772007865,4.434,16.11701059,-0.159847654,3.605188797,4.313285273,-0.299223554,-18.75476088,3.926113844,0.011499873,0.0,-1.234615371,0.894088108,-0.625873437,6.22909,3.451864722,-2.929519459,0.779107161,839.2551463,-1490.23214,0.431646467,25.14849866,0.356081389,195.9886395,1.562862209,7.749217456,1.159855779,0.596140858,5.504357435,3.273613989,-0.208984229,1.593960718,-1.447353538,0.0,14.20017419,0.652205355,0.815584076,44.75,1.838955399,-0.066322812,0.564456666,87.755583
0,12.0,0,0.0,3.854505738,1.35903,4.077156059,0.360562393,3.773101149,4.409,16.13928157,-0.160942556,3.608262733,4.348931371,-0.363379956,-13.26154604,4.164838732,0.045772103,0.0,-1.619453334,0.864377408,-0.661033968,6.36819,3.453068749,-2.86686668,0.801690589,895.6388555,-2375.166252,0.433688745,28.80017989,0.371706389,198.9729931,1.562474709,7.951403019,1.229219558,0.601242898,5.559151956,3.944345521,-0.202039785,1.59361751,-1.960687343,0.0,2.414217919,0.630890716,0.830713155,45.5,1.821688304,-0.038743504,0.440627853,87.64579
0,13.0,1,0.0,3.996661066,1.19254,6.879516345,0.5,3.741730924,3.602,11.18911363,0.005378342,3.570177505,2.78103685,0.307313465,-1.971295485,2.791382204,0.595257038,0.606929522,-0.766385331,0.832505518,-0.766385331,6.87708,3.444437544,-1.953096072,0.528484842,228.1425226,2242.204723,0.190140736,17.71255986,0.0,218.8869472,1.424745659,7.514574943,0.853472542,0.606929522,5.341293085,2.586793865,-0.496585997,1.597715332,0.0,2.0,10.23472768,0.468480722,0.287640112,44.0,1.82855995,-0.06814802,0.694631159,79.949032
0,12.0,1,0.0,3.853034566,1.32959,4.066771263,0.866025404,3.771717258,3.919,16.10517627,-0.181561052,3.605106861,4.287103796,-0.317098027,-20.93993449,3.980635019,0.006835001,0.603726692,-1.251144297,0.860116728,-1.125873437,6.82839,3.451373269,-2.906378795,0.771719173,794.3671625,-1659.872846,0.427219128,25.14849866,0.36628547,197.2125008,1.562379548,7.779290109,1.170803503,0.603726692,5.502715279,3.320728641,-0.206025649,1.592325311,-1.475716783,0.0,7.933844344,0.652205355,0.817064645,44.75,1.838932645,-0.072516252,1.254936105,86.79079
18,2.0,0,7.875331259,3.816654964,1.22323,4.015828861,0.0625,3.752629048,4.121,13.95390077,-0.132517592,3.702334121,3.939704587,-0.148701614,-1.082999783,2.461834594,0.794195612,0.0,-0.2719822,1.423602777,0.068159741,7.25358,3.512651936,-2.391463718,0.900935174,569.1816032,1520.637719,0.307245855,16.13501353,0.0,166.9822586,1.736488578,7.461977296,0.90335474,0.0,5.556988453,2.318243019,-0.304937483,1.804727491,0.0,0.0,244.5359576,0.418957858,0.766842657,53.75,1.869139938,0.010484421,-3.061230911,108.007271
0,11.0,0,0.0,3.794851708,1.32375,3.992176517,0.0625,3.747206746,4.121,13.95390077,-0.147241905,3.697251257,3.939704587,-0.051866079,-1.204998657,2.461834594,0.773845767,0.0,-0.2719822,1.371544342,0.068159741,7.25358,3.512137693,-2.630141421,0.900935174,569.1816032,1520.637719,0.307245855,16.13501353,0.0,166.9822586,1.735533877,7.461977296,0.90335474,0.0,5.62081824,2.318243019,-0.304937483,1.803199421,0.0,0.0,244.5359576,0.418957858,0.766842657,47.25,1.843711298,0.010484421,-3.061230911,108.007271
0,10.0,0,0.0,3.776170209,1.12264,3.992112114,0.0,3.513079381,3.032,13.58710509,-0.139719767,3.418579904,2.567283137,0.057423856,-13.9448811,2.782656654,0.0165489,0.0,-0.239005067,1.318780318,0.073488337,6.94068,3.277143334,-10.67195524,0.889698783,640.3391458,660.5368037,0.218883558,14.61373392,0.0,189.2510331,1.476490273,7.553456103,0.965592721,0.0,5.225838005,2.553861982,-0.32287794,1.5846549,0.0,0.0,138.7092437,0.267583143,0.718462317,36.5,1.790365142,0.008220087,-1.267607287,76.736583
0,12.0,2,0.0,3.795727771,1.11602,3.994618297,0.0,3.651521903,3.846,13.92470849,-0.151550221,3.428314024,2.220310681,-0.120113317,-21.86208523,3.045148781,0.003172675,0.0,-0.373524362,1.276268037,-0.028713703,5.2448,3.33525763,-4.206654922,0.911554862,514.9767768,632.3808731,0.156679799,16.94921126,0.743486982,206.7300827,1.517416733,7.706917528,0.953453434,0.743486982,5.229629915,2.750372499,-0.246588292,1.641264183,0.0,3.0,153.1187032,0.354353264,0.756097167,42.25,1.652611344,0.017675464,-3.424435864,78.838204
0,11.0,0,0.0,3.741025933,0.86844,3.941401886,0.142857143,3.411617046,3.296,10.9738048,-0.160151465,3.371664849,1.544987763,0.032053762,-16.33418502,3.029050042,0.003579695,0.332843404,-0.46526644,0.93451528,0.020745727,4.75181,3.051685226,-3.904047152,0.822697301,176.543836,-516.1451921,0.10987191,13.22441154,0.308420139,190.5905466,1.408066145,7.707794848,1.095415879,0.452817699,5.29366069,3.486111111,0.034904927,1.426151247,0.0,2.0,29.80040655,0.290263604,1.073725494,35.0,1.575467048,-0.162760305,-0.699097611,60.188653
0,11.0,0,0.0,3.725906801,0.85862,4.059140074,0.0,3.639678726,3.027,11.02011039,-0.056796167,3.364388553,1.710882805,-0.037395632,-8.189225673,3.080364491,0.048168666,0.318266212,-0.177185689,0.859615483,0.228230225,6.26168,3.008238451,-4.037171609,0.885210403,-105.5382487,-601.6459443,0.145988939,12.76434585,0.276577254,230.580029,1.054634913,7.684521128,1.283153759,0.318266212,5.201841232,2.992631785,0.085138093,1.293410259,0.0,2.0,-15.09540505,0.308992343,0.824029948,33.75,1.566651985,-0.069692856,-1.690638049,55.423895
0,11.0,0,0.0,3.812628357,1.01514,4.012657485,0.77280389,3.648642441,2.973,13.76663773,0.164509073,3.627513636,2.502231212,-0.044154538,-7.715487206,2.933644613,0.103388562,0.360273936,-1.150595951,0.957757216,-0.148967729,3.981,3.248911928,-4.325210829,0.841944909,51.05756262,401.8626378,0.197089757,8.401686825,0.0,211.6645841,1.481443589,7.530092257,1.091196168,0.360273936,5.194915839,2.804139216,-0.654068681,1.672500474,-1.150595951,0.0,81.72749838,0.695949874,0.763905744,39.75,1.69755534,-0.132102968,-2.936224869,69.486239
0,11.0,0,0.0,3.813828952,1.00231,4.012447847,0.77280389,3.76115403,2.972,13.73819858,0.016342089,3.706462958,2.848252119,-0.096329117,-10.5213468,2.948803044,0.045297032,0.408885047,-1.154531136,1.04002468,-0.153319581,3.8401,3.252976195,-4.715112722,0.800453516,45.29469883,17.76789398,0.197089757,5.506834813,0.0,214.1314682,1.372874417,7.543650303,1.121585316,0.408885047,5.124740401,2.884175174,-0.60545757,1.485480303,-1.426902202,0.0,81.72749838,0.557265411,0.741403418,39.75,1.649582838,-0.112585728,-8.583959121,69.486239
21,16.0,1,1.062469358,3.815071767,1.77649,4.04279748,0.0,3.757391981,14.793,15.20609218,-3.295303242,3.651764648,5.847110455,1.558459812,-22.70493247,3.80375727,0.131700337,0.220327542,-1.794698416,0.813569061,-1.417334244,-3.54981,3.634932213,-20.07748082,1.054351306,683.1185421,1914.259635,0.379038116,0.0,0.43974522,167.3946001,1.885703525,7.83621567,0.933424386,0.602296433,6.190539626,3.718224932,-0.388712594,1.895882255,0.0,0.0,-134.7632792,0.472852885,0.938903611,115.75,1.902240458,0.419514101,1.884523306,238.455644
0,26.0,1,0.0,3.796511225,1.83374,3.901919849,0.0,3.756797251,14.793,15.20609218,-3.31416563,3.651611272,5.847110455,1.560213745,-22.5548259,3.80375727,0.133477315,0.220327542,-1.794698416,0.815513586,-1.417334244,-3.54981,3.632681166,-19.98636091,1.054351306,683.1185421,1914.259635,0.379038116,0.0,0.43974522,167.3946001,1.884065971,7.83621567,0.933424386,0.602296433,6.217812353,3.718224932,-0.388712594,1.895652944,0.0,0.0,-134.7632792,0.472852885,0.938903611,109.25,1.901938256,0.419514101,1.884523306,238.455644
0,11.0,0,0.0,3.813828952,1.00231,4.012447847,0.77280389,3.76115403,2.972,13.73819858,0.016342089,3.706462958,2.848252119,-0.096329117,-10.5213468,2.948803044,0.045297032,0.408885047,-1.154531136,1.04002468,-0.153319581,3.8401,3.252976195,-4.715112722,0.800453516,45.29469883,17.76789398,0.197089757,5.506834813,0.0,214.1314682,1.372874417,7.543650303,1.121585316,0.408885047,5.124740401,2.884175174,-0.60545757,1.485480303,-1.426902202,0.0,81.72749838,0.557265411,0.741403418,39.75,1.649582838,-0.112585728,-8.583959121,69.486239
0,27.0,0,0.0,3.796326952,1.81469,3.901940658,0.0,3.75681274,15.041,15.27803657,-3.224816404,3.674314457,5.943823837,1.673294159,-20.84911071,3.69718417,0.158016781,0.20866782,-1.750454392,0.849297298,-1.121414639,-3.93071,3.65148724,-18.22006542,1.060295192,604.7971516,1737.610083,0.379038116,0.0,0.438883185,168.2369069,1.883221155,7.827240876,0.940116879,0.601552476,6.279977838,3.644532306,-0.393747001,1.895672019,0.0,1.0,-79.82571671,0.574914957,0.935298083,112.25,1.901938255,0.451745276,2.796156654,240.811644
0,25.0,1,0.0,3.77197884,1.81346,3.901655303,0.0,3.756749106,14.698,15.06436485,-3.281962385,3.651596502,5.720414689,1.502026729,-23.06137761,3.832053073,0.122887144,0.226052354,-1.786210377,0.834555485,-1.409222493,-5.01421,3.625864716,-21.2895552,1.049384978,666.2787409,1847.222486,0.379038116,0.0,0.440421402,166.5749107,1.836790206,7.845560834,0.934948435,0.602851882,6.265462702,3.718844775,-0.364653496,1.885740621,0.0,1.0,-104.4293777,0.491581624,0.945502974,107.5,1.895648677,0.423668128,1.044040114,233.240058
0,27.0,1,0.0,3.796521304,1.80948,3.901939642,0.0,3.75551581,14.526,15.25593348,-3.232459606,3.674020264,5.930541819,1.607257315,-25.12053768,3.73880483,0.108277659,0.223106553,-1.791545729,0.843104328,-1.40785534,-3.33141,3.651889594,-25.78213001,1.056594328,583.2907039,1806.936088,0.379038116,0.0,0.432208786,168.5419514,1.867685315,7.836758094,0.936069052,0.597591571,6.306375733,3.673458299,-0.388535095,1.895646497,0.0,1.0,-84.40321126,0.574914957,0.935062263,112.25,1.907772344,0.446587172,2.609594463,239.846851
0,10.0,0,0.0,3.787011093,1.02232,4.012420997,0.125,3.648627522,3.258,13.77046489,0.172031999,3.627513642,2.45152877,-0.092651815,-8.435491271,2.897220101,0.077598322,0.357722916,-1.075075118,0.900907249,-0.078590929,4.08548,3.26194904,-7.178936307,0.858419203,2.903060098,194.5453028,0.197089757,8.401686825,0.0,211.9761978,1.488669099,7.4575997,1.124155521,0.357722916,5.157988351,2.703551721,-0.659068681,1.672581778,-1.075075118,0.0,60.02065376,0.695949874,0.754897341,38.75,1.697576217,-0.068403133,-3.060120383,69.642239
26,15.0,1,1.310528701,3.817178597,1.69221,4.042798151,0.0,3.81039807,14.511,15.18405781,-3.308080815,3.723828944,5.9172986,1.651270314,-22.52498536,3.930376729,0.129027987,0.226614422,-1.797117594,0.821791245,-1.413178104,-4.37231,3.651650736,-20.87908499,1.049085359,587.9297343,1666.051901,0.379038116,0.0,0.441475895,170.698285,1.847253091,7.862048922,0.936163245,0.603664579,6.167821519,3.804569779,-0.372939942,1.895858695,0.0,0.0,-119.5976862,0.574914957,0.927108927,119.0,1.902240007,0.45869426,2.289149104,230.566093
0,27.0,1,0.0,3.796523002,1.76565,3.901940836,0.0,3.756814162,14.511,15.18405781,-3.312388127,3.674019782,5.9172986,1.636484534,-22.48568801,3.930376729,0.129489762,0.226614422,-1.797117594,0.826305087,-1.413178104,-4.37231,3.651485916,-20.97929213,1.049085359,587.9297343,1666.051901,0.379038116,0.0,0.441475895,170.698285,1.842810988,7.862048922,0.936163245,0.603664579,6.196257538,3.804569779,-0.372939942,1.895646497,0.0,1.0,-119.5976862,0.574914957,0.927108927,110.5,1.901938255,0.45869426,2.289149104,230.566093
18,2.0,1,0.651057795,3.842749602,1.11803,4.056747806,0.595275394,3.767794108,4.118,15.8791437,0.0806424,3.624421346,3.801166789,-0.198634359,-9.784201532,4.173085809,0.086635087,0.649901277,-1.614148005,0.763774457,-1.158245094,6.92537,3.459061854,-2.272707332,0.828098254,655.1056957,-2772.713667,0.35865084,18.73238208,0.428058429,204.293334,1.540014767,8.019955391,1.302432094,0.649901277,5.316528968,4.086677996,-0.130990773,1.588094834,-1.935071485,0.0,-15.33865991,0.433492272,0.744302735,51.5,1.863066818,-0.099873579,-2.513469137,80.656618
0,11.0,1,0.0,3.821287581,1.26084,4.038433666,0.595275394,3.760623985,4.118,15.8791437,0.080816838,3.613597395,3.801166789,-0.184603536,-14.53741016,4.173085809,0.026401022,0.649901277,-1.614148005,0.76494284,-1.158245094,6.92537,3.4564096,-1.933023774,0.828098254,655.1056957,-2772.713667,0.35865084,18.73238208,0.428058429,204.293334,1.539317396,8.019955391,1.302432094,0.649901277,5.346831998,4.086677996,-0.130990773,1.586429554,-1.935071485,1.0,-15.33865991,0.433492272,0.744302735,44.5,1.838566491,-0.099873579,-2.513469137,80.656618
18,2.0,1,-1.244303351,3.88399266,1.13493,4.056876944,0.595275394,3.774691237,3.86,15.89482271,0.224434752,3.625099976,3.924002557,-0.247283073,-12.70398999,4.338140861,0.045115286,0.649901277,-1.671864842,0.773905417,-1.45454139,7.66947,3.459555628,-2.668172724,0.804906336,685.6078395,-2974.26461,0.372361002,21.26854998,0.412502874,204.6373554,1.539976497,8.020919237,1.293221047,0.649901277,5.307969974,4.115381475,-0.137163612,1.58689979,-2.032894433,0.0,-25.20709597,0.41820032,0.785626396,52.25,1.863279818,-0.269490911,-1.630020436,81.873618
0,11.0,1,0.0,3.860020724,1.28993,4.038578015,0.595275394,3.771683091,3.86,15.89482271,0.241782283,3.614235187,3.924002557,-0.251487099,-11.85362858,4.338140861,0.055513507,0.649901277,-1.671864842,0.764566806,-1.45454139,7.66947,3.456939395,-2.659905998,0.804906336,685.6078395,-2974.26461,0.372361002,21.26854998,0.412502874,204.6373554,1.53927611,8.020919237,1.293221047,0.649901277,5.378938444,4.115381475,-0.137163612,1.584682863,-2.032894433,0.0,-25.20709597,0.41820032,0.785626396,44.75,1.839364816,-0.269490911,-1.630020436,81.873618
18,2.0,1,-1.244169632,3.883098256,1.1367,4.05694067,0.595275394,3.773240659,3.855,15.89560461,-0.365582894,3.624976954,3.931501669,-0.360410877,-12.98906987,4.263256602,0.042084919,0.643790166,-1.692405871,0.788594475,-1.328245094,7.66947,3.459190704,-2.740133354,0.830558294,685.6078395,-2722.536769,0.37439936,21.54943249,0.435002874,205.0251327,1.540017471,8.038220932,1.27623564,0.643790166,5.349087698,4.149332092,-0.137163612,1.588427887,-2.064368445,0.0,-25.20709597,0.41820032,0.734070285,52.25,1.863286878,0.249554117,-1.689682108,81.873618
0,11.0,1,0.0,3.85904893,1.29244,4.038672849,0.595275394,3.769481062,3.855,15.89560461,-0.350231325,3.614090574,3.931501669,-0.337102837,-12.41302689,4.263256602,0.048433307,0.643790166,-1.692405871,0.782179661,-1.328245094,7.66947,3.456455326,-2.758941164,0.830558294,685.6078395,-2722.536769,0.37439936,21.54943249,0.435002874,205.0251327,1.539317443,8.038220932,1.27623564,0.643790166,5.378938444,4.149332092,-0.137163612,1.586546514,-2.064368445,0.0,-25.20709597,0.41820032,0.734070285,44.75,1.839400649,0.249554117,-1.689682108,81.873618
18,2.0,1,0.875286354,3.877480724,1.16542,4.056900025,0.595275394,3.772875981,3.965,15.99019138,-0.407797361,3.624994091,3.999507524,-0.386838183,-16.18013882,4.090762504,0.021228429,0.609493113,-1.63135263,0.89269603,-1.157504353,7.43967,3.459201801,-2.940475866,0.818029377,765.2967457,-2559.154288,0.375661186,21.54943249,0.383752874,199.7618308,1.540019474,7.963358751,1.246959979,0.609493113,5.434338845,4.044920125,-0.154560307,1.588589712,-1.964513552,0.0,-1.459173841,0.41820032,0.745467077,53.0,1.86329438,0.017917302,-0.175204901,85.878997
0,11.0,1,0.0,3.853827364,1.31514,4.038623631,0.595275394,3.768941066,3.965,15.99019138,-0.415184474,3.614106029,3.999507524,-0.344731573,-23.74444634,4.090762504,0.003505439,0.609493113,-1.63135263,0.873831833,-1.157504353,7.53897,3.456459292,-2.981487108,0.818029377,765.2967457,-2559.154288,0.375661186,21.54943249,0.383752874,199.7618308,1.539317479,7.963358751,1.246959979,0.609493113,5.434338845,4.044920125,-0.154560307,1.586603983,-1.964513552,0.0,-1.459173841,0.41820032,0.745467077,45.5,1.839431136,0.017917302,-0.175204901,85.878997
0,8.0,0,0.0,3.79579738,1.47497,4.074777633,0.388067491,3.665646945,3.374,15.99414736,0.10482323,3.603343601,4.385636862,-0.018919083,-3.02066246,4.199339129,0.460920899,0.373787935,-1.369847,0.86020841,-0.384491865,5.4416,3.446459682,-1.617877941,0.793585727,657.3239924,-1830.241809,0.430708552,23.91632498,0.317515342,195.9385288,1.573039786,7.796902568,1.145696711,0.373787935,5.346533161,3.255985784,-0.198550612,1.601843826,-1.606155976,0.0,15.63198375,0.65501148,0.772724188,36.75,1.822506993,-0.157920219,-1.966021613,84.224169
12,2.0,0,0.505267506,3.734516481,1.32088,4.070162694,0.388067491,3.66309546,3.284,15.57304396,0.147725831,3.605159885,4.041502041,-0.232087344,-2.851076567,4.008354145,0.472232747,0.380258757,-1.305522583,0.847307801,-1.031705251,5.38829,3.445841191,-1.522533586,0.813599197,538.7536551,-2211.820703,0.374374614,20.97946342,0.313560867,189.1173409,1.569260784,7.702124856,1.171604874,0.380258757,5.346533161,3.638597514,-0.17982935,1.606807294,-1.525317641,0.0,39.29444531,0.667497306,0.832507586,40.5,1.866182565,-0.215923448,-1.887264901,82.710962
0,8.0,0,0.0,3.72282152,1.42097,4.055417245,0.388067491,3.664117347,3.284,15.57304396,0.153728667,3.598337811,4.041502041,-0.278127779,-3.072492567,4.008354145,0.445503277,0.380258757,-1.305522583,0.860584741,-1.031705251,4.7882,3.443448804,-1.625742766,0.813599197,538.7536551,-2211.820703,0.374374614,20.97946342,0.313560867,189.1173409,1.564139883,7.702124856,1.171604874,0.380258757,5.346533161,3.638597514,-0.17982935,1.602525224,-1.525317641,0.0,39.29444531,0.667497306,0.832507586,36.0,1.841519706,-0.215923448,-1.887264901,82.710962
12,2.0,0,-1.571175212,3.725469174,1.32887,4.066068416,0.388067491,3.639425881,3.292,15.92760415,0.126756733,3.606963493,4.185609701,-0.055758157,-2.623302345,4.444854789,0.510358618,0.380564341,-1.55468925,0.85534888,-1.106493547,5.52739,3.448069281,-1.582869649,0.884480915,600.8017644,-1613.605028,0.406899029,23.91632498,0.378502996,193.988753,1.569517024,7.838267144,1.149237325,0.380564341,5.346533161,3.465387493,-0.167434462,1.603124051,-1.873150337,0.0,26.70624392,0.65501148,0.83408326,41.75,1.857691764,-0.215030912,-2.951557297,82.601169
0,8.0,0,0.0,3.719765767,1.44183,4.047455338,0.388067491,3.636558417,3.292,15.92760415,0.13908072,3.60020332,4.185609701,-0.094409162,-2.784767358,4.444854789,0.489660536,0.380564341,-1.55468925,0.863705957,-1.106493547,4.9273,3.443746269,-1.697080107,0.884480915,600.8017644,-1613.605028,0.406899029,23.91632498,0.378502996,193.988753,1.574539578,7.838267144,1.149237325,0.380564341,5.346533161,3.465387493,-0.167434462,1.603219022,-1.873150337,0.0,26.70624392,0.65501148,0.83408326,36.75,1.831713431,-0.215030912,-2.951557297,82.601169
12,2.0,0,3.630431257,3.78920042,1.34679,4.08216473,0.388067491,3.664681074,3.366,15.98893902,0.13575191,3.606233258,4.236004183,-0.209247082,-2.926878532,3.758605457,0.462906036,0.371236914,-1.120680333,0.841168172,-0.292336253,5.90259,3.447769956,-1.485294404,0.79495143,595.5042557,-2497.707445,0.394994267,20.97946342,0.289737564,192.7290938,1.569177633,7.655738878,1.189994823,0.371236914,5.318755383,3.029781433,-0.203652653,1.603075514,-1.258323281,0.0,27.76344,0.667497306,0.800052192,40.5,1.86431022,-0.128792529,-1.944951771,84.333962
0,8.0,0,0.0,3.788376061,1.45619,4.066467953,0.388067491,3.665802314,3.366,15.98893902,0.13955208,3.599530826,4.236004183,-0.258844759,-3.150076419,3.758605457,0.436499749,0.371236914,-1.120680333,0.85614664,-0.292336253,5.3025,3.445652609,-1.588420981,0.79495143,595.5042557,-2497.707445,0.394994267,20.97946342,0.289737564,192.7290938,1.563891913,7.655738878,1.189994823,0.371236914,5.318755383,3.029781433,-0.203652653,1.598559205,-1.258323281,0.0,27.76344,0.667497306,0.800052192,36.0,1.839032045,-0.128792529,-1.944951771,84.333962
12,2.0,0,5.519074252,3.787297782,1.337,4.074909251,0.388067491,3.664674446,3.358,14.23873955,0.173705859,3.605318941,4.068745918,-0.244502966,-3.012363114,3.074233107,0.443014759,0.367764692,-0.871513667,0.817216866,-0.036863122,5.76349,3.447008703,-1.527561108,0.821490846,533.4347855,-2582.990257,0.352037785,17.51760682,0.269329401,188.7898787,1.56920895,7.529735867,1.197230178,0.367764692,5.263199828,2.76220179,-0.208754694,1.60486308,-0.910490585,0.0,40.39436322,0.682789258,0.808855958,39.25,1.867058436,-0.070226445,-1.976809936,84.443755
0,8.0,0,0.0,3.787040239,1.43257,4.059504834,0.388067491,3.665802173,3.358,14.23873955,0.187670968,3.598591606,4.068745918,-0.292597255,-3.225644105,3.074233107,0.418199911,0.367764692,-0.871513667,0.840287758,-0.036863122,5.1634,3.445052436,-1.635614242,0.821490846,533.4347855,-2582.990257,0.352037785,17.51760682,0.269329401,188.7898787,1.563943927,7.529735867,1.197230178,0.367764692,5.290977605,2.76220179,-0.208754694,1.599839793,-0.910490585,0.0,40.39436322,0.682789258,0.808855958,35.25,1.842750149,-0.070226445,-1.976809936,84.443755
12,2.0,0,3.83946524,3.795439324,1.34318,4.088443492,0.388067491,3.665593156,3.366,15.18068883,0.130073957,3.608936866,4.218378598,-0.067335209,-2.903326155,3.514542692,0.465784034,0.370315713,-1.120680333,0.829948228,-0.274968936,5.90259,3.449791026,-1.542401158,0.81779198,595.5042557,-2192.104465,0.38775207,20.31685839,0.297107179,191.9993138,1.567784168,7.663584192,1.17024694,0.370315713,5.346533161,3.004723158,-0.203652653,1.603770337,-1.258323281,0.0,27.76344,0.670303432,0.779071999,40.5,1.851092665,-0.088980334,-1.996363664,84.333962
0,8.0,0,0.0,3.794068353,1.45146,4.069516185,0.388067491,3.665646802,3.366,15.18068883,0.150636548,3.602275135,4.218378598,-0.108507806,-3.062044984,3.514542692,0.446729813,0.370315713,-1.120680333,0.845692257,-0.274968936,5.3025,3.445847836,-1.65815789,0.81779198,595.5042557,-2192.104465,0.38775207,20.31685839,0.297107179,191.9993138,1.573044459,7.663584192,1.17024694,0.370315713,5.374310939,3.004723158,-0.203652653,1.603226129,-1.258323281,0.0,27.76344,0.670303432,0.779071999,36.0,1.825769169,-0.088980334,-1.996363664,84.333962
0,9.0,0,0.0,3.789211159,1.49459,4.066470395,0.337553191,3.697128383,3.584,16.12733557,-0.033551307,3.601683311,4.51877307,-0.243590613,-2.776275666,3.586445052,0.52432398,0.0,-1.160343178,0.920163923,-0.418950577,5.2006,3.452634943,-0.708151086,0.829642189,822.6999468,-1622.595119,0.422772044,22.89534118,0.287311562,184.5194291,1.596935708,7.611691595,1.129785636,0.462625611,5.527806882,2.832722192,-0.224836252,1.712284485,-1.328407958,0.0,49.11043869,0.667497306,0.851572683,40.75,1.839041654,-0.192297659,-0.278596567,94.849927
0,8.0,0,0.0,3.806922436,1.4599,4.080247258,0.421716333,3.734603228,3.291,15.92877775,0.250850842,3.607396459,4.754623184,-0.269519381,-3.239582541,4.103885258,0.426338468,0.319365805,-1.381406928,0.893242598,-0.437461484,5.0515,3.447726026,-1.659256776,0.748893635,913.3363251,-1984.148442,0.434943998,23.51345913,0.357897573,196.0258851,1.558220644,7.860650315,1.178166909,0.357897573,5.296363587,3.304732323,-0.184538213,1.589971398,-2.449778756,0.0,8.716539521,0.970236612,0.828073912,36.25,1.82381383,-0.114640843,-2.485545297,81.130583
12,2.0,0,3.619823952,3.790750602,1.40041,4.08217062,0.388067491,3.697056717,3.326,16.0312944,0.144541719,3.611537069,4.788704068,-0.197829767,-2.625405251,3.720995716,0.510083504,0.260125803,-1.127151527,0.819313428,-0.29425774,6.29269,3.452619614,-1.51050061,0.805585339,876.292385,-2690.85896,0.394994267,20.20050812,0.286265342,191.2000205,1.572931684,7.674316116,1.209617641,0.286265342,5.348297357,3.022082347,-0.212333208,1.616266074,-1.977994046,0.0,34.04397355,0.656332757,0.775377612,41.0,1.864325062,-0.093353827,-1.799732751,87.427548
0,8.0,0,0.0,3.789829374,1.509,4.066475811,0.388067491,3.698048757,3.326,16.0312944,0.148346098,3.60333524,4.788704068,-0.249714633,-2.816691069,3.720995716,0.485668746,0.260125803,-1.127151527,0.833551939,-0.29425774,5.6926,3.450442235,-1.611521291,0.805585339,876.292385,-2690.85896,0.394994267,20.20050812,0.286265342,191.2000205,1.566359849,7.674316116,1.209617641,0.286265342,5.348297357,3.022082347,-0.212333208,1.613000653,-1.977994046,0.0,34.04397355,0.656332757,0.775377612,36.5,1.839073234,-0.093353827,-1.799732751,87.427548
12,2.0,0,3.559330209,3.801295995,1.32853,4.08228082,0.421716333,3.730466633,3.326,15.92356942,0.386712584,3.61104786,4.593992184,-0.464146954,-2.980903981,3.870660857,0.446797537,0.316407226,-1.132240261,0.833938678,-0.305494774,5.51249,3.447150953,-1.491552869,0.75235215,850.6139193,-2628.631454,0.394994267,20.20050812,0.295397573,193.3433176,1.566765428,7.710038661,1.223328543,0.316407226,5.296363587,3.068621211,-0.191482657,1.597202131,-2.057825881,0.0,21.07963514,0.991551251,0.844025504,40.0,1.864304128,-0.203473679,-2.465366283,81.240376
12,2.0,0,3.559330209,3.801295995,1.32853,4.08228082,0.421716333,3.730466633,3.326,15.92356942,0.386712584,3.61104786,4.593992184,-0.464146954,-2.980903981,3.870660857,0.446797537,0.316407226,-1.132240261,0.833938678,-0.305494774,5.51249,3.447150953,-1.491552869,0.75235215,850.6139193,-2628.631454,0.394994267,20.20050812,0.295397573,193.3433176,1.566765428,7.710038661,1.223328543,0.316407226,5.296363587,3.068621211,-0.191482657,1.597202131,-2.057825881,0.0,21.07963514,0.991551251,0.844025504,40.0,1.864304128,-0.203473679,-2.465366283,81.240376
0,8.0,0,0.0,3.799893631,1.43961,4.066615494,0.421716333,3.731984035,3.326,15.92356942,0.39086736,3.602797191,4.593992184,-0.511946574,-3.211936955,3.870660857,0.419752063,0.316407226,-1.132240261,0.848563639,-0.305494774,4.9124,3.444996342,-1.596534137,0.75235215,850.6139193,-2628.631454,0.394994267,20.20050812,0.295397573,193.3433176,1.562343581,7.710038661,1.223328543,0.316407226,5.296363587,3.068621211,-0.191482657,1.59193057,-2.057825881,0.0,21.07963514,0.991551251,0.844025504,35.5,1.839007111,-0.203473679,-2.465366283,81.240376
12,2.0,0,4.131791117,3.801185995,1.32374,4.078348854,0.421716333,3.730489766,3.331,14.84076269,0.510923042,3.611685569,4.467667139,-0.561160928,-2.985753107,3.403231663,0.446212359,0.315747216,-1.057240261,0.784575652,-0.340381854,5.51249,3.448613191,-1.517152733,0.758426573,850.6139193,-3024.528267,0.352037785,19.17401448,0.29061441,192.4333992,1.566751573,7.708331323,1.250209433,0.315747216,5.325349094,3.44372259,-0.192678448,1.588383919,-1.951351869,0.0,21.07963514,0.991551251,0.855183161,40.0,1.863576204,-0.223030632,-2.480036934,81.240376
0,8.0,0,0.0,3.800305071,1.43311,4.062623133,0.421716333,3.732112268,3.331,14.84076269,0.532389092,3.603554362,4.467667139,-0.594903304,-3.205915651,3.403231663,0.420435715,0.315747216,-1.057240261,0.798236432,-0.340381854,4.9124,3.44691523,-1.633564584,0.758426573,850.6139193,-3024.528267,0.352037785,19.17401448,0.29061441,192.4333992,1.561932815,7.708331323,1.250209433,0.315747216,5.354334601,3.44372259,-0.192678448,1.581705641,-1.951351869,0.0,21.07963514,0.991551251,0.855183161,35.5,1.838107944,-0.223030632,-2.480036934,81.240376
0,8.0,0,0.0,3.798742358,1.43798,4.06452434,0.421716333,3.731917901,3.369,15.6688129,0.319396192,3.602644121,4.518498444,-0.511909589,-3.187655384,3.870660857,0.422515781,0.316407226,-1.132240261,0.799433398,-0.390820563,4.9124,3.444821219,-1.599625071,0.75235215,850.6139193,-2628.631454,0.366501092,19.86704081,0.295397573,193.3433176,1.562321042,7.710038661,1.223328543,0.316407226,5.296363587,3.068621211,-0.191482657,1.590934346,-2.057825881,0.0,21.07963514,0.991551251,0.796105179,35.5,1.838376255,-0.192622768,-2.465366283,81.240376
12,2.0,0,0.434166457,3.764346409,1.30227,4.070285763,0.421716333,3.710221478,3.244,15.50767436,0.398686956,3.609569737,4.399490042,-0.483753044,-2.913383255,4.127265392,0.455025927,0.32699536,-1.317082511,0.841204988,-1.044863773,4.99819,3.445173383,-1.524608348,0.764498337,792.7804086,-2324.198892,0.374374614,20.20050812,0.319220876,189.6324185,1.5667689,7.759529213,1.203752602,0.32699536,5.325349094,3.70410077,-0.167659355,1.601065457,-2.37981463,0.0,32.86131147,0.991551251,0.881224533,40.0,1.866181303,-0.304167415,-2.392672076,79.617376
0,8.0,0,0.0,3.758179842,1.40389,4.055575668,0.421716333,3.705145315,3.244,15.50767436,0.405044361,3.601286413,4.399490042,-0.527941366,-3.144145339,4.127265392,0.427513672,0.32699536,-1.317082511,0.853972074,-1.044863773,4.3981,3.442739622,-1.629332643,0.764498337,792.7804086,-2324.198892,0.374374614,20.20050812,0.319220876,189.6324185,1.562429931,7.759529213,1.203752602,0.32699536,5.325349094,3.70410077,-0.167659355,1.59610948,-2.37981463,0.0,32.86131147,0.991551251,0.881224533,35.5,1.841508297,-0.304167415,-2.392672076,79.617376
12,2.0,0,-1.650668752,3.770801181,1.31043,4.066231539,0.421716333,3.67284077,3.252,15.86223454,0.377717447,3.611938683,4.543597702,-0.307175942,-2.670158484,4.575748406,0.495259562,0.327144843,-1.566249178,0.851053361,-1.114886039,5.13729,3.447460646,-1.618014808,0.83851063,856.00014,-1748.64355,0.406899029,23.09924612,0.384163005,194.6375558,1.567053137,7.904783386,1.181668883,0.384163005,5.325349094,3.52330491,-0.155264466,1.597302764,-2.756147797,0.0,20.00089031,0.979065424,0.883574718,41.25,1.857686767,-0.309598822,-3.480297033,79.507583
0,8.0,0,0.0,3.768448132,1.42505,4.047668453,0.421716333,3.666584037,3.252,15.86223454,0.390396036,3.60360623,4.543597702,-0.344131283,-2.831407691,4.575748406,0.47468337,0.327144843,-1.566249178,0.85834811,-1.114886039,4.5372,3.443002288,-1.736404567,0.83851063,856.00014,-1748.64355,0.406899029,23.09924612,0.384163005,194.6375558,1.570992435,7.904783386,1.181668883,0.384163005,5.325349094,3.52330491,-0.155264466,1.598594537,-2.756147797,0.0,20.00089031,0.979065424,0.883574718,36.25,1.831694096,-0.309598822,-3.480297033,79.507583
0,8.0,0,0.0,3.805911389,1.4587,4.074894502,0.421716333,3.733357927,3.334,15.92877775,0.356138545,3.607174486,4.743624864,-0.268868946,-3.093075668,4.323493101,0.443096685,0.319365805,-1.381406928,0.85399804,-0.397650386,5.0515,3.445821738,-1.650330908,0.75248015,913.3363251,-1984.148442,0.430708552,23.09924612,0.323175351,196.6408548,1.569914043,7.860650315,1.178166909,0.323175351,5.325349094,3.304732323,-0.186380616,1.596795078,-2.449778756,0.0,8.716539521,0.979065424,0.81575291,36.25,1.822493142,-0.2415651,-2.485545297,81.130583
12,2.0,0,5.461131724,3.799546081,1.31859,4.075029527,0.421716333,3.730258698,3.318,14.18204993,0.424637761,3.609763724,4.42673392,-0.490330204,-3.037569861,3.167501816,0.430086294,0.312274994,-0.883073595,0.807190619,-0.083983303,5.37339,3.446373314,-1.517387528,0.777627489,787.3476703,-2693.75448,0.352037785,16.73020545,0.27498941,189.2959673,1.566766718,7.575602378,1.229592793,0.312274994,5.238392572,2.789322752,-0.196584698,1.598971797,-1.646608412,0.0,33.98657384,1.006843202,0.852739214,38.75,1.867058199,-0.132186127,-2.49882061,81.350169
0,8.0,0,0.0,3.798576401,1.41568,4.059657904,0.421716333,3.731897563,3.318,14.18204993,0.438958653,3.601586097,4.42673392,-0.537634601,-3.256831493,3.167501816,0.404673215,0.312274994,-0.883073595,0.830826861,-0.083983303,4.7733,3.444385396,-1.625775944,0.777627489,787.3476703,-2693.75448,0.352037785,16.73020545,0.27498941,189.2959673,1.562361553,7.575602378,1.229592793,0.312274994,5.26737808,2.789322752,-0.196584698,1.593174614,-1.646608412,0.0,33.98657384,1.006843202,0.852739214,34.75,1.84274351,-0.132186127,-2.49882061,81.350169
12,2.0,0,3.773130221,3.805651849,1.32493,4.088533262,0.421716333,3.733178341,3.326,15.13497152,0.381005898,3.614076917,4.576366599,-0.309921619,-2.938561281,3.61989833,0.451940045,0.315233574,-1.132240261,0.822432256,-0.283361428,5.51249,3.44925655,-1.5525429,0.77546379,850.6139193,-2323.028475,0.38775207,19.50791159,0.302767188,192.5935044,1.565621424,7.718409055,1.202578489,0.315233574,5.325349094,3.042465494,-0.191482657,1.59759778,-2.038561286,0.0,21.07963514,0.994357376,0.821788363,40.0,1.851092653,-0.158041441,-2.51741717,81.240376
0,8.0,0,0.0,3.804181381,1.43489,4.069632025,0.421716333,3.733272836,3.326,15.13497152,0.401924268,3.605750018,4.576366599,-0.3503932,-3.097145335,3.61989833,0.432978889,0.315233574,-1.132240261,0.837835646,-0.283361428,4.9124,3.445198579,-1.670211833,0.77546379,850.6139193,-2323.028475,0.38775207,19.50791159,0.302767188,192.5935044,1.569919092,7.718409055,1.202578489,0.315233574,5.354334601,3.042465494,-0.191482657,1.598108451,-2.038561286,0.0,21.07963514,0.994357376,0.821788363,35.5,1.825766486,-0.158041441,-2.51741717,81.240376
0,8.0,0,0.0,3.758279499,1.42454,4.072813108,0.421716333,3.708509591,3.209,15.51288269,0.265107115,3.605663736,4.560121042,-0.309785489,-3.194527647,4.360489793,0.431423458,0.32995394,-1.566249178,0.896500167,-1.137019385,4.5372,3.445503503,-1.687607049,0.758208623,856.00014,-1634.086262,0.414324345,23.51345913,0.381720876,192.314986,1.558420623,7.910140866,1.147533101,0.381720876,5.325349094,3.940211882,-0.16071491,1.59392633,-2.771767505,0.0,20.00089031,0.970236612,0.859307794,36.25,1.826155916,-0.219475368,-2.436243502,79.507583
0,12.0,0,0.0,3.865721372,1.15788,4.0034643,0.142857143,3.668022256,3.168,13.87128434,0.138603776,3.454761951,2.303147141,-0.033287369,-4.371836485,3.261700248,0.335223059,0.0,-0.541324389,0.95554035,-0.541324389,6.42529,3.368332016,-1.402642927,0.794958458,602.0152488,-267.1879312,0.141627112,17.66979674,0.447036604,207.7717608,1.512275883,7.734228888,0.854436166,0.447036604,5.290316838,3.246535744,-0.316917203,1.713465442,0.0,1.0,103.793086,0.416151733,0.611838201,43.75,1.726610909,0.017581498,-1.668744722,85.140583
0,12.0,0,0.0,3.866443453,1.19175,4.003881658,0.2,3.694139328,3.826,14.24222381,-0.043543844,3.54936082,2.658223391,0.206317395,-2.965401137,3.112822832,0.501762604,0.0,-0.435326007,1.161537775,-0.392011984,5.72099,3.443099017,-1.820876427,0.775351585,364.7247633,1.333949292,0.176319843,18.44138893,0.37593013,202.078799,1.573841882,7.75552191,0.840491738,0.37593013,5.302310404,3.155579812,-0.340545999,1.726363571,0.0,1.0,139.2870607,0.518213806,0.606628092,46.5,1.824345533,0.157750669,0.58633585,91.760962
0,13.0,1,0.0,3.997825947,1.1013,6.879516345,0.5,3.742190531,3.535,12.0237024,-0.248932747,3.561495044,2.747887588,0.158769516,-27.42071748,3.336772721,0.000396,0.533480048,-0.93264909,0.877341481,-0.93264909,5.70678,3.240875411,-8.19302858,0.503797448,-2.606972411,2122.412623,0.190140736,19.19413493,0.0,229.0556921,1.26935859,7.615508534,0.948969251,0.533480048,5.12414687,3.32064831,-0.454173143,1.449159123,0.0,2.0,-20.77652831,0.468480722,0.257104187,42.5,1.647230933,0.100221509,1.890009685,70.668274
0,12.0,0,0.0,3.995829675,1.13303,6.879516345,0.0,3.74123999,3.221,6.771801307,0.0137121,3.556953457,2.758548546,0.012081788,-18.20386097,2.687321313,0.004020611,0.0,-0.187926049,1.103275367,0.886171698,7.26477,3.237450514,-9.011549375,0.510860657,280.1310657,2177.409159,0.190140736,17.26143697,0.0,216.604218,1.286565345,7.38141208,0.948444036,0.0,5.034432011,2.46689258,-0.463181434,1.519377225,0.0,2.0,35.06697784,0.468480722,0.270309196,39.5,1.706401459,0.004462816,4.142238307,70.39786
0,12.0,0,0.0,3.996559554,1.15983,6.879516345,0.0,3.741589821,3.543,9.699581962,0.062645991,3.5626154,2.735393304,0.101272914,-13.12753083,2.837456124,0.023500746,0.476362058,-0.250355188,1.000639067,0.803717994,6.00458,3.287903802,-5.391636596,0.510940095,61.94619922,2215.808222,0.190140736,17.26143697,0.0,220.7519917,1.306802548,7.498301903,0.87505028,0.476362058,5.201311067,2.680526978,-0.478806434,1.553348974,0.0,2.0,4.27339533,0.468480722,0.272431754,40.75,1.755053234,0.003536044,-0.847434689,74.293446
0,12.0,0,0.0,3.997365145,1.06283,6.879516345,0.0,3.741904468,4.024,6.722534725,-0.112169383,3.561463216,2.719020075,0.127917511,-17.57106096,3.101166944,0.005696182,0.0,-0.297053033,1.020253841,0.681588365,6.14576,3.239974165,-10.3137172,0.509040583,-26.88710504,1920.039151,0.190140736,17.26143697,0.0,230.4562906,1.268328793,7.485635962,0.996870982,0.0,5.044974362,3.00612023,-0.452977353,1.447968105,0.0,2.0,18.33280714,0.468480722,0.255542053,43.25,1.647680092,0.06512726,2.091384174,69.497481
0,12.0,0,0.0,3.998030922,1.24837,6.879516345,0.0,3.742476136,3.397,10.95820443,-0.145187325,3.576958412,3.018555314,0.063076772,-17.04896724,2.922627138,0.008775213,0.220980048,-0.944672105,0.966388906,0.733046698,7.01577,3.407942966,-9.193053635,0.509466412,574.722699,3182.143538,0.190140736,17.26143697,0.0,223.0137062,1.318151722,7.442982051,0.80769145,0.220980048,5.081727679,2.765863674,-0.494431434,1.572887382,-0.944672105,2.0,14.97998325,0.468480722,0.27340946,41.25,1.805192664,0.064709436,-6.669783498,77.387032
0,13.0,1,0.0,3.997825947,1.1013,6.879516345,0.5,3.742190531,3.535,12.0237024,-0.248932747,3.561495044,2.747887588,0.158769516,-27.42071748,3.336772721,0.000396,0.533480048,-0.93264909,0.877341481,-0.93264909,5.70678,3.240875411,-8.19302858,0.503797448,-2.606972411,2122.412623,0.190140736,19.19413493,0.0,229.0556921,1.26935859,7.615508534,0.948969251,0.533480048,5.12414687,3.32064831,-0.454173143,1.449159123,0.0,2.0,-20.77652831,0.468480722,0.257104187,42.5,1.647230933,0.100221509,1.890009685,70.668274
0,13.0,0,0.0,3.996618895,1.30074,6.879516345,0.0,3.741690856,3.573,12.23637615,-0.064456874,3.572541682,3.493599073,-0.080833092,-2.08049137,2.64620957,0.609354494,0.0,-0.56432875,1.091144366,-0.278311243,7.31667,3.557663838,-0.247629192,0.55165614,835.4968542,3199.531067,0.315140736,17.36721602,0.461738667,209.2757178,1.560712122,7.487417564,0.867881767,0.461738667,5.240725757,2.498293116,-0.514137433,1.766330773,-0.56432875,2.0,81.67138673,0.468480722,0.33061262,46.5,1.856104183,-0.067761835,2.157692094,90.996583
0,13.0,0,0.0,3.996813714,1.10267,6.879516345,0.0,3.741681572,3.261,6.779613807,-0.016588041,3.564701323,2.725135151,0.016656764,-17.86752592,2.805161716,0.005220539,0.0,-0.221939655,1.114471894,0.832838365,7.35706,3.302654479,-9.606997268,0.510595533,80.07622614,2466.656203,0.190140736,17.26143697,0.0,224.3693175,1.298417745,7.39397013,0.914623446,0.0,5.125257873,2.619681018,-0.469798143,1.542006157,0.0,2.0,34.32224266,0.468480722,0.266082813,41.0,1.729987421,0.030477401,-0.219065032,72.15786
0,13.0,1,0.0,3.996661066,1.19254,6.879516345,0.5,3.741730924,3.602,11.18911363,0.005378342,3.570177505,2.78103685,0.307313465,-1.971295485,2.791382204,0.595257038,0.606929522,-0.766385331,0.832505518,-0.766385331,6.87708,3.444437544,-1.953096072,0.528484842,228.1425226,2242.204723,0.190140736,17.71255986,0.0,218.8869472,1.424745659,7.514574943,0.853472542,0.606929522,5.341293085,2.586793865,-0.496585997,1.597715332,0.0,2.0,10.23472768,0.468480722,0.287640112,44.0,1.82855995,-0.06814802,0.694631159,79.949032
0,13.0,0,0.0,3.99791523,1.10705,6.879516345,0.0,3.742263084,4.015,12.24592462,-0.225560752,3.562918537,2.756287875,0.132906074,-22.86158895,3.192603845,0.001456262,0.0,-0.43264909,0.916442657,-0.43264909,5.10748,3.262053793,-8.440897222,0.505212261,96.64600926,2377.530639,0.190140736,19.19413493,0.0,226.9330017,1.280803292,7.548349265,0.91996153,0.56275681,5.125257873,3.126449207,-0.461985643,1.480591246,0.0,2.0,-14.25151086,0.468480722,0.259863889,42.5,1.661198065,0.085952437,0.306476849,71.633067
0,13.0,1,0.0,3.996944631,1.13419,6.879516345,0.5,3.741904146,3.602,11.63408518,0.141652326,3.565090692,2.78103685,0.131467328,-13.47596346,3.111983025,0.023675295,0.566639836,-0.84876824,0.830710441,-0.84876824,6.09688,3.336314144,-4.307768066,0.505515753,88.76131025,1720.779765,0.190140736,18.59650903,0.0,226.4548501,1.292631971,7.645905626,0.905179225,0.566639836,5.200212065,3.038727219,-0.471813764,1.53265123,0.0,2.0,-10.38020084,0.468480722,0.268075959,43.0,1.721381052,0.001972888,0.649995163,73.76186
0,14.0,0,0.0,4.70170315,1.14072,6.879516345,0.5,3.984582466,4.604,12.80379499,-0.163615166,3.727338562,2.918143529,0.137986372,0.886801967,3.257746608,1.279326643,0.0,-5.063982508,1.057608519,0.550917068,7.32777,3.520553892,-14.01867559,0.541549893,-666.1474149,1824.356281,0.190140736,17.26143697,0.0,231.5209637,1.312507273,7.596769323,0.916893254,0.0,5.11530336,3.232544258,-0.478552513,1.493275004,0.0,2.0,227.1985395,0.468480722,0.283335655,44.5,1.636920205,0.101751788,0.081253363,74.90186
0,13.0,1,0.0,3.996718752,1.1645,6.879516345,0.5,3.741782205,3.602,11.37262062,-0.062335534,3.567879086,2.78103685,-0.224568004,-5.38864306,2.807320279,0.233076159,0.590076426,-0.799006061,0.826835084,-0.799006061,6.48698,3.401496111,-2.822850968,0.514614072,164.8519044,2508.858538,0.190140736,18.1150958,0.0,222.9122701,1.331029749,7.557832212,0.856609606,0.590076426,5.272473558,2.852324547,-0.485565693,1.568917781,0.0,2.0,0.004465357,0.468480722,0.283297392,43.5,1.785200494,-0.053586561,0.138024624,76.855446
12,2.0,1,5.15121654,3.807171324,1.15837,4.013363369,0.814325285,3.578204115,2.349,13.94299989,-0.263369733,3.571198328,3.195841233,0.059861804,-4.95357785,2.49700474,0.202315213,0.491626178,-0.890217984,0.643588942,-0.890217984,6.1331,3.212175392,-5.558466044,0.830675153,290.064283,671.9051726,0.251851609,10.34298486,0.0,184.6130235,1.446550123,7.563035368,1.187418941,0.491626178,4.978333581,2.416863004,-0.244920792,1.690228069,-0.877345047,0.0,38.39559345,0.28928371,0.764801758,35.0,1.724171079,0.104791875,-2.151923896,69.869411
0,8.0,1,0.0,3.805661031,1.26038,3.994248859,0.814325285,3.578380479,2.349,13.94299989,-0.259883834,3.569819549,3.195841233,0.081418837,-5.201865153,2.49700474,0.186743172,0.491626178,-0.890217984,0.6483292,-0.890217984,6.1331,3.215304025,-5.98842001,0.830675153,290.064283,671.9051726,0.251851609,10.34298486,0.0,184.6130235,1.447838344,7.563035368,1.187418941,0.491626178,5.047299098,2.416863004,-0.244920792,1.689618307,-0.877345047,0.0,38.39559345,0.28928371,0.764801758,31.0,1.724171079,0.104791875,-2.151923896,69.869411
12,2.0,1,5.139070324,3.81307921,1.10755,4.014194617,0.814325285,3.578980575,2.349,13.79022212,-0.246673678,3.567167919,3.195841233,0.018553694,-4.791782022,2.499046016,0.202450337,0.503971857,-0.892822151,0.647800027,-0.892822151,5.743,3.205807477,-6.097539997,0.829156714,261.194788,117.0980419,0.251851609,10.34298486,0.0,182.6492459,1.3083999,7.649756796,1.315764988,0.503971857,4.999186077,2.486687067,-0.213670792,1.458567432,-0.870400602,0.0,32.72205114,0.34203314,0.758474169,34.5,1.821848147,0.104600245,1.570436857,66.775825
0,8.0,1,0.0,3.811321476,1.21034,3.995273063,0.814325285,3.579186259,2.349,13.79022212,-0.242241999,3.565776498,3.195841233,0.045243626,-5.033978656,2.499046016,0.186748426,0.503971857,-0.892822151,0.652823743,-0.892822151,5.743,3.209210161,-6.5433537,0.829156714,261.194788,117.0980419,0.251851609,10.34298486,0.0,182.6492459,1.308687956,7.649756796,1.315764988,0.503971857,5.07191335,2.486687067,-0.213670792,1.459506092,-0.870400602,0.0,32.72205114,0.34203314,0.758474169,30.5,1.81217521,0.104600245,1.570436857,66.775825
12,2.0,1,5.02789633,3.790353376,1.12487,4.011834555,0.814325285,3.464271579,2.199,13.59744434,-0.209020871,3.347278421,3.196014312,-0.030237261,-5.312505439,2.533595039,0.160109323,0.516317536,-0.915834481,0.641899503,-0.915834481,5.5989,3.161200674,-5.72343856,0.834605828,578.4686887,-502.3978534,0.289119408,10.34298486,0.0,175.3520208,1.308271151,7.74519307,1.436018028,0.516317536,4.856196298,2.522299603,-0.182420792,1.44996066,-0.903456158,0.0,19.25926521,0.205950377,0.767199324,33.5,1.738835523,0.073352133,6.836521678,65.015825
0,8.0,1,0.0,3.7894494,1.23108,3.992330263,0.814325285,3.465927193,2.199,13.59744434,-0.202331165,3.347175185,3.196014312,0.000805,-5.212844564,2.533595039,0.165707249,0.516317536,-0.915834481,0.647581613,-0.915834481,5.5989,3.165440113,-6.459843479,0.834605828,578.4686887,-502.3978534,0.289119408,10.34298486,0.0,175.3520208,1.308574662,7.74519307,1.436018028,0.516317536,4.930270372,2.522299603,-0.182420792,1.451163453,-0.903456158,0.0,19.25926521,0.205950377,0.767199324,29.5,1.738050679,0.073352133,6.836521678,65.015825
12,2.0,1,5.127330486,3.804827217,1.09426,4.01228866,0.814325285,3.640581969,2.349,13.71924989,-0.304304271,3.617616859,2.96161996,0.075063127,-4.739051046,2.537351395,0.206040262,0.507251178,-0.894847614,0.677661843,-0.894847614,5.6005,3.223641474,-5.806210367,0.793408969,224.0600753,236.9526198,0.222838933,9.756887787,0.0,181.9351804,1.372874417,7.565041194,1.268043233,0.507251178,4.999186077,2.561111111,-0.189365237,1.431772158,-0.871095047,0.0,32.72205114,0.34203314,0.759629646,34.5,1.591996933,0.144902465,-3.869149626,66.775825
0,8.0,1,0.0,3.803490515,1.19658,3.992974053,0.814325285,3.640840513,2.349,13.71924989,-0.301876261,3.612816453,2.96161996,0.099419438,-4.990625346,2.537351395,0.18946674,0.507251178,-0.894847614,0.682024316,-0.894847614,5.6005,3.22633998,-6.115753873,0.793408969,224.0600753,236.9526198,0.222838933,9.756887787,0.0,181.9351804,1.372874417,7.565041194,1.268043233,0.507251178,5.07191335,2.561111111,-0.189365237,1.433315652,-0.871095047,0.0,32.72205114,0.34203314,0.759629646,30.5,1.591244865,0.144902465,-3.869149626,66.775825
0,8.0,1,0.0,3.794568463,1.31182,3.993039852,0.814325285,3.488368796,2.199,13.91522212,-0.28581503,3.449319823,3.271465937,0.101486286,-5.626506424,2.488112461,0.162837571,0.491626178,-0.905842984,0.664334286,-0.905842984,6.3791,3.198372101,-6.250803316,0.813358132,557.3264891,1116.939064,0.251851609,10.34298486,0.0,175.5767763,1.460272213,7.486252875,1.105322121,0.491626178,4.998068512,2.446442417,-0.244920792,1.563026335,-0.905122824,0.0,27.51856745,0.205950377,0.739570104,30.5,1.799795693,0.129768345,-4.926150454,71.202997
0,8.0,1,0.0,3.815471414,1.31832,3.994372757,0.814325285,3.657920593,2.932,14.54896346,-0.30111096,3.643692952,3.362183404,-0.023641447,-3.873866923,2.564580334,0.350992276,0.41332796,-0.900555081,1.086556455,-0.876812897,5.3029,3.47195057,-2.753752395,0.826475728,-72.77588298,-402.2488174,0.203932757,9.756887787,0.0,185.1838897,1.449551857,7.661562356,1.144076507,0.41332796,5.32911807,2.537946515,-0.288899298,1.594186535,-0.900555081,0.0,100.1155524,0.444095213,0.711405736,35.75,1.775908791,0.155901869,-4.262272833,83.478962
12,2.0,1,5.198164493,3.818080143,1.23556,4.013404801,0.814325285,3.663493598,2.747,14.50575358,-0.341031829,3.654879163,3.362183404,0.006588888,-3.676634002,2.551432981,0.360131073,0.41332796,-0.854636713,0.911533069,-0.854179152,6.30039,3.545042211,-3.156017997,0.82350434,19.9777546,-394.9297808,0.203932757,9.756887787,0.0,185.5010144,1.568773175,7.592067058,1.150930046,0.41332796,5.161076767,2.51035318,-0.285812879,1.657223406,-0.854636713,0.0,88.44781274,0.444095213,0.729215074,38.75,1.724171079,0.166787364,-3.755620303,82.676962
0,8.0,1,0.0,3.816266215,1.32914,3.99440484,0.814325285,3.663524963,2.747,14.50575358,-0.340405321,3.65244056,3.362183404,0.048534541,-3.779450233,2.551432981,0.349991193,0.41332796,-0.854636713,0.910678237,-0.854179152,6.0665,3.543755828,-3.456076651,0.82350434,19.9777546,-394.9297808,0.203932757,9.756887787,0.0,185.5010144,1.568614253,7.592067058,1.150930046,0.41332796,5.218219624,2.51035318,-0.285812879,1.655035322,-0.854636713,0.0,88.44781274,0.444095213,0.729215074,34.75,1.724171079,0.166787364,-3.755620303,82.676962
12,3.0,1,4.542687282,3.80641796,1.31327,4.01330889,1.195266057,3.602464529,2.551,14.21861072,-0.361172104,3.517336401,3.508695508,0.199437945,-12.78356077,2.806231762,0.028696242,0.476171138,-1.14833463,0.746584036,-1.020871145,6.3108,3.363657947,-2.6980087,0.825709618,1015.895087,835.464794,0.256150638,12.63393923,0.0,187.7283383,1.463433478,7.661294718,1.076035957,0.476171138,5.078688949,2.94749841,-0.345782903,1.743547144,-1.856760891,0.0,43.544006,0.205950377,0.849268734,39.25,1.818921665,0.029802816,-3.078474407,80.754169
0,9.0,1,0.0,3.804940155,1.40992,3.994174083,1.195266057,3.602633878,2.551,14.21861072,-0.379675296,3.51712806,3.508695508,0.232470648,-12.93121083,2.806231762,0.027543106,0.476171138,-1.14833463,0.747440957,-1.020871145,6.3108,3.363585563,-2.689574937,0.825709618,1015.895087,835.464794,0.256150638,12.63393923,0.0,187.7283383,1.464160817,7.661294718,1.076035957,0.476171138,5.136659964,2.94749841,-0.345782903,1.743058021,-1.856760891,0.0,43.544006,0.205950377,0.849268734,35.25,1.814437471,0.029802816,-3.078474407,80.754169
0,7.0,1,0.0,3.782387903,1.18154,4.169036211,0.814325285,3.623757179,2.289,13.3770538,-0.371106806,3.555032816,2.712626851,0.097135909,-2.666073347,2.554714874,0.385903071,0.547181504,-1.174666475,0.652460536,-0.857478542,4.7842,3.195825141,-3.872489524,0.957793268,698.0871722,148.9160683,0.192561853,13.23510343,0.0,194.2751362,1.372874417,7.762940171,1.209521959,0.547181504,5.288179232,2.604827994,-0.179921825,1.402658155,0.0,0.0,70.20307016,0.45066953,0.889345657,28.0,1.536582608,0.25893211,-4.479403559,61.728653
0,7.0,1,0.0,3.782387903,1.18154,4.169036211,0.814325285,3.623757179,2.289,13.3770538,-0.371106806,3.555032816,2.712626851,0.097135909,-2.666073347,2.554714874,0.385903071,0.547181504,-1.174666475,0.652460536,-0.857478542,4.7842,3.195825141,-3.872489524,0.957793268,698.0871722,148.9160683,0.192561853,13.23510343,0.0,194.2751362,1.372874417,7.762940171,1.209521959,0.547181504,5.288179232,2.604827994,-0.179921825,1.402658155,0.0,0.0,70.20307016,0.45066953,0.889345657,28.0,1.536582608,0.25893211,-4.479403559,61.728653
0,9.0,0,0.0,3.80501625,1.15702,3.990049558,0.0,3.710388976,2.53,13.87810997,-0.189578309,3.6625804,2.441316596,0.043094776,-4.69828756,2.526412446,0.2303363,0.0,-0.056845695,0.936662375,0.290846718,6.38041,3.473119611,-4.302898792,0.827439641,156.0439855,60.77865454,0.164702425,14.05550328,0.0,184.9589388,1.421792166,7.553855881,1.201819702,0.0,5.185230133,2.298004594,-0.195547918,1.561730985,0.0,1.0,108.4403632,0.549294815,0.731306706,33.75,1.659277904,0.059187357,-1.163792587,71.260618
0,9.0,2,0.0,3.794233146,1.11296,3.989858901,0.0,3.672961102,2.885,13.76540447,-0.270467021,3.589538764,2.301873374,0.110729009,-5.449069482,2.618816872,0.172429926,0.0,-0.11416051,0.967986183,0.24839018,4.0096,3.347275625,-3.738708112,0.834070901,-37.88565971,79.66793131,0.164702425,12.70469421,0.687679926,187.0710371,1.372874417,7.618756089,1.240722968,0.687679926,5.120356715,2.35431182,-0.173846529,1.433377028,0.0,3.0,90.41141588,0.450172424,0.706993563,33.0,1.580268221,0.088886749,0.630354724,66.478239
0,8.0,0,0.0,3.783805957,1.11933,3.989508785,0.2,3.626270576,2.904,13.45304619,-0.300144093,3.569469569,2.242182952,0.111822682,-4.623418193,2.558020513,0.203054242,0.0,-0.38327354,0.69947691,-0.38327354,4.6111,3.238025044,-4.837352803,0.834663658,21.36691292,240.4840906,0.164702425,12.70469421,0.0,181.9806772,1.372874417,7.567170629,1.230326423,0.522782691,5.043681539,2.507551545,-0.172004126,1.453483084,0.0,0.0,31.97311392,0.348110351,0.709191268,30.0,1.586587664,0.225162056,-0.921623232,64.647032
0,10.0,0,0.0,3.929189197,1.16567,4.699034126,1.346165863,3.781471463,3.468,13.70908124,-0.133210356,3.696389186,2.430325208,0.031249216,-0.74218423,2.623303665,0.798592631,0.0,-5.196265152,0.703062485,-0.546596585,4.1536,3.545296851,-3.291815722,0.798052047,-352.7040249,104.666877,0.164702425,12.70469421,0.416301209,185.5222602,1.402864093,7.697528752,1.175329006,0.416301209,5.187396439,3.100015362,-0.174141786,1.493255769,0.0,0.0,442.2034804,0.348110351,0.729298655,34.75,1.588726308,0.013419982,0.811183773,72.244618
0,9.0,0,0.0,3.793238127,1.09867,3.989810406,0.0,3.671443456,2.878,13.76171966,-0.279659578,3.591014017,2.297473542,0.111230678,-5.433663957,2.601733539,0.173288954,0.0,-0.12541051,0.934659353,0.242279069,5.3614,3.368773689,-3.373993079,0.832349014,-41.66660301,93.87151921,0.164702425,12.70469421,0.0,188.3171371,1.372874417,7.634127263,1.241309947,0.0,5.120356715,2.365450434,-0.172004126,1.424047986,0.0,2.0,97.28899779,0.450172424,0.708498018,33.5,1.577332754,0.103558106,1.101505983,66.840239
0,9.0,2,0.0,3.794233146,1.11296,3.989858901,0.0,3.672961102,2.885,13.76540447,-0.270467021,3.589538764,2.301873374,0.110729009,-5.449069482,2.618816872,0.172429926,0.0,-0.11416051,0.967986183,0.24839018,4.0096,3.347275625,-3.738708112,0.834070901,-37.88565971,79.66793131,0.164702425,12.70469421,0.687679926,187.0710371,1.372874417,7.618756089,1.240722968,0.687679926,5.120356715,2.35431182,-0.173846529,1.433377028,0.0,3.0,90.41141588,0.450172424,0.706993563,33.0,1.580268221,0.088886749,0.630354724,66.478239
0,9.0,0,0.0,3.78317424,1.3404,3.990588075,0.512992784,3.621648129,3.783,14.33681332,-0.375728655,3.532509398,2.870820136,0.00398677,-1.697811267,2.682040271,0.667483387,0.0,-0.719880329,1.205675624,-0.385077121,4.896,3.449251836,-0.918449324,0.858718491,108.782466,199.9244704,0.19748515,15.92409933,0.279170151,175.3815781,1.668824315,7.716064954,1.116543724,0.279170151,5.6307691,2.786439562,-0.225399313,1.754064613,0.0,0.0,131.3070296,0.31408966,0.771683162,40.25,1.811111787,0.162246636,3.525553809,95.328513
0,8.0,0,0.0,3.784672187,1.12347,3.989557411,0.66943295,3.628841645,2.976,13.51512102,-0.386759913,3.570683195,2.268011957,0.125181442,-4.601093904,2.807566872,0.215736404,0.659242984,-0.489755021,0.855735092,-0.489755021,4.6312,3.246237036,-3.304040465,0.830476968,-102.5648286,137.4424761,0.164702425,12.70469421,0.647782691,183.3873597,1.372874417,7.66619743,1.231089612,0.659242984,5.120356715,2.568420731,-0.161800044,1.445109863,0.0,0.0,28.39661112,0.348110351,0.703481459,30.75,1.583852182,0.166508947,-0.339627403,65.449032
0,8.0,1,0.0,3.768806463,1.19927,3.989536961,0.814325285,3.468469381,2.424,13.65383701,-0.370990141,3.405201985,2.462577436,0.164381713,-5.42678828,2.629086277,0.173673728,0.533971857,-0.921821636,0.913851502,-0.921821636,5.2254,3.191430057,-3.398610318,0.821990928,189.6921678,317.3219607,0.19318612,13.39702277,0.0,179.7513125,1.446537714,7.711565963,1.141211295,0.533971857,5.241180348,2.660378601,-0.171170792,1.489944399,0.0,0.0,36.11503742,0.212027588,0.722168516,31.0,1.749870968,0.22948718,1.70713867,68.911411
0,9.0,0,0.0,3.786078962,1.17997,3.989599632,0.512992784,3.639232146,3.248,13.82982328,-0.587823627,3.579525589,2.357897582,0.397480012,-3.776265401,2.572232106,0.339958077,0.0,-0.461327928,0.913933854,-0.461327928,4.8051,3.387111531,-1.315106122,0.849773397,82.61932469,30.0728408,0.164702425,13.63760034,0.414241024,179.9169391,1.525310275,7.701736688,1.203782944,0.414241024,5.360528582,2.65111535,-0.17981459,1.600532848,0.0,0.0,75.74215678,0.348110351,0.736613707,35.5,1.682182963,0.307670708,-0.24269948,77.29179
0,8.0,0,0.0,3.783805957,1.11933,3.989508785,0.2,3.626270576,2.904,13.45304619,-0.300144093,3.569469569,2.242182952,0.111822682,-4.623418193,2.558020513,0.203054242,0.0,-0.38327354,0.69947691,-0.38327354,4.6111,3.238025044,-4.837352803,0.834663658,21.36691292,240.4840906,0.164702425,12.70469421,0.0,181.9806772,1.372874417,7.567170629,1.230326423,0.522782691,5.043681539,2.507551545,-0.172004126,1.453483084,0.0,0.0,31.97311392,0.348110351,0.709191268,30.0,1.586587664,0.225162056,-0.921623232,64.647032
0,8.0,1,0.0,3.816216463,1.28876,3.995203279,1.833210134,3.632046404,2.833,14.00248213,-0.515612913,3.585176243,3.541837322,0.035865385,-5.787762645,2.957245497,0.173103176,0.213661541,-1.09493197,0.718488733,-1.005418733,4.0747,3.217314902,-4.764295877,0.809524105,184.520975,292.9998506,0.299445945,14.92301448,0.0,190.0337702,1.444811367,7.778019759,1.183925408,0.491626178,5.356564762,2.926890901,-0.193670792,1.641619421,-1.09493197,0.0,-27.51456839,0.453956022,0.719153425,32.5,1.699101423,0.173327552,-3.837733124,71.473411
0,8.0,1,0.0,3.800409563,1.24753,3.993607149,0.814325285,3.556319051,2.534,13.99968924,-0.345875609,3.5131369,3.157258768,0.126576069,-5.265575919,2.605925664,0.192917532,0.493971857,-0.938002643,0.878717467,-0.919410371,5.3695,3.215053156,-4.520395329,0.821020895,190.1415439,-302.5406075,0.251851609,10.34298486,0.0,187.4075764,1.347784464,7.703522298,1.249992256,0.493971857,5.289091354,2.600823045,-0.202420792,1.472344072,-0.938002643,0.0,49.72106951,0.308012449,0.741188422,32.0,1.807893126,0.142104076,2.556296642,70.671411
0,11.0,1,0.0,3.82091216,1.07628,3.996130729,0.814325285,3.634215539,2.978,13.88865182,-0.252400132,3.542095741,2.927138021,0.123583733,-5.441626238,3.077240041,0.182590708,0.517198897,-1.049040058,0.745609231,-0.975658796,5.71219,3.216272994,-5.886465642,0.852895634,227.2145467,-136.7366609,0.226329443,10.34298486,0.0,205.5754212,1.308741816,7.803394674,1.308782447,0.517198897,5.180381775,3.166824553,-0.111902023,1.459751117,-1.049040058,2.0,23.18223931,0.308012449,0.725658535,37.0,1.728349922,0.153047926,0.850290204,66.308653
0,10.0,1,0.0,3.830207472,1.12829,3.997554411,0.814325285,3.642228384,2.658,13.92865182,-0.295910578,3.544800754,3.085553546,0.081895424,-5.477935442,2.91867284,0.180530629,0.509972817,-1.009040058,0.763220143,-0.955250633,6.06088,3.207803237,-5.320309129,0.838030023,416.103365,-789.1190275,0.23117935,10.34298486,0.0,203.612157,1.407882377,7.828807413,1.331279829,0.509972817,5.203642668,2.962854915,-0.130059619,1.492922073,-1.009040058,1.0,43.05099174,0.391842889,0.728072965,35.25,1.583515344,0.14697559,3.144290022,67.642239
0,11.0,1,0.0,3.821350453,1.07755,3.996192608,0.814325285,3.634158663,3.04,13.89602144,-0.143590704,3.545647082,2.934651465,-0.030254562,-5.441358765,3.080293915,0.182605971,0.516026058,-1.041670444,0.632298871,-0.972379475,5.71219,3.213793245,-5.847173418,0.853269895,231.1985627,288.5665742,0.226329443,10.34298486,0.0,204.7904248,1.308677634,7.786904725,1.265198509,0.516026058,5.218117624,3.098604051,-0.11558683,1.457620153,-1.041670444,2.0,23.18223931,0.308012449,0.723063409,37.0,1.73425964,0.133274981,-2.861838757,66.308653
0,11.0,1,0.0,3.918551521,1.12919,4.005010004,0.814325285,3.756637131,3.173,14.020675,-0.082037671,3.563070148,3.052345683,-0.138044649,-5.755243984,3.082048631,0.174817391,0.505779144,-1.034363817,0.547069393,-0.963208331,6.36559,3.21612839,-5.555420492,0.804787382,450.7610771,-1709.78567,0.226329443,11.99953935,0.0,211.8161907,1.308660427,7.96669711,1.539879641,0.505779144,5.218117624,3.087872186,-0.141600939,1.456006088,-1.034363817,2.0,4.439758748,0.28928371,0.684597974,37.75,1.709042342,0.124208865,0.483645454,67.82186
0,8.0,1,0.0,3.771782335,1.26589,3.989589362,0.814325285,3.684284029,2.535,13.88838522,-0.415659785,3.609312755,2.545910769,0.207990172,-4.615163048,2.513170357,0.257328733,0.511818505,-0.909560643,0.895650865,-0.909560643,6.0056,3.395940273,-1.660325019,0.822417049,7.185787222,385.525965,0.19318612,14.26787961,0.0,179.6632164,1.451964507,7.645077462,1.084271622,0.511818505,5.360528582,2.566326455,-0.318430296,1.567829173,0.0,0.0,61.18133553,0.31408966,0.749689801,33.0,1.750793519,0.232450107,1.262404091,76.858583
12,2.0,1,4.86971029,3.810348426,1.15587,4.009587279,0.814325285,3.762354216,3.298,13.95524286,-0.34980997,3.620037793,2.981290086,0.125264475,-3.743761165,2.586218026,0.353478132,0.508346283,-0.945706954,0.880282083,-0.945706954,5.89938,3.397817377,-1.862247235,0.829916892,97.51894438,333.4039432,0.19318612,13.39702277,0.0,181.9472574,1.451831473,7.675539804,1.086996064,0.508346283,5.331976695,2.668195179,-0.349680296,1.593360944,-0.369383951,0.0,51.59348721,0.300415935,0.761491754,41.25,1.754619061,0.210859697,2.025743481,79.05179
0,8.0,1,0.0,3.810142479,1.24786,3.989625653,0.814325285,3.762398558,3.298,13.95524286,-0.35585905,3.610918402,2.981290086,0.12524564,-4.396708867,2.586218026,0.294844253,0.508346283,-0.945706954,0.880240478,-0.945706954,5.89938,3.3977227,-1.867262643,0.829916892,97.51894438,333.4039432,0.19318612,13.39702277,0.0,181.9472574,1.452679432,7.675539804,1.086996064,0.508346283,5.392582756,2.668195179,-0.349680296,1.593359869,-0.369383951,0.0,51.59348721,0.300415935,0.761491754,37.25,1.751124747,0.210859697,2.025743481,79.05179
0,11.0,1,0.0,3.81983995,1.07556,3.995940677,0.814325285,3.634979472,3.138,13.8764296,-0.19726448,3.548275118,2.897204012,0.091837822,-5.418907704,3.148791152,0.183891631,0.518838558,-1.06126228,0.577660083,-0.98044196,5.71219,3.220269699,-5.39375465,0.872036475,257.1445667,331.9488844,0.222572721,10.34298486,0.0,205.7280129,1.308772889,7.719644911,1.251238049,0.518838558,5.218117624,3.263411417,-0.105790912,1.462656704,-1.06126228,2.0,23.18223931,0.308012449,0.727248051,37.0,1.741754448,0.14665207,-2.322829197,66.308653
12,3.0,1,4.979957195,3.809701628,1.32112,4.012634595,0.905750256,3.78207514,3.427,14.54986949,-0.420277065,3.663352789,4.055849048,0.20917148,-2.663830118,2.323478771,0.522194757,0.44064458,-0.988246921,0.976655969,-0.929034364,5.5233,3.529871857,-1.521500556,0.823048453,317.3502725,-344.3734099,0.304556236,11.542114,0.0,170.5973337,1.46993046,7.562633897,1.1285016,0.44064458,5.449747626,2.377662794,-0.298041605,1.747551981,-0.988246921,0.0,109.1523073,0.425366474,0.787821171,43.75,1.831800663,0.090575573,5.535425746,93.192927
0,9.0,1,0.0,3.808757808,1.409,3.993338947,0.905750256,3.781811076,3.427,14.54986949,-0.423089478,3.652839634,4.055849048,0.213552245,-3.092587749,2.323478771,0.470344584,0.44064458,-0.988246921,0.975299436,-0.929034364,5.5233,3.529646861,-1.517894372,0.823048453,317.3502725,-344.3734099,0.304556236,11.542114,0.0,170.5973337,1.470282403,7.562633897,1.1285016,0.44064458,5.499747626,2.377662794,-0.298041605,1.747064063,-0.988246921,0.0,109.1523073,0.425366474,0.787821171,39.75,1.821080345,0.090575573,5.535425746,93.192927
12,3.0,1,4.763149392,3.810127532,1.31267,4.012773296,1.049075093,3.7316252,2.846,14.40429859,-0.405497521,3.611495874,4.016791529,0.330399359,-4.936105025,2.605213659,0.27281128,0.460211781,-1.062246785,0.688838168,-0.976795013,6.1999,3.385940643,-2.764714793,0.810837188,896.7473166,133.6270969,0.270485508,11.54450444,0.0,181.6659451,1.484362285,7.631575183,1.091897008,0.460211781,5.346533161,2.794807274,-0.261227813,1.756640456,-1.650814764,0.0,76.58242312,0.514875942,0.815094001,41.5,1.807534163,-0.002424123,3.901858745,84.280962
0,9.0,1,0.0,3.808760557,1.40551,3.993529615,1.049075093,3.731804239,2.846,14.40429859,-0.405290667,3.609543445,4.016791529,0.364119669,-5.940734945,2.605213659,0.209433021,0.460211781,-1.062246785,0.691306959,-0.976795013,6.1999,3.385806927,-2.75001365,0.810837188,896.7473166,133.6270969,0.270485508,11.54450444,0.0,181.6659451,1.484379658,7.631575183,1.091897008,0.460211781,5.402088717,2.794807274,-0.261227813,1.756256876,-1.650814764,0.0,76.58242312,0.514875942,0.815094001,37.5,1.803706647,-0.002424123,3.901858745,84.280962
12,3.0,1,4.615564581,3.807782883,1.32002,4.013377621,1.195266057,3.616077368,2.929,14.2463885,-0.338450094,3.545324088,3.603773274,0.233662934,-7.797603721,2.739565611,0.114635124,0.469998298,-1.120556852,0.696653816,-1.005246145,5.8838,3.365942143,-2.926784236,0.825244712,942.3487338,1044.931081,0.259570023,12.63393923,0.206201617,184.772047,1.463717763,7.590361497,1.050410409,0.469998298,5.114159445,2.86221295,-0.235111702,1.743555456,-1.578983113,0.0,25.25089045,0.205950377,0.844104127,39.25,1.830511819,0.03742598,-4.806097915,81.718962
0,9.0,1,0.0,3.806263615,1.41682,3.994264631,1.195266057,3.616269329,2.929,14.2463885,-0.354362394,3.544942652,3.603773274,0.261365393,-10.60207636,2.739565611,0.052600944,0.469998298,-1.120556852,0.698578938,-1.005246145,5.8838,3.365860411,-2.918938166,0.825244712,942.3487338,1044.931081,0.259570023,12.63393923,0.206201617,184.772047,1.464430518,7.590361497,1.050410409,0.469998298,5.171302302,2.86221295,-0.235111702,1.74306414,-1.578983113,0.0,25.25089045,0.205950377,0.844104127,35.25,1.820721048,0.03742598,-4.806097915,81.718962
0,8.0,1,0.0,3.769341163,1.24226,3.989559511,0.814325285,3.481823603,2.609,13.84318847,-0.368967049,3.416008059,2.462577436,0.184453407,-6.219776138,2.597841179,0.160518525,0.519790234,-0.93144846,1.083828361,-0.93144846,5.242,3.220308265,-1.05758339,0.845377181,78.25086288,333.4913226,0.19318612,13.39702277,0.0,181.6795687,1.454138807,7.750183181,1.101819513,0.519790234,5.348914928,2.617068533,-0.233430296,1.635118876,0.0,0.0,58.05214245,0.212027588,0.730915802,33.0,1.752198392,0.203925546,0.533335509,75.900583
12,2.0,1,4.971697547,3.768965142,1.09856,4.00952425,0.814325285,3.468155895,2.424,13.65383701,-0.364705466,3.405310132,2.462577436,0.155045642,-13.40992474,2.629086277,0.013223203,0.533971857,-0.921821636,0.91431976,-0.921821636,5.2254,3.187922698,-3.259538249,0.821990928,189.6921678,317.3219607,0.19318612,13.39702277,0.0,179.7513125,1.445507379,7.711565963,1.141211295,0.533971857,5.172214831,2.660378601,-0.171170792,1.48995045,0.0,0.0,36.11503742,0.212027588,0.722168516,35.0,1.753210724,0.22948718,1.70713867,68.911411
0,8.0,1,0.0,3.768806463,1.19927,3.989536961,0.814325285,3.468469381,2.424,13.65383701,-0.370990141,3.405201985,2.462577436,0.164381713,-5.42678828,2.629086277,0.173673728,0.533971857,-0.921821636,0.913851502,-0.921821636,5.2254,3.191430057,-3.398610318,0.821990928,189.6921678,317.3219607,0.19318612,13.39702277,0.0,179.7513125,1.446537714,7.711565963,1.141211295,0.533971857,5.241180348,2.660378601,-0.171170792,1.489944399,0.0,0.0,36.11503742,0.212027588,0.722168516,31.0,1.749870968,0.22948718,1.70713867,68.911411
12,2.0,1,5.026625519,3.772028935,1.16979,4.009562994,0.814325285,3.684170796,2.535,13.88838522,-0.409484374,3.61813234,2.545910769,0.191497793,-3.892618513,2.513170357,0.318259625,0.511818505,-0.909560643,0.896043057,-0.909560643,6.0056,3.396031386,-1.650313965,0.822417049,7.185787222,385.525965,0.19318612,14.26787961,0.0,179.6632164,1.451082501,7.645077462,1.084271622,0.511818505,5.298990121,2.566326455,-0.318430296,1.567829206,0.0,0.0,61.18133553,0.31408966,0.749689801,37.0,1.75425012,0.232450107,1.262404091,76.858583
0,8.0,1,0.0,3.771782335,1.26589,3.989589362,0.814325285,3.684284029,2.535,13.88838522,-0.415659785,3.609312755,2.545910769,0.207990172,-4.615163048,2.513170357,0.257328733,0.511818505,-0.909560643,0.895650865,-0.909560643,6.0056,3.395940273,-1.660325019,0.822417049,7.185787222,385.525965,0.19318612,14.26787961,0.0,179.6632164,1.451964507,7.645077462,1.084271622,0.511818505,5.360528582,2.566326455,-0.318430296,1.567829173,0.0,0.0,61.18133553,0.31408966,0.749689801,33.0,1.750793519,0.232450107,1.262404091,76.858583
12,2.0,1,4.873271516,3.807468948,1.0803,4.011225468,1.195266057,3.6387106,2.605,13.65568508,-0.432695305,3.571433216,2.634177632,0.258865282,-4.584492166,2.740425611,0.22789542,0.327680815,-0.942950883,0.694650854,-0.942950883,4.80519,3.222133082,-4.16579107,0.821623095,-92.35289079,890.8353031,0.239051979,15.92409933,0.0,184.7808608,1.372874417,7.737879883,1.125177542,0.531626178,5.124057377,2.809180664,-0.182420792,1.435643732,0.0,0.0,-0.539109188,0.440989829,0.707068263,35.25,1.657277619,0.246261785,-1.932180367,67.577825
0,8.0,1,0.0,3.806220711,1.18007,3.991722894,1.195266057,3.639549117,2.605,13.65568508,-0.439996477,3.566206939,2.634177632,0.266589223,-5.26077506,2.740425611,0.183227961,0.327680815,-0.942950883,0.697334158,-0.942950883,4.5713,3.224251163,-4.618559443,0.821623095,-92.35289079,890.8353031,0.239051979,15.92409933,0.0,184.7808608,1.372874417,7.737879883,1.125177542,0.531626178,5.195485949,2.809180664,-0.182420792,1.437012075,0.0,0.0,-0.539109188,0.440989829,0.707068263,31.25,1.656927039,0.246261785,-1.932180367,67.577825
12,2.0,1,4.80818202,3.767896419,1.07505,4.009468371,1.195266057,3.461134976,2.494,13.48235175,-0.430692448,3.39668511,2.467607835,0.22746261,-14.28247655,2.766908627,0.008558541,0.367680815,-0.95676891,0.694313259,-0.95676891,4.5713,3.186010943,-4.470082621,0.824315014,122.3536501,720.072172,0.19318612,13.39702277,0.0,179.7303377,1.385797859,7.764684903,1.159366192,0.543971857,5.144640622,2.865463054,-0.151170792,1.454768467,0.0,0.0,-12.78353601,0.212027588,0.709624149,34.25,1.750908638,0.259000786,-0.854712125,65.817825
0,8.0,1,0.0,3.767771563,1.17717,3.989466618,1.195266057,3.461619836,2.494,13.48235175,-0.436559015,3.396590774,2.467607835,0.238420262,-5.023844245,2.766908627,0.187380354,0.367680815,-0.95676891,0.697209911,-0.95676891,4.5713,3.189566939,-4.510777672,0.824315014,122.3536501,720.072172,0.19318612,13.39702277,0.0,179.7303377,1.38638181,7.764684903,1.159366192,0.543971857,5.217367895,2.865463054,-0.151170792,1.455469735,0.0,0.0,-12.78353601,0.212027588,0.709624149,30.25,1.747851836,0.259000786,-0.854712125,65.817825
12,3.0,1,4.629128752,3.829519071,1.23924,4.012522038,1.195266057,3.655440867,2.702,14.0701848,-0.371218573,3.571809207,2.900553763,0.243777062,-11.67209467,2.812200765,0.039075933,0.503825459,-0.995479044,0.73623427,-0.995479044,5.9207,3.46023139,-3.1905548,0.835080425,579.3473897,1589.265534,0.227125294,18.90509188,0.0,196.5530634,1.428339847,7.67366305,0.984341095,0.503825459,5.02804628,2.928893368,-0.36537474,1.589991874,-0.68479708,0.0,54.30139295,0.487405126,0.81617465,39.75,1.794425282,0.097408403,-9.422435878,79.420583
0,9.0,1,0.0,3.827670538,1.33345,3.993414936,1.195266057,3.656476405,2.702,14.0701848,-0.392258745,3.566491097,2.900553763,0.276515218,-15.54961268,2.812200765,0.013308706,0.503825459,-0.995479044,0.73699615,-0.995479044,5.9207,3.46022873,-3.217275028,0.835080425,579.3473897,1589.265534,0.227125294,18.90509188,0.0,196.5530634,1.429827868,7.67366305,0.984341095,0.503825459,5.087747772,2.928893368,-0.36537474,1.589657679,-0.68479708,0.0,54.30139295,0.487405126,0.81617465,35.75,1.784748163,0.097408403,-9.422435878,79.420583
18,2.0,1,6.401699765,3.85032174,1.02751,4.01670458,0.814325285,3.689793368,2.883,14.02772968,-0.162983685,3.620909561,3.109744024,-0.007500899,-5.617370769,2.999653719,0.182275944,0.501026058,-1.027309143,0.612734668,-0.958940689,6.22331,3.222918467,-6.402401014,0.85734568,449.8306995,-622.4685975,0.226329443,11.99953935,0.0,209.2725746,1.333934569,7.638183962,1.237855,0.501026058,5.156936944,3.012915197,-0.151301116,1.468073938,-1.027309143,0.0,28.73332143,0.28928371,0.74132507,42.5,1.822872405,0.120530106,-0.310640638,70.729032
0,11.0,1,0.0,3.834157053,1.14722,3.997096094,0.814325285,3.67564199,2.883,14.02772968,-0.148899993,3.611290379,3.109744024,0.015891897,-6.745600622,2.999653719,0.129493913,0.501026058,-1.027309143,0.618530648,-0.958940689,5.81812,3.225993437,-6.001850203,0.85734568,449.8306995,-622.4685975,0.226329443,11.99953935,0.0,209.2725746,1.340679422,7.638183962,1.237855,0.501026058,5.275443742,3.012915197,-0.151301116,1.468513172,-1.027309143,1.0,28.73332143,0.28928371,0.74132507,37.0,1.81213096,0.120530106,-0.310640638,70.729032
12,2.0,1,5.208518233,3.861726444,1.21392,4.017152176,0.814325285,3.701203979,2.421,14.26188878,-0.332303491,3.628046153,3.532515851,0.151649206,-5.034874128,2.425767648,0.217464549,0.466934819,-0.87820693,0.665936189,-0.87820693,6.3791,3.5197718,-5.196944837,0.779594141,144.5328692,1784.78686,0.325495305,15.3705518,0.0,182.9762804,1.372874417,7.452714507,1.038314419,0.466934819,4.873235826,2.383127572,-0.307420792,1.441706091,-0.877900602,0.0,58.75829283,0.700338126,0.753408819,36.5,1.642515448,0.133294585,-11.14932916,74.722997
0,8.0,1,0.0,3.858502383,1.3135,3.999302432,0.814325285,3.701812215,2.421,14.26188878,-0.33204882,3.62111974,3.532515851,0.163489551,-5.292187988,2.425767648,0.201152223,0.466934819,-0.87820693,0.670350006,-0.87820693,6.3791,3.5197718,-6.136141867,0.779594141,144.5328692,1784.78686,0.325495305,15.3705518,0.0,182.9762804,1.372874417,7.452714507,1.038314419,0.466934819,4.937751955,2.383127572,-0.307420792,1.443097562,-0.877900602,0.0,58.75829283,0.700338126,0.753408819,32.5,1.64187463,0.133294585,-11.14932916,74.722997
18,2.0,1,6.324497572,3.854140105,1.03626,4.017362406,0.814325285,3.685811313,2.883,14.06865182,-0.275020073,3.617351467,3.174826332,0.102146736,-5.564080279,2.962038459,0.185243346,0.498680379,-1.02876228,0.624270967,-0.958439409,6.27802,3.218249942,-6.753258968,0.84395045,449.8306995,1295.657577,0.252964046,12.63393923,0.0,204.5311336,1.382921737,7.541959723,1.083922634,0.498680379,5.148336505,2.951829486,-0.160513134,1.462127169,-1.02876228,0.0,28.73332143,0.28928371,0.728961405,42.5,1.821140597,0.163390907,-7.951819076,70.729032
0,11.0,1,0.0,3.839566895,1.15615,3.998184806,0.814325285,3.670693757,2.883,14.06865182,-0.282394643,3.605250144,3.174826332,0.134494889,-6.734259627,2.962038459,0.129939706,0.498680379,-1.02876228,0.62905242,-0.958439409,6.27802,3.220592733,-6.129084421,0.84395045,449.8306995,1295.657577,0.252964046,12.63393923,0.0,204.5311336,1.38557563,7.541959723,1.083922634,0.498680379,5.218511944,2.951829486,-0.160513134,1.462692942,-1.02876228,1.0,28.73332143,0.28928371,0.728961405,37.0,1.80901037,0.163390907,-7.951819076,70.729032
0,9.0,1,0.0,3.782228169,1.24612,3.990584911,1.195266057,3.545722439,2.67,13.85142913,-0.503090716,3.463969676,2.453242665,0.20916735,-12.94631071,2.951415134,0.022198325,0.522700063,-1.002019551,0.784644828,-1.002019551,5.5322,3.20537918,-3.391172608,0.852535617,346.6025888,166.9351206,0.19748515,15.92409933,0.0,189.5531607,1.480248316,7.726062146,1.082165269,0.522700063,5.377685677,3.033027717,-0.130930296,1.654611132,0.0,0.0,35.22686056,0.212027588,0.753690596,34.25,1.766919573,0.246763444,-0.714645007,74.566997
0,9.0,1,0.0,3.784805897,1.30426,3.99072061,1.195266057,3.561950036,2.631,13.95809957,-0.499669407,3.501631271,2.677099831,0.171909469,-12.98502471,3.015508158,0.02447735,0.512700063,-1.00353061,0.779609277,-1.00353061,5.7782,3.25596583,-3.750425417,0.876627599,457.2766635,-249.2230471,0.19748515,18.07953543,0.0,191.2860535,1.49910212,7.666488302,1.065410758,0.512700063,5.309101316,3.027721016,-0.158708074,1.66039733,0.0,0.0,39.53179505,0.212027588,0.743182124,34.75,1.77674875,0.274044843,-1.291731494,77.660583
12,3.0,1,4.579697369,3.781034941,1.11291,4.010282715,1.195266057,3.536210063,2.67,13.73549942,-0.481639471,3.439690196,2.479980036,0.223776423,-12.14338679,2.901702609,0.025227662,0.532700063,-1.005716824,0.782915197,-1.005716824,5.1421,3.198228161,-3.055311097,0.827659582,353.45848,576.5453323,0.19748515,15.92409933,0.0,187.6417726,1.450490793,7.801109714,1.106383426,0.532700063,5.243983304,3.063583487,-0.110406904,1.642856481,0.0,0.0,30.59937321,0.212027588,0.765297685,37.75,1.745046219,0.220644165,-0.036994624,71.473411
0,9.0,1,0.0,3.780494129,1.20994,3.990480389,1.195266057,3.536550404,2.67,13.73549942,-0.501381813,3.439470955,2.479980036,0.245884477,-9.672633552,2.901702609,0.053338276,0.532700063,-1.005716824,0.783258119,-1.005716824,5.1421,3.201164071,-3.130691416,0.827659582,353.45848,576.5453323,0.19748515,15.92409933,0.0,187.6417726,1.451414337,7.801109714,1.106383426,0.532700063,5.31064997,3.063583487,-0.110406904,1.642850111,0.0,0.0,30.59937321,0.212027588,0.765297685,33.75,1.742797607,0.220644165,-0.036994624,71.473411
0,9.0,1,0.0,3.783594459,1.33118,3.990574357,1.195266057,3.589271135,2.591,13.89685146,-0.41228075,3.501066861,2.776201824,0.239371126,-13.32699359,2.841686751,0.022198902,0.516171138,-1.009297071,0.73553734,-1.009297071,5.9207,3.353691998,-2.781627154,0.84638186,787.1686095,986.1193871,0.19748515,15.92409933,0.0,188.4643244,1.451564584,7.720678767,1.034054419,0.516171138,5.100397717,2.986444386,-0.32537474,1.729366698,-0.698408191,0.0,39.53179505,0.212027588,0.817817339,34.75,1.791485892,0.11551085,-3.272151082,77.660583
12,3.0,1,4.564039257,3.784224049,1.23511,4.010352314,1.195266057,3.588850545,2.591,13.89685146,-0.392673793,3.50162602,2.776201824,0.203397809,-12.61507589,2.841686751,0.027206281,0.516171138,-1.009297071,0.734590673,-1.009297071,5.9207,3.353718719,-2.76093503,0.84638186,787.1686095,986.1193871,0.19748515,15.92409933,0.0,188.4643244,1.450647417,7.720678767,1.034054419,0.516171138,5.039791657,2.986444386,-0.32537474,1.730506941,-0.698408191,0.0,39.53179505,0.212027588,0.817817339,38.75,1.798759008,0.11551085,-3.272151082,77.660583
0,9.0,1,0.0,3.783594459,1.33118,3.990574357,1.195266057,3.589271135,2.591,13.89685146,-0.41228075,3.501066861,2.776201824,0.239371126,-13.32699359,2.841686751,0.022198902,0.516171138,-1.009297071,0.73553734,-1.009297071,5.9207,3.353691998,-2.781627154,0.84638186,787.1686095,986.1193871,0.19748515,15.92409933,0.0,188.4643244,1.451564584,7.720678767,1.034054419,0.516171138,5.100397717,2.986444386,-0.32537474,1.729366698,-0.698408191,0.0,39.53179505,0.212027588,0.817817339,34.75,1.791485892,0.11551085,-3.272151082,77.660583
0,8.0,0,0.0,3.784386179,1.13187,3.989539174,0.2,3.628118639,2.439,13.5689759,-0.395289832,3.568881508,2.287016685,0.13004304,-4.44523311,2.555622095,0.22724095,0.0,-0.308743843,0.928645441,-0.295310577,5.2988,3.244364772,-3.617541042,0.827865775,53.30440236,39.01673104,0.164702425,12.70469421,0.0,184.8608525,1.372874417,7.632711,1.239984107,0.0,5.07191335,2.5287868,-0.168319318,1.476791304,0.0,0.0,76.60201514,0.348110351,0.69698458,30.75,1.584949762,0.215585613,1.861929414,66.775825
0,8.0,1,0.0,3.768660198,1.22742,3.989531321,0.814325285,3.466382487,2.239,13.59346286,-0.323617032,3.428226973,2.538972253,0.119739253,-4.996845267,2.524363204,0.189074325,0.531626178,-0.89426891,0.645529121,-0.89426891,5.989,3.194750206,-4.713754381,0.81532364,327.5593998,942.8562043,0.19318612,13.39702277,0.0,174.966607,1.448032494,7.568578488,1.093714655,0.531626178,4.959654268,2.52608882,-0.213670792,1.563026335,0.0,0.0,23.549707,0.212027588,0.700423217,30.0,1.762491641,0.224608379,-2.769728987,68.109411
0,8.0,1,0.0,3.754915673,1.11011,3.987933401,0.814325285,3.443026547,2.278,13.2241573,-0.317232056,3.314019686,2.151896231,0.091751994,-4.626967641,2.635692436,0.191572597,0.559596857,-0.897091567,0.663184297,-0.897091567,5.2104,3.176174505,-4.973673789,0.828775597,197.775928,59.84061922,0.164702425,10.82434356,0.0,177.9465236,1.247747591,7.687230318,1.307181902,0.559596857,5.064198871,2.69646887,-0.126865237,1.451148574,0.0,0.0,14.61280305,0.212027588,0.71568381,29.0,1.731859997,0.272676614,0.7283657,61.922239
12,2.0,1,5.148682461,3.783989976,1.01099,4.009418007,0.814325285,3.624634456,2.389,13.39749064,-0.342196986,3.570882403,2.231338229,0.092630779,-4.280819325,2.617691187,0.228517018,0.547251178,-0.88327354,0.658673501,-0.88327354,5.44429,3.215663293,-4.478026378,0.829035459,-16.86059619,224.936311,0.164702425,12.70469421,0.0,184.6068454,1.372874417,7.65943369,1.255173866,0.547251178,4.964580824,2.634651059,-0.158115237,1.425724696,0.0,0.0,26.61798269,0.348110351,0.708023463,34.0,1.578771847,0.272730832,-0.519026255,63.682239
0,8.0,1,0.0,3.783422343,1.1128,3.989485293,0.814325285,3.625251387,2.389,13.39749064,-0.340872871,3.565809051,2.231338229,0.119927734,-4.741354062,2.617691187,0.194962182,0.547251178,-0.88327354,0.66332925,-0.88327354,5.2104,3.218163987,-4.751459068,0.829035459,-16.86059619,224.936311,0.164702425,12.70469421,0.0,184.6068454,1.372874417,7.65943369,1.255173866,0.547251178,5.041503901,2.634651059,-0.158115237,1.427242589,0.0,0.0,26.61798269,0.348110351,0.708023463,30.0,1.578406539,0.272730832,-0.519026255,63.682239
0,8.0,1,0.0,3.767789554,1.23891,3.988578171,0.814325285,3.60618303,2.389,13.70791793,-0.324053287,3.570205696,2.520013364,0.068548829,-3.8526114,2.587599577,0.300009523,0.518986715,-0.877491647,0.660331493,-0.877491647,6.3807,3.231838831,-3.303644579,0.837218462,20.4529742,-343.061165,0.164702425,12.70469421,0.0,187.540101,1.421938987,7.534999387,1.14331797,0.518986715,5.081976067,2.603055032,-0.212004126,1.522201542,0.0,0.0,43.67394254,0.31408966,0.683614955,31.5,1.781885263,0.266207911,-1.024554453,72.962997
0,8.0,1,0.0,3.770270145,1.20077,3.988691518,0.814325285,3.610593003,2.389,13.62198043,-0.3123031,3.568924712,2.520013364,0.076326901,-4.708805583,2.62665099,0.218937376,0.527251178,-0.879158313,0.654900548,-0.879158313,5.9906,3.225849636,-3.576460221,0.838916363,25.97027696,-164.6069971,0.164702425,12.70469421,0.0,189.2306709,1.45222541,7.539917229,1.154844657,0.527251178,5.094797159,2.598330342,-0.198115237,1.724171079,0.0,0.0,38.39559345,0.31408966,0.703610188,31.0,1.747594775,0.265623629,-0.391356117,69.869411
0,8.0,1,0.0,3.791644769,1.33321,3.98913162,0.814325285,3.68400925,2.31,13.83300651,-0.297641892,3.581822444,4.221673833,0.003849939,-4.271607014,2.664850035,0.274055026,0.507251178,-0.883482516,0.64324248,-0.883482516,6.6267,3.229400653,-4.238122515,0.846046881,374.6897696,-927.847991,0.513164138,12.70469421,0.0,196.2914391,1.46493692,7.487966692,1.134054458,0.507251178,5.253524414,2.650730172,-0.238115237,1.735717499,0.204236728,0.0,48.59084378,0.488320517,0.613904136,32.0,1.784575925,0.260248124,0.834250905,76.056583
0,8.0,1,0.0,3.774719249,1.15409,3.988931887,0.814325285,3.616623174,2.389,13.50973553,-0.328112791,3.567482891,2.520013364,0.098293736,-4.446885022,2.622371681,0.227115857,0.537251178,-0.881215927,0.661647064,-0.881215927,5.6005,3.221750815,-3.513032539,0.833796828,-2.899217977,34.78081746,0.164702425,12.70469421,0.0,187.0222766,1.318249893,7.591934756,1.196996997,0.537251178,5.122002213,2.615020576,-0.178115237,1.467410263,0.0,0.0,32.72205114,0.295360921,0.70548711,30.5,1.779521452,0.269380107,-0.486426219,66.775825
12,2.0,1,5.111327019,3.761645676,1.14636,4.008567106,0.814325285,3.498716723,2.239,13.60157227,-0.324961858,3.496356259,2.639586519,0.043138101,-4.900528761,2.596098839,0.205807147,0.527251178,-0.891503992,0.667922624,-0.891503992,6.2366,3.212940258,-3.265919169,0.814389745,293.2324831,-297.4397348,0.164702425,12.70469421,0.0,181.5118433,1.468463378,7.507552293,1.137219743,0.527251178,4.977316637,2.637781945,-0.198115237,1.563026335,0.0,0.0,27.51856745,0.212027588,0.669361973,34.5,1.785309247,0.253395379,-1.026398746,71.202997
0,8.0,1,0.0,3.761716431,1.24794,3.988405538,0.814325285,3.498840423,2.239,13.60157227,-0.324261879,3.495768432,2.639586519,0.066916603,-5.055081429,2.596098839,0.195798066,0.527251178,-0.891503992,0.672343662,-0.891503992,6.2366,3.215502364,-3.500984276,0.814389745,293.2324831,-297.4397348,0.164702425,12.70469421,0.0,181.5118433,1.468844105,7.507552293,1.137219743,0.527251178,5.043983304,2.637781945,-0.198115237,1.563026335,0.0,0.0,27.51856745,0.212027588,0.669361973,30.5,1.776289747,0.253395379,-1.026398746,71.202997
12,2.0,1,5.148682461,3.783989976,1.01099,4.009418007,0.814325285,3.624634456,2.389,13.39749064,-0.342196986,3.570882403,2.231338229,0.092630779,-4.280819325,2.617691187,0.228517018,0.547251178,-0.88327354,0.658673501,-0.88327354,5.44429,3.215663293,-4.478026378,0.829035459,-16.86059619,224.936311,0.164702425,12.70469421,0.0,184.6068454,1.372874417,7.65943369,1.255173866,0.547251178,4.964580824,2.634651059,-0.158115237,1.425724696,0.0,0.0,26.61798269,0.348110351,0.708023463,34.0,1.578771847,0.272730832,-0.519026255,63.682239
0,8.0,1,0.0,3.783422343,1.1128,3.989485293,0.814325285,3.625251387,2.389,13.39749064,-0.340872871,3.565809051,2.231338229,0.119927734,-4.741354062,2.617691187,0.194962182,0.547251178,-0.88327354,0.66332925,-0.88327354,5.2104,3.218163987,-4.751459068,0.829035459,-16.86059619,224.936311,0.164702425,12.70469421,0.0,184.6068454,1.372874417,7.65943369,1.255173866,0.547251178,5.041503901,2.634651059,-0.158115237,1.427242589,0.0,0.0,26.61798269,0.348110351,0.708023463,30.0,1.578406539,0.272730832,-0.519026255,63.682239
0,10.0,1,0.0,3.805708862,1.18976,3.991260164,0.814325285,3.666368728,3.085,13.92484183,-0.444010659,3.515710499,2.59120805,0.197839455,-7.338995059,2.89171254,0.115495009,0.526527224,-0.961735343,0.746839447,-0.961735343,5.94142,3.2532423,-3.47330385,0.837472268,482.1913597,546.3100029,0.198937301,17.66885328,0.0,192.8547255,1.451822178,7.831633491,1.118824519,0.526527224,5.310194956,2.933039389,-0.123985851,1.559030851,0.0,2.0,52.5618778,0.3979201,0.740875539,36.5,1.736677758,0.241964017,-0.880521029,71.537825
0,9.0,1,0.0,3.781845731,1.21611,3.990551732,1.195266057,3.547383445,3.048,13.7632772,-0.487271135,3.457238513,2.508483474,0.264927232,-14.89505943,2.824744292,0.010958341,0.526527224,-0.990091824,0.733703759,-0.990091824,4.7151,3.210514751,-3.336021788,0.82286568,329.4485624,715.4363688,0.200904535,15.92409933,0.32751681,184.1178463,1.451549416,7.710887802,1.079222882,0.526527224,5.344271149,2.962261325,-0.141656904,1.669377786,0.0,0.0,12.79454727,0.212027588,0.758696018,33.75,1.753718173,0.220810421,-0.952409556,72.438204
12,4.0,1,4.648986626,3.950361763,1.14191,4.696974242,1.702081659,3.765672648,2.951,13.79394235,-0.448198867,3.610042239,2.687150704,0.218036498,-0.539074779,2.785435749,0.853379094,0.519963082,-5.008684933,0.654841029,-0.995506193,5.209,3.372491803,-3.025574508,0.863455996,-161.1219236,490.0897114,0.19318612,13.39702277,0.255757551,184.186459,1.449006179,7.777032295,1.123436213,0.519963082,5.28041506,3.171145001,-0.189457829,1.507396506,0.0,0.0,411.315731,0.212027588,0.705102337,39.0,1.755954909,0.206090149,1.179805748,74.380204
0,10.0,1,0.0,3.929160992,1.23758,4.696974174,1.702081659,3.765618559,2.951,13.79394235,-0.449204836,3.601801283,2.687150704,0.253528282,-0.792972982,2.785435749,0.7919735,0.519963082,-5.008684933,0.658375346,-0.995506193,5.209,3.37243185,-3.05361291,0.863455996,-161.1219236,490.0897114,0.19318612,13.39702277,0.255757551,184.186459,1.449932553,7.777032295,1.123436213,0.519963082,5.344931189,3.171145001,-0.189457829,1.507389207,0.0,0.0,411.315731,0.212027588,0.705102337,35.0,1.752211768,0.206090149,1.179805748,74.380204
0,9.0,1,0.0,3.771207651,1.21512,3.989648181,1.049075093,3.524323944,3.048,13.76654251,-0.447689193,3.442363085,2.546591314,0.255006732,-9.289912787,2.725820928,0.059897226,0.52410067,-0.958748077,0.668419759,-0.958748077,4.7151,3.242412084,-2.503998459,0.831583675,329.4485624,850.3092884,0.19318612,14.68285008,0.32751681,181.9995408,1.452886824,7.691577246,1.070274654,0.52410067,5.344271149,2.914920813,-0.185476348,1.605849418,0.0,0.0,12.79454727,0.212027588,0.699439067,33.75,1.756587291,0.2111095,-1.212225172,72.438204
0,10.0,1,0.0,3.929136452,1.2221,4.002727461,0.814325285,3.765855193,3.045,13.97362198,-0.492216806,3.567369469,2.729360997,0.287844085,-3.742293631,2.585683696,0.343273851,0.508327407,-1.177576844,0.706570403,-0.9107392,6.74769,3.384295898,-2.323856485,0.805517362,192.9546854,798.850311,0.19318612,14.68285008,0.224250349,186.7691022,1.448817192,7.68606939,1.053955575,0.508327407,5.453880988,2.654631571,-0.213684545,1.494360525,0.0,1.0,85.72790839,0.31408966,0.686905859,37.0,1.753149724,0.208020492,-0.707574252,76.729411
0,8.0,1,0.0,3.776638886,1.2876,3.989820182,0.814325285,3.624409528,2.637,13.98982765,-0.336807393,3.561846946,2.782501726,0.125483513,-5.701498068,2.453579937,0.186950539,0.501270091,-0.88682035,0.895619709,-0.88682035,5.6748,3.349299777,-2.691187976,0.834592254,136.6587654,351.9461495,0.19318612,13.39702277,0.0,180.4272958,1.581790081,7.563852271,1.056556729,0.501270091,5.187889195,2.463769602,-0.25019857,1.724171079,0.0,0.0,66.2161016,0.31408966,0.718140412,33.25,1.75815939,0.21613984,0.791021314,77.823376
0,8.0,1,0.0,3.771155372,1.25372,3.989625992,0.814325285,3.584997353,2.272,13.74462558,-0.424426671,3.442038285,2.550183971,0.264076339,-4.954064847,2.879310202,0.242817026,0.529951221,-4.355495062,0.831496247,-1.052881924,5.7309,3.267272824,-1.473909376,0.796402215,435.7414028,332.682919,0.19318612,13.39702277,0.369183477,181.1885118,1.450513629,7.966970151,1.097870029,0.529951221,5.344931189,3.03895092,-0.155085191,1.580028582,-4.355495062,0.0,-0.989083818,0.212027588,0.735338941,33.75,1.75720948,0.069837122,-1.169921846,72.640411
12,2.0,1,5.066772098,3.775140775,1.18255,4.009708395,0.814325285,3.599943351,2.822,14.03303753,-0.301021975,3.513184407,2.782501726,0.16845574,-4.413448102,2.484766778,0.283374716,0.501270091,-0.901971866,1.081035068,-0.901971866,4.9112,3.322506405,-2.325999167,0.830713615,43.32932096,329.2961864,0.19318612,13.39702277,0.0,180.6983708,1.452152011,7.636169014,1.052535268,0.501270091,5.244901877,2.503577288,-0.239994489,1.715789833,0.0,0.0,78.46197383,0.31408966,0.699800289,38.25,1.788760888,0.204764976,0.517558361,78.625376
0,8.0,1,0.0,3.774795857,1.27711,3.989776226,0.814325285,3.600222773,2.822,14.03303753,-0.304782481,3.512415705,2.782501726,0.164012019,-5.224034725,2.484766778,0.22479164,0.501270091,-0.901971866,1.078123893,-0.901971866,4.9112,3.32251851,-2.338744486,0.830713615,43.32932096,329.2961864,0.19318612,13.39702277,0.0,180.6983708,1.452987575,7.636169014,1.052535268,0.501270091,5.304603369,2.503577288,-0.239994489,1.715332942,0.0,0.0,78.46197383,0.31408966,0.699800289,34.25,1.780696498,0.204764976,0.517558361,78.625376
0,9.0,1,0.0,3.824786153,1.28778,3.989632474,0.946721157,3.764181677,3.391,13.98553093,-0.311263613,3.610970213,3.308184447,-0.013597373,-4.073259014,2.597701013,0.332578015,0.505130882,-0.96196805,0.810632882,-0.96196805,4.8611,3.397873435,-1.878532608,0.840026472,194.6721405,265.3088983,0.281574468,13.92299353,0.0,181.1260793,1.453402054,7.707579435,1.080697145,0.512375919,5.45606721,2.665840773,-0.375305296,1.616177339,-0.577717285,0.0,27.11495016,0.300415935,0.731531651,36.5,1.751432168,0.215988375,2.249735295,81.187376
12,3.0,1,4.799576489,3.824946089,1.19664,4.009591505,0.946721157,3.764188429,3.391,13.98553093,-0.305182602,3.620094677,3.308184447,-0.010330289,-3.496336317,2.597701013,0.388696766,0.505130882,-0.96196805,0.809762538,-0.96196805,4.8611,3.397968373,-1.874034119,0.840026472,194.6721405,265.3088983,0.281574468,13.92299353,0.0,181.1260793,1.452592552,7.707579435,1.080697145,0.512375919,5.398096196,2.665840773,-0.375305296,1.616180168,-0.577717285,0.0,27.11495016,0.300415935,0.731531651,40.5,1.754958231,0.215988375,2.249735295,81.187376
0,9.0,1,0.0,3.824786153,1.28778,3.989632474,0.946721157,3.764181677,3.391,13.98553093,-0.311263613,3.610970213,3.308184447,-0.013597373,-4.073259014,2.597701013,0.332578015,0.505130882,-0.96196805,0.810632882,-0.96196805,4.8611,3.397873435,-1.878532608,0.840026472,194.6721405,265.3088983,0.281574468,13.92299353,0.0,181.1260793,1.453402054,7.707579435,1.080697145,0.512375919,5.45606721,2.665840773,-0.375305296,1.616177339,-0.577717285,0.0,27.11495016,0.300415935,0.731531651,36.5,1.751432168,0.215988375,2.249735295,81.187376
0,9.0,0,0.0,3.816587053,1.31068,3.993704073,0.142857143,3.67719529,2.6,14.32423572,-0.16639436,3.532529742,3.41771012,0.077485753,-5.937931615,2.525823785,0.174391854,0.0,-0.662761713,0.910147408,-0.262504434,6.16599,3.389025341,-4.456714192,0.827140805,552.6178009,1335.52951,0.251851609,11.47140909,0.632895975,177.8586025,1.541559117,7.436664216,1.067154875,0.632895975,5.147979297,2.46702332,-0.266081861,1.563026335,-0.662761713,0.0,88.30543155,0.40713484,0.727227086,34.5,1.810534431,0.013867505,-0.983755798,76.48979
0,9.0,0,0.0,3.819872271,1.3281,3.993794189,0.142857143,3.685481004,2.415,14.3520135,-0.158829494,3.544637026,3.45120975,0.059904286,-5.598480079,2.490136407,0.192701718,0.0,-0.600261713,0.902346862,-0.151393323,5.73899,3.393810812,-4.643116035,0.825875553,509.0618604,1240.534647,0.251851609,11.47140909,0.507895975,174.6280483,1.552911406,7.374332842,1.058700833,0.507895975,5.183455121,2.417018627,-0.27997075,1.563026335,-0.600261713,0.0,67.46369857,0.40713484,0.728682426,34.25,1.814149448,0.001941997,-1.068587522,77.454583
0,10.0,0,0.0,3.929186979,1.36214,4.737112776,1.346165863,3.79182966,3.148,14.20149444,-0.412550158,3.637790448,3.779524726,0.25545459,0.472646649,2.766138035,1.132446908,0.0,-7.634598343,0.935181834,-1.282291029,7.3411,3.442228844,-3.107506348,0.845042432,1487.960979,1432.826142,0.327246374,10.34298486,0.575988709,181.8620689,1.478901965,7.816753759,1.048416238,0.575988709,5.151399451,3.186730039,-0.2321263,1.563026335,-6.862595191,0.0,412.6698638,0.205950377,0.66357414,37.5,1.803024886,0.434667219,-4.911044995,79.435997
0,9.0,0,0.0,3.81026258,1.30406,3.993521488,0.142857143,3.656743014,2.576,14.29645794,-0.228574463,3.478279345,3.375482893,0.083577591,-6.664207941,2.563625972,0.140849806,0.0,-0.725261713,0.749766315,-0.581948879,6.3478,3.342139005,-3.451670588,0.830049499,658.2668565,1425.619182,0.251851609,11.47140909,0.653729308,180.2602457,1.461119726,7.500797446,1.076153588,0.653729308,5.111735082,2.518379491,-0.252192972,1.563026335,-0.725261713,1.0,87.25809704,0.40713484,0.725432784,34.75,1.799577816,0.025297259,-1.396538882,75.162997
17,3.0,0,5.126748271,3.87944923,1.20903,4.354629868,0.360562393,3.774763696,4.334,16.08722733,-0.105534106,3.603329684,4.960660921,-0.009837499,-7.957726439,3.906368435,0.143573398,0.0,-1.740570285,0.90217827,-0.61430211,6.79138,3.444157233,-2.837153931,0.892720423,1547.100187,-421.9995297,0.528703764,25.64393306,0.349811578,204.5459259,1.510814225,7.836043487,1.036926406,0.594613677,5.500153017,3.235589971,-0.197132377,1.578213333,-1.210266371,0.0,56.58239284,0.796542922,0.897366589,50.25,1.623878868,-0.0444841,-3.771878701,85.801997
0,11.0,0,0.0,3.855959519,1.39054,4.2198893,0.360562393,3.772761686,4.334,16.08722733,-0.144190626,3.584241432,4.960660921,-0.015098417,-5.402615096,3.906368435,0.267747475,0.0,-1.740570285,0.887573257,-0.61430211,6.29059,3.436747308,-3.032372007,0.892720423,1547.100187,-421.9995297,0.528703764,25.64393306,0.349811578,204.5459259,1.499152461,7.836043487,1.036926406,0.594613677,5.500153017,3.235589971,-0.197132377,1.579106085,-1.210266371,0.0,56.58239284,0.796542922,0.897366589,42.75,1.624218696,-0.0444841,-3.771878701,85.801997
0,11.0,0,0.0,3.87387931,1.11857,6.879520984,0.77280389,3.808687419,3.184,13.86858407,-0.075876812,3.714794557,3.195315498,-0.118813268,-9.304424219,2.930533431,0.070059744,0.398422084,-1.126290396,1.012482635,-0.123268141,4.6026,3.309664507,-4.222630521,0.711631346,218.9272624,719.255299,0.197089757,7.052147991,0.0,225.0584072,1.372874417,7.608014379,1.079032329,0.398422084,5.223155146,2.868702269,-0.634521356,1.468392318,-1.388965222,0.0,27.3400102,0.541973459,0.66584786,40.25,1.648375367,-0.122765561,-12.6315204,71.869446
0,11.0,0,0.0,3.820917693,1.20121,4.026027632,0.77280389,3.766793675,2.869,14.21737659,-0.041246041,3.736240373,4.048474437,-0.167714147,-10.38709294,2.917065213,0.064994963,0.379787251,-1.18711617,1.004143605,-0.143597359,5.1376,3.484496506,-3.955823417,0.782127569,618.8746366,-1223.359709,0.447089757,7.03479267,0.0,207.8987058,1.469749594,7.585824914,1.161225827,0.379787251,5.05353913,2.991940312,-0.672740733,1.644557736,-1.620745603,0.0,112.4620745,0.541973459,0.705929135,41.75,1.69646945,-0.042602367,-6.134017208,81.860583
0,10.0,0,0.0,3.806087196,1.07299,4.072626637,0.125,3.770756921,3.39,13.91242355,0.050786287,3.71236781,3.080083852,-0.044267485,-10.39780841,2.912901791,0.046973158,0.393683516,-1.047953204,0.957818823,-0.049269941,4.59798,3.297009558,-6.929052579,1.051848351,78.18784459,-632.3975253,0.229313566,7.609066716,0.0,225.0310429,1.372874417,7.615338512,1.294340398,0.393683516,5.137537511,2.766458396,-0.651445224,1.475703193,-1.270274875,0.0,35.39910473,0.534764764,0.751372922,39.5,1.648787538,-0.02859683,-7.0899943,71.155446
0,11.0,0,0.0,3.841138424,1.11158,4.129410884,0.77280389,3.779956156,3.195,14.03324995,-0.20816464,3.722153358,3.560886968,-0.110653175,-9.457567062,2.947635957,0.072287651,0.39016961,-1.12684938,1.004619503,-0.097397084,5.1469,3.305620547,-4.152409472,0.652615359,199.0157795,6.980540852,0.304232614,9.184347217,0.0,228.0024199,1.372874417,7.735139943,1.158217387,0.39016961,5.188067426,2.880144033,-0.654833287,1.48427914,-1.389885599,0.0,33.39276803,0.529487633,0.602971647,41.25,1.648717282,-0.111511939,-10.52516325,72.512653
0,11.0,0,0.0,3.866654213,1.26823,4.004125884,0.0,3.676664554,3.235,14.27117522,0.437566688,3.521264089,2.726984175,0.145875042,-2.303930074,2.936912409,0.562152272,0.0,-0.249479394,1.285702821,0.071220017,6.80799,3.392713412,-3.596947713,0.770878153,671.8824335,-114.6713947,0.149502725,16.87663245,0.0,193.7380531,1.610125279,7.54969141,0.832781821,0.0,5.178806833,2.82500162,-0.351274772,1.726365447,0.0,1.0,139.0977681,0.416151733,0.566112915,41.75,1.835365977,0.036858777,-0.796052603,91.057341
0,9.0,0,0.0,3.808014686,1.13059,4.007408948,0.77280389,3.755709327,2.772,13.82333747,-0.018705168,3.683893319,3.009385549,-0.093494525,-14.96220077,2.702273173,0.012269396,0.396305958,-1.016475581,0.981803822,-0.015264025,4.20769,3.262273533,-4.824966495,0.812018853,166.3671478,-77.24505992,0.22036658,5.506834813,0.0,199.273633,1.372874417,7.465423768,1.096801535,0.396305958,5.209425862,2.564082697,-0.648027014,1.477808964,-1.246737095,0.0,104.4045512,0.557265411,0.80154972,36.75,1.64953552,-0.151006622,-9.287924772,72.153411
0,10.0,0,0.0,3.916349151,1.18924,6.879516205,0.125,3.772479301,3.127,13.92014188,0.031034259,3.712168461,3.32455548,0.199481275,-7.970924976,2.848620057,0.089328757,0.390450994,-0.96688646,0.991932374,0.02665277,5.4888,3.27771146,-11.79386699,0.707695941,225.298942,1146.612355,0.229313566,7.609066716,0.0,225.3732841,1.372874417,7.639698353,0.857956891,0.390450994,4.974731932,2.668009972,-0.658189623,1.432056768,-1.144360986,0.0,-2.233379107,0.534764764,0.393216263,35.75,1.648177789,0.020659952,-6.411762182,71.345446
0,11.0,0,0.0,3.866730433,1.22371,4.004146252,0.0,3.681958059,3.57,14.34627088,0.513744445,3.547849671,2.634363207,0.063004681,-1.946231123,3.034104499,0.622077549,0.0,-0.260603365,1.382336595,0.061582829,6.40149,3.433706239,-2.64825659,0.812583328,319.5905982,40.50832947,0.149502725,16.87663245,0.0,202.9604954,1.619252449,7.573106175,0.8173288,0.0,5.244445112,2.889088935,-0.351274772,1.726442986,0.0,1.0,160.6017334,0.518213806,0.573712312,43.25,1.849959723,0.026895699,-1.328530222,90.525755
0,11.0,0,0.0,3.866761159,1.25359,4.004151895,0.0,3.687841112,3.633,14.43143678,0.503575393,3.578060992,2.950590973,0.117490063,-1.578360923,2.983251886,0.686739516,0.0,-0.248751513,1.441602129,0.086986741,6.31669,3.455962747,-2.037976722,0.828594854,486.7448028,288.9585653,0.149502725,16.87663245,0.0,202.1589244,1.658911525,7.55505163,0.815796357,0.0,5.20918372,2.774180852,-0.360664154,1.726735845,0.0,1.0,173.5028996,0.499485066,0.561964494,44.0,1.857452097,0.046305896,-0.757465831,94.584134
0,12.0,0,0.0,3.916344124,1.15449,4.754044267,0.77280389,3.772410851,4.144,13.96199344,0.107494981,3.712969466,3.773907351,0.076116149,1.210984122,3.224786365,1.364118932,0.392649042,-7.269362301,1.061737372,-0.710859309,6.1006,3.549043128,-5.752825517,1.009150034,989.7932891,-102.0377117,0.363348705,7.609066716,0.0,223.0013289,1.372874417,7.806743581,1.173733719,0.392649042,5.237874018,2.961577199,-0.654793843,1.458024644,-6.932934142,0.0,291.1665029,0.534764764,0.728329311,42.25,1.648513681,-0.232182503,-6.239049196,76.230446
0,11.0,0,0.0,3.817654345,1.02382,4.023563552,0.77280389,3.763566759,3.023,14.55635516,-0.135528173,3.709921118,2.910536532,-0.131605289,-8.148481621,3.452536617,0.097477119,0.413885047,-1.403697803,0.983590763,-0.480703465,3.9792,3.290848463,-4.369022786,0.757414403,88.26005069,260.3514,0.197089757,7.052147991,0.0,218.1641476,1.372874417,7.688187175,1.110651913,0.413885047,5.223155146,3.299372824,-0.591568681,1.469061023,-1.774734898,0.0,67.97670404,0.541973459,0.693734507,40.5,1.648565673,-0.053017139,-8.427987166,69.376446
0,11.0,0,0.0,3.873487945,1.11255,6.879521102,0.77280389,3.808707198,3.184,13.91639817,-0.080069586,3.715741223,3.195315498,-0.086111305,-9.476224235,2.934698438,0.066703848,0.400237971,-1.13605377,1.010973475,-0.108412174,4.6026,3.309063836,-4.286645688,0.534468692,218.9272624,-841.4183122,0.197089757,7.03479267,0.0,220.4232409,1.372874417,7.615259052,1.217528101,0.400237971,5.15982812,2.865797622,-0.626810555,1.469795073,-1.400930266,0.0,27.3400102,0.541973459,0.558860023,40.25,1.647958307,-0.113443644,-7.359658301,71.869446
0,8.0,0,0.0,3.761096391,1.12209,3.994929186,0.125,3.701455766,2.432,13.33237296,-0.088159829,3.623843867,3.000804732,-0.005865174,-7.04890905,2.623869384,0.087978898,0.419059196,-0.930764799,1.00209113,0.010939941,3.90629,3.0108653,-6.173162349,0.741453824,342.2775802,-612.7707474,0.280645202,4.804168417,0.0,188.1746453,1.372874417,7.407458906,1.202622085,0.419059196,4.867456759,2.581650753,-0.579076397,1.48165434,-1.093384867,0.0,71.56274677,0.525204508,0.739177543,30.0,1.646452037,-0.027565508,-13.04484117,65.262618
0,5.0,0,0.0,3.749456479,1.20032,3.992100832,0.125,3.290802039,2.006,12.91794411,-0.039757243,3.269724321,2.82839057,0.082290168,-2.337420268,2.399314691,0.392598386,0.438577804,-0.833375343,0.990929372,0.06001118,3.45559,2.938333369,-2.301095111,0.815712293,528.6335402,239.2412865,0.280645202,3.725035139,0.0,166.4503678,1.372874417,7.359819135,1.141661814,0.438577804,4.922137842,2.21287281,-0.532856513,1.418224517,-0.954856783,0.0,62.0286073,0.423142435,0.826584062,23.0,1.642865399,-0.113475302,-11.56164805,58.222618
0,12.0,0,0.0,3.89775468,0.978,4.041391157,0.2,3.710189844,3.557,14.03556797,-0.212335907,3.400829032,2.297965519,-0.326370175,-7.27701569,3.566315967,0.102892821,0.0,-0.844092148,1.081325375,-0.439117573,5.76199,3.247562267,-7.062741914,0.89608529,125.4637068,-1158.126171,0.179811711,16.24060364,0.271987775,232.0464799,1.25671531,7.656218715,1.168735941,0.271987775,4.86875844,3.208124218,-0.097145524,1.43103541,0.0,0.0,21.53178733,0.25,0.785154131,38.25,1.549478379,0.14194213,0.4293366,66.108274
0,12.0,0,0.0,3.903492022,1.18908,4.046683329,0.2,3.742882548,3.727,14.44358912,-0.18996728,3.541306401,2.971418084,-0.556298753,-5.095120961,3.337158577,0.261630702,0.0,-0.873271799,1.060357909,-0.446031557,7.21999,3.406315819,-3.555022014,0.875279927,762.5700426,-1685.821418,0.179811711,18.14065061,0.224457305,223.0012706,1.42515313,7.671093112,1.189154408,0.224457305,4.990878742,2.900158839,-0.184914996,1.544968838,0.119289342,0.0,48.53898415,0.234708048,0.76015824,41.75,1.85414824,0.17352546,1.024300973,83.342997
0,9.0,0,0.0,3.656604007,0.76722,4.01314066,1.735593231,3.241363482,2.983,12.58643932,0.200824475,3.090097287,1.383030158,0.225137678,-3.642706596,5.185649808,0.205196858,0.476004858,-0.618247838,0.690394257,-0.618247838,2.0505,2.973525975,-2.118688028,1.127510576,-371.4149068,627.7607248,0.123337554,17.37188286,0.490499417,198.1580647,1.023139027,8.069600537,1.1399002,0.521168017,4.680757756,5.251784664,0.181823656,1.120707554,0.0,0.0,-78.59644091,0.160633974,0.926277376,28.0,1.260360871,-0.182474264,-1.362186632,42.11793
0,15.0,0,0.0,3.90448887,1.09094,4.04675722,0.2,3.839846822,4.078,14.5268443,-0.124758496,3.75526769,2.950530405,-0.57913305,-5.20034713,3.519814713,0.30669636,0.0,-4.388653684,0.971396598,-0.695841862,7.71229,3.422497711,-2.983445434,0.85294565,342.3957424,-1629.245341,0.215525997,19.64421677,0.306266862,231.2146805,1.437536063,7.759547208,1.195668976,0.306266862,5.17180604,3.4287381,-0.191371865,1.546358682,-4.388653684,0.0,14.88131879,0.318041382,0.820450916,50.5,1.881172224,-0.077805623,1.871287811,86.960032
0,12.0,0,0.0,3.855518533,0.9469,3.985391132,0.564621617,3.605434328,3.209,13.87713176,-0.286926801,3.38974435,2.074705134,-0.423020552,-6.88177741,4.361486399,0.116419476,0.0,-1.072240296,1.032316058,-0.597553787,4.96119,3.209945186,-7.240062156,0.777497888,65.71045232,-582.5256097,0.153459398,16.24060364,0.41499189,223.8533699,1.281926579,7.728715947,1.129184557,0.41499189,4.86875844,3.561469653,-0.061394496,1.445450496,0.0,0.0,30.12640747,0.25,0.599873433,38.5,1.560835946,0.178767161,-0.725312399,64.010274
0,14.0,0,0.0,3.945060468,1.07557,4.047521769,0.2,3.901851695,4.132,14.48226205,-0.135124971,3.687014016,2.712392513,-0.472294209,-5.470686733,3.421140904,0.245922167,0.0,-0.871800223,1.087802252,-0.443105918,7.09609,3.416705579,-3.501892458,0.795480344,-199.6426977,-1592.939443,0.179811711,19.09708355,0.260614462,233.3737979,1.424932179,7.706287979,1.138602941,0.260614462,5.32911748,3.052635108,-0.184147982,1.543658046,0.0,0.0,64.96081515,0.336770121,0.745332824,45.75,1.687564445,0.146256344,-1.048949393,82.242239
0,15.0,0,0.0,3.904096684,1.05309,4.046746536,0.2,3.799011599,4.283,14.5022096,-0.1791944,3.743349496,2.708835624,-0.460649588,-6.525308862,3.544610915,0.203612063,0.0,-0.917174075,1.053156568,-0.47925319,7.17369,3.420094885,-3.152983406,0.875953865,109.1867829,-1477.154972,0.179811711,19.64421677,0.290004107,229.5945684,1.426558183,7.706752438,1.190035721,0.290004107,5.121916659,3.152376618,-0.186322656,1.545877811,0.0,0.0,26.44523817,0.318041382,0.773511978,48.5,1.876214673,0.109241801,-0.653897909,84.086032
18,3.0,1,2.378294955,3.876442787,1.17187,4.075716817,0.866025404,3.767940273,4.361,16.07392627,-0.132963844,3.572952887,4.153087728,-0.497824785,-12.56910734,4.181011228,0.050154622,0.608828733,-1.376144297,0.804839483,-1.137707757,6.11918,3.430325439,-3.040765742,0.777736573,957.9996796,-1361.454052,0.422523225,25.14849866,0.38549421,199.6494099,1.531958227,7.916933496,1.184812739,0.608828733,5.557295874,3.650200003,-0.17213676,1.586091757,-1.641533109,0.0,8.026283067,0.652205355,0.810112744,52.75,1.747379229,-0.072021231,0.13036388,84.137204
0,12.0,1,0.0,3.852253239,1.30306,4.056797642,0.866025404,3.762643589,4.361,16.07392627,-0.163611405,3.564685038,4.153087728,-0.42680549,-13.22922241,4.181011228,0.042860061,0.608828733,-1.376144297,0.7936484,-1.137707757,6.02358,3.424527576,-3.121747357,0.777736573,957.9996796,-1361.454052,0.422523225,25.14849866,0.38549421,199.6494099,1.528445189,7.916933496,1.184812739,0.608828733,5.557295874,3.650200003,-0.17213676,1.583969986,-1.641533109,2.0,8.026283067,0.652205355,0.810112744,45.75,1.728095615,-0.072021231,0.13036388,84.137204
18,3.0,0,2.812936964,3.877546113,1.17634,4.07571804,0.360562393,3.768132513,4.876,16.08576059,-0.107305694,3.573002209,4.179269205,-0.479834096,-12.1919211,4.121181006,0.054867266,0.0,-1.359615371,0.829325736,-0.637707757,5.51988,3.431103085,-3.064721539,0.784301984,1005.996521,-1174.481609,0.426950564,25.14849866,0.38253563,198.3304328,1.531977524,7.88180107,1.171013987,0.601242898,5.557647119,3.597852843,-0.17509534,1.588032987,-1.613169864,0.0,14.90841059,0.652205355,0.807568221,52.75,1.747386019,-0.064109126,-0.56221026,85.101997
0,12.0,0,0.0,3.853397999,1.30778,4.056798989,0.360562393,3.762915493,4.876,16.08576059,-0.141898008,3.564729348,4.179269205,-0.40907791,-12.79330817,4.121181006,0.047547515,0.0,-1.359615371,0.81945123,-0.637707757,5.42428,3.425477174,-3.146131237,0.784301984,1005.996521,-1174.481609,0.426950564,25.14849866,0.38253563,198.3304328,1.528455631,7.88180107,1.171013987,0.601242898,5.557647119,3.597852843,-0.17509534,1.586082657,-1.613169864,2.0,14.90841059,0.652205355,0.807568221,45.75,1.72810168,-0.064109126,-0.56221026,85.101997
17,3.0,1,4.690791069,3.878394056,1.20445,4.354629864,0.866025404,3.774505359,3.819,16.07539301,-0.131192251,3.603250837,4.934479444,-0.027657053,-7.825493347,3.964578189,0.148279405,0.604152636,-1.752404605,0.871196248,-1.11430211,7.39068,3.443563535,-2.814550949,0.887913134,1492.074709,-630.0705418,0.524276424,25.64393306,0.36001566,205.9605926,1.510814219,7.872188951,1.049835025,0.604152636,5.499262138,3.286565117,-0.194173797,1.576682215,-1.238629616,0.0,47.39001117,0.796542922,0.901765693,50.25,1.623460232,-0.049566123,-3.084703093,84.837204
0,11.0,1,0.0,3.854894055,1.38566,4.219889271,0.866025404,3.772401324,3.819,16.07539301,-0.165904021,3.584172829,4.934479444,-0.032764337,-5.335294729,3.964578189,0.272180073,0.604152636,-1.752404605,0.853870495,-1.11430211,6.88989,3.435991503,-3.008705686,0.887913134,1492.074709,-630.0705418,0.524276424,25.64393306,0.36001566,205.9605926,1.499151588,7.872188951,1.049835025,0.604152636,5.499262138,3.286565117,-0.194173797,1.577330417,-1.238629616,0.0,47.39001117,0.796542922,0.901765693,42.75,1.623880395,-0.049566123,-3.084703093,84.837204
18,3.0,1,2.06213471,3.871991342,1.15507,4.057624704,0.866025404,3.641171953,3.997,16.01889283,-0.257374277,3.58718595,4.079694202,-0.226717804,-14.18775429,4.077122903,0.031416317,0.610280413,-1.32431988,0.898223632,-1.134917889,6.07078,3.437751451,-2.917713013,0.891106165,688.1024444,-1005.813512,0.427219128,23.15153669,0.379344884,195.3179318,1.568084556,7.769272891,1.14047254,0.610280413,5.557647119,3.482199037,-0.166122651,1.598247593,-1.57332764,0.0,32.82951368,0.667497306,0.888422487,51.0,1.833075414,-0.061789424,-0.306878038,83.95079
0,12.0,1,0.0,3.846488739,1.2719,4.042791187,0.866025404,3.62915597,3.997,16.01889283,-0.270306971,3.57850337,4.079694202,-0.180271043,-18.20678904,4.077122903,0.011787917,0.610280413,-1.32431988,0.888835203,-1.134917889,5.56999,3.433288095,-2.947901206,0.891106165,688.1024444,-1005.813512,0.427219128,23.15153669,0.379344884,195.3179318,1.563846482,7.769272891,1.14047254,0.610280413,5.557647119,3.482199037,-0.166122651,1.592622793,-1.57332764,1.0,32.82951368,0.667497306,0.888422487,44.5,1.807618733,-0.061789424,-0.306878038,83.95079
0,12.0,0,0.0,3.847770308,1.27665,4.042793277,0.360562393,3.629503799,4.512,16.03072715,-0.248593573,3.578565416,4.105875679,-0.162465598,-16.8021767,4.019842667,0.016604328,0.0,-1.307790954,0.923134112,-0.634917889,4.97069,3.434085045,-2.971215608,0.900731961,729.4515302,-864.1576556,0.431646467,23.15153669,0.369140802,194.0784539,1.564383808,7.738324968,1.130694735,0.600741454,5.558270835,3.432566909,-0.169081231,1.594203376,-1.544964395,1.0,39.55941205,0.667497306,0.887928395,44.5,1.80762184,-0.054467112,-0.967927854,84.915583
18,3.0,1,1.87463471,3.871896404,1.15518,4.057265528,0.866025404,3.640384112,4.095,16.01889283,-0.211622223,3.585956319,4.044643507,-0.22855037,-13.77929878,4.076534178,0.034707323,0.610280413,-1.32431988,0.866956115,-1.134917889,6.07078,3.43899022,-2.919146938,0.893440993,714.0484484,-1005.813512,0.422523225,23.15153669,0.386481864,194.2586245,1.561248248,7.769272891,1.14047254,0.610280413,5.557647119,3.482199037,-0.16001154,1.59374792,-1.57332764,0.0,32.82951368,0.667497306,0.88973561,51.0,1.836933117,-0.065707388,-0.306878038,83.95079
0,12.0,1,0.0,3.846407348,1.27223,4.042461336,0.866025404,3.628329279,4.095,16.01889283,-0.232987273,3.577137453,4.044643507,-0.183299807,-15.17364445,4.076534178,0.02470156,0.610280413,-1.32431988,0.855001681,-1.134917889,5.56999,3.434204889,-3.036452143,0.893440993,714.0484484,-1005.813512,0.422523225,23.15153669,0.386481864,194.2586245,1.556808592,7.769272891,1.14047254,0.610280413,5.557647119,3.482199037,-0.16001154,1.589819617,-1.57332764,1.0,32.82951368,0.667497306,0.88973561,44.5,1.811239835,-0.065707388,-0.306878038,83.95079
18,3.0,0,3.32964914,3.877790586,1.18668,4.07863925,0.360562393,3.771508973,4.743,16.10138559,-0.104375575,3.595085211,4.224208903,-0.412783471,-13.20958741,4.020981831,0.043060901,0.0,-1.297115371,0.866888768,-0.631790597,6.12488,3.44603483,-2.955597052,0.782179272,933.8971852,-1328.579432,0.426950564,25.14849866,0.363893889,196.5979998,1.553386789,7.813141698,1.164782386,0.598691878,5.558270835,3.431068108,-0.188984229,1.592223931,-1.530261701,0.0,14.839751,0.652205355,0.811899111,52.25,1.81244055,-0.067302742,0.002200911,86.42879
0,12.0,0,0.0,3.853735254,1.32108,4.063040043,0.360562393,3.768794471,4.743,16.10138559,-0.126463718,3.58542662,4.224208903,-0.354091291,-13.67730041,4.020981831,0.038522989,0.0,-1.297115371,0.854725549,-0.631790597,5.62409,3.441756233,-3.123963052,0.782179272,933.8971852,-1328.579432,0.426950564,25.14849866,0.363893889,196.5979998,1.548244104,7.813141698,1.164782386,0.598691878,5.558270835,3.431068108,-0.188984229,1.5894801,-1.530261701,1.0,14.839751,0.652205355,0.811899111,45.25,1.788143777,-0.067302742,0.002200911,86.42879
18,3.0,1,3.082507131,3.876693234,1.18206,4.07931578,0.866025404,3.770622948,4.092,16.08955127,-0.175904429,3.595672333,4.231819858,-0.429418328,-14.03828624,4.07843661,0.035350275,0.606277712,-1.313644297,0.868895895,-1.131790597,6.72418,3.443788619,-2.944840845,0.773524001,861.5423534,-1506.483729,0.427219128,25.14849866,0.37409797,198.9438518,1.562807639,7.84560413,1.177089137,0.606277712,5.557647119,3.480689375,-0.19213676,1.593701759,-1.558624946,0.0,8.270838765,0.652205355,0.812811433,52.25,1.807291108,-0.069951192,0.693702674,85.463997
0,12.0,1,0.0,3.852581977,1.31597,4.060145316,0.866025404,3.764675645,4.092,16.08955127,-0.1859057,3.58684045,4.231819858,-0.368962477,-13.97915977,4.07843661,0.035851446,0.606277712,-1.313644297,0.858023143,-1.131790597,6.22339,3.438699695,-3.077571069,0.773524001,861.5423534,-1506.483729,0.427219128,25.14849866,0.37409797,198.9438518,1.567675472,7.84560413,1.177089137,0.606277712,5.557647119,3.480689375,-0.19213676,1.593619861,-1.558624946,1.0,8.270838765,0.652205355,0.812811433,45.25,1.783290689,-0.069951192,0.693702674,85.463997
18,3.0,0,3.51714914,3.877790265,1.18655,4.07931688,0.360562393,3.770820951,4.607,16.10138559,-0.150246279,3.595742489,4.258001335,-0.411355062,-13.51050427,4.021141389,0.040083651,0.0,-1.297115371,0.898654802,-0.631790597,6.12488,3.444362548,-2.968164359,0.780530585,907.9511812,-1328.579432,0.431646467,25.14849866,0.363893889,197.6630136,1.563250235,7.813141698,1.164782386,0.598691878,5.558270835,3.431068108,-0.19509534,1.595216359,-1.530261701,0.0,14.839751,0.652205355,0.810821302,52.25,1.807291156,-0.062493261,0.002200911,86.42879
0,12.0,0,0.0,3.85371696,1.32071,4.060146538,0.360562393,3.764957224,4.607,16.10138559,-0.164192302,3.586910396,4.258001335,-0.351157769,-13.46157212,4.021141389,0.040553377,0.0,-1.297115371,0.889771946,-0.631790597,5.62409,3.439406694,-3.101658882,0.780530585,907.9511812,-1328.579432,0.431646467,25.14849866,0.363893889,197.6630136,1.568388085,7.813141698,1.164782386,0.598691878,5.558270835,3.431068108,-0.19509534,1.595027462,-1.530261701,1.0,14.839751,0.652205355,0.810821302,45.25,1.783290919,-0.062493261,0.002200911,86.42879
18,3.0,1,2.895007131,3.876693989,1.18219,4.07863813,0.866025404,3.771311394,4.228,16.08955127,-0.130033725,3.595016844,4.198027426,-0.430839846,-13.69281765,4.077837857,0.038380925,0.606277712,-1.313644297,0.838875845,-1.131790597,6.72418,3.44549531,-2.932208641,0.775198686,887.4883574,-1506.483729,0.422523225,25.14849866,0.37409797,197.8568658,1.553193856,7.84560413,1.177089137,0.606277712,5.557647119,3.480689375,-0.186025649,1.590457511,-1.558624946,0.0,8.270838765,0.652205355,0.813900693,52.25,1.812440549,-0.073864894,0.693702674,85.463997
0,12.0,1,0.0,3.852603867,1.31634,4.063038875,0.866025404,3.768517532,4.228,16.08955127,-0.148177115,3.585359416,4.198027426,-0.371889209,-14.22230676,4.077837857,0.033834865,0.606277712,-1.313644297,0.825064842,-1.131790597,6.22339,3.44111187,-3.099708843,0.775198686,887.4883574,-1506.483729,0.422523225,25.14849866,0.37409797,197.8568658,1.548118147,7.84560413,1.177089137,0.606277712,5.557647119,3.480689375,-0.186025649,1.587484033,-1.558624946,1.0,8.270838765,0.652205355,0.813900693,45.25,1.788143227,-0.073864894,0.693702674,85.463997
18,3.0,1,3.002576001,3.876846508,1.18083,4.079064179,0.866025404,3.773491731,4.092,16.0847681,-0.0954337,3.602806432,4.169655831,-0.426744952,-13.40026621,4.170744302,0.041149662,0.606685272,-1.362255408,0.920120234,-1.132817882,6.72418,3.450449205,-2.996375062,0.776687052,814.7581094,-2041.735515,0.407709058,25.14849866,0.376489552,198.1235457,1.566745604,7.84286914,1.183327667,0.606685272,5.557647119,3.385209502,-0.186025649,1.597220631,-1.614605672,0.0,8.270838765,0.652205355,0.824302677,52.25,1.803448433,-0.092196354,3.710332788,85.463997
0,12.0,1,0.0,3.852908945,1.31455,4.06376524,0.866025404,3.771361548,4.092,16.0847681,-0.087242836,3.592120828,4.169655831,-0.386112992,-16.41062331,4.170744302,0.020094859,0.606685272,-1.362255408,0.910403605,-1.132817882,6.22339,3.446442749,-3.019862791,0.776687052,814.7581094,-2041.735515,0.407709058,25.14849866,0.376489552,198.1235457,1.561150686,7.84286914,1.183327667,0.606685272,5.557647119,3.385209502,-0.186025649,1.591103868,-1.614605672,1.0,8.270838765,0.652205355,0.824302677,45.25,1.776603358,-0.092196354,3.710332788,85.463997
18,3.0,0,3.43721801,3.877938505,1.18532,4.079065275,0.360562393,3.773693355,4.607,16.09660242,-0.069775557,3.602878161,4.195837308,-0.40908462,-12.94114128,4.112396141,0.045903032,0.0,-1.345726482,0.952796709,-0.632817882,6.12488,3.450919787,-3.019946042,0.783676684,861.1669372,-1850.621806,0.412136398,25.14849866,0.36628547,196.8520646,1.567405166,7.809804939,1.170537137,0.599099437,5.558270835,3.336098483,-0.188984229,1.598515111,-1.586242427,0.0,14.839751,0.652205355,0.822040825,52.25,1.803448529,-0.083815076,3.009576298,86.42879
0,12.0,0,0.0,3.854028901,1.31928,4.063766373,0.360562393,3.771648775,4.607,16.09660242,-0.065529447,3.592192221,4.195837308,-0.368765236,-15.52994753,4.112396141,0.024782772,0.0,-1.345726482,0.945351929,-0.632817882,5.62409,3.447001429,-3.043608549,0.783676684,861.1669372,-1850.621806,0.412136398,25.14849866,0.36628547,196.8520646,1.56156632,7.809804939,1.170537137,0.599099437,5.558270835,3.336098483,-0.188984229,1.592804871,-1.586242427,1.0,14.839751,0.652205355,0.822040825,45.25,1.776603377,-0.083815076,3.009576298,86.42879
0,12.0,0,0.0,3.85371696,1.32071,4.060146538,0.360562393,3.764957224,4.607,16.10138559,-0.164192302,3.586910396,4.258001335,-0.351157769,-13.46157212,4.021141389,0.040553377,0.0,-1.297115371,0.889771946,-0.631790597,5.62409,3.439406694,-3.101658882,0.780530585,907.9511812,-1328.579432,0.431646467,25.14849866,0.363893889,197.6630136,1.568388085,7.813141698,1.164782386,0.598691878,5.558270835,3.431068108,-0.19509534,1.595027462,-1.530261701,1.0,14.839751,0.652205355,0.810821302,45.25,1.783290919,-0.062493261,0.002200911,86.42879
0,13.0,0,0.0,3.860120831,1.05126,4.046767101,0.0,3.685168615,4.156,13.81137283,-0.163205151,3.531990701,2.397534374,0.115658178,-2.617095192,3.015932748,0.519819419,0.0,-0.093081415,1.380169924,-0.093081415,6.31109,3.501783913,-1.688906496,0.790268645,-84.53130774,-419.9087,0.135189386,16.06272591,0.317485229,214.0505903,1.528678517,7.656564533,0.921934074,0.317485229,5.340125181,2.871818889,-0.085071214,1.656207201,0.0,1.0,104.8550427,0.736484307,0.638879931,46.25,1.849300969,0.057258763,-0.317652487,85.360997
12,2.0,1,4.779042242,3.798755621,1.2253,4.012718844,1.195266057,3.508754677,2.415,13.94966656,-0.418023413,3.464298041,3.408107821,0.285213732,-8.683042635,2.67965535,0.066307596,0.236161541,-1.030400602,0.687557978,-0.970149957,5.3499,3.196971991,-5.550990451,0.792790543,519.3592777,1494.459543,0.292153292,12.63393923,0.0,176.8071984,1.459026366,7.555762,1.068554065,0.491626178,5.233535288,2.743801713,-0.213670792,1.547317648,-1.030400602,0.0,-3.126752303,0.205950377,0.748250791,35.25,1.795815225,0.16290822,-6.480547093,72.004997
0,8.0,1,0.0,3.7975417,1.32778,3.993425756,1.195266057,3.509035941,2.415,13.94966656,-0.424684435,3.46410871,3.408107821,0.286052087,-5.907803477,2.67965535,0.157837606,0.236161541,-1.030400602,0.690546868,-0.970149957,5.3499,3.200584281,-4.983869554,0.792790543,519.3592777,1494.459543,0.292153292,12.63393923,0.0,176.8071984,1.459932277,7.555762,1.068554065,0.491626178,5.299109059,2.743801713,-0.213670792,1.54731512,-1.030400602,0.0,-3.126752303,0.205950377,0.748250791,31.25,1.792512848,0.16290822,-6.480547093,72.004997
0,12.0,0,0.0,3.867009817,1.27767,4.004119419,0.2,3.72483104,3.85,14.521159,0.020715822,3.605594081,3.179696048,0.181078839,-2.475582169,2.98864371,0.576875175,0.0,-0.708881939,1.201392211,-0.375004525,5.42159,3.45663373,-1.879141117,0.769577309,677.7553965,-255.1292668,0.196749609,21.14795141,0.302357993,197.4675743,1.701327272,7.696145625,0.85597329,0.302357993,5.418812214,3.01586889,-0.360952299,1.726790481,0.0,1.0,160.0387792,0.499485066,0.646977025,47.75,1.857482501,0.079382487,4.124527096,98.912927
0,12.0,0,0.0,3.866140634,1.27603,4.003766315,0.142857143,3.674618591,3.768,14.2459757,0.30566593,3.541518357,2.737084991,0.006235648,-1.142030181,2.853461311,0.771396852,0.0,-0.371606062,1.019155567,-0.254346509,6.90769,3.447982696,-1.197436808,0.771745026,711.9045962,551.436904,0.176319843,17.66979674,0.302401218,186.5668758,1.722464093,7.583752578,0.819890127,0.302401218,5.305600607,2.879577254,-0.350687464,1.728052469,0.0,1.0,132.5200307,0.416151733,0.684801668,46.0,1.844437903,-0.084263814,1.495577402,98.47972
0,12.0,0,0.0,3.866484958,1.1985,4.003889125,0.2,3.706625416,3.641,14.19901394,0.036384763,3.608535357,2.658223391,0.057002493,-3.25042156,3.084824878,0.46120627,0.0,-0.413659341,1.034770456,-0.36336615,6.48459,3.451490199,-2.068889182,0.768918692,465.281717,-90.70455666,0.176319843,18.44138893,0.365726048,203.0078435,1.691032849,7.719629275,0.848411228,0.365726048,5.270760902,3.143193854,-0.340545999,1.724171079,0.0,1.0,129.3249555,0.499485066,0.63679483,45.5,1.726635751,0.107147301,0.48203126,90.958962
0,13.0,0,0.0,3.8664818,1.2283,4.003885363,0.425695024,3.727056776,4.36,14.35539798,-0.090630127,3.604703831,3.102883664,0.252681357,-2.058549505,3.038213402,0.639217337,0.0,-0.46706231,1.052585537,-0.42524115,5.55289,3.456184614,-1.361642804,0.750799113,636.1906703,-369.6468081,0.221963389,18.78756479,0.364906218,195.1889998,1.610032579,7.778000064,0.881136123,0.364906218,5.278418347,3.364346226,-0.350664443,1.726409112,0.0,1.0,144.6220165,0.499485066,0.629417855,50.0,1.857475608,0.074221252,-0.497226052,98.381341
0,12.0,0,0.0,3.866907082,1.2916,4.00410582,0.2,3.697846664,3.627,14.3938056,0.066046061,3.554164065,2.928961197,0.071123724,-3.576041792,2.884462717,0.435335785,0.0,-0.716757978,1.054535835,-0.386089128,6.51599,3.42886255,-2.378413743,0.740671063,869.6349965,-352.1257944,0.196749609,21.14795141,0.310170493,188.6664802,1.664815597,7.708777652,0.861576212,0.310170493,5.296278089,2.962713999,-0.352891678,1.72638494,0.0,1.0,127.2953878,0.416151733,0.684456128,45.5,1.823278798,0.03147361,5.631851504,95.386134
0,12.0,0,0.0,3.867009817,1.27767,4.004119419,0.2,3.72483104,3.85,14.521159,0.020715822,3.605594081,3.179696048,0.181078839,-2.475582169,2.98864371,0.576875175,0.0,-0.708881939,1.201392211,-0.375004525,5.42159,3.45663373,-1.879141117,0.769577309,677.7553965,-255.1292668,0.196749609,21.14795141,0.302357993,197.4675743,1.701327272,7.696145625,0.85597329,0.302357993,5.418812214,3.01586889,-0.360952299,1.726790481,0.0,1.0,160.0387792,0.499485066,0.646977025,47.75,1.857482501,0.079382487,4.124527096,98.912927
0,12.0,0,0.0,3.866746119,1.21613,4.004065668,0.2,3.684236178,3.164,14.16176904,-0.007432634,3.505849136,2.542133907,0.08280477,-5.102119845,3.072400608,0.288108114,0.0,-0.846341311,1.017555839,-0.495804218,6.21069,3.392031498,-2.343006386,0.762435404,737.3466681,-94.3338468,0.168101243,21.14795141,0.375309382,204.1356017,1.625681663,7.720799237,0.829932282,0.375309382,5.347636643,3.054351294,-0.332682771,1.725609764,0.0,1.0,110.2885794,0.416151733,0.65473265,44.25,1.744120261,0.095261488,2.351770325,88.234169
0,12.0,0,0.0,3.866130092,1.20974,4.003764414,0.142857143,3.671939041,3.305,14.10463697,0.288829548,3.495900118,2.335180399,-0.019460131,-1.539066925,3.064375154,0.693194604,0.0,-0.382948272,0.975254486,-0.283447694,6.60239,3.419445816,-1.009749933,0.802509461,587.1907663,331.9218636,0.144044982,17.66979674,0.334306689,200.2678368,1.645974587,7.602409032,0.813528335,0.334306689,5.4223768,3.030916646,-0.336196041,1.726208797,0.0,1.0,116.3884706,0.416151733,0.673149006,44.75,1.800953245,-0.088934157,0.260324824,91.327755
0,12.0,1,0.0,3.866678026,1.1648,4.004045646,0.814325285,3.680783471,3.047,13.9019547,-0.059071156,3.495550472,2.520625531,0.087056051,-5.269707865,3.252165909,0.258927509,0.557241482,-1.118489404,0.87683239,-1.118489404,5.73219,3.373937974,-10.25997412,0.777306811,622.8444119,159.0066058,0.170397296,21.14795141,0.409198271,215.5496122,1.436696208,7.696335233,0.80394915,0.557241482,5.248940047,3.186452744,-0.317473864,1.72141553,0.0,1.0,52.98623373,0.416151733,0.590297619,43.0,1.729472493,0.230064102,-1.332081894,82.046997
0,12.0,0,0.0,3.866397556,1.23262,4.003873774,0.2,3.681697603,3.666,14.18338894,0.034295674,3.511488356,2.723716305,0.037255925,-3.496295325,2.979883458,0.434981722,0.0,-0.42600502,1.053830143,-0.383774314,6.12749,3.426426349,-1.884695161,0.73666535,738.9386171,-244.6559585,0.176319843,18.44138893,0.365726048,192.8967918,1.569190266,7.736809628,0.865372701,0.365726048,5.237011994,3.150292878,-0.340545999,1.726343076,0.0,1.0,121.7483458,0.416151733,0.634413434,45.0,1.804578581,0.081211698,0.775242734,92.292548
0,12.0,0,0.0,3.866223647,1.24165,4.003790507,0.166666667,3.702695571,3.991,14.31961567,0.478612417,3.592461478,2.987819842,0.03608008,-1.52621264,3.167926851,0.712369626,0.0,-0.393803336,1.176061822,-0.29518971,6.02629,3.457759653,-1.326046814,0.789360172,534.7273995,264.2755276,0.176319843,18.02225506,0.318867268,196.823851,1.701470818,7.682043218,0.845749925,0.318867268,5.42779897,2.856858201,-0.352999394,1.726816921,0.0,1.0,160.0387792,0.499485066,0.632344997,47.75,1.857505353,-0.03627858,0.178105348,98.912927
0,12.0,0,0.0,3.866294091,1.15978,4.003843903,0.2,3.674595186,3.203,13.95135237,-0.03056886,3.470004206,2.322976515,0.048952654,-5.06363006,3.141857326,0.281983276,0.0,-0.500433848,1.01335632,-0.500433848,5.82219,3.343915121,-1.902382794,0.76197441,598.0392168,46.377729,0.144044982,18.44138893,0.430864937,205.7314983,1.568247532,7.751580944,0.834116427,0.430864937,5.290316838,3.187062537,-0.320337092,1.685686487,0.0,1.0,103.793086,0.416151733,0.610820227,43.75,1.726513947,0.159369273,-0.570299508,85.140583
0,12.0,1,0.0,3.866125567,1.16674,4.003763461,0.650697637,3.671452568,3.255,13.94767323,0.292279279,3.488174845,2.297490612,-0.112935282,-2.183999285,3.226761355,0.579262335,0.630292835,-0.892466894,0.835221447,-0.892466894,6.72699,3.405900643,-2.157253414,0.809778085,481.6127332,-8.555319549,0.144044982,17.66979674,0.352323271,207.9806166,1.465742721,7.623416191,0.821981022,0.630292835,5.32911807,3.230170513,-0.325176841,1.726164905,0.0,1.0,59.91312199,0.416151733,0.631601347,43.5,1.794305583,-0.065157525,-1.230376242,85.140583
0,12.0,0,0.0,3.86620282,1.25472,4.003787962,0.166666667,3.677370575,3.768,14.21594767,0.519101937,3.528241719,2.737084991,0.188390831,-2.001644199,3.048100727,0.627821963,0.0,-0.393664065,1.024337199,-0.30336615,6.51759,3.439628596,-1.48477723,0.740313434,726.6069995,166.0046376,0.176319843,18.02225506,0.325040107,187.8019603,1.666981743,7.691983663,0.846579126,0.325040107,5.305597688,2.808598945,-0.346003929,1.726445474,0.0,1.0,127.2953878,0.416151733,0.670550881,45.5,1.82314685,-0.095627831,1.572237091,95.386134
0,12.0,0,0.0,3.866746119,1.21613,4.004065668,0.2,3.684236178,3.164,14.16176904,-0.007432634,3.505849136,2.542133907,0.08280477,-5.102119845,3.072400608,0.288108114,0.0,-0.846341311,1.017555839,-0.495804218,6.21069,3.392031498,-2.343006386,0.762435404,737.3466681,-94.3338468,0.168101243,21.14795141,0.375309382,204.1356017,1.625681663,7.720799237,0.829932282,0.375309382,5.347636643,3.054351294,-0.332682771,1.725609764,0.0,1.0,110.2885794,0.416151733,0.65473265,44.25,1.744120261,0.095261488,2.351770325,88.234169
0,12.0,1,0.0,3.866249546,1.11091,4.003828936,0.814325285,3.67291958,3.086,13.69153803,-0.065539339,3.465318812,2.284121927,0.053205189,-5.227732804,3.269744978,0.252657829,0.619741482,-1.123119033,0.87287908,-1.123119033,5.94679,3.298533637,-6.694241714,0.776511361,473.2851268,337.0522067,0.144044982,18.44138893,0.464753826,212.401041,1.429637414,7.726821225,0.808316345,0.619741482,5.187526851,3.251978831,-0.305128185,1.61192498,0.0,1.0,45.58874998,0.416151733,0.566408811,42.5,1.726449638,0.303623507,-2.095722729,78.953411
0,12.0,1,0.0,3.866678026,1.1648,4.004045646,0.814325285,3.680783471,3.047,13.9019547,-0.059071156,3.495550472,2.520625531,0.087056051,-5.269707865,3.252165909,0.258927509,0.557241482,-1.118489404,0.87683239,-1.118489404,5.73219,3.373937974,-10.25997412,0.777306811,622.8444119,159.0066058,0.170397296,21.14795141,0.409198271,215.5496122,1.436696208,7.696335233,0.80394915,0.557241482,5.248940047,3.186452744,-0.317473864,1.72141553,0.0,1.0,52.98623373,0.416151733,0.590297619,43.0,1.729472493,0.230064102,-1.332081894,82.046997
0,12.0,0,0.0,3.866217543,1.21441,4.003789952,0.166666667,3.688925715,3.928,14.26329335,0.443223113,3.561937868,2.671592076,-0.02489644,-1.796352578,3.164195844,0.664804711,0.0,-0.401570401,1.13764543,-0.310374895,6.11109,3.450779914,-1.481829701,0.780458074,363.3863024,62.86840658,0.176319843,18.02225506,0.332852607,196.3544946,1.675505384,7.718037191,0.847434525,0.332852607,5.368619814,2.856710984,-0.346003929,1.726506839,0.0,1.0,146.7288832,0.518213806,0.64405009,47.0,1.838767058,-0.026743279,0.785121475,94.854548
0,12.0,0,0.0,3.866169732,1.18534,4.003780424,0.166666667,3.672871301,3.305,14.03766953,0.541759185,3.4813659,2.335180399,0.166891655,-2.811334899,3.314157648,0.503741803,0.0,-0.408377285,0.980750415,-0.354081564,6.21229,3.391560405,-1.345208036,0.765153523,594.3186711,189.4940109,0.144044982,18.02225506,0.369133078,201.9951893,1.627821302,7.704228385,0.825582596,0.369133078,5.357837825,2.867865268,-0.329010093,1.725678601,0.0,1.0,110.2885794,0.416151733,0.655993192,44.25,1.74308108,-0.10338787,-0.291246642,88.234169
0,12.0,0,0.0,3.866462443,1.22022,4.003883855,0.2,3.706206526,3.889,14.31074233,-0.008900759,3.583913085,2.974451157,0.158497651,-2.421452787,3.111497456,0.576759345,0.0,-0.425835649,1.200894166,-0.37268971,5.63619,3.451098888,-1.582469095,0.784154053,541.7989958,172.6683547,0.176319843,18.44138893,0.357913548,202.432485,1.600170578,7.724387576,0.844044689,0.357913548,5.330289046,3.16381425,-0.34860662,1.726408032,0.0,1.0,153.231098,0.499485066,0.595775176,47.25,1.857482152,0.136195621,0.031764365,95.819341
0,12.0,0,0.0,3.866907082,1.2916,4.00410582,0.2,3.697846664,3.627,14.3938056,0.066046061,3.554164065,2.928961197,0.071123724,-3.576041792,2.884462717,0.435335785,0.0,-0.716757978,1.054535835,-0.386089128,6.51599,3.42886255,-2.378413743,0.740671063,869.6349965,-352.1257944,0.196749609,21.14795141,0.310170493,188.6664802,1.664815597,7.708777652,0.861576212,0.310170493,5.296278089,2.962713999,-0.352891678,1.72638494,0.0,1.0,127.2953878,0.416151733,0.684456128,45.5,1.823278798,0.03147361,5.631851504,95.386134
0,12.0,1,0.0,3.866155517,1.1396,4.003776648,0.721124785,3.671957278,3.255,13.83898323,0.554184039,3.475072041,2.297490612,0.201857802,-3.859454903,3.564499774,0.371723931,0.624303555,-0.976766749,0.840676297,-0.976766749,6.33689,3.365735829,-8.57773711,0.770434093,479.8164149,186.8300634,0.144044982,18.02225506,0.393226048,210.9139309,1.439774169,7.68759615,0.810870508,0.624303555,5.260041334,2.962459694,-0.316148489,1.72103779,0.0,1.0,52.98623373,0.416151733,0.61533328,43.0,1.729049166,-0.081229644,-1.735958699,82.046997
0,12.0,0,0.0,3.866443453,1.19175,4.003881658,0.2,3.694139328,3.826,14.24222381,-0.043543844,3.54936082,2.658223391,0.206317395,-2.965401137,3.112822832,0.501762604,0.0,-0.435326007,1.161537775,-0.392011984,5.72099,3.443099017,-1.820876427,0.775351585,364.7247633,1.333949292,0.176319843,18.44138893,0.37593013,202.078799,1.573841882,7.75552191,0.840491738,0.37593013,5.302310404,3.155579812,-0.340545999,1.726363571,0.0,1.0,139.2870607,0.518213806,0.606628092,46.5,1.824345533,0.157750669,0.58633585,91.760962
18,4.0,0,7.435034074,3.950793601,1.41174,4.700330035,0.512992784,3.903186405,4.196,15.21366234,0.104788227,3.774329445,6.036353818,-0.201843062,2.188841855,2.638633886,1.563149067,0.0,-4.507146887,1.16687629,-0.075498875,8.65429,3.591012206,-0.74174091,0.79047024,762.5285965,-984.9855158,0.932281679,8.383744828,0.0,189.3006245,1.698846636,7.521780751,0.896204009,0.0,5.355909847,2.634989119,-0.488150429,1.737611826,-1.758180187,1.0,593.3113211,0.571975275,0.609668535,56.5,1.887251074,-0.019187519,-12.61420475,113.754064
0,13.0,0,0.0,3.929552345,1.52468,4.700330035,0.512992784,3.883091437,4.196,15.21366234,0.066648144,3.74281962,6.036353818,-0.220196706,2.135028706,2.638633886,1.546076056,0.0,-4.507146887,1.139253849,-0.075498875,8.65429,3.586417918,-0.963366687,0.79047024,762.5285965,-984.9855158,0.932281679,8.383744828,0.0,189.3006245,1.6981682,7.521780751,0.896204009,0.0,5.425547863,2.634989119,-0.488150429,1.732686123,-1.758180187,1.0,593.3113211,0.571975275,0.609668535,50.5,1.866150417,-0.019187519,-12.61420475,113.754064
0,9.0,0,0.0,3.928345969,1.2383,4.139110087,0.0,3.590222527,3.051,13.09732075,-0.069677338,3.37861008,3.828899072,0.155780259,-9.456790012,2.457542369,0.047331586,0.0,-1.765181118,1.152283477,0.190392775,5.56809,3.261943334,-5.71511983,0.89964249,1232.904507,4232.576919,0.451788861,12.53197781,0.0,196.4704647,1.288984461,7.318636765,0.615157473,0.0,4.597097109,2.338017687,-0.343664034,1.558726393,-0.340700944,1.0,143.8352092,0.59231002,1.142413238,33.25,1.65802413,0.084698011,-15.67740499,70.271825
0,10.0,0,0.0,3.928385086,1.2451,4.14015913,0.2,3.682147266,3.458,13.71815409,-0.228760701,3.52282541,3.918880994,0.294976748,-7.324139846,2.494336315,0.123364562,0.0,-1.944558375,1.02347038,-0.069485857,4.43829,3.353947777,-3.976662776,0.980836784,955.951595,3282.586565,0.428967087,13.73398389,0.407633347,205.6606634,1.343897387,7.451685762,0.681624416,0.407633347,4.975578936,2.476902783,-0.360108865,1.559193865,-0.403306397,1.0,135.744207,0.675643353,1.094290153,38.0,1.787034257,0.195098738,-16.68027454,76.360618
0,10.0,0,0.0,3.928445353,1.30234,4.141970452,0.2,3.764000483,3.881,13.94654127,-0.262843816,3.616262868,4.490272438,0.28308848,-6.533987043,2.449224012,0.171025528,0.0,-1.969932997,1.155595799,0.023106735,5.16899,3.357781884,-3.283517737,0.934984418,1224.280731,1696.322621,0.52642537,16.07326895,0.0,194.8770582,1.559119081,7.485624944,0.882521788,0.0,4.994828929,2.501312536,-0.375108865,1.623150863,-0.408098925,1.0,179.9762846,0.951426776,1.068524084,39.25,1.808819864,0.153526546,-9.427860926,82.54779
0,9.0,0,0.0,3.928385152,1.28076,4.140291904,0.0,3.655825262,3.026,13.59982075,-0.014557967,3.544392037,3.858730339,0.08416972,-6.823331328,2.381591787,0.126479358,0.0,-1.772506221,1.077424982,0.32233722,6.10229,3.353900746,-4.579548951,1.028293431,984.6896693,2874.890514,0.428967087,12.53197781,0.0,202.3219434,1.558002074,7.346797411,0.690809731,0.0,4.735812887,2.294819959,-0.367101534,1.602257664,-0.331248784,1.0,164.0602546,0.675643353,1.13107104,34.75,1.724171079,0.013820363,-15.95561565,75.125411
0,10.0,0,0.0,3.928443209,1.43808,4.141589383,0.2,3.774863254,3.842,14.53584683,-0.235777977,3.64043287,4.837400832,0.227072798,-7.796445146,2.453741808,0.142400569,0.0,-2.038180247,1.140841568,0.041347476,6.23538,3.358661691,-5.031050881,1.037611827,1402.820896,630.079434,0.554351237,18.57273803,0.0,190.1780339,1.571589642,7.433937453,0.893352759,0.0,5.214646921,2.453300472,-0.407805624,1.750811209,-0.419167598,1.0,208.1531413,0.771462513,1.025534276,40.75,1.809568319,0.089614252,-12.07685155,91.828548
0,10.0,0,0.0,3.928419534,1.34688,4.141039089,0.2,3.746809807,3.881,14.16654127,-0.197943733,3.61618747,4.490272438,0.255969581,-7.619544056,2.397110768,0.134641017,0.0,-1.993595549,1.160376286,0.033523402,5.55909,3.358650046,-3.885439685,0.994553928,1262.922197,1332.599213,0.52642537,16.07326895,0.0,192.8119369,1.560119331,7.467283667,0.889616016,0.0,5.075362481,2.413791445,-0.386827615,1.671296142,-0.411185344,1.0,190.001449,0.728392784,1.09488663,39.75,1.765370094,0.08840665,-6.517016195,85.641376
0,10.0,0,0.0,3.927997951,1.16548,4.132555845,0.2,3.676230619,3.498,13.63832841,-0.228811365,3.520144301,3.20273873,0.341471305,-7.696757247,2.606941096,0.103959682,0.0,-1.895692635,1.031842514,-0.06718133,4.26419,3.309441766,-4.415726399,1.071264582,670.9662899,3186.830479,0.293831021,17.33100659,0.411765578,215.3403627,1.326946309,7.4474145,0.594936945,0.411765578,4.935398667,2.523604753,-0.276775531,1.420978095,0.0,1.0,123.3499978,0.633276638,1.025712114,37.5,1.787034257,0.22645176,-12.18873207,73.267032
0,11.0,0,0.0,3.928443796,1.50419,4.141522913,0.425695024,3.800980602,4.497,14.78995771,-0.267623426,3.660468273,5.596327452,0.354187968,-5.559428284,2.36428131,0.298623599,0.0,-2.116783576,1.071613737,0.030654921,5.83628,3.569664215,-3.385688208,1.021653082,1474.617276,1428.607586,0.645253274,20.83973926,0.0,184.1787818,1.669419181,7.484811447,0.865992319,0.0,5.448353553,2.580483033,-0.422121593,1.768922218,-0.451781268,1.0,244.9659633,0.867687558,1.020706333,46.75,1.825057946,-0.004519179,-13.8321279,104.104513
0,10.0,0,0.0,3.928447708,1.48712,4.141615618,0.2,3.792862427,4.065,14.83985839,-0.231146421,3.651476028,5.170675556,0.214698896,-6.116867765,2.429345821,0.249026187,0.0,-2.068279474,1.288231151,0.136529344,5.92118,3.517380057,-3.918842549,1.054502196,1240.717716,987.8358968,0.527998924,18.57273803,0.0,193.7526051,1.676020806,7.46243607,0.874344021,0.0,5.400279907,2.441703194,-0.426376299,1.805123302,-0.422639757,1.0,256.6115686,0.854795846,0.99208413,44.0,1.834263508,0.077326803,-14.58125824,101.542513
0,10.0,0,0.0,3.928396578,1.21319,4.140529419,0.2,3.693430954,3.56,13.55315409,-0.126356694,3.512132444,3.895725752,0.158496395,-7.917136558,2.511165259,0.097435021,0.0,-1.934543258,0.956723452,-0.079902524,4.39579,3.351668301,-4.126289802,0.925896818,939.0443119,3466.217076,0.428967087,13.73398389,0.442373821,204.6159368,1.479016967,7.469460841,0.683328959,0.442373821,4.922383366,2.525014849,-0.349209945,1.556984401,-0.403152076,1.0,123.3499978,0.778202532,1.100799666,37.5,1.582767583,0.22324925,-15.58417719,73.267032
0,10.0,0,0.0,3.928448611,1.53268,4.141618632,0.2,3.798121818,4.026,14.90419095,-0.282245668,3.657227239,5.674036935,0.245778456,-6.108383546,2.446777996,0.257324186,0.0,-2.079740379,1.269457087,0.134722371,6.30968,3.555521056,-4.096974577,1.051376953,1377.257569,930.77515,0.657098368,19.76507499,0.0,190.7002849,1.684519736,7.448616903,0.873347048,0.0,5.589780198,2.42850771,-0.431584632,1.805843689,-0.42592022,1.0,265.0327428,0.839503895,0.954482628,44.5,1.83438751,0.099293937,-13.7207738,104.636099
0,11.0,0,0.0,3.928449333,1.53557,4.141619922,0.425695024,3.80480299,4.497,14.9488466,-0.31228882,3.662108777,5.608172547,0.355806245,-5.959776421,2.378920544,0.281383285,0.0,-2.130483501,1.07561651,0.041395662,6.22638,3.57842165,-3.662498966,0.986517578,1469.50126,847.5769862,0.629816446,20.83973926,0.0,181.1913224,1.685622364,7.491933249,0.883654445,0.0,5.574860596,2.589616518,-0.431380853,1.805811066,-0.453108428,1.0,253.442345,0.839503895,1.012048082,47.25,1.834380395,0.010624949,-14.29973953,107.198099
0,10.0,0,0.0,3.928444434,1.55669,4.141525371,0.2,3.80345706,3.986,14.80833254,-0.283871367,3.670538334,6.5803725,0.276959456,-5.728721257,2.454629977,0.279976623,0.0,-2.078530167,1.242738384,0.113298052,6.30968,3.583590774,-4.023940995,1.088095817,1641.351575,1426.704944,0.925156432,18.57273803,0.0,191.3865637,1.677207543,7.426681515,0.854305087,0.0,5.467565567,2.403860819,-0.427533706,1.770007006,-0.506645131,1.0,265.0327428,0.858571741,0.925999405,44.5,1.825324847,0.111239041,-12.4153162,104.636099
12,4.0,0,5.310221754,3.949521754,1.41901,4.144661672,0.2,3.793609651,4.026,14.74530206,-0.253897672,3.659988702,5.66219184,0.21491889,-5.472844421,2.435254014,0.288278493,0.0,-2.066040455,1.259956766,0.116805705,6.02189,3.547379096,-3.548854435,1.09262161,1383.745713,1496.871779,0.672535197,19.76507499,0.0,194.5323672,1.667912716,7.439544198,0.854740257,0.0,5.414928289,2.412984622,-0.422325373,1.768975719,-0.424593059,1.0,256.6115686,0.867687558,0.960906268,48.0,1.827994433,0.090820587,-13.25341949,101.542513
0,10.0,0,0.0,3.928443095,1.50107,4.141521641,0.2,3.793495603,4.026,14.74530206,-0.23759761,3.654694555,5.66219184,0.24401249,-5.632127423,2.435254014,0.278029249,0.0,-2.066040455,1.26599868,0.116805705,5.91958,3.546712576,-3.716364788,1.09262161,1383.745713,1496.871779,0.672535197,19.76507499,0.0,194.5323672,1.667910402,7.439544198,0.854740257,0.0,5.461987112,2.412984622,-0.422325373,1.768939713,-0.424593059,1.0,256.6115686,0.867687558,0.960906268,44.0,1.825079168,0.090820587,-13.25341949,101.542513
0,10.0,0,0.0,3.928443095,1.50107,4.141521641,0.2,3.793495603,4.026,14.74530206,-0.23759761,3.654694555,5.66219184,0.24401249,-5.632127423,2.435254014,0.278029249,0.0,-2.066040455,1.26599868,0.116805705,5.91958,3.546712576,-3.716364788,1.09262161,1383.745713,1496.871779,0.672535197,19.76507499,0.0,194.5323672,1.667910402,7.439544198,0.854740257,0.0,5.461987112,2.412984622,-0.422325373,1.768939713,-0.424593059,1.0,256.6115686,0.867687558,0.960906268,44.0,1.825079168,0.090820587,-13.25341949,101.542513
0,11.0,0,0.0,3.928443796,1.50419,4.141522913,0.425695024,3.800980602,4.497,14.78995771,-0.267623426,3.660468273,5.596327452,0.354187968,-5.559428284,2.36428131,0.298623599,0.0,-2.116783576,1.071613737,0.030654921,5.83628,3.569664215,-3.385688208,1.021653082,1474.617276,1428.607586,0.645253274,20.83973926,0.0,184.1787818,1.669419181,7.484811447,0.865992319,0.0,5.448353553,2.580483033,-0.422121593,1.768922218,-0.451781268,1.0,244.9659633,0.867687558,1.020706333,46.75,1.825057946,-0.004519179,-13.8321279,104.104513
0,10.0,0,0.0,3.928406339,1.38343,4.14064007,0.2,3.735461607,3.881,14.31931905,-0.221047457,3.615738848,4.490272438,0.277313515,-8.411925687,2.46076246,0.115682718,0.0,-2.01098028,1.163306262,0.040190069,5.94919,3.359454849,-4.274828626,1.022646016,1263.065332,1722.788031,0.52642537,16.07326895,0.0,193.5698945,1.559348056,7.439691564,0.856330001,0.0,5.151818566,2.368525951,-0.396086874,1.654468754,-0.413685344,1.0,199.3745107,0.675643353,1.063661811,40.25,1.813842171,0.091106118,-10.73911388,88.734962
0,11.0,0,0.0,3.92844825,1.48822,4.14161674,0.425695024,3.797583515,4.536,14.88451404,-0.312046748,3.654147507,5.299108063,0.324687398,-5.57482085,2.400435889,0.297626011,0.0,-2.119022595,1.089167299,0.044312329,5.83788,3.547289364,-3.254898525,1.016841901,1331.589279,901.1676574,0.57364247,19.09687018,0.0,188.1716957,1.678087057,7.507505406,0.885550395,0.0,5.319099387,2.607476885,-0.426172519,1.805063769,-0.449827966,1.0,244.9659633,0.854795846,1.001119501,46.75,1.834246856,0.027908426,-15.16734723,104.104513
0,10.0,0,0.0,3.927997951,1.16548,4.132555845,0.2,3.676230619,3.498,13.63832841,-0.228811365,3.520144301,3.20273873,0.341471305,-7.696757247,2.606941096,0.103959682,0.0,-1.895692635,1.031842514,-0.06718133,4.26419,3.309441766,-4.415726399,1.071264582,670.9662899,3186.830479,0.293831021,17.33100659,0.411765578,215.3403627,1.326946309,7.4474145,0.594936945,0.411765578,4.935398667,2.523604753,-0.276775531,1.420978095,0.0,1.0,123.3499978,0.633276638,1.025712114,37.5,1.787034257,0.22645176,-12.18873207,73.267032
0,8.0,0,0.0,3.807338948,1.43801,4.070075646,1.248153973,3.687281754,4.034,15.32221724,0.156084858,3.540902498,4.734993361,-0.117170048,-3.32227569,3.433808809,0.444719673,0.355001278,-1.232169203,0.852897015,-0.32366621,3.639,3.432672436,-1.658572677,0.754624983,25.57144225,-2303.468773,0.38775207,18.42086333,0.295147589,186.5257086,1.599945859,7.804529858,1.13486827,0.528620701,5.799254073,3.083344912,-0.239466839,1.724171079,-1.411005173,0.0,-31.67871516,0.763746794,0.756387074,38.0,1.798344652,-0.106495005,-5.684624249,89.031548
0,9.0,0,0.0,3.790510088,1.34504,4.069406031,0.908166554,3.577120518,3.67,15.08393782,0.207158082,3.499537839,3.884969789,-0.237400115,-3.206969769,3.733074074,0.420315951,0.587329601,-1.191951106,0.918992748,-0.359296817,3.9505,3.424077182,-1.123836847,0.768240258,603.2224162,-2231.107294,0.38775207,18.42086333,0.316978365,191.1774401,1.567113128,7.77855522,1.22204085,0.587329601,5.420056168,3.261061619,-0.173220554,1.593399422,-1.377176539,0.0,-5.965143453,0.586970098,0.797413925,36.75,1.774082701,-0.138023617,-4.000413803,78.94879
0,8.0,0,0.0,3.795424895,1.42182,4.069543595,0.421716333,3.678028942,3.366,15.14402874,0.31070378,3.602269934,4.182898365,-0.292284068,-3.645508235,3.636953848,0.37333748,0.363844685,-1.128189335,0.846654662,-0.280357908,4.9124,3.443391122,-1.906650659,0.798820635,597.6017658,-2160.322641,0.38775207,20.80736069,0.301899419,192.9576203,1.585896204,7.687601303,1.173576714,0.363844685,5.481217029,2.951128,-0.193652079,1.689128977,-1.269746998,0.0,21.07963514,0.788154562,0.804945013,35.5,1.745840089,-0.144592183,-1.936259368,81.240376
0,8.0,0,0.0,3.79057829,1.4654,4.069402589,0.166666667,3.66590858,3.516,15.263357,0.128689788,3.582898913,4.437977852,-0.283285635,-2.08252405,3.141301725,0.609059656,0.0,-1.099998484,1.265744167,-0.258051746,5.0266,3.461403826,-0.330445337,0.780538061,668.3223731,-2269.947232,0.38775207,17.72032451,0.292004753,173.3274566,1.641958509,7.705373936,1.245884555,0.292004753,5.329717649,2.871494375,-0.217929921,1.742001078,-1.223342994,0.0,113.2170706,0.670303432,0.776889151,39.25,1.825790744,-0.007712877,-2.325861683,96.346306
0,8.0,0,0.0,3.789511337,1.37461,4.068827978,0.908166554,3.547718576,3.735,15.07982412,0.102734154,3.483249746,3.879063652,-0.262754661,-2.592324596,3.833295998,0.496273413,0.430476917,-1.214397094,0.917090018,-0.325568216,3.1373,3.404103346,-0.98384972,0.768372243,527.862814,-2358.796058,0.38775207,18.42086333,0.322616331,189.092493,1.564924336,7.837085067,1.234372864,0.547399046,5.480342069,3.27853949,-0.167582588,1.571811932,-1.40364973,1.0,-23.68900953,0.586970098,0.792033109,35.75,1.790106906,-0.14269253,-3.989142553,78.955583
0,7.0,0,0.0,3.777433784,1.31281,4.067193373,0.166666667,3.50090718,2.316,14.81370317,0.235446805,3.436958218,3.710730144,-0.112079313,-9.022188782,3.424132593,0.049420189,0.325917698,-0.951403464,0.892361454,-0.229798912,4.8751,3.143444353,-16.33520938,0.777625047,582.9459652,-735.567974,0.379371174,14.92117714,0.315878882,179.6414961,1.249629723,7.650733895,1.242902688,0.325917698,5.067101304,2.92862178,-0.112930878,1.578350773,-0.992348675,0.0,1.162459776,0.595798911,0.779902558,29.25,1.638112996,-0.082694044,-4.947540787,65.870825
0,8.0,0,0.0,3.790443926,1.45882,4.069402054,0.732353822,3.680368416,3.802,15.22870845,0.210480885,3.60745141,4.359579283,-0.103010526,-1.804441959,3.524461962,0.650750454,0.25953913,-1.168950649,0.987882898,-0.299278758,3.8166,3.472730335,-0.623817958,0.793172416,502.6717306,-1793.091397,0.38775207,18.45303653,0.300143049,178.8545355,1.631317688,7.719950179,1.192078878,0.415821549,5.509180713,2.983507362,-0.209918004,1.691621222,-1.340570879,0.0,25.45097538,0.788154562,0.827446176,39.0,1.822825263,-0.144846286,-1.694606014,93.089927
0,8.0,0,0.0,3.790364622,1.43344,4.069402298,0.908166554,3.568259911,3.523,15.12376824,0.10438013,3.510734169,4.166318688,-0.288163946,-2.241348661,3.608752288,0.554422307,0.363844685,-1.179839481,0.877625541,-0.310758195,4.1308,3.437062927,-1.006388494,0.776747661,686.324438,-2445.925097,0.434892523,19.62924459,0.308940027,186.2234403,1.579913142,7.774968251,1.229559768,0.432815713,5.502715279,3.209811074,-0.186467225,1.626171956,-1.35729804,0.0,-19.49103757,0.586970098,0.778674177,35.75,1.82472214,-0.09749028,-3.935782017,83.375962
0,8.0,0,0.0,3.714409578,1.43112,4.051718746,0.908166554,3.533502229,3.471,15.93290912,0.207813554,3.491193916,4.319191544,-0.243872803,-2.44462923,4.44484593,0.53428386,0.425910275,-1.599725455,0.973864694,-1.134381659,3.7093,3.412672805,-0.985724498,0.919774019,682.574909,-2231.559718,0.489726859,21.92431946,0.379919178,191.3822932,1.595330151,7.912552957,1.287171808,0.544175452,5.474937501,3.350605714,-0.193493481,1.64139929,-1.952921231,0.0,1.514626429,0.589570109,0.822415448,36.75,1.798057784,-0.217647619,0.288803584,81.643169
0,8.0,0,0.0,3.790342881,1.52258,4.069401715,0.421716333,3.595578272,3.272,15.21033944,0.212272839,3.54615585,4.45332436,-0.393875532,-1.791625286,3.493634259,0.645983203,0.271761352,-1.155022094,0.935652934,-0.291551751,5.1381,3.46516213,-0.528686924,0.847278834,1025.033252,-1761.156724,0.38775207,18.42086333,0.298328386,179.2713982,1.596492466,7.692262972,1.195079215,0.298328386,5.423790724,2.876066247,-0.207787995,1.767261729,-1.429395868,0.0,23.61325016,0.586970098,0.780128753,37.5,1.825798507,-0.028735432,-2.189796677,93.621513
0,8.0,0,0.0,3.790417524,1.4554,4.069402024,0.421716333,3.657025296,3.586,15.22113699,0.269111876,3.60164222,4.231073469,-0.26864356,-1.759511815,3.406680571,0.651062768,0.25953913,-1.142001548,1.030878951,-0.283092415,4.8458,3.471246537,-0.640869094,0.803536196,542.6242659,-1784.42416,0.38775207,18.42086333,0.297920827,178.8079812,1.633436108,7.700711418,1.200170666,0.297920827,5.496439345,2.913673008,-0.208806893,1.724171079,-1.293361007,0.0,57.76495791,0.689032171,0.823691479,38.25,1.823086433,-0.105342141,-1.669478353,92.287927
0,8.0,0,0.0,3.792204949,1.41385,4.069517791,1.248153973,3.562890209,3.884,15.17987156,0.191551973,3.506713679,4.400159813,-0.139272646,-2.803846488,3.58789488,0.487270925,0.410556834,-1.258280314,0.869662742,-0.343406436,3.1048,3.420954669,-1.319209034,0.752112392,309.2515704,-2217.444553,0.38775207,18.42086333,0.310772589,187.128255,1.587343116,7.819012374,1.165244977,0.538824783,5.730786545,3.232010224,-0.200404339,1.600628967,-1.631560728,0.0,-52.24677167,0.586970098,0.78374404,36.5,1.798505405,-0.179513235,-5.204184882,84.177962
0,8.0,0,0.0,3.698458508,1.38052,4.047251224,0.908166554,3.533469291,3.488,15.79657125,0.127720426,3.488239831,3.883410682,-0.304095476,-2.358901265,4.63783578,0.537533879,0.438255954,-1.60840601,0.902780521,-1.141467827,3.3671,3.407280384,-0.996210106,0.836900108,530.1457034,-1859.767419,0.406899029,21.92431946,0.393808067,191.5675737,1.573061223,7.94642098,1.202247661,0.554175452,5.452231522,3.718414873,-0.141568479,1.599266953,-1.962851787,0.0,-26.63200168,0.571678147,0.848410704,36.0,1.797492744,-0.261202482,-5.119766126,78.549583
0,8.0,0,0.0,3.790293138,1.39506,4.069401402,0.421716333,3.549333731,3.336,15.10237388,0.14544045,3.491102336,3.932980151,-0.322548477,-2.548765688,3.632259692,0.502150406,0.395094685,-1.154397094,0.887659361,-0.298108897,3.7087,3.415625346,-0.992386285,0.776760536,605.1781498,-2322.652072,0.38775207,18.42086333,0.308940027,187.9739211,1.575242144,7.745819347,1.221509806,0.447047064,5.482365695,3.148229769,-0.181258892,1.605837161,-1.314135841,0.0,-19.98229065,0.586970098,0.784754506,35.25,1.81057364,-0.105886054,-4.033227938,81.247169
0,8.0,0,0.0,3.790104225,1.3582,4.069397224,0.421716333,3.525883501,3.294,15.04234677,0.279951674,3.473062587,3.767157459,-0.324562991,-3.610443244,3.694406652,0.35645217,0.537455796,-1.126414841,0.897487284,-0.286837008,4.3814,3.349572873,-1.518052763,0.780490857,575.9941129,-2111.080704,0.38775207,17.72032451,0.313072259,190.9465999,1.56073905,7.720483076,1.210222892,0.537455796,5.356456851,3.051578292,-0.16571998,1.590167385,-1.266656917,0.0,1.030130123,0.586970098,0.790257282,34.0,1.769623765,-0.122594928,-3.84222151,76.38679
0,8.0,0,0.0,3.66916213,1.33657,4.023496927,0.908166554,3.532937228,3.406,14.61306486,0.190367565,3.488566232,3.675560014,-0.049923736,-2.32544226,4.275153106,0.542287763,0.447670437,-1.672577436,0.90411949,-1.190682433,2.8528,3.408039265,-1.067908303,0.89157926,472.7957368,-1272.246,0.375847309,20.55693433,0.409568885,185.2011428,1.573046594,8.006020562,1.138984115,0.562276092,5.336289493,4.317069393,-0.119760797,1.592810989,-2.073894068,0.0,-16.00790694,0.571678147,0.881272324,36.0,1.797778649,-0.255628096,-5.664602713,76.926583
0,8.0,0,0.0,3.790238689,1.37352,4.068409003,0.908166554,3.547672589,3.735,15.0765448,0.058985195,3.486864739,3.858600596,-0.346959699,-2.553171006,3.753363568,0.501552888,0.431344685,-1.236897094,0.887122529,-0.330351379,3.1373,3.409219887,-1.01997499,0.766808961,549.824802,-2263.987208,0.381490867,18.42086333,0.326301139,191.1988384,1.571800506,7.8374392,1.229330927,0.548059055,5.480342069,3.368924106,-0.163897781,1.591657369,-1.430932894,1.0,-23.68900953,0.586970098,0.742490565,35.75,1.790342697,-0.090775782,-4.559841732,78.955583
0,12.0,0,0.0,3.855328495,1.35575,4.080360449,0.360562393,3.780407342,4.399,16.12221892,-0.299833288,3.609931694,4.473916272,-0.057040138,-14.54188932,4.145568539,0.033985044,0.0,-1.483782038,0.933257418,-0.656213976,6.36819,3.454182797,-2.929632661,0.778297475,895.6388555,-886.2633639,0.471596198,28.49438883,0.369480074,198.5128266,1.558562156,7.895789716,1.120422089,0.600585302,5.504357435,3.49981834,-0.202039785,1.592182421,-1.795186233,0.0,2.414217919,0.630890716,0.803669275,45.5,1.823795691,0.019252188,0.546711268,87.64579
18,2.0,0,7.354784207,3.809611111,1.21264,4.014952477,0.0625,3.750942173,4.392,13.91390077,-0.087644085,3.689295598,3.884104755,-0.085251785,-1.05253733,2.5564946,0.799359807,0.0,-0.3344822,1.388605246,0.005659741,6.64858,3.510482236,-2.429988176,0.914939655,604.7720719,1498.110781,0.302395947,16.13501353,0.0,168.614463,1.736150937,7.516056771,0.909842177,0.0,5.638358408,2.406260717,-0.297124983,1.798547774,0.0,0.0,248.0164536,0.418957858,0.762902568,54.25,1.867820106,0.011397353,-1.676424034,106.680478
0,11.0,0,0.0,3.789627836,1.31046,3.991195936,0.0625,3.743846404,4.392,13.91390077,-0.106236999,3.6755337,3.884104755,0.000166,-1.098078253,2.5564946,0.791651768,0.0,-0.3344822,1.338771277,0.005659741,6.64858,3.509333006,-2.719287832,0.914939655,604.7720719,1498.110781,0.302395947,16.13501353,0.0,168.614463,1.735154503,7.516056771,0.909842177,0.0,5.68136916,2.406260717,-0.297124983,1.793655281,0.0,1.0,248.0164536,0.418957858,0.762902568,47.75,1.843620387,0.011397353,-1.676424034,106.680478
0,10.0,0,0.0,3.790320405,1.32724,3.992253947,0.0,3.680871117,3.352,13.9207278,-0.160264812,3.672265006,3.746998229,0.006404878,-1.146475413,2.400745345,0.765962406,0.0,-0.248028216,1.42724809,0.088445285,8.43128,3.418563525,-2.735875838,0.858795212,599.5742428,1233.996639,0.326152031,15.74383628,0.0,168.3603844,1.653870844,7.472351627,0.931734537,0.0,5.593381465,2.302435466,-0.359697264,1.790140838,0.0,0.0,213.2588508,0.350916477,0.73652925,42.25,1.848908606,0.036396944,-2.703809367,101.918478
18,2.0,0,7.3459983,3.811454998,1.18824,4.01495282,0.0625,3.764502447,4.392,13.89651555,-0.139753493,3.691328126,3.809459968,-0.022051003,-1.053547278,2.596892933,0.79530307,0.0,-0.334397618,1.343380359,0.004590921,6.60608,3.498570001,-2.350161687,0.926241666,625.4831425,1670.962899,0.302395947,16.13501353,0.0,169.9574074,1.616880918,7.540841825,0.897906309,0.0,5.605470457,2.414898291,-0.294722368,1.736561337,0.0,0.0,241.9850205,0.598922122,0.769411541,53.75,1.860602194,0.019833319,-1.373441898,103.586892
18,1.0,0,8.061982719,3.814805757,1.22112,4.015900564,0.0,3.673940729,3.369,13.91770802,-0.146229974,3.670613174,3.247262999,-0.042367967,-0.937513357,2.405524229,0.804104244,0.0,-0.247997377,1.351147987,0.088256924,7.97839,3.418483776,-2.399519886,0.879362176,471.4778869,1005.636113,0.197052586,15.74383628,0.140898122,168.6721052,1.691363461,7.469417509,0.950052697,0.140898122,5.646807167,2.253531994,-0.359380927,1.793670287,0.0,0.0,191.2968628,0.350916477,0.75474157,48.5,1.872065932,0.034236854,0.069299509,101.918478
18,3.0,0,7.469670817,3.832145203,1.25917,4.016203892,0.295160444,3.728314607,4.497,14.00423216,-0.165132383,3.668370464,3.861906365,0.03393789,-2.213603152,2.54123638,0.624390444,0.0,-0.333769035,1.145920265,0.013730123,7.70158,3.432029801,-3.577933871,0.8753861,796.7741945,1349.418435,0.326537087,19.39199284,0.0,171.2840243,1.710233914,7.494357169,0.906942748,0.0,5.686640397,2.448385565,-0.36564542,1.794607886,0.0,0.0,194.4865325,0.350916477,0.836197445,53.75,1.872074482,-0.097030392,-0.748783406,107.042478
0,13.0,0,0.0,3.819289873,1.14074,3.992325298,0.0,3.742873077,3.509,13.82515648,-0.166960771,3.722485663,2.81041109,0.070197794,-5.063654746,2.825646233,0.290823786,0.0,-0.301422957,1.239064567,-0.239715981,8.31068,3.418062987,-4.068506236,0.90813049,507.3662425,776.3659495,0.197052586,15.74383628,0.0,190.6217956,1.535642283,7.582763345,0.965736321,0.0,5.468558024,2.579073019,-0.342835122,1.789704861,0.0,0.0,146.1121589,0.350916477,0.72874311,45.25,1.848881278,0.001949904,-2.309359396,89.853962
18,1.0,0,8.177677886,3.82622403,1.20851,4.016157921,0.0,3.659209534,3.38,13.91838891,-0.051632339,3.611720544,3.838106241,-0.031472193,-1.772692126,2.417570099,0.655688432,0.0,-0.245367361,1.515729929,0.091037571,7.62058,3.419613426,-2.792084915,0.851876382,632.9806803,708.7169478,0.381030274,16.63001982,0.0,167.0622025,1.62163271,7.498747953,0.974433283,0.0,5.434587865,2.335081501,-0.358894335,1.793897763,0.0,0.0,208.7297536,0.350916477,0.719859441,47.75,1.872063018,0.038883254,-2.158307938,98.824892
0,13.0,0,0.0,3.802226794,1.12075,3.992304327,0.0,3.709136144,3.631,13.82134169,-0.109293825,3.677761908,2.72233504,0.024617403,-5.246449808,2.747946879,0.269385335,0.0,-0.272554503,1.296303594,0.058545251,7.56658,3.417517974,-4.037071828,0.904808891,444.7777947,913.5888674,0.197052586,15.27788923,0.0,189.1225026,1.530463025,7.526592883,0.953183593,0.0,5.617906913,2.529125559,-0.342343003,1.789340296,0.0,1.0,161.591341,0.369645216,0.752011635,45.0,1.844874115,0.007100803,-2.442419245,88.636962
0,11.0,0,0.0,3.793520503,1.28746,3.991643479,0.0625,3.753975116,4.392,13.90873777,-0.323629168,3.677472733,3.78670357,0.027531298,-1.150103743,2.565422267,0.778783219,0.0,-0.311897618,1.286592346,0.027090921,7.01127,3.499936727,-2.571334579,0.908523946,625.4831425,1603.54745,0.295366056,16.13501353,0.0,167.6981397,1.619372103,7.54931197,0.906203422,0.0,5.649914902,2.422054073,-0.296362028,1.734803376,0.0,1.0,241.9850205,0.598922122,0.780666636,47.25,1.832043647,0.027997363,-2.269919018,103.586892
18,2.0,0,7.397940071,3.808413732,1.21276,4.015285922,0.0625,3.751155126,4.392,13.92612299,-0.244194942,3.690907432,3.861348356,-0.108060589,-1.089951795,2.52649688,0.793021744,0.0,-0.3119822,1.383956237,0.028159741,6.64858,3.512153665,-2.376158831,0.89786088,604.7720719,1431.017544,0.295366056,16.13501353,0.0,166.4403119,1.735516118,7.524157309,0.917839728,0.0,5.638358408,2.413180955,-0.298764644,1.800061258,0.0,0.0,248.0164536,0.418957858,0.773505722,54.25,1.864024209,0.019233591,-2.566348913,106.680478
0,11.0,0,0.0,3.788169835,1.31062,3.991642993,0.0625,3.743906176,4.392,13.92612299,-0.271535617,3.676204603,3.861348356,-0.027516099,-1.126680712,2.52649688,0.786848698,0.0,-0.3119822,1.333960448,0.028159741,7.05377,3.511630982,-2.677051237,0.89786088,604.7720719,1431.017544,0.295366056,16.13501353,0.0,166.4403119,1.734163048,7.524157309,0.917839728,0.0,5.68136916,2.413180955,-0.298764644,1.795197415,0.0,1.0,248.0164536,0.418957858,0.773505722,47.75,1.842969896,0.019233591,-2.566348913,106.680478
18,2.0,0,7.801787563,3.815129813,1.20708,4.015828273,0.0625,3.70269712,3.783,13.92500386,-0.118005797,3.682817133,3.646652497,-0.16482183,-1.007079327,2.533723874,0.803377721,0.0,-0.279651855,1.387085421,-0.180237466,7.08359,3.385622781,-2.101960879,0.910419318,623.2500809,1568.150078,0.288339679,16.13501353,0.0,167.9129596,1.673517455,7.473782898,0.892824758,0.0,5.517808423,2.349898159,-0.3009174,1.736872021,0.0,0.0,217.4607724,0.350916477,0.79261396,52.5,1.869123489,-0.024207872,-2.098263962,105.282478
18,2.0,0,7.701170036,3.838051447,1.13474,4.016202644,0.090909091,3.695291117,3.941,13.85868813,-0.087830353,3.630962529,3.25861075,-0.109910695,-3.052734617,2.634043172,0.474938756,0.0,-0.295014779,1.281479905,0.040481443,5.387,3.370486268,-3.965493745,0.895544178,617.0898595,1320.671903,0.295987434,18.80333852,0.380897897,172.0015002,1.675400311,7.54442903,0.920034295,0.380897897,5.461637394,2.421434405,-0.291920242,1.737760311,0.0,0.0,161.2191384,0.403665907,0.835148991,48.75,1.749840214,-0.056099111,-1.346838153,92.106134
18,2.0,0,7.395603555,3.811214716,1.21733,4.015286302,0.0625,3.770430898,4.392,13.92589997,-0.244396773,3.695141246,3.807237481,-0.053171269,-1.182333963,2.523737498,0.777586476,0.0,-0.312251298,1.326721206,0.027890644,6.49539,3.518103434,-2.434169094,0.897707583,630.7180759,1645.483071,0.281997371,16.13501353,0.0,166.7797374,1.720584532,7.511800584,0.899893391,0.0,5.724379913,2.403077846,-0.298629602,1.73603724,0.0,0.0,248.0164536,0.570738459,0.811650792,54.25,1.856179786,-0.00133626,-3.823139209,106.680478
0,13.0,0,0.0,3.802528661,1.12127,3.992305494,0.0,3.709425821,3.631,13.82236897,-0.166656825,3.679290751,2.737671794,0.073344034,-5.004452803,2.743917407,0.286186037,0.0,-0.271234485,1.288364985,0.059865269,7.56658,3.417409285,-4.246240104,0.905279253,444.7777947,880.2232543,0.197052586,15.27788923,0.0,190.6697544,1.524195844,7.535816127,0.957700393,0.0,5.655135122,2.51509951,-0.342612101,1.789287992,0.0,1.0,161.591341,0.369645216,0.7485889,45.0,1.844870146,0.004563773,-1.439768024,88.636962
18,2.0,0,7.831967631,3.815172359,1.16524,4.015900844,0.071428571,3.690650737,3.862,13.89626148,-0.160904648,3.640233931,3.385737055,-0.029521345,-1.466596717,2.538150298,0.711009844,0.0,-0.276195663,1.281243522,0.060277838,7.56938,3.418218774,-2.410283264,0.873825333,625.274768,1150.377118,0.242696132,15.50067399,0.0,175.5949073,1.600438411,7.507392803,0.925595044,0.0,5.564985789,2.417406483,-0.354751166,1.793498103,0.0,0.0,193.9767225,0.350916477,0.755918171,50.5,1.872060268,-0.020266578,-0.619143756,98.293306
18,3.0,0,7.321351633,3.83600295,1.10488,4.016176507,0.346324702,3.702761269,4.261,13.84223248,-0.239822665,3.588236005,3.333656975,0.045312694,-2.889198562,2.786522634,0.502628264,0.0,-0.336659681,1.179416948,-0.083622867,5.89518,3.373859236,-3.054451396,0.901800018,760.7832593,1088.671554,0.305020513,18.03963641,0.0,178.1248388,1.585694976,7.600127825,0.935879533,0.0,5.355539078,2.594553065,-0.288068616,1.736584113,0.0,0.0,167.7408031,0.335624525,0.775662022,51.25,1.819554845,0.066959494,-3.691694624,91.574548
18,2.0,0,7.901441481,3.826319416,1.1542,4.016156992,0.076923077,3.66720511,3.89,13.89022146,-0.157904528,3.567176467,3.476845067,-0.05858427,-2.429620037,2.534916355,0.56074952,0.0,-0.278147986,1.32031768,0.058256946,6.75868,3.418578022,-2.734067054,0.861776221,653.7191748,689.1281194,0.297574375,16.36677734,0.0,174.4810949,1.587519636,7.572167306,0.973414764,0.0,5.473048041,2.466858323,-0.353323416,1.793182386,0.0,0.0,188.7423212,0.350916477,0.735894578,49.5,1.841814466,-0.003348145,-2.541098193,95.19972
18,1.0,0,7.347823271,3.80722078,1.02455,4.015863219,0.125,3.516078659,3.095,13.54813904,-0.096415977,3.421056082,2.473387254,0.060333788,-7.432052454,2.859799247,0.112376799,0.418705569,-0.557996914,1.103044541,0.024593779,6.58688,3.297016866,-14.81133857,0.897777707,515.2133501,729.9789659,0.187381107,16.11912346,0.0,193.4461322,1.476299064,7.591347694,0.95618096,0.418705569,5.222274414,2.566397594,-0.320065727,1.57781771,0.0,0.0,89.14424278,0.267583143,0.720942804,42.0,1.794131773,-0.02371862,-2.318134027,75.77179
18,3.0,0,7.6757466,3.903823058,1.18078,4.706301131,0.409913825,3.812411,3.882,13.90311144,-0.169642553,3.752963985,3.763723482,-0.033271512,0.706526126,2.564273739,1.1741848,0.0,-4.686151782,1.252626856,0.041011288,8.06328,3.500535903,-2.760715924,0.824109729,456.0767507,1057.728721,0.331593696,15.27788923,0.0,176.1005514,1.553278947,7.53806675,0.914999251,0.0,5.568422458,2.476017375,-0.356126171,1.793419994,0.0,0.0,649.100195,0.350916477,0.711138099,51.75,1.872055159,-0.068711581,0.982635152,100.235306
18,2.0,0,7.666477078,3.834695539,1.29598,4.016245118,0.1,3.704263803,3.987,14.01962727,-0.127320229,3.674825887,4.167640071,0.149893458,-2.106682998,2.469598461,0.632563565,0.0,-0.309683833,1.292228375,0.03757156,8.31588,3.428044452,-4.000334939,0.853402213,812.2341508,1074.000317,0.421445182,20.03337017,0.0,160.9246922,1.672827237,7.491621681,0.935249753,0.0,5.511619703,2.314528853,-0.368621674,1.794323525,0.0,0.0,207.9751183,0.350916477,0.799010332,51.5,1.872073351,-0.016775746,1.74075817,107.574064
0,13.0,0,0.0,3.802528661,1.12127,3.992305494,0.0,3.709425821,3.631,13.82236897,-0.166656825,3.679290751,2.737671794,0.073344034,-5.004452803,2.743917407,0.286186037,0.0,-0.271234485,1.288364985,0.059865269,7.56658,3.417409285,-4.246240104,0.905279253,444.7777947,880.2232543,0.197052586,15.27788923,0.0,190.6697544,1.524195844,7.535816127,0.957700393,0.0,5.655135122,2.51509951,-0.342612101,1.789287992,0.0,1.0,161.591341,0.369645216,0.7485889,45.0,1.844870146,0.004563773,-1.439768024,88.636962
18,2.0,0,7.606189396,3.813249201,1.17764,4.015906878,0.0625,3.765942348,4.542,13.96419231,-0.324805688,3.694132359,3.894444671,-0.0356998,-1.174568877,2.556036602,0.778872224,0.0,-0.294093621,1.334398113,0.041103267,6.75018,3.611905399,-2.376519218,0.900910337,327.4141946,1363.199232,0.295366056,16.13501353,0.0,171.2418434,1.620227292,7.557417106,0.924716029,0.0,5.71367747,2.402543297,-0.358862028,1.847046111,0.0,0.0,260.8831655,0.682255455,0.775035453,54.75,1.864037909,0.023369205,-0.821397691,105.346892
18,2.0,0,6.868607112,3.804134723,1.17776,4.014461107,0.0625,3.76147963,4.561,13.86873777,-0.236108554,3.652544279,3.735476479,0.017283826,-1.000865511,2.670232708,0.804463681,0.0,-0.374397618,1.331815403,-0.035409079,6.40627,3.496888863,-2.366316371,0.924596368,660.0780366,1560.117386,0.290516149,16.13501353,0.0,169.4596611,1.614702214,7.612737753,0.914804776,0.0,5.579391436,2.520147781,-0.288549528,1.734616708,0.0,0.0,244.6716918,0.598922122,0.774990355,54.25,1.790801407,0.028993602,-0.883411046,102.260099
23,2.0,0,8.036230613,3.832470596,1.11705,4.015828248,0.066666667,3.810222051,4.601,13.92932349,-0.025364412,3.703163944,3.289215467,-0.019596341,-1.576807425,2.638405386,0.714986983,0.0,-0.291257341,1.198164885,-0.175262922,7.89758,3.614308452,-2.367324723,0.93725164,448.1950273,1095.929578,0.210228743,17.41543796,0.325759233,178.722939,1.604960313,7.541481576,0.942578679,0.325759233,5.575631192,2.400651817,-0.298924961,1.736712494,0.0,0.0,199.0400419,0.43424981,0.805678575,58.75,1.869117135,-0.062043129,-3.221860084,103.048513
18,2.0,0,7.874072438,3.815888788,1.22913,4.015828649,0.0625,3.732870506,4.036,13.95576971,-0.153639489,3.69725249,3.595793182,-0.124186086,-1.150865044,2.436265593,0.782810286,0.0,-0.272279562,1.327810299,0.06801106,7.30148,3.49564683,-2.603225152,0.902179029,417.9980651,1700.712701,0.261602308,16.13501353,0.34345609,164.7215395,1.736426935,7.469329865,0.892375815,0.34345609,5.671402149,2.276153877,-0.305169909,1.755841175,0.0,0.0,222.5739696,0.350916477,0.787576038,53.5,1.869126056,-0.009942395,-1.582951594,108.007271
18,2.0,0,7.866545352,3.817923388,1.19894,4.015829241,0.0625,3.766724675,4.121,13.93651555,-0.184627188,3.704855452,3.8650598,-0.086827818,-1.084799487,2.497791997,0.789918127,0.0,-0.271897618,1.376001025,0.067090921,7.21108,3.500901931,-2.312082477,0.911078455,590.8054398,1699.571832,0.307245855,16.13501353,0.0,168.2228602,1.620960896,7.483320989,0.89102017,0.0,5.52126236,2.324466505,-0.302534868,1.736740651,0.0,0.0,238.8686322,0.598922122,0.772922032,53.25,1.869119185,0.019033821,-2.767047442,104.913685
18,1.0,0,8.024251684,3.813481605,1.1301,4.015896761,0.0,3.624212934,3.408,13.84284251,-0.078506861,3.601468293,2.898801287,-0.044413712,-1.864836406,2.578230453,0.627376085,0.0,-0.246702592,1.381199138,0.084397162,7.31048,3.417197385,-3.084462259,0.899009147,392.4621306,1035.798096,0.197052586,15.27788923,0.206715798,179.4168915,1.565142868,7.479448876,0.935685101,0.206715798,5.63418372,2.375673623,-0.349572098,1.793473553,0.0,0.0,176.8465343,0.369645216,0.742503182,47.0,1.872058191,0.028838055,-2.26422317,92.63772
18,1.0,0,8.072758943,3.815256839,1.25028,4.015901224,0.0,3.690496259,3.352,13.94248127,-0.156692459,3.680504886,3.784810581,-0.070751466,-0.849442273,2.341106915,0.824436578,0.0,-0.248440158,1.470667814,0.089514824,8.82138,3.419057205,-2.329684137,0.85754871,597.203515,1199.846225,0.288339679,15.74383628,0.0,163.9996261,1.719850406,7.464922394,0.938457875,0.0,5.669982336,2.240240528,-0.362467347,1.793743464,0.0,0.0,217.531894,0.350916477,0.736967056,49.25,1.8720666,0.040215598,-0.958712439,105.012064
18,1.0,0,8.070293868,3.822790572,1.11469,4.016138904,0.0,3.591443481,3.356,13.8227364,-0.067017919,3.491319761,3.032184793,-0.085089217,-3.119131704,2.632097058,0.449429014,0.0,-0.250754521,1.47167425,0.079390823,6.92678,3.411223,-3.89763853,0.89661264,404.7931011,871.5370398,0.251930829,16.11912346,0.0,179.1129714,1.539650294,7.575432,0.959973056,0.0,5.356158599,2.40647093,-0.345576351,1.783955316,0.0,0.0,187.0881819,0.369645216,0.716359949,46.0,1.800186521,0.025490973,-1.867820548,88.579341
18,1.0,0,8.16669406,3.819059543,1.19849,4.015985951,0.0,3.672843008,3.38,13.87815548,0.000608,3.624742833,3.664980111,-0.09466271,-1.10839879,2.393658142,0.768046905,0.0,-0.242440641,1.523397947,0.090980768,7.61408,3.390081987,-2.166613934,0.858608101,611.0186923,1411.441291,0.341488785,16.36677734,0.0,165.4694799,1.661633275,7.432025344,0.904604631,0.0,5.318308795,2.30115322,-0.298370915,1.738193987,0.0,0.0,208.7297536,0.350916477,0.74528014,47.75,1.869182929,0.042265196,-3.974015613,98.824892
18,2.0,0,7.564124455,3.830592148,1.06685,4.016153792,0.1,3.651033606,3.603,13.78169187,-0.099367228,3.538429336,2.915559291,0.044333754,-3.272918227,2.762591889,0.432051795,0.0,-0.301001753,1.274010066,0.029424834,5.63628,3.365320214,-3.782697873,0.896890457,522.2499395,1312.086449,0.259376967,17.31315609,0.325411786,179.7181978,1.55003179,7.576232305,0.917508525,0.325411786,5.316202127,2.486000882,-0.282543773,1.736085149,0.0,0.0,148.9929712,0.350916477,0.79273399,47.75,1.799066046,-0.050707772,-2.730422846,85.918962
18,2.0,0,7.808089996,3.815575058,1.18188,4.015901176,0.071428571,3.707051166,3.732,13.93532398,-0.281678046,3.640417055,3.525505989,0.001602719,-1.55086152,2.433303054,0.708478268,0.0,-0.282121589,1.288579227,0.057314875,7.70448,3.418473439,-2.088675709,0.872022618,711.5871104,1066.129107,0.25828983,15.50067399,0.0,167.55759,1.658435329,7.502735407,0.933786581,0.0,5.460808791,2.304906884,-0.358748122,1.793489291,0.0,0.0,218.1309827,0.350916477,0.824368543,52.25,1.872059591,-0.038483351,3.48920569,103.153685
18,3.0,0,7.618717347,3.904017387,1.09739,4.713711733,0.454280148,3.814746799,4.554,13.79846913,0.026757217,3.752598457,3.355366894,-0.058865165,0.434748495,2.743861312,1.114813497,0.0,-4.472837114,1.289285176,0.028724565,7.01568,3.383788619,-3.607871333,0.877541749,177.8303381,939.1330972,0.251930829,16.11912346,0.0,180.4705141,1.541610486,7.648205628,0.897391407,0.0,5.19182619,2.655784376,-0.287213761,1.735855717,0.0,0.0,554.0528612,0.339751927,0.686141983,49.5,1.796127326,0.004347064,-2.246200801,89.187755
18,2.0,0,7.348515942,3.813977039,1.25703,4.014952916,0.0625,3.778269245,4.353,13.92968655,-0.029483993,3.697806848,4.172004414,-0.033819725,-1.224569657,2.520636453,0.774824537,0.0,-0.336407061,1.315969111,0.004888283,7.38468,3.542801281,-2.473464004,0.90405373,755.471107,1743.25999,0.374391808,16.88673846,0.0,168.0180529,1.736543294,7.471355291,0.887505223,0.0,5.683615365,2.384718609,-0.299257515,1.794823539,0.0,0.0,253.7302087,0.558252633,0.830078521,54.75,1.860762589,-0.035753183,-4.458133388,109.774064
18,2.0,0,7.919028744,3.816097534,1.25034,4.015828696,0.055555556,3.741862094,4.221,13.96943103,-0.175044251,3.700609076,3.983884928,-0.087530641,-0.969720551,2.278625764,0.817074407,0.0,-0.267499966,1.373280145,0.073397506,7.64368,3.522846024,-2.078387494,0.842632351,572.033885,1017.989011,0.307245855,15.74779115,0.0,159.2561911,1.736546252,7.502713863,0.952002757,0.0,5.571310394,2.275312716,-0.307237697,1.829632806,0.0,0.0,249.9067287,0.43424981,0.78017912,54.25,1.86915357,0.016288439,-2.008091239,111.100857
18,1.0,0,7.992921504,3.814457237,1.17804,4.015899955,0.0,3.659228812,3.354,13.86607927,-0.153783678,3.660934216,3.176779042,-0.035314591,-1.423514419,2.56880144,0.706664943,0.0,-0.253059814,1.230329484,0.080012326,7.82838,3.418083189,-2.901691875,0.909090195,463.9108597,839.7706717,0.197052586,15.74383628,0.0,179.4209924,1.581144081,7.482416176,0.956028761,0.321453678,5.543478588,2.347920481,-0.353524424,1.793601981,0.0,0.0,159.9975877,0.350916477,0.726576686,47.25,1.872065064,0.029579894,-0.682503553,95.731306
0,10.0,0,0.0,3.78912397,1.28955,3.992252488,0.0,3.656415135,3.354,13.86607927,-0.164869394,3.65715381,3.176779042,0.052570813,-1.637346226,2.56880144,0.670754059,0.0,-0.253059814,1.157683953,0.080012326,7.82838,3.41797931,-3.228415442,0.909090195,463.9108597,839.7706717,0.197052586,15.74383628,0.0,179.4209924,1.579461364,7.482416176,0.956028761,0.321453678,5.615767744,2.347920481,-0.353524424,1.79003666,0.0,0.0,159.9975877,0.350916477,0.726576686,40.75,1.848906107,0.029579894,-0.682503553,95.731306
18,2.0,0,7.540797376,3.830192904,1.09291,4.01622194,0.1,3.64464173,3.727,13.82106974,-0.081784054,3.518882978,3.041785614,0.028077728,-3.765311136,2.805681443,0.39010951,0.0,-0.3094788,1.336167007,-0.00044,6.45338,3.413650007,-4.252634679,0.901144908,492.4109717,1017.046102,0.259376967,17.31315609,0.0,182.9216495,1.536166781,7.587765083,0.936407764,0.0,5.485159524,2.51853188,-0.342821551,1.757651565,0.0,0.0,170.9405967,0.350916477,0.759652497,48.25,1.795756132,-0.038477851,-2.151568521,88.047755
18,2.0,0,7.850848126,3.825985375,1.12545,4.016084232,0.076923077,3.666891549,3.89,13.84389914,-0.117188237,3.56702201,3.344696197,-0.067436348,-2.222404684,2.531162753,0.581554887,0.0,-0.277935401,1.317006774,0.055417439,6.36858,3.373771635,-2.487088915,0.856517338,670.5702973,932.0322692,0.297574375,16.36677734,0.0,172.2714383,1.586690391,7.588330835,0.957795486,0.0,5.284422204,2.482475413,-0.290823416,1.736680339,0.0,0.0,183.1811264,0.350916477,0.75716938,49.0,1.841126925,-0.01302988,-3.361905874,92.106134
0,10.0,0,0.0,3.781025739,1.2863,3.991641867,0.0,3.679330535,3.623,13.8466277,-0.247576937,3.657336929,3.536493128,0.012226007,-1.045260489,2.464264101,0.779680121,0.0,-0.287815631,1.374009006,0.045605779,7.84137,3.366565001,-2.417833438,0.848027363,661.4741114,1379.429203,0.314272232,15.74383628,0.0,165.5926285,1.651681041,7.553268918,0.930021466,0.0,5.485516524,2.416678963,-0.291024424,1.73500963,0.0,1.0,213.2084189,0.350916477,0.762746865,42.25,1.833323967,0.044480965,-3.001031765,97.498099
0,11.0,0,0.0,3.790484511,1.32519,3.992253792,0.066666667,3.689339168,4.015,13.93622145,-0.185848531,3.67162008,3.331205161,0.112650519,-1.082918519,2.520864057,0.786117851,0.0,-0.274414847,1.12376662,0.064623019,8.39588,3.419797643,-2.350492497,0.927127359,553.1988826,1221.981005,0.197052586,16.38018238,0.255481456,172.8079257,1.725980386,7.470663596,0.923257677,0.255481456,5.732747113,2.260843621,-0.360416802,1.790125013,0.0,0.0,181.6081375,0.350916477,0.778004736,44.75,1.848907635,-0.013786059,-0.219232187,104.480478
18,1.0,0,8.041344745,3.814278436,1.15815,4.015899712,0.0,3.651013659,3.391,13.87590053,-0.07210409,3.621568708,3.175239635,-0.038219968,-1.843613013,2.500846339,0.637843891,0.0,-0.24719999,1.50306411,0.086214578,7.65268,3.417562714,-2.98022433,0.86792917,523.427913,1153.266053,0.197052586,15.27788923,0.0,173.9837242,1.576460171,7.450749805,0.922240703,0.0,5.654865485,2.378564934,-0.353478348,1.793526783,0.0,0.0,203.9215637,0.350916477,0.752832509,47.75,1.872061417,0.03015962,-3.949638533,95.731306
18,1.0,0,8.01324525,3.814750192,1.19133,4.015827972,0.0,3.684016894,3.352,13.87440548,-0.10854031,3.676530588,3.614849359,-0.10063037,-0.886454557,2.394451793,0.809724989,0.0,-0.247815631,1.487381013,0.085605779,8.04118,3.372568103,-2.279779808,0.852749798,622.7049705,1466.594323,0.326152031,15.74383628,0.0,166.2168605,1.654697299,7.482194688,0.913554676,0.0,5.350342371,2.308947097,-0.297197264,1.736825132,0.0,0.0,208.7297536,0.350916477,0.755795308,48.25,1.869122763,0.032472228,-3.505495895,98.824892
0,10.0,0,0.0,3.789907288,1.30044,3.992175239,0.0,3.680641612,3.352,13.87440548,-0.12327946,3.672212605,3.614849359,-0.002219498,-1.035750895,2.394451793,0.781447464,0.0,-0.247815631,1.423236207,0.085605779,8.04118,3.371237892,-2.544577766,0.852749798,622.7049705,1466.594323,0.326152031,15.74383628,0.0,166.2168605,1.653557637,7.482194688,0.913554676,0.0,5.420109813,2.308947097,-0.297197264,1.735948536,0.0,0.0,208.7297536,0.350916477,0.755795308,41.75,1.843699631,0.032472228,-3.505495895,98.824892
24,1.0,0,8.989159962,3.82933724,0.99494,4.015963708,0.0,3.73997604,3.631,13.82236897,-0.152931635,3.709993367,2.737671794,-0.016530965,-4.684486847,2.743917407,0.310018994,0.0,-0.271234485,1.381151357,0.059865269,7.56658,3.417637585,-3.970168079,0.905279253,444.7777947,880.2232543,0.197052586,15.27788923,0.0,190.6697544,1.527920175,7.535816127,0.957700393,0.0,5.465945933,2.51509951,-0.342612101,1.793236809,0.0,0.0,161.591341,0.369645216,0.7485889,53.0,1.871614038,0.004563773,-1.439768024,88.636962
0,13.0,0,0.0,3.802528661,1.12127,3.992305494,0.0,3.709425821,3.631,13.82236897,-0.166656825,3.679290751,2.737671794,0.073344034,-5.004452803,2.743917407,0.286186037,0.0,-0.271234485,1.288364985,0.059865269,7.56658,3.417409285,-4.246240104,0.905279253,444.7777947,880.2232543,0.197052586,15.27788923,0.0,190.6697544,1.524195844,7.535816127,0.957700393,0.0,5.655135122,2.51509951,-0.342612101,1.789287992,0.0,1.0,161.591341,0.369645216,0.7485889,45.0,1.844870146,0.004563773,-1.439768024,88.636962
18,2.0,0,7.301607709,3.806765245,1.16895,4.01495133,0.0625,3.682931013,4.449,13.86369083,-0.195874823,3.661932285,3.167767473,-0.052460805,-0.796130445,2.672991784,0.837848589,0.0,-0.337802824,1.256929813,-0.000843,5.70939,3.380770215,-1.798493593,0.931473454,521.8750655,1459.657684,0.192202678,16.13501353,0.433220226,173.7915597,1.665342734,7.512927341,0.905098884,0.433220226,5.669279077,2.457145395,-0.29126848,1.73662164,0.0,0.0,178.2429018,0.350916477,0.758991401,52.25,1.86081185,0.010116059,-1.513571681,101.826892
0,13.0,0,0.0,3.82061616,1.14297,3.992329845,0.0,3.742896219,3.509,13.82468379,-0.166531859,3.722488055,2.796422665,0.073931445,-5.064072953,2.810735218,0.290794123,0.0,-0.307831515,1.238967537,-0.240391657,8.31068,3.418028263,-4.223256148,0.877050379,507.3662425,895.7035868,0.197052586,16.03449556,0.0,191.1040308,1.538003185,7.566614956,0.949862869,0.0,5.581761024,2.68021262,-0.342612101,1.789717899,0.0,0.0,146.1121589,0.350916477,0.7730372,45.25,1.848882119,-0.043968584,-2.147812229,89.853962
18,3.0,0,7.678404836,3.903690976,1.18791,4.697964847,0.391486764,3.813538453,3.918,13.87661205,-0.072426374,3.752588925,3.27507704,0.054385826,0.58951993,2.615159083,1.143372013,0.0,-4.676842228,1.16714111,0.044009633,8.10958,3.591891486,-2.396565091,0.835111162,203.1980314,1310.791517,0.197052586,15.74383628,0.216222196,169.6819687,1.58348831,7.554153866,0.839870604,0.216222196,5.475399202,2.35067175,-0.296639004,1.736677654,0.0,0.0,627.138207,0.350916477,0.838602812,51.5,1.869113851,-0.073119616,-1.836108473,100.235306
18,2.0,0,7.647948392,3.830393606,1.22638,4.016201569,0.1,3.693336853,4.043,13.95844619,-0.155225321,3.641900222,3.417246092,0.080438373,-2.589634599,2.55361149,0.5551298,0.0,-0.306878787,1.222829448,0.035956728,7.44268,3.425513275,-4.278261,0.914124068,562.6570115,1522.385555,0.280893541,18.80333852,0.244205237,175.1616997,1.705803579,7.439644344,0.886597819,0.244205237,5.612507471,2.251332549,-0.361253043,1.794550926,0.0,0.0,176.9492681,0.369645216,0.828878302,50.25,1.872073939,-0.04674298,-1.635716239,101.386892
18,2.0,0,6.877393019,3.801331956,1.20226,4.014460803,0.0625,3.748865493,4.561,13.88612299,-0.184002517,3.651751133,3.810121265,-0.044710626,-0.985584708,2.626443877,0.810828371,0.0,-0.3744822,1.374459061,-0.034340259,6.44877,3.508685683,-2.469244988,0.912681337,640.3072377,1394.597255,0.290516149,16.13501353,0.0,168.0951172,1.732667587,7.583541399,0.92591512,0.0,5.612970244,2.508465289,-0.290952144,1.770389681,0.0,0.0,251.0850249,0.418957858,0.76751924,54.75,1.826335825,0.020385478,-1.188692475,105.353685
0,11.0,0,0.0,3.783600298,1.29745,3.990911263,0.0625,3.739552644,4.561,13.88612299,-0.203716795,3.629089677,3.810121265,0.024396612,-1.084857808,2.626443877,0.793881709,0.0,-0.3744822,1.332797727,-0.034340259,6.44877,3.507556909,-2.730186345,0.912681337,640.3072377,1394.597255,0.290516149,16.13501353,0.0,168.0951172,1.727312453,7.583541399,0.92591512,0.0,5.656448505,2.508465289,-0.290952144,1.756163628,0.0,2.0,251.0850249,0.418957858,0.76751924,48.25,1.820752283,0.020385478,-1.188692475,105.353685
18,1.0,0,8.067794919,3.818500708,1.23249,4.01590528,0.0,3.684428725,3.352,13.93057832,-0.107837563,3.676726703,3.624609675,-0.107810641,-1.103772979,2.350320605,0.773606919,0.0,-0.248233583,1.468093569,0.089303052,7.93049,3.37892589,-2.817428863,0.871313105,621.5362308,1781.565828,0.310715203,15.74383628,0.0,164.8690103,1.687489395,7.459816277,0.886388406,0.0,5.413606184,2.219263516,-0.303114424,1.737627026,0.0,0.0,213.2588508,0.350916477,0.762471163,48.75,1.869138142,0.035209813,-3.389802965,101.918478
18,3.0,0,7.577431094,3.815636353,1.21149,4.015828595,0.260010478,3.721307433,4.94,13.94127784,-0.211558198,3.69034358,3.560285513,-0.107896311,-1.525840306,2.953988795,0.727687634,0.0,-0.449913392,1.131379188,-0.449913392,5.75218,3.425285726,-2.796146214,0.900672363,584.1511069,1986.788788,0.261602308,16.96384712,0.0,163.6830349,1.698584388,7.479067083,0.863408501,0.543623324,5.501189384,2.526729375,-0.302602389,1.737023081,0.0,0.0,139.5202803,0.350916477,0.816811409,55.25,1.869125084,-0.065822248,-0.759965186,107.482478
18,1.0,0,8.009806104,3.815541637,1.21798,4.015828572,0.0,3.716686435,3.687,13.9339294,-0.08615661,3.6918861,3.539224655,-0.115774221,-0.799715094,2.341225275,0.837181434,0.0,-0.252658613,1.504947163,0.085027843,7.81178,3.432065575,-2.196186847,0.871078988,328.8359406,1378.077038,0.261602308,15.74383628,0.0,161.8588737,1.736277269,7.491998872,0.920172937,0.0,5.463623761,2.242198217,-0.30273743,1.773650276,0.0,0.0,249.3993711,0.452978549,0.766032369,50.75,1.869133958,0.036234937,-0.715776823,104.480478
18,1.0,0,8.182775449,3.826878148,1.28519,4.016159416,0.0,3.678250629,3.341,13.96623471,-0.064534619,3.630706684,4.334625019,-0.028398632,-1.433977061,2.309883075,0.721874573,0.0,-0.248225308,1.470217311,0.091580984,8.39918,3.422836031,-2.54214312,0.846796131,750.7919358,660.9144511,0.475537627,17.29360638,0.0,158.3190957,1.751145977,7.499526406,0.991288382,0.0,5.544876086,2.214463006,-0.365067175,1.794384459,0.0,0.0,217.531894,0.350916477,0.722477468,48.75,1.872069691,0.042269598,3.761636527,105.012064
18,1.0,0,8.063838606,3.815106871,1.21869,4.015901067,0.0,3.684165366,3.352,13.9207278,-0.149218111,3.676561241,3.746998229,-0.091694151,-0.981710938,2.400745345,0.795881583,0.0,-0.248028216,1.490509151,0.088445285,8.43128,3.418650179,-2.456282781,0.858795212,599.5742428,1233.996639,0.326152031,15.74383628,0.0,168.3603844,1.654993986,7.472351627,0.931734537,0.0,5.525965734,2.302435466,-0.359697264,1.793673712,0.0,0.0,213.2588508,0.350916477,0.73652925,48.75,1.872066132,0.036396944,-2.703809367,101.918478
0,10.0,0,0.0,3.790320405,1.32724,3.992253947,0.0,3.680871117,3.352,13.9207278,-0.160264812,3.672265006,3.746998229,0.006404878,-1.146475413,2.400745345,0.765962406,0.0,-0.248028216,1.42724809,0.088445285,8.43128,3.418563525,-2.735875838,0.858795212,599.5742428,1233.996639,0.326152031,15.74383628,0.0,168.3603844,1.653870844,7.472351627,0.931734537,0.0,5.593381465,2.302435466,-0.359697264,1.790140838,0.0,0.0,213.2588508,0.350916477,0.73652925,42.25,1.848908606,0.036396944,-2.703809367,101.918478
12,4.0,0,3.79391698,3.95815364,1.40448,4.146179511,0.2,3.863800777,3.951,15.1924716,-0.581690927,3.742530538,5.702014371,0.419626667,-5.189489222,2.716926369,0.323631476,0.0,-2.299036553,1.099524705,-0.190530132,5.91089,3.614842299,-4.309062836,0.952746664,1144.726879,2524.925776,0.595501324,22.37643422,0.139811711,197.1113647,1.597348999,7.697856388,0.850101877,0.139811711,5.588482654,2.79238979,-0.393010052,1.680270772,-0.669944224,1.0,201.9723081,1.033299703,1.004242312,50.25,1.822064449,0.30007648,-9.776884107,99.989341
0,11.0,0,0.0,3.763329737,0.96357,4.089969166,0.0,3.513169777,2.936,11.15756956,-0.054402621,3.421329431,2.166993646,0.036475572,-7.724490226,2.972698986,0.069695654,0.286404313,-0.209992091,0.830808444,0.226893109,6.83233,3.082718507,-4.356992402,0.824813055,422.7306728,-42.3657358,0.201800251,15.06997801,0.259044422,213.1659878,1.34089493,7.653681508,1.128443967,0.286404313,5.053508855,2.738046247,-0.001337601,1.427227797,0.0,2.0,2.283754074,0.274971652,0.75457865,34.75,1.626660039,-0.004427209,1.354090956,61.611067
0,11.0,0,0.0,3.75185137,0.9002,3.967835031,0.0,3.407568183,2.779,14.66652069,-0.004981377,3.368578692,1.626024935,0.051396638,-7.373409651,5.497563353,0.085622839,0.378876567,-1.569841795,0.869944168,-1.569841795,5.59401,3.03050175,-3.836784962,0.762906486,173.7218729,-585.8887796,0.136540218,20.70799822,0.427695224,221.138364,1.264763964,8.25203566,1.148201047,0.427695224,5.208411152,6.06042885,0.089462002,1.417375467,0.0,2.0,-8.082784362,0.267583143,0.94381772,35.75,1.565042874,0.240242627,0.186194177,55.051895
0,11.0,0,0.0,3.767069821,0.8663,4.089850328,0.0,3.488822798,3.035,13.27737381,-0.159348179,3.374112983,1.962681409,0.066780344,-8.130655588,3.204526749,0.054814223,0.33152777,-0.385241111,0.914429172,-0.385241111,6.65039,3.027592321,-2.991771016,0.825647416,-87.24315942,244.0742658,0.201800251,12.74828966,0.314634699,223.5271789,1.039166297,7.88902666,1.193063121,0.33152777,5.24946028,3.215285126,0.095694079,1.262178282,0.0,2.0,-26.29350082,0.290263604,0.74569921,34.5,1.558081148,0.006069806,0.389130118,55.314102
0,11.0,0,0.0,3.758432732,0.86138,3.967776935,0.0,3.409670995,2.854,14.59135351,-0.120063364,3.367619551,1.556474008,-0.203217793,-7.142506968,5.996296296,0.092473269,0.396222246,-1.64441715,0.903764428,-1.64441715,5.89999,3.007123814,-3.106033549,0.840980582,-84.55450703,-454.5624517,0.136540218,20.0977867,0.475473002,230.2860733,1.038205959,8.520045191,1.22518876,0.475473002,5.201841232,6.751322751,0.154961102,1.273547284,0.0,2.0,-28.09888492,0.267583143,0.894212149,36.0,1.560643575,0.269965259,-1.105117988,51.848516
0,11.0,0,0.0,3.762571327,0.90719,4.089851903,0.0,3.486661613,2.96,11.03312512,-0.012706865,3.376175288,2.072705392,0.067476972,-7.223517591,2.976254032,0.07578706,0.314182091,-0.205645909,0.901218732,0.219393109,5.88451,3.03476075,-3.809468991,0.798290177,145.7650574,-264.7015633,0.201800251,13.22441154,0.266856922,219.8814267,1.255907342,7.688362019,1.186637627,0.314182091,5.252855596,2.851310375,0.067076948,1.358953271,0.0,2.0,-6.090787453,0.290263604,0.782515613,34.25,1.562282018,-0.076452565,1.661233729,58.517481
0,11.0,0,0.0,3.897080507,0.93629,4.018645544,0.0,3.525402644,2.873,13.59204124,-0.03440507,3.387905047,1.982964322,0.380124524,-7.61748946,4.002928142,0.085669821,0.335185177,-4.440069112,0.791449711,-0.636431056,7.18899,3.104770956,-4.144423889,0.803583114,109.3129166,961.8998424,0.172832432,12.74828966,0.334192522,217.7168604,1.156752756,8.338707804,0.889655445,0.335185177,5.252855596,3.92538954,0.076822318,1.272535595,-4.440069112,2.0,-36.95454672,0.290263604,0.594481975,36.5,1.565142699,-0.231690703,-0.618207796,58.188102
0,11.0,0,0.0,3.900859705,0.89704,4.090134243,0.0,3.527863656,3.117,11.02919251,-0.137650371,3.375167672,2.091764323,0.065964652,-6.952351272,3.056652949,0.083493825,0.316280856,-0.191453417,0.917078652,0.226969865,7.16469,3.032396931,-3.341009241,0.763893825,-74.36753578,377.5302361,0.201800251,12.74828966,0.272282162,225.8047666,1.029729958,7.827679851,1.119898105,0.316280856,5.201841232,2.940662355,0.048658738,1.258673473,0.0,2.0,-35.5701197,0.290263604,0.642472749,34.5,1.557384538,-0.044674581,0.714499651,56.937102
21,2.0,1,6.212303513,3.950263325,1.13512,4.307536791,0.814325285,3.783950694,3.04,14.55461187,-0.407128402,3.654601222,4.099073189,0.213070268,-6.617747654,2.63665269,0.17525512,0.452803657,-1.637951482,0.737005496,-0.921131301,7.52789,3.412452563,-7.686019254,0.81736514,670.4605576,333.1913242,0.336579669,16.5764543,0.0,203.1881637,1.46345731,7.60445717,1.122210481,0.452803657,5.339404346,2.654078508,-0.279658437,1.7513637,-0.981811983,0.0,105.1401286,0.480922029,0.882254629,48.5,1.839345397,0.124105078,-4.300736152,83.336204
0,12.0,1,0.0,3.928977846,1.30266,4.095663757,0.814325285,3.780581394,3.04,14.55461187,-0.410765694,3.643677721,4.099073189,0.243642685,-3.95731658,2.63665269,0.352960509,0.452803657,-1.637951482,0.740456054,-0.921131301,7.52789,3.40922575,-5.8252044,0.81736514,670.4605576,333.1913242,0.336579669,16.5764543,0.0,203.1881637,1.464246257,7.60445717,1.122210481,0.452803657,5.460616468,2.654078508,-0.279658437,1.7502679,-0.981811983,1.0,105.1401286,0.480922029,0.882254629,41.5,1.825916895,0.124105078,-4.300736152,83.336204
18,2.0,1,6.976476557,3.890856946,1.19476,4.0150911,0.814325285,3.772823996,2.885,14.53302005,-0.387297344,3.657383448,3.64184179,0.166916828,-13.22338941,2.581848458,0.030812362,0.452180729,-1.003403799,0.725006218,-0.931438083,7.733,3.530176523,-5.259746439,0.819875532,360.0776897,433.2721852,0.301774148,16.12360548,0.0,190.3035179,1.462394077,7.522745338,1.088080311,0.452180729,5.389648195,2.609114204,-0.278677856,1.693561908,-1.003403799,0.0,65.64808874,0.440658425,0.777847567,45.5,1.827539137,0.140530379,-0.754898367,84.863376
0,11.0,1,0.0,3.871342655,1.30999,3.99596649,0.814325285,3.770109125,2.885,14.53302005,-0.410392162,3.648099399,3.64184179,0.190125561,-15.96366463,2.581848458,0.014981122,0.452180729,-1.003403799,0.72592541,-0.931438083,7.733,3.529347424,-4.666481732,0.819875532,360.0776897,433.2721852,0.301774148,16.12360548,0.0,190.3035179,1.463191519,7.522745338,1.088080311,0.452180729,5.475362481,2.609114204,-0.278677856,1.68659731,-1.003403799,1.0,65.64808874,0.440658425,0.777847567,40.0,1.815224946,0.140530379,-0.754898367,84.863376
17,4.0,1,5.397753933,3.989220311,1.19042,4.772369604,1.702081659,3.950443608,3.348,14.5343896,-0.460197219,3.731539332,4.348352894,0.310300745,0.405795923,2.666103315,1.10677345,0.447626195,-5.393659278,0.776437487,-0.988895849,6.52299,3.62055575,-3.804672921,0.812195391,596.2379096,-144.9461242,0.422112484,13.68288315,0.177196988,194.5517874,1.447737046,7.699449475,1.172084517,0.447626195,5.486146588,2.970722925,-0.294030521,1.565702582,-1.089531061,0.0,461.8974223,0.472563605,0.749458451,48.0,1.695819436,0.017150639,4.617893838,87.41379
12,2.0,1,4.865436012,3.797792773,1.25786,4.012560208,1.114851112,3.517662422,2.482,14.05618961,-0.1237584,3.489118742,3.322311347,-0.188223776,-6.054235122,2.712605117,0.159674693,0.30640554,-0.998849204,0.658641294,-0.953039486,5.74,3.213882925,-3.822641223,0.820089336,508.696342,-406.791335,0.251851609,11.99953935,0.0,177.3801001,1.46208019,7.602958761,1.158791712,0.481626178,5.272979297,2.577187216,-0.244920792,1.627810318,-0.998849204,0.0,1.169313153,0.205950377,0.756029475,35.75,1.810282772,0.083281428,-0.751240803,75.098583
0,8.0,1,0.0,3.796619061,1.35905,3.993233241,1.114851112,3.517851313,2.482,14.05618961,-0.11998929,3.488909956,3.322311347,-0.15996654,-5.779088512,2.712605117,0.173558781,0.30640554,-0.998849204,0.662383654,-0.953039486,5.74,3.216550704,-3.965213087,0.820089336,508.696342,-406.791335,0.251851609,11.99953935,0.0,177.3801001,1.462864679,7.602958761,1.158791712,0.481626178,5.335479297,2.577187216,-0.244920792,1.627777608,-0.998849204,0.0,1.169313153,0.205950377,0.756029475,31.75,1.804215634,0.083281428,-0.751240803,75.098583
12,4.0,1,4.674395707,3.950374051,1.28411,4.71938924,1.702081659,3.7936109,3.022,14.31692075,-0.456213042,3.658888148,4.114678898,0.277633078,0.982287879,2.631955051,1.294982019,0.460157033,-5.201316171,0.704674053,-0.996501372,6.5218,3.432922028,-2.911809843,0.850927563,343.126169,10.67503155,0.353419715,11.18523725,0.163053469,181.6636071,1.470801768,7.664992296,1.175434421,0.460157033,5.423057814,2.912610855,-0.256971979,1.78071114,-1.089777689,0.0,464.2252426,0.482243306,0.783954826,41.5,1.846536553,0.039878718,4.163604112,85.420962
17,2.0,1,5.964849536,3.902695496,1.16629,4.016039825,0.814325285,3.770446522,3.052,14.39282022,-0.450361294,3.654767058,3.500420202,0.232517339,-10.92656419,2.808177225,0.052176376,0.472638335,-1.053759879,0.78794559,-0.963887929,6.721,3.463654751,-4.135815381,0.829209813,499.0853696,120.9233173,0.286470303,16.12360548,0.0,195.3491071,1.458663812,7.717863254,1.149415688,0.472638335,5.320539006,2.79787853,-0.232015441,1.471383739,-1.053759879,0.0,82.11535564,0.493407855,0.81369366,44.75,1.759566754,0.115880293,0.046303291,79.484997
0,10.0,1,0.0,3.855582894,1.29129,3.995508382,0.814325285,3.764214653,3.052,14.39282022,-0.451814537,3.645651291,3.500420202,0.22555719,-16.46646007,2.808177225,0.011673959,0.472638335,-1.053759879,0.775909779,-0.963887929,7.12619,3.448945597,-3.376939009,0.829209813,499.0853696,120.9233173,0.286470303,16.12360548,0.0,195.3491071,1.458632911,7.717863254,1.149415688,0.472638335,5.381145066,2.79787853,-0.232015441,1.47259376,-1.053759879,2.0,82.11535564,0.493407855,0.81369366,38.75,1.75760625,0.115880293,0.046303291,79.484997
12,4.0,1,4.175775506,3.946625892,1.2319,4.70885102,1.830934239,3.786868967,3.755,14.12436773,-0.224064902,3.637205943,3.647669405,-0.112370905,0.969068653,3.124612774,1.319003805,0.47996208,-5.083709695,0.764936994,-1.028244605,6.3395,3.32770979,-5.339898849,0.821188196,210.9054544,-481.4910169,0.246251418,10.34298486,0.0,185.2089112,1.463194207,7.793317993,1.135786041,0.47996208,5.52598839,2.923396352,-0.216337268,1.650988901,-1.137861773,0.0,401.208764,0.205950377,0.803553028,40.5,1.785655524,0.037634954,-2.130400726,77.47379
12,4.0,1,4.59729478,3.950320024,1.24506,4.70885121,1.830934239,3.786923288,3.582,14.15214551,-0.161194216,3.64549776,3.729229777,-0.241383337,0.952441333,3.034033289,1.312752522,0.473789241,-5.063301532,0.698552484,-1.012619605,6.4846,3.327966883,-5.218753842,0.816895793,191.2173174,-426.6985496,0.251851609,10.34298486,0.0,184.7907106,1.464944645,7.743088751,1.133913666,0.473789241,5.309101316,2.76751584,-0.241957829,1.651054115,-1.110083995,0.0,405.5998172,0.205950377,0.799801244,40.0,1.785912028,0.035807617,-4.259361757,78.800583
0,10.0,1,0.0,3.929117281,1.34199,4.70885066,1.830934239,3.786152444,3.582,14.15214551,-0.156226461,3.636503866,3.729229777,-0.180083043,0.82827948,3.034033289,1.266999213,0.473789241,-5.063301532,0.701435925,-1.012619605,6.4846,3.327966564,-5.26743718,0.816895793,191.2173174,-426.6985496,0.251851609,10.34298486,0.0,184.7907106,1.465591646,7.743088751,1.133913666,0.473789241,5.369707377,2.76751584,-0.241957829,1.651033448,-1.110083995,0.0,405.5998172,0.205950377,0.799801244,36.0,1.783835381,0.035807617,-4.259361757,78.800583
12,2.0,1,4.845043596,3.806270201,1.4008,4.013152874,1.114851112,3.605302399,2.403,14.3061008,-0.172127144,3.579410001,4.704463626,-0.181809488,-4.642126634,2.661150304,0.265451828,0.132794429,-1.026007178,0.637556999,-0.957659602,6.3761,3.258686827,-4.804804538,0.804820064,885.8650308,-518.0756645,0.613455333,12.63393923,0.0,175.3832312,1.47017058,7.508281706,1.088568822,0.459280498,5.271581588,2.548383054,-0.296170792,1.676869247,-2.014646017,0.0,8.867461943,0.205950377,0.711658331,36.75,1.824217794,0.118118383,-2.598072295,81.285755
0,8.0,1,0.0,3.804811075,1.50152,3.993990909,1.114851112,3.605494953,2.403,14.3061008,-0.170353636,3.577925657,4.704463626,-0.160549346,-5.638006946,2.661150304,0.199715959,0.132794429,-1.026007178,0.641484893,-0.957659602,6.3761,3.25950875,-4.854102399,0.804820064,885.8650308,-518.0756645,0.613455333,12.63393923,0.0,175.3832312,1.470458885,7.508281706,1.088568822,0.459280498,5.328724445,2.548383054,-0.296170792,1.676750105,-2.014646017,0.0,8.867461943,0.205950377,0.711658331,32.75,1.814335158,0.118118383,-2.598072295,81.285755
12,4.0,1,3.415700291,3.958692958,1.29722,4.712047238,1.702081659,3.795262886,2.951,14.69736646,-0.420496345,3.657827285,4.225385988,0.064224805,0.717319838,2.770706841,1.207761176,0.468018637,-5.215702649,0.747275586,-1.074118781,6.4705,3.397605904,-3.430099282,0.822386064,758.1467469,-1234.6293,0.395839904,12.4039646,0.0,179.2285754,1.516014542,7.819862681,1.211929071,0.468018637,5.51566895,3.098441102,-0.251463664,1.664936403,-1.222881352,0.0,453.3964669,0.190658425,0.751715312,42.0,1.789019622,0.04059748,6.351836676,83.551169
12,2.0,1,4.763002124,3.804475869,1.30407,4.013205826,1.195266057,3.555259481,2.375,14.09188878,-0.434552802,3.521446971,3.90304701,0.34921537,-8.821254275,2.650312929,0.069037368,0.12505043,-1.130684086,0.663603483,-0.97365761,5.74,3.207452396,-5.023135721,0.774661295,794.708324,2215.633095,0.413872874,10.34298486,0.0,174.5316331,1.460298499,7.475030462,0.983607237,0.479280498,5.136184179,2.724675791,-0.244920792,1.600361805,-2.178584688,0.0,1.169313153,0.205950377,0.750221516,35.75,1.81182017,0.175394024,-11.92757642,75.098583
0,8.0,1,0.0,3.803055624,1.40657,3.994041807,1.195266057,3.555401024,2.375,14.09188878,-0.44313708,3.521057868,3.90304701,0.34270863,-6.419690127,2.650312929,0.142935665,0.12505043,-1.130684086,0.666888246,-0.97365761,5.74,3.210677404,-5.435566845,0.774661295,794.708324,2215.633095,0.413872874,10.34298486,0.0,174.5316331,1.461164235,7.475030462,0.983607237,0.479280498,5.198684179,2.724675791,-0.244920792,1.600347313,-2.178584688,0.0,1.169313153,0.205950377,0.750221516,31.75,1.805287464,0.175394024,-11.92757642,75.098583
18,2.0,1,4.624712767,3.841345081,1.11637,4.014610884,0.814325285,3.719455695,2.775,14.27957539,-0.317028048,3.633934022,3.309103165,-0.174606674,-9.454191884,3.542285107,0.077677705,0.48433408,-2.678070935,0.729986471,-1.087603398,7.1008,3.336205319,-5.38170607,0.784118168,129.9678201,-1604.107599,0.264506349,14.62788806,0.0,198.5817004,1.452680375,7.959736594,1.273400442,0.48433408,5.357921987,3.419802582,-0.218078327,1.626140768,-1.259723283,0.0,22.35938171,0.308012449,0.71135168,45.0,1.826451321,0.166563059,-1.671396323,76.696618
0,11.0,1,0.0,3.829499783,1.22986,3.995509691,0.814325285,3.703575084,2.775,14.27957539,-0.345465011,3.622005916,3.309103165,-0.132110697,-9.203195375,3.542285107,0.083129961,0.48433408,-2.678070935,0.738266546,-1.087603398,7.1008,3.331191072,-5.641829526,0.784118168,129.9678201,-1604.107599,0.264506349,14.62788806,0.0,198.5817004,1.453760346,7.959736594,1.273400442,0.48433408,5.453160082,3.419802582,-0.218078327,1.619545302,-1.259723283,1.0,22.35938171,0.308012449,0.71135168,39.5,1.814136005,0.166563059,-1.671396323,76.696618
12,2.0,1,4.463540324,3.809487697,1.24719,4.013157298,0.814325285,3.661597663,2.467,14.20640751,-0.258057929,3.57215697,3.512199693,0.195636178,-4.983236307,2.940759167,0.260065795,0.479951221,-4.31821556,0.893644811,-1.046773385,6.2172,3.257850645,-1.803321604,0.836166459,563.6979869,-190.7356153,0.251851609,10.34298486,0.0,185.8299079,1.463924099,7.810291914,1.131437263,0.479951221,5.350842036,2.804450191,-0.222300147,1.501816175,-5.469653578,0.0,36.92829054,0.28928371,0.802269566,39.5,1.823460237,-0.202071083,2.630303426,77.493997
0,8.0,1,0.0,3.807965174,1.33991,3.994012491,0.814325285,3.661834924,2.467,14.20640751,-0.259867984,3.571003943,3.512199693,0.163762333,-5.111801374,2.940759167,0.251184402,0.479951221,-4.31821556,0.893368973,-1.046773385,6.2172,3.258546931,-1.994832415,0.836166459,563.6979869,-190.7356153,0.251851609,10.34298486,0.0,185.8299079,1.464423888,7.810291914,1.131437263,0.479951221,5.411448096,2.804450191,-0.222300147,1.50169704,-5.469653578,0.0,36.92829054,0.28928371,0.802269566,35.5,1.813637562,-0.202071083,2.630303426,77.493997
12,4.0,1,4.706021974,3.950373973,1.32278,4.715561815,1.702081659,3.793589692,3.543,14.27735285,-0.39035998,3.656271418,4.493009892,0.195984312,1.264971664,2.586070201,1.407597335,0.459901354,-4.988931912,0.694557519,-0.990298242,7.2632,3.408148946,-3.964672076,0.835781055,537.0057362,352.5874455,0.514737067,11.18523725,0.0,179.4183055,1.514115444,7.58430623,1.133897055,0.459901354,5.318755383,2.864361275,-0.272365993,1.742056992,-1.07184559,0.0,430.1952724,0.205950377,0.732005233,41.0,1.810389115,0.107956794,1.458791096,84.987755
0,10.0,1,0.0,3.929172951,1.41768,4.715561755,1.702081659,3.7925682,3.543,14.27735285,-0.384260533,3.646032722,4.493009892,0.245621266,1.168018332,2.586070201,1.371192268,0.459901354,-4.988931912,0.697874957,-0.990298242,7.2632,3.407990044,-3.947407779,0.835781055,537.0057362,352.5874455,0.514737067,11.18523725,0.0,179.4183055,1.514089555,7.58430623,1.133897055,0.459901354,5.374310939,2.864361275,-0.272365993,1.741896537,-1.07184559,0.0,430.1952724,0.205950377,0.732005233,37.0,1.804895252,0.107956794,1.458791096,84.987755
12,6.0,0,4.639203921,4.013230786,1.41931,4.736637415,1.892967001,3.950380481,5.345,15.30232853,-0.409194895,3.772995338,5.233985248,-0.084893072,-0.022747391,2.575345648,0.995171823,0.0,-5.296389945,0.986138107,-0.543384493,6.056,3.677674381,-7.063034842,0.796100945,180.8735505,-607.24193,0.450384035,11.18523725,0.0,179.0196161,1.556530735,7.637185516,1.04350493,0.450592768,5.63115247,2.752762662,-0.464791886,1.768117417,-1.108027641,0.0,927.2644205,0.420378059,0.710469803,51.0,1.823632614,0.10922389,8.173072876,106.790892
12,2.0,1,4.621255383,3.818085645,1.18995,4.014099004,1.833210134,3.631716119,2.833,14.00248213,-0.51059272,3.58740248,3.541837322,0.018527697,-5.582373397,2.957245497,0.184219315,0.213661541,-1.09493197,0.716841034,-1.005418733,4.0747,3.214263091,-4.142724184,0.809524105,184.520975,292.9998506,0.299445945,14.92301448,0.0,190.0337702,1.443453335,7.778019759,1.183925408,0.491626178,5.289898095,2.926890901,-0.193670792,1.642018571,-1.09493197,0.0,-27.51456839,0.453956022,0.719153425,36.5,1.699343632,0.173327552,-3.837733124,71.473411
0,8.0,1,0.0,3.816216463,1.28876,3.995203279,1.833210134,3.632046404,2.833,14.00248213,-0.515612913,3.585176243,3.541837322,0.035865385,-5.787762645,2.957245497,0.173103176,0.213661541,-1.09493197,0.718488733,-1.005418733,4.0747,3.217314902,-4.764295877,0.809524105,184.520975,292.9998506,0.299445945,14.92301448,0.0,190.0337702,1.444811367,7.778019759,1.183925408,0.491626178,5.356564762,2.926890901,-0.193670792,1.641619421,-1.09493197,0.0,-27.51456839,0.453956022,0.719153425,32.5,1.699101423,0.173327552,-3.837733124,71.473411
12,4.0,1,4.669379243,3.950374433,1.25136,4.729512284,1.702081659,3.793667026,3.022,14.26192075,-0.505291738,3.659030796,3.864835002,0.301063531,0.913146694,2.661615915,1.2799185,0.466074193,-5.127820801,0.701318386,-0.997658779,6.1317,3.425766835,-2.964581175,0.843927765,323.4327957,82.40921871,0.353419715,11.18523725,0.183053469,182.8150662,1.443106229,7.675507655,1.176230031,0.466074193,5.35817029,2.952600952,-0.244471979,1.477685343,-1.087277689,0.0,450.1347213,0.27811916,0.753204761,41.0,1.783144473,0.10560409,3.804490457,82.327376
0,10.0,1,0.0,3.929173434,1.34449,4.729512233,1.702081659,3.792642837,3.022,14.26192075,-0.505153277,3.648474184,3.864835002,0.334225078,0.785335953,2.661615915,1.236460621,0.466074193,-5.127820801,0.704061484,-0.997658779,6.1317,3.425606418,-2.9482693,0.843927765,323.4327957,82.40921871,0.353419715,11.18523725,0.183053469,182.8150662,1.44394435,7.675507655,1.176230031,0.466074193,5.416141304,2.952600952,-0.244471979,1.477807911,-1.087277689,0.0,450.1347213,0.27811916,0.753204761,37.0,1.781167608,0.10560409,3.804490457,82.327376
18,2.0,1,5.876155983,3.870627458,1.11727,4.017069108,0.814325285,3.724834886,2.909,14.47520653,-0.356947028,3.633938256,3.431451814,0.158113711,-10.01238844,2.649842873,0.061962928,0.461988401,-0.989120486,0.733069206,-0.927823437,6.8556,3.583779959,-6.53216488,0.801604707,144.1762367,657.1984922,0.292613192,15.3705518,0.0,196.9485916,1.420994649,7.532633869,1.097924032,0.461988401,5.296569531,2.660746756,-0.26300463,1.527893035,-0.989120486,0.0,53.08623375,0.555206324,0.756069575,44.5,1.826443528,0.133984491,-4.909303885,78.676204
0,11.0,1,0.0,3.858927004,1.23257,3.998627642,0.814325285,3.715388239,2.909,14.47520653,-0.371703068,3.623161985,3.431451814,0.171279612,-9.618324708,2.649842873,0.069130665,0.461988401,-0.989120486,0.746087623,-0.927823437,6.8556,3.56756194,-6.783069635,0.801604707,144.1762367,657.1984922,0.292613192,15.3705518,0.0,196.9485916,1.422843369,7.532633869,1.097924032,0.461988401,5.390319531,2.660746756,-0.26300463,1.52515598,-0.989120486,1.0,53.08623375,0.555206324,0.756069575,39.0,1.813988729,0.133984491,-4.909303885,78.676204
12,4.0,1,4.686328696,3.950489902,1.29257,4.716247899,1.702081659,3.820605858,2.974,14.52842144,-0.634623431,3.690574268,4.608412756,0.314416069,0.317362782,2.527355401,1.08477769,0.447860745,-5.478921624,0.769273777,-0.995074608,4.6593,3.618350328,-3.305318697,0.798445704,968.9908455,-988.3082708,0.546191306,12.63393923,0.0,178.9258694,1.467651984,7.651618803,1.165630761,0.447860745,5.188522622,2.899516059,-0.296891905,1.607944563,-1.097846157,0.0,543.4449795,0.38510287,0.760729768,42.75,1.725552533,0.063793812,7.156550632,87.187755
0,9.0,1,0.0,3.800148589,1.15923,4.052512925,1.195266057,3.638242635,3.017,13.87701798,-0.344251099,3.566943826,3.076868736,0.420106792,-3.512520652,3.004906243,0.333650012,0.532446008,-1.124855845,0.709389225,-0.972104558,4.9715,3.307199595,-4.119081027,0.811096156,163.901019,329.71032,0.331330183,14.77194516,0.331506204,193.8550422,1.372874417,7.787236943,1.268084319,0.532446008,5.310443058,2.947656446,-0.139018015,1.451593832,-1.124855845,0.0,15.13712249,0.560459219,0.808009657,34.25,1.585750988,0.232261491,-0.865364562,66.677446
0,11.0,1,0.0,3.858927004,1.23257,3.998627642,0.814325285,3.715388239,2.909,14.47520653,-0.371703068,3.623161985,3.431451814,0.171279612,-9.618324708,2.649842873,0.069130665,0.461988401,-0.989120486,0.746087623,-0.927823437,6.8556,3.56756194,-6.783069635,0.801604707,144.1762367,657.1984922,0.292613192,15.3705518,0.0,196.9485916,1.422843369,7.532633869,1.097924032,0.461988401,5.390319531,2.660746756,-0.26300463,1.52515598,-0.989120486,1.0,53.08623375,0.555206324,0.756069575,39.0,1.813988729,0.133984491,-4.909303885,78.676204
12,4.0,1,3.972552564,3.950374127,1.23615,4.735271528,1.702081659,3.793576544,2.781,14.09038333,-0.473956657,3.654778078,3.703433351,0.348309983,0.748049534,3.058758283,1.217567652,0.490379749,-7.40431257,0.898931426,-1.15660506,6.4891,3.395693855,-2.704632704,0.833333684,1260.565902,-263.8960303,0.327246374,10.34298486,0.433053469,187.2324679,1.432088678,8.029239422,1.21622595,0.490379749,5.306532044,3.459615166,-0.204348522,1.473676705,-6.677051301,0.0,355.8834058,0.205950377,0.763532146,41.75,1.782918825,-0.053389886,2.343862883,77.144411
12,2.0,1,5.026742402,3.800941448,1.26482,4.012629511,0.814325285,3.661068359,2.743,14.34799407,-0.266332983,3.574702491,3.889505458,0.123957347,-4.013604211,2.473686428,0.327951332,0.461270091,-0.957719905,1.064844603,-0.917661166,5.2997,3.377490583,-2.23674064,0.828475032,341.7040521,-255.1725296,0.343138701,11.54450444,0.0,180.50692,1.478369055,7.586413383,1.109745569,0.461270091,5.35029266,2.451336245,-0.271244489,1.744633108,-0.957719905,0.0,83.98865053,0.40713484,0.739532304,38.75,1.828882111,0.113364857,1.602766016,81.718962
0,8.0,1,0.0,3.799688345,1.36024,3.993330005,0.814325285,3.661188886,2.743,14.34799407,-0.268995166,3.57412714,3.889505458,0.116727591,-4.86435068,2.473686428,0.258927152,0.461270091,-0.957719905,1.062446354,-0.917661166,5.2997,3.377372748,-2.225786259,0.828475032,341.7040521,-255.1725296,0.343138701,11.54450444,0.0,180.50692,1.478448443,7.586413383,1.109745569,0.461270091,5.407435517,2.451336245,-0.271244489,1.744212286,-0.957719905,0.0,83.98865053,0.40713484,0.739532304,34.75,1.818957897,0.113364857,1.602766016,81.718962
12,2.0,1,4.932352112,3.786933626,1.06929,4.011290871,0.814325285,3.459785632,1.84,13.55577767,-0.137486189,3.261331182,3.050713672,-0.070646836,-5.432405283,2.689715989,0.153624618,0.526521617,-0.945122824,0.841908526,-0.934352999,4.6671,3.095811335,-5.580039023,0.867082998,570.5822972,-186.7150064,0.264039526,8.097896259,0.0,180.4571786,1.30826944,7.753086611,1.349326796,0.526521617,4.812272813,2.543758573,-0.074202193,1.44784211,-0.945122824,0.0,34.39461665,0.205950377,0.777051383,33.75,1.625399648,0.051979683,5.3057415,63.689032
0,8.0,1,0.0,3.786157886,1.17358,3.991681082,0.814325285,3.461680352,1.84,13.55577767,-0.112381521,3.262480453,3.050713672,-0.040108445,-4.837293054,2.689715989,0.188617884,0.526521617,-0.945122824,0.851454594,-0.934352999,4.6671,3.099382605,-6.232848787,0.867082998,570.5822972,-186.7150064,0.264039526,8.097896259,0.0,180.4571786,1.308573145,7.753086611,1.349326796,0.526521617,4.887744511,2.543758573,-0.074202193,1.449070943,-0.945122824,0.0,34.39461665,0.205950377,0.777051383,29.75,1.624977533,0.051979683,5.3057415,63.689032
18,4.0,1,3.868199084,3.950495544,1.27366,4.715701705,1.702081659,3.826268559,3.483,15.23914958,-0.569670358,3.722990194,4.421631399,0.302974905,-0.736954308,2.846798726,0.8457854,0.42939395,-5.806992611,0.765792875,-1.046703949,8.57239,3.653433266,-6.209383276,0.881005981,341.8298485,-15.5014701,0.411730916,15.83214497,0.0,194.1229128,1.63197425,7.675917198,1.097309069,0.42939395,5.562903216,3.007513367,-0.347025204,1.688731307,-1.201552695,0.0,471.1740321,0.468436203,0.809189948,52.5,1.835243567,0.231226752,1.582756062,95.444755
12,2.0,1,4.861892666,3.831212833,1.26551,4.014906879,1.195266057,3.669794329,2.526,14.2389296,-0.432114855,3.62177537,3.552794932,0.272081965,-6.43356823,2.611057527,0.150735905,0.133661541,-1.018206725,0.697903374,-0.952634656,5.74,3.313844376,-5.030512964,0.792306476,302.5728146,923.1828236,0.30967871,15.3705518,0.0,181.3558642,1.424705236,7.521575515,1.057844039,0.469280498,5.287376467,2.635721333,-0.264920792,1.519095014,-1.018206725,0.0,17.30137153,0.481327914,0.756588572,36.75,1.789297067,0.151366734,-5.089323823,76.858583
0,8.0,1,0.0,3.828957107,1.36476,3.996270199,1.195266057,3.670255144,2.526,14.2389296,-0.44034048,3.616031411,3.552794932,0.269557481,-6.892666816,2.611057527,0.13169654,0.133661541,-1.018206725,0.700488862,-0.952634656,5.74,3.313866272,-5.24494552,0.792306476,302.5728146,923.1828236,0.30967871,15.3705518,0.0,181.3558642,1.426112172,7.521575515,1.057844039,0.469280498,5.348914928,2.635721333,-0.264920792,1.518709179,-1.018206725,0.0,17.30137153,0.481327914,0.756588572,32.75,1.787455338,0.151366734,-5.089323823,76.858583
0,10.0,1,0.0,3.855582894,1.29129,3.995508382,0.814325285,3.764214653,3.052,14.39282022,-0.451814537,3.645651291,3.500420202,0.22555719,-16.46646007,2.808177225,0.011673959,0.472638335,-1.053759879,0.775909779,-0.963887929,7.12619,3.448945597,-3.376939009,0.829209813,499.0853696,120.9233173,0.286470303,16.12360548,0.0,195.3491071,1.458632911,7.717863254,1.149415688,0.472638335,5.381145066,2.79787853,-0.232015441,1.47259376,-1.053759879,2.0,82.11535564,0.493407855,0.81369366,38.75,1.75760625,0.115880293,0.046303291,79.484997
12,4.0,1,4.70064377,3.950368238,1.2748,4.736637121,1.702081659,3.78010212,3.05,14.26650786,-0.537482977,3.645203289,4.085651701,0.188600595,1.004141662,2.577514899,1.302450911,0.433574193,-5.182635407,0.786081626,-0.977757802,6.3298,3.446172866,-3.566057814,0.814500584,583.7008897,582.3628809,0.495143579,17.47046117,0.0,179.096007,1.542400214,7.64404153,1.027276023,0.433574193,5.412573265,2.958108184,-0.249865993,1.556591679,0.0,0.0,486.1872306,0.354286486,0.744970504,41.75,1.791016061,0.13598511,2.225263942,85.420962
12,3.0,1,4.174562282,3.806322993,1.30045,4.010470131,1.195266057,3.602412079,2.724,14.19820256,-0.291510372,3.51700987,3.442132463,0.125979483,-11.6556716,2.918390587,0.039254604,0.483983638,-1.18833463,0.764433086,-1.041279308,5.7058,3.36365235,-2.827275463,0.826447815,1050.666901,978.4926518,0.247295959,12.63393923,0.0,186.352809,1.46140261,7.678019974,1.073026337,0.483983638,5.222845378,3.107888875,-0.337970403,1.742508344,-1.90910657,0.0,48.10518121,0.205950377,0.807884974,39.75,1.796356186,0.010331858,-2.512317519,79.427376
0,9.0,1,0.0,3.804867421,1.39373,3.99131197,1.195266057,3.602550699,2.724,14.19820256,-0.312763499,3.516776137,3.442132463,0.173594565,-15.89108036,2.918390587,0.012104367,0.483983638,-1.18833463,0.762989734,-1.041279308,5.7058,3.363582951,-2.921449004,0.826447815,1050.666901,978.4926518,0.247295959,12.63393923,0.0,186.352809,1.463602145,7.678019974,1.073026337,0.483983638,5.252257142,3.107888875,-0.337970403,1.741280334,-1.90910657,1.0,48.10518121,0.205950377,0.807884974,35.75,1.780676177,0.010331858,-2.512317519,79.427376
0,9.0,1,0.0,3.92885257,1.17869,4.730609592,1.62865057,3.513728109,2.359,13.61133323,-0.286574251,3.328255506,3.072463752,0.062529316,-3.180515096,2.807273663,0.333961573,0.538447165,-5.62635502,0.608835997,-1.033681703,5.8452,3.175744118,-7.171702194,0.862144469,481.3760333,351.1248327,0.36021227,10.35108166,0.0,179.6335551,1.249629723,7.899700774,1.207732614,0.538447165,4.897085151,2.882699878,-0.222930052,1.440882436,0.0,0.0,397.329426,0.205950377,0.795535749,30.25,1.711738006,0.30246669,6.274468756,63.864239
12,3.0,1,4.165598388,3.802112459,1.29809,4.012673122,1.049075093,3.665817106,2.963,14.26724227,-0.591061576,3.524825732,3.674862424,0.269087657,-5.722456165,3.062494856,0.230547941,0.476252874,-4.59393835,0.773786869,-1.113310164,6.3799,3.319602902,-2.420255891,0.85967579,936.8820978,69.20405296,0.297495155,11.54450444,0.0,182.1177857,1.464873696,7.867409034,1.09194513,0.476252874,5.39665141,3.106121096,-0.236729356,1.650177952,-5.864229116,0.0,25.63301259,0.205950377,0.733659898,41.75,1.801309811,0.349132183,0.581986169,81.389583
0,9.0,1,0.0,3.800827543,1.38937,3.993388111,1.049075093,3.665958441,2.963,14.26724227,-0.591359241,3.524573983,3.674862424,0.254166534,-6.95824502,3.062494856,0.167937165,0.476252874,-4.59393835,0.775279604,-1.113310164,6.3799,3.319636199,-2.409729226,0.85967579,936.8820978,69.20405296,0.297495155,11.54450444,0.0,182.1177857,1.465493987,7.867409034,1.09194513,0.476252874,5.453794267,3.106121096,-0.236729356,1.650138117,-5.864229116,0.0,25.63301259,0.205950377,0.733659898,37.75,1.797310582,0.349132183,0.581986169,81.389583
12,4.0,1,4.589506977,3.950324835,1.31315,4.716739749,1.830934239,3.78780037,3.543,14.29770107,-0.231015813,3.645750518,4.49047129,-0.181278726,1.088745128,2.916405356,1.353141874,0.461443562,-5.207848857,0.717957885,-1.014426577,6.8731,3.334941403,-6.294221392,0.772750141,536.9594669,453.322545,0.461299247,12.63393923,0.0,177.6650563,1.5202406,7.646715679,1.047611559,0.461443562,5.365275,2.74319028,-0.273207829,1.65357227,-1.124250662,0.0,418.3894421,0.205950377,0.79036277,40.5,1.804139344,0.054579144,-9.851022379,81.894169
12,4.0,1,4.678770283,3.950376596,1.35025,4.745667742,1.702081659,3.794161556,3.009,14.44088093,-0.535464957,3.659991516,5.274297363,0.252562382,1.123744157,2.496146666,1.333943413,0.449129749,-5.354415451,0.792042434,-0.995882993,6.864,3.446966476,-3.781806813,0.782542766,1167.158416,-823.9873418,0.674619148,10.34298486,0.0,171.5204479,1.503850962,7.633113883,1.173469389,0.449129749,5.411695857,2.867265735,-0.285414282,1.607006678,-1.685220077,0.0,499.2664068,0.329150197,0.802929871,42.25,1.790065079,0.076969161,7.974247043,88.514548
12,3.0,1,4.882771429,3.950278596,1.30813,4.300441389,1.114851112,3.784063468,3.595,14.23067119,-0.237819247,3.595743586,4.185160203,-0.117518741,0.74434789,2.71173645,1.236977403,0.46439652,-3.243771268,0.663600271,-0.949739589,6.9919,3.327649473,-4.422181664,0.823889011,446.2185949,209.0892235,0.396369937,11.54450444,0.0,185.3408234,1.464970207,7.624726733,1.095008024,0.46439652,5.245047951,2.558584642,-0.278902274,1.715244859,-1.004055131,0.0,266.2692249,0.205950377,0.791939711,38.25,1.784470199,0.090752921,-4.94262276,81.092169
12,4.0,1,4.319290989,3.947249602,1.3543,4.724736289,1.830934239,3.7867787,3.676,14.29787255,-0.242150528,3.632714101,5.409538764,-0.218265939,1.142151682,3.045548474,1.361639711,0.463433155,-5.385575194,0.770949473,-1.031824851,6.6582,3.364739691,-6.044366441,0.835591518,1001.740222,66.81673197,0.934848064,10.34298486,0.0,185.9612385,1.448191377,7.755073343,1.08737395,0.463433155,5.26532476,2.81568581,-0.261476157,1.749966265,-1.98052627,0.0,427.6048464,0.205950377,0.78686868,41.5,1.793671767,0.047360468,-4.972530795,83.660962
12,4.0,1,4.702404107,3.950380726,1.4065,4.73663741,1.702081659,3.809510349,3.632,15.20756402,-0.493071147,3.685272483,4.769262472,0.103549445,1.196874106,2.575901022,1.304698557,0.362150976,-5.267060713,1.087082697,-0.975926789,6.1763,3.49500062,-17.49121422,0.829506719,421.1445874,-681.2887444,0.450384035,11.18523725,0.0,180.7604582,1.55652781,7.701124469,1.091574727,0.362150976,5.598358465,2.804922712,-0.433984844,1.76123285,-1.118154956,0.0,571.6860941,0.450271348,0.735957835,47.0,1.822450233,0.112249957,3.80371928,102.124099
12,2.0,1,3.753029996,3.820765216,1.32842,4.013986639,1.195266057,3.666631429,2.245,14.13947498,-0.378685922,3.550676139,4.196827226,-0.077414602,-6.574822284,3.731910151,0.161001834,0.21880043,-4.995583283,0.822558724,-1.196506761,6.2824,3.216692315,-4.690756002,0.80648569,987.4032411,411.3186037,0.485255779,10.34298486,0.0,182.4835826,1.45930879,7.976738769,1.129258262,0.494280498,5.261184179,3.484544212,-0.201257181,1.557038105,-9.629099944,0.0,-22.06199292,0.205950377,0.754473608,38.0,1.798896153,-0.037758487,-12.77930897,74.769204
0,8.0,1,0.0,3.818879823,1.42566,3.995079891,1.195266057,3.66700481,2.245,14.13947498,-0.380466116,3.549921676,4.196827226,-0.024885153,-8.377531487,3.731910151,0.097579087,0.21880043,-4.995583283,0.822888139,-1.196506761,6.2824,3.219439292,-4.708629088,0.80648569,987.4032411,411.3186037,0.485255779,10.34298486,0.0,182.4835826,1.460207237,7.976738769,1.129258262,0.494280498,5.323684179,3.484544212,-0.201257181,1.557037735,-9.629099944,0.0,-22.06199292,0.205950377,0.754473608,34.0,1.795122593,-0.037758487,-12.77930897,74.769204
12,2.0,1,3.790422089,3.787936805,1.16882,4.010324744,1.195266057,3.608585457,2.325,13.65976504,-0.35188217,3.471231831,2.748143878,-0.100188265,-6.432101627,4.023782579,0.150800939,0.350319704,-4.920091976,0.793644742,-1.181425034,5.5022,3.200903525,-3.873571564,0.852118453,431.5362308,-65.94751887,0.241861406,15.92409933,0.0,185.3116539,1.413058521,8.19951014,1.179734217,0.546626178,5.20669759,3.659065161,-0.088409959,1.458764147,-4.920091976,0.0,-32.0747784,0.212027588,0.727593179,37.0,1.752983416,0.033649778,-4.242964747,68.582032
0,8.0,1,0.0,3.787214113,1.2653,3.990558899,1.195266057,3.609139519,2.325,13.65976504,-0.352829115,3.47076811,2.748143878,-0.037270997,-7.865268064,4.023782579,0.098932831,0.350319704,-4.920091976,0.794286846,-1.181425034,5.5022,3.20391316,-3.950441198,0.852118453,431.5362308,-65.94751887,0.241861406,15.92409933,0.0,185.3116539,1.413785018,8.19951014,1.179734217,0.546626178,5.275663107,3.659065161,-0.088409959,1.459255851,-4.920091976,0.0,-32.0747784,0.212027588,0.727593179,33.0,1.749661073,0.033649778,-4.242964747,68.582032
17,4.0,1,6.942815325,4.013765001,1.2532,4.785975651,1.702081659,3.950482426,3.508,14.70038256,-0.576208634,3.73349292,5.233493939,0.297961761,0.722869959,2.61348016,1.187810736,0.432398177,-5.474904134,0.807394773,-0.980984425,7.51859,3.620917016,-4.963270392,0.743511356,1764.507939,-920.6015998,0.52404919,14.68876126,0.0,194.5826631,1.46635078,7.698930237,1.077375943,0.432398177,5.507982949,2.859349885,-0.330075364,1.538688554,-1.088405697,0.0,449.1650654,0.561879565,0.739718167,50.0,1.721329045,0.040707172,8.506531229,92.020583
12,2.0,1,4.844131737,3.829123215,1.22847,4.01477215,1.195266057,3.666885829,2.526,14.12299989,-0.413686973,3.621327645,3.517328361,0.31944774,-7.788085331,2.639442862,0.094417782,0.196161541,-1.016789491,0.688964602,-0.95633193,5.3499,3.250497199,-5.027715042,0.7752315,310.5507648,1833.204882,0.320952175,15.3705518,0.0,180.2017479,1.372874417,7.53556631,1.037075544,0.479280498,5.215898931,2.704966652,-0.244920792,1.463134526,-1.016789491,0.0,11.7748531,0.509511578,0.763350212,36.25,1.739595512,0.151570308,-9.462471496,73.764997
0,9.0,0,0.0,3.929174947,1.35453,4.702896383,0.814325285,3.759416096,3.201,14.08003693,-0.236234305,3.56292793,3.513712756,0.109825956,0.316716194,2.425008946,1.104037385,0.0,-4.951958297,0.883887615,0.021468884,7.0298,3.380757446,-11.13741791,0.793857444,80.04407087,615.7638877,0.251851609,9.041229569,0.0,172.6457994,1.494418472,7.481820748,1.149588562,0.0,5.004514645,2.385448927,-0.276680052,1.563026335,-0.86532087,0.0,458.939179,0.205950377,0.719564334,32.5,1.789711325,0.145079384,-4.88242252,75.436583
12,2.0,1,4.656587271,3.814635119,1.24672,4.012842127,0.814325285,3.740233395,2.534,14.2048643,-0.294384023,3.613946588,3.663708741,0.18515328,-4.090960762,2.672784194,0.32097951,0.476478999,-2.682896683,0.935415865,-1.002244287,5.92,3.360516848,-1.849067981,0.799608758,547.7410917,-498.0261447,0.251851609,10.34298486,0.0,182.6318228,1.463862164,7.752858321,1.148873492,0.476478999,5.259932945,2.718747984,-0.226743355,1.718298779,-3.764890256,0.0,46.24508898,0.613337654,0.768898833,38.75,1.826268338,0.011078592,2.733892767,77.60379
0,8.0,1,0.0,3.813241997,1.3416,3.993625135,0.814325285,3.740414903,2.534,14.2048643,-0.296488061,3.611319965,3.663708741,0.159284526,-4.941743946,2.672784194,0.253420111,0.476478999,-2.682896683,0.934741407,-1.002244287,5.92,3.360413771,-1.838560461,0.799608758,547.7410917,-498.0261447,0.251851609,10.34298486,0.0,182.6318228,1.464565474,7.752858321,1.148873492,0.476478999,5.320539006,2.718747984,-0.226743355,1.718053485,-3.764890256,0.0,46.24508898,0.613337654,0.768898833,34.75,1.816413486,0.011078592,2.733892767,77.60379
12,4.0,1,4.860639499,3.950399827,1.31478,4.706276601,1.426995682,3.798960092,3.336,14.48139688,-0.378147952,3.66161131,4.33764211,0.250389242,0.025437489,2.407761264,1.006379636,0.447138148,-4.820111106,0.929655448,-0.956914443,5.6271,3.47966128,-1.936793885,0.770815379,317.0191139,84.35162483,0.386392719,10.34298486,0.0,176.3172982,1.468128608,7.593347545,1.026613208,0.447138148,5.402769333,2.474117013,-0.286884198,1.739931079,-1.024379076,0.0,516.6461608,0.28928371,0.679212242,43.5,1.828891171,0.048945415,1.239657315,90.281341
0,10.0,1,0.0,3.929201495,1.40421,4.706276601,1.426995682,3.797752942,3.336,14.48139688,-0.380948534,3.651003517,4.33764211,0.252888193,-0.164210174,2.407761264,0.959778698,0.447138148,-4.820111106,0.928935563,-0.956914443,5.6271,3.479507817,-1.92908896,0.770815379,317.0191139,84.35162483,0.386392719,10.34298486,0.0,176.3172982,1.468557027,7.593347545,1.026613208,0.447138148,5.454717385,2.474117013,-0.286884198,1.739545536,-1.024379076,0.0,516.6461608,0.28928371,0.679212242,39.5,1.818809589,0.048945415,1.239657315,90.281341
12,4.0,1,4.511739095,3.95037614,1.27431,4.736637376,1.702081659,3.794895231,3.234,14.48410046,-0.281323525,3.637668699,4.137032531,0.200119981,1.192438546,2.773638721,1.357647569,0.468296415,-5.233162736,1.017160624,-1.101044839,5.8528,3.429169866,-3.570559539,0.84608259,644.7009582,138.9124052,0.431092802,11.18523725,0.0,179.4901296,1.454896089,7.714142653,1.067245259,0.468296415,5.415450244,3.005097677,-0.374330948,1.556520835,-1.547028256,0.0,491.0905229,0.348209275,0.738291916,42.75,1.749706955,0.13218346,3.332698103,86.222962
12,4.0,1,4.527825109,3.950320754,1.25355,4.707981928,1.830934239,3.787125016,3.105,14.31295649,-0.148704753,3.645646177,3.702640079,-0.428332587,0.413475828,3.043491911,1.114949852,0.464900352,-5.513255235,0.827512522,-1.028275277,4.2393,3.447677873,-2.938141163,0.819561923,15.75119066,-525.1612691,0.251851609,11.18523725,0.236154055,183.6912988,1.4671069,7.814754878,1.131574602,0.464900352,5.389648195,2.791203384,-0.253386273,1.767273423,-1.148748331,0.0,454.2953738,0.27811916,0.85160859,42.0,1.814245706,-0.03311396,-4.89837051,83.129376
12,2.0,1,4.852831399,3.799946223,1.32908,4.012680018,1.114851112,3.561377263,2.442,14.16054525,-0.072199555,3.537223243,3.593614546,-0.239947462,-5.029777658,2.694009588,0.227786528,0.195294429,-1.011840512,0.628948321,-0.955852629,6.1301,3.256814749,-4.036504883,0.821784744,781.0413472,-1238.737624,0.251851609,10.34298486,0.0,177.5178965,1.462806878,7.58432783,1.17405926,0.471626178,5.181250198,2.559140885,-0.264920792,1.675476435,-1.958812684,0.0,5.157327457,0.205950377,0.767961912,36.25,1.820058092,0.080443448,2.748659532,78.192169
0,8.0,1,0.0,3.798702018,1.42998,3.993389187,1.114851112,3.561488194,2.442,14.16054525,-0.068616495,3.53679115,3.593614546,-0.21211739,-5.934719594,2.694009588,0.174556682,0.195294429,-1.011840512,0.633091397,-0.955852629,6.1301,3.257641186,-4.101829551,0.821784744,781.0413472,-1238.737624,0.251851609,10.34298486,0.0,177.5178965,1.463560007,7.58432783,1.17405926,0.471626178,5.24095169,2.559140885,-0.264920792,1.675368645,-1.958812684,0.0,5.157327457,0.205950377,0.767961912,32.25,1.811506654,0.080443448,2.748659532,78.192169
18,4.0,1,4.909309926,3.950325991,1.17614,4.72816029,1.830934239,3.788205843,4.008,14.40032594,-0.142992471,3.658903101,3.901081082,-0.205629017,0.336705942,3.084152831,1.090171319,0.457302473,-5.567709968,0.738071424,-1.025835008,6.95689,3.522295643,-6.60068148,0.841103548,289.7378156,-227.3126349,0.327740104,11.54450444,0.0,190.3447301,1.466866484,7.741522919,1.126399967,0.457302473,5.293149802,2.827300208,-0.271534224,1.770467689,-1.151222624,0.0,400.4629097,0.308012449,0.861948182,47.75,1.842464316,-0.026045725,-4.54191224,85.840583
0,13.0,1,0.0,3.929122743,1.28785,4.726624403,1.830934239,3.787127394,4.008,14.40032594,-0.126813407,3.647265348,3.901081082,-0.146463829,0.236549709,3.084152831,1.062530972,0.457302473,-5.567709968,0.747857056,-1.025835008,6.95689,3.510475463,-6.195234093,0.841103548,289.7378156,-227.3126349,0.327740104,11.54450444,0.0,190.3447301,1.467448463,7.741522919,1.126399967,0.457302473,5.378864088,2.827300208,-0.271534224,1.768373457,-1.151222624,0.0,400.4629097,0.308012449,0.861948182,42.25,1.829397233,-0.026045725,-4.54191224,85.840583
18,2.0,1,4.027784174,3.84615488,1.13938,4.014900683,0.814325285,3.720621017,2.668,14.26148204,-0.300574798,3.63393409,3.355852109,-0.324693768,-9.922814592,3.989642576,0.073441435,0.48933408,-4.584361628,0.691462956,-1.164490615,7.398,3.356608122,-5.435383222,0.777479916,483.3118558,-2707.541236,0.264506349,12.63393923,0.0,202.3096707,1.447911296,8.162009058,1.345273224,0.48933408,5.314193614,3.791032059,-0.212976286,1.603556796,-5.979525198,0.0,14.06388871,0.308012449,0.689965582,45.75,1.826449923,0.180716825,-1.8970061,76.586825
0,11.0,1,0.0,3.834344934,1.25178,3.995880784,0.814325285,3.70627892,2.668,14.26148204,-0.335107014,3.622028544,3.355852109,-0.268270327,-9.679412961,3.989642576,0.07829951,0.48933408,-4.584361628,0.699943863,-1.164490615,7.398,3.35110198,-5.730332188,0.777479916,483.3118558,-2707.541236,0.264506349,12.63393923,0.0,202.3096707,1.449120513,8.162009058,1.345273224,0.48933408,5.409431709,3.791032059,-0.212976286,1.597572259,-5.979525198,1.0,14.06388871,0.308012449,0.689965582,40.25,1.814110187,0.180716825,-1.8970061,76.586825
12,4.0,1,4.407033564,3.94727503,1.24001,4.729512284,1.702081659,3.79313069,3.195,14.24629575,-0.521241719,3.641066266,3.827719075,0.439329864,0.931618643,2.728353428,1.286324366,0.472247033,-5.137820801,0.753642327,-1.013283779,5.5267,3.425691813,-3.091237842,0.845503608,321.5138104,-158.5242893,0.353419715,11.18523725,0.189226309,183.0746368,1.426458807,7.753264225,1.209185062,0.472247033,5.506436738,3.050952138,-0.236659479,1.47242288,-1.115055467,0.0,444.6275824,0.27811916,0.757466928,41.5,1.770404262,0.089407835,6.272975009,81.000583
12,4.0,1,4.705340015,3.950375838,1.37121,4.727529013,1.702081659,3.794045452,3.049,14.52117954,-0.411320855,3.659159077,4.592505396,0.203848772,1.092543212,2.490237718,1.314078689,0.44189257,-5.311719978,0.769141895,-0.989964592,7.2541,3.456548176,-3.83699127,0.836338792,740.3114459,-207.8535895,0.43312235,11.18523725,0.0,176.0073726,1.662122366,7.609182293,1.129942428,0.44189257,5.509385232,2.728146456,-0.302013433,1.792364603,-1.092709591,0.0,511.4380733,0.469000087,0.809780703,42.75,1.849511805,-0.022280314,8.478758492,91.608134
12,4.0,1,4.664088984,3.950375047,1.38997,4.720568146,1.702081659,3.793857941,2.899,14.45383386,-0.477987535,3.656259073,4.675990244,0.234840461,0.933428919,2.490783733,1.270411353,0.44780973,-5.349335718,0.767570071,-0.999386462,7.11,3.408649295,-3.79276182,0.812437999,1052.500922,-421.0104392,0.527076153,11.18523725,0.0,171.8744546,1.65226882,7.613177983,1.138962535,0.44780973,5.409135891,2.760658759,-0.289513433,1.742186369,-1.10255527,0.0,498.685201,0.205950377,0.792441629,41.75,1.805592039,0.018994372,9.612523592,89.848134
12,4.0,1,4.576323597,3.950323534,1.27889,4.709583639,1.830934239,3.787633959,3.543,14.20937199,-0.199862958,3.643607583,4.407383379,-0.181184416,0.638449022,3.020202971,1.200110945,0.469708025,-5.146634865,0.702834856,-1.017266084,6.483,3.317810735,-6.448718153,0.785671966,312.2833264,159.1196601,0.510084302,12.63393923,0.0,181.4827211,1.460319369,7.670198263,1.078339715,0.469708025,5.297663627,2.776620771,-0.259318941,1.574634105,-1.122735993,0.0,405.5998172,0.205950377,0.775987136,40.0,1.800519874,0.056456025,-8.330699921,78.800583
12,4.0,1,4.584012636,3.950337346,1.36403,4.716690266,1.830934239,3.789999665,3.504,14.37922743,-0.24568686,3.649510127,4.861702208,-0.173466506,1.178823778,3.076016645,1.375202538,0.453179099,-5.264469227,0.708639971,-1.015702298,7.1191,3.423665465,-6.11429993,0.844652115,658.0717452,1588.455359,0.613307553,14.09851375,0.0,186.514909,1.476055031,7.583859901,0.973746493,0.453179099,5.197159723,2.713937471,-0.287096718,1.744633883,-1.132568051,0.0,430.1952724,0.205950377,0.837302352,41.0,1.814610322,0.128307003,-15.01802727,84.987755
0,10.0,1,0.0,3.929135965,1.46031,4.716689744,1.830934239,3.789121084,3.504,14.37922743,-0.242461391,3.640151759,4.861702208,-0.112185211,1.073096685,3.076016645,1.336462411,0.453179099,-5.264469227,0.711236554,-1.015702298,7.1191,3.423555003,-6.123080078,0.844652115,658.0717452,1588.455359,0.613307553,14.09851375,0.0,186.514909,1.476335719,7.583859901,0.973746493,0.453179099,5.252715279,2.713937471,-0.287096718,1.744605444,-1.132568051,0.0,430.1952724,0.205950377,0.837302352,37.0,1.807618793,0.128307003,-15.01802727,84.987755
12,4.0,1,4.633144675,3.950373389,1.30153,4.712226707,1.702081659,3.793466585,2.872,14.24957507,-0.526852045,3.656229851,4.216410037,0.312515852,0.851877884,2.645053746,1.258898668,0.466074193,-5.238931912,0.703044378,-1.005923242,6.3777,3.402888557,-2.956589429,0.838335477,662.280045,83.09544002,0.45498782,11.18523725,0.183053469,180.2527138,1.469609094,7.652872233,1.164210475,0.466074193,5.314758211,2.947338357,-0.244471979,1.741170322,-1.099623368,0.0,453.6233811,0.205950377,0.75338184,40.5,1.790712278,0.102183047,3.687196424,83.660962
12,2.0,1,4.401762876,3.834552322,1.30328,4.01287842,0.993902287,3.773946224,2.576,14.282889,-0.363690154,3.643518812,4.252476165,0.043327192,-2.844169287,2.713625854,0.482258898,0.392998677,-4.721508839,0.942532229,-1.061874682,5.5781,3.385146661,-1.846681824,0.817497732,763.1204018,-416.109344,0.37318613,10.34298486,0.0,181.3062093,1.464360693,7.769409942,1.109628086,0.471465849,5.35029266,2.77501694,-0.242577925,1.734545105,-8.643374404,0.0,9.279380269,0.706644185,0.741571316,40.75,1.831165717,0.089945007,3.415986402,81.389583
0,8.0,1,0.0,3.833517701,1.39408,3.993686012,0.993902287,3.773722436,2.576,14.282889,-0.366152201,3.636089401,4.252476165,0.020956532,-3.33276004,2.713625854,0.425472971,0.392998677,-4.721508839,0.94201692,-1.061874682,5.5781,3.385004363,-1.837621588,0.817497732,763.1204018,-416.109344,0.37318613,10.34298486,0.0,181.3062093,1.465039369,7.769409942,1.109628086,0.471465849,5.407435517,2.77501694,-0.242577925,1.734175746,-8.643374404,0.0,9.279380269,0.706644185,0.741571316,36.75,1.820162527,0.089945007,3.415986402,81.389583
12,3.0,1,4.673155683,3.803662724,1.16788,4.013201572,1.195266057,3.541469593,2.67,13.90855545,-0.386030927,3.48251849,3.312973018,0.165531029,-11.75121453,2.804824235,0.025419097,0.498618847,-1.071511713,0.699423065,-0.992577678,5.5581,3.199176372,-5.804689719,0.791346528,604.0790437,1334.614656,0.278203922,12.63393923,0.0,182.3575843,1.45809397,7.598511401,1.112812495,0.498618847,5.161807032,2.947609399,-0.170268015,1.522433334,-1.071511713,0.0,18.5259737,0.205950377,0.751770918,36.75,1.783807372,0.170671676,-5.968287048,70.671411
0,9.0,1,0.0,3.802266519,1.26881,3.994029352,1.195266057,3.541612253,2.67,13.90855545,-0.395461982,3.482298605,3.312973018,0.18784048,-6.014209603,2.804824235,0.152675504,0.498618847,-1.071511713,0.702005618,-0.992577678,5.5581,3.20273364,-5.540094728,0.791346528,604.0790437,1334.614656,0.278203922,12.63393923,0.0,182.3575843,1.459017749,7.598511401,1.112812495,0.498618847,5.229603642,2.947609399,-0.170268015,1.522417826,-1.071511713,0.0,18.5259737,0.205950377,0.751770918,32.75,1.78184283,0.170671676,-5.968287048,70.671411
12,2.0,1,5.009618675,3.776763998,1.13443,4.018962299,0.814325285,3.464151896,2.199,13.48089341,-0.210655792,3.339211494,3.422032161,-0.067137377,-5.20803505,2.347382163,0.165982295,0.540692536,-0.908748313,0.59531851,-0.908748313,5.3829,3.201666201,-4.121062138,0.694029396,600.4306767,-194.3721897,0.454707055,9.766749296,0.0,160.0463579,1.315224244,7.852424525,1.373421712,0.540692536,4.856196298,2.626721724,-0.206726348,1.531156665,-0.517471585,0.0,19.25926521,0.205950377,0.76136283,33.5,1.719654278,0.078574343,-0.687267632,65.015825
12,4.0,1,3.333934025,3.958498412,1.21782,4.701537316,1.830934239,3.788290529,3.595,14.5726865,-0.069747789,3.645965182,3.507944625,-0.348317894,0.504728461,3.278859733,1.155124502,0.487053704,-5.074731573,0.672797382,-1.088440078,6.2336,3.314499665,-5.941934991,0.815523711,9.025670974,-1350.896477,0.251851609,12.4039646,0.0,186.4112805,1.451823913,7.972247083,1.215315111,0.487053704,5.369904328,3.023206447,-0.207660777,1.511195506,-1.237065169,0.0,368.2336841,0.190658425,0.814479672,40.75,1.77899057,-0.05709243,-2.956640964,75.597204
18,4.0,1,3.829370063,3.950494763,1.24178,4.708541849,1.702081659,3.825930613,3.483,15.10281171,-0.516155988,3.722952624,4.298841658,0.282388707,-3.138621446,2.876434305,0.481951417,0.436338394,-5.74577862,0.74881768,-1.048949128,8.18229,3.630185439,-5.282765508,0.89583731,107.6699991,224.2080412,0.4348717,15.83214497,0.0,194.619542,1.463319819,7.709957147,1.110196854,0.436338394,5.504120605,3.030625948,-0.331593105,1.674869094,-1.200105936,0.0,456.4809553,0.468436203,0.7983504,52.0,1.835235453,0.24529452,0.338892178,92.351169
12,4.0,1,4.589506977,3.950324835,1.31315,4.716739749,1.830934239,3.78780037,3.543,14.29770107,-0.231015813,3.645750518,4.49047129,-0.181278726,1.088745128,2.916405356,1.353141874,0.461443562,-5.207848857,0.717957885,-1.014426577,6.8731,3.334941403,-6.294221392,0.772750141,536.9594669,453.322545,0.461299247,12.63393923,0.0,177.6650563,1.5202406,7.646715679,1.047611559,0.461443562,5.365275,2.74319028,-0.273207829,1.65357227,-1.124250662,0.0,418.3894421,0.205950377,0.79036277,40.5,1.804139344,0.054579144,-9.851022379,81.894169
12,3.0,1,4.955765038,3.801278877,1.2991,4.012628532,0.905750256,3.684453157,3.316,14.46797096,-0.361917836,3.586283545,3.959655683,0.228469166,-3.405234762,2.396205577,0.417639308,0.449533469,-0.99028434,0.955730908,-0.934679817,5.1332,3.394906617,-1.563552335,0.820275394,534.1430147,-30.79621938,0.297495155,10.6345464,0.0,175.523186,1.53954906,7.560708221,1.097458276,0.449533469,5.398857447,2.44623759,-0.2822684,1.751535161,-0.99028434,0.0,86.61954776,0.28928371,0.746061137,42.25,1.832842231,0.093703241,0.96760109,88.339341
0,9.0,1,0.0,3.800023834,1.38996,3.993329042,0.905750256,3.684562347,3.316,14.46797096,-0.364727366,3.585553609,3.959655683,0.232672369,-3.99407664,2.396205577,0.35911155,0.449533469,-0.99028434,0.954737859,-0.934679817,5.1332,3.39477811,-1.556837656,0.820275394,534.1430147,-30.79621938,0.297495155,10.6345464,0.0,175.523186,1.539547933,7.560708221,1.097458276,0.449533469,5.451489026,2.44623759,-0.2822684,1.750990759,-0.99028434,0.0,86.61954776,0.28928371,0.746061137,38.25,1.821953271,0.093703241,0.96760109,88.339341
0,9.0,1,0.0,3.928925684,1.26611,4.738785805,1.62865057,3.515223919,2.319,13.93309249,-0.255908949,3.349828095,4.152365079,0.033617367,-3.730285229,2.742228836,0.288393789,0.498447165,-5.791735678,0.637800285,-1.045255777,6.2353,3.175902638,-10.99529956,0.858890971,964.9611748,-211.9361242,0.572001973,7.951499558,0.0,177.820795,1.307897568,7.827389045,1.280015509,0.498447165,4.935371986,2.688424337,-0.260544785,1.451103817,-1.206696899,0.0,415.5622597,0.200687358,0.816794358,30.75,1.737621894,0.191348052,10.20561222,66.957825
12,4.0,1,4.645395579,3.950373974,1.26032,4.704782204,1.702081659,3.793641787,2.938,14.23163132,-0.426164762,3.652598296,4.122730594,0.178860918,-0.170366756,2.693898675,0.953778229,0.469963082,-5.094384587,0.745608541,-1.003382993,5.9413,3.390086966,-3.339689009,0.847697309,475.8284268,-642.6936039,0.442121471,10.34298486,0.0,183.4833027,1.462436758,7.67644537,1.192752471,0.469963082,5.333283245,2.946031038,-0.240707829,1.574231971,-1.092938749,0.0,462.6273453,0.205950377,0.715564052,40.25,1.790155473,0.111756193,6.205860098,80.567376
0,10.0,1,0.0,3.929172999,1.3558,4.704782134,1.702081659,3.7926187,2.938,14.23163132,-0.42637249,3.642962174,4.122730594,0.210348553,-0.409493123,2.693898675,0.892482753,0.469963082,-5.094384587,0.747871851,-1.003382993,5.9413,3.389935398,-3.327724746,0.847697309,475.8284268,-642.6936039,0.442121471,10.34298486,0.0,183.4833027,1.463194256,7.67644537,1.192752471,0.469963082,5.392106775,2.946031038,-0.240707829,1.574231264,-1.092938749,0.0,462.6273453,0.205950377,0.715564052,36.25,1.787580128,0.111756193,6.205860098,80.567376
17,4.0,1,5.450237084,3.993157043,1.22975,4.778437392,1.702081659,3.950444211,3.375,14.65031931,-0.427775479,3.732225693,4.81832935,0.232958017,0.677438234,2.616359504,1.179663039,0.437626195,-5.45487327,0.851428566,-0.985198575,6.86519,3.620744836,-4.758518064,0.817921257,1003.132738,-1044.303724,0.52404919,13.68288315,0.0,192.3637539,1.47156292,7.676574878,1.173205571,0.437626195,5.507982949,2.857286573,-0.319540725,1.566725452,-1.090948294,0.0,504.2309014,0.457271653,0.816876241,48.75,1.721501297,0.02649209,11.14717899,90.507376
12,2.0,1,4.623900849,3.799612911,1.2474,4.009652099,0.814325285,3.608325044,2.955,14.32701901,-0.338254803,3.529859493,3.433435039,0.193886141,-4.404166197,2.530364284,0.294234121,0.467442931,-0.978694962,1.119952341,-0.92917094,5.1562,3.332532339,-2.310726491,0.831248688,305.9471351,-348.3271768,0.246251418,10.34298486,0.0,180.9250992,1.462948627,7.650304877,1.10931816,0.467442931,5.477948007,2.528223594,-0.240288187,1.721992251,-0.978694962,0.0,87.2705266,0.308012449,0.736299276,39.25,1.810255146,0.137755686,2.081781281,80.392169
0,8.0,1,0.0,3.798413734,1.33914,3.990298051,0.814325285,3.608433986,2.955,14.32701901,-0.337582576,3.529597922,3.433435039,0.175400912,-5.278471595,2.530364284,0.230791145,0.467442931,-0.978694962,1.118299453,-0.92917094,5.1562,3.33264801,-2.385130566,0.831248688,305.9471351,-348.3271768,0.246251418,10.34298486,0.0,180.9250992,1.464873543,7.650304877,1.10931816,0.467442931,5.535919022,2.528223594,-0.240288187,1.721521873,-0.978694962,1.0,87.2705266,0.308012449,0.736299276,35.25,1.793982048,0.137755686,2.081781281,80.392169
12,4.0,1,4.688046439,3.950409028,1.28968,4.709244554,1.830934239,3.814686378,3.693,14.55672885,-0.179596883,3.673726984,4.082049235,-0.152456142,0.930727334,3.046316469,1.286014535,0.433665784,-5.095904163,0.707179965,-0.980884911,6.8747,3.622505103,-5.529592352,0.842113854,-19.22242137,-147.6348531,0.278811292,12.63393923,0.0,190.5317428,1.513812551,7.652272486,1.095000176,0.433665784,5.332505338,2.634039643,-0.314948379,1.603544698,-1.054806217,0.0,428.9732006,0.375987053,0.776680422,41.5,1.73142951,0.060355538,-7.894401557,83.654169
18,2.0,1,6.00704957,3.867288877,1.26327,4.014792473,0.993902287,3.756007345,3.017,14.53432213,-0.437450807,3.645565414,4.020998561,0.28224593,-28.78356307,2.655781893,0.000623,0.254943122,-1.131299461,0.728838483,-0.974681885,6.7419,3.391603248,-5.140590848,0.823839467,805.0429954,337.3929757,0.386791098,14.27731708,0.0,188.6411302,1.604983237,7.568024179,1.080091654,0.452180729,5.377712059,2.686718384,-0.281764275,1.739388643,-2.204388831,0.0,24.17394765,0.28928371,0.777841736,45.75,1.832122391,0.11408433,0.153798858,86.998962
0,11.0,1,0.0,3.84835616,1.37953,3.995579528,0.993902287,3.748649511,3.017,14.53432213,-0.465703949,3.636210623,4.020998561,0.303077988,-12.20774235,2.655781893,0.043709477,0.254943122,-1.131299461,0.734070423,-0.974681885,6.7419,3.394115732,-4.519109624,0.823839467,805.0429954,337.3929757,0.386791098,14.27731708,0.0,188.6411302,1.59693429,7.568024179,1.080091654,0.452180729,5.459903839,2.686718384,-0.281764275,1.74018274,-2.204388831,1.0,24.17394765,0.28928371,0.777841736,40.25,1.820684158,0.11408433,0.153798858,86.998962
12,4.0,1,4.603491248,3.950406735,1.37538,4.708546438,1.830934239,3.808299024,3.045,14.50197462,0.043470959,3.661489042,4.100504562,-0.284984881,0.387827481,2.969897451,1.104555447,0.445610229,-5.56082468,0.649058412,-1.011911719,6.7678,3.611933938,-3.927199811,0.806901973,514.5158895,-1050.228717,0.297717468,12.63393923,0.13545961,185.0057619,1.44509957,7.714130556,1.113941328,0.445610229,5.184768524,2.702452189,-0.301040594,1.666514772,-1.713641095,0.0,477.3044188,0.375987053,0.916231374,42.0,1.831826681,-0.221904925,-5.63052776,88.514548
0,10.0,1,0.0,3.929215383,1.46791,4.708545868,1.830934239,3.806852796,3.045,14.50197462,0.047383548,3.656323831,4.100504562,-0.214877014,0.260694662,2.969897451,1.069129521,0.445610229,-5.56082468,0.652194671,-1.011911719,5.639,3.608628708,-3.969309653,0.806901973,514.5158895,-1050.228717,0.297717468,12.63393923,0.13545961,185.0057619,1.446416157,7.714130556,1.113941328,0.445610229,5.238101857,2.702452189,-0.301040594,1.665923494,-1.713641095,0.0,477.3044188,0.375987053,0.916231374,38.0,1.821827071,-0.221904925,-5.63052776,88.514548
18,3.0,0,5.639440197,3.950365862,1.17191,4.727874812,0.882477177,3.823237463,3.644,14.54068272,-0.291016393,3.748568989,3.478572448,-0.033786651,-0.326606052,2.624464457,0.921593066,0.483231431,-5.016002766,0.76453474,-0.045031217,6.5639,3.563435338,-6.123612817,0.866591101,142.4675547,328.7952682,0.295001221,14.71482314,0.0,188.3853,1.67928172,7.587568057,1.061653894,0.483231431,5.573118394,2.929112109,-0.275594034,1.703007402,0.0,0.0,490.9175326,0.57165385,0.737944145,48.5,1.823607392,0.012355778,5.620206544,88.572169
12,4.0,1,4.589506977,3.950335946,1.30995,4.708969076,1.830934239,3.789813864,3.543,14.29770107,-0.210349584,3.64651997,4.146030029,-0.17838815,0.980542266,3.108009462,1.313076493,0.461443562,-5.119921902,0.697974857,-1.014426577,6.7306,3.409976797,-5.988053315,0.841282467,316.3603199,897.9291061,0.350422095,12.63393923,0.0,185.401424,1.474049993,7.622981972,1.020826037,0.461443562,5.249332971,2.715107056,-0.273207829,1.664702596,-1.124250662,0.0,418.3894421,0.205950377,0.845453885,40.5,1.81225471,0.119640881,-10.65370468,81.894169
12,2.0,1,5.045420123,3.799708281,1.26032,4.012611714,0.814325285,3.608326371,2.782,14.35479679,-0.265398461,3.529866148,3.51499541,0.12422885,-4.462677133,2.456337168,0.289490575,0.461270091,-0.950917184,1.091408701,-0.91354594,5.3013,3.332724783,-2.252324528,0.828475032,276.6834067,-255.1725296,0.251851609,10.34298486,0.0,180.50692,1.464707907,7.586413383,1.109745569,0.461270091,5.275362481,2.439965225,-0.271244489,1.722621876,-0.950917184,0.0,83.98865053,0.308012449,0.73668028,38.75,1.822414524,0.126072105,1.602766016,81.718962
0,8.0,1,0.0,3.798480796,1.3555,3.993304597,0.814325285,3.608436145,2.782,14.35479679,-0.268055045,3.529606183,3.51499541,0.116844313,-5.418307369,2.456337168,0.221998339,0.461270091,-0.950917184,1.088449345,-0.91354594,5.3013,3.332708,-2.241209235,0.828475032,276.6834067,-255.1725296,0.251851609,10.34298486,0.0,180.50692,1.46536807,7.586413383,1.109745569,0.461270091,5.332505338,2.439965225,-0.271244489,1.722383374,-0.950917184,0.0,83.98865053,0.308012449,0.73668028,34.75,1.813921098,0.126072105,1.602766016,81.718962
12,2.0,1,4.864179713,3.800862238,1.26404,4.012871298,1.114851112,3.532866894,2.482,14.09507472,-0.242521383,3.511673424,3.640912223,-0.079192188,-7.014149149,2.697119342,0.119373297,0.355016651,-1.002339378,0.689263111,-0.953335399,5.5975,3.206890442,-4.347819621,0.798836604,464.816378,1208.3726,0.319548439,12.63393923,0.0,174.8916399,1.460139051,7.532506072,1.047302268,0.479280498,5.304229297,2.588237874,-0.256170792,1.597844836,-1.002339378,0.0,1.169313153,0.205950377,0.736661293,35.75,1.814177089,0.107245475,-9.774945213,75.098583
0,9.0,1,0.0,3.92885257,1.17869,4.730609592,1.62865057,3.513728109,2.359,13.61133323,-0.286574251,3.328255506,3.072463752,0.062529316,-3.180515096,2.807273663,0.333961573,0.538447165,-5.62635502,0.608835997,-1.033681703,5.8452,3.175744118,-7.171702194,0.862144469,481.3760333,351.1248327,0.36021227,10.35108166,0.0,179.6335551,1.249629723,7.899700774,1.207732614,0.538447165,4.897085151,2.882699878,-0.222930052,1.440882436,0.0,0.0,397.329426,0.205950377,0.795535749,30.25,1.711738006,0.30246669,6.274468756,63.864239
12,2.0,1,4.572670517,3.799809471,1.21677,4.012794383,1.833210134,3.521608768,2.722,13.98396361,-0.449645008,3.471350034,3.373974746,0.06503236,-7.895789517,2.917641929,0.091385954,0.236161541,-1.113450489,0.747314249,-1.015835399,4.3223,3.198917835,-4.136789742,0.799189208,310.3227737,821.2657273,0.278346173,12.63393923,0.0,178.3849556,1.456716871,7.685327047,1.106557401,0.491626178,5.312673125,2.889161116,-0.193670792,1.516392676,-1.113450489,0.0,-34.64165571,0.205950377,0.74948484,36.0,1.78982145,0.116180999,-5.844019196,72.806997
12,3.0,1,4.865180079,3.80545505,1.24158,4.012739517,1.049075093,3.696124954,2.968,14.30818555,-0.417651739,3.608498137,3.605339311,0.185349461,-5.813425846,2.601748971,0.198922394,0.465836207,-1.016384517,0.756650544,-0.953785371,5.5915,3.369132842,-2.84052574,0.831922118,453.2787788,250.9068647,0.28412647,11.54450444,0.0,184.3290793,1.530994787,7.597041605,1.097743922,0.465836207,5.414309348,2.699582223,-0.250615237,1.702139163,-1.016384517,0.0,59.14429801,0.40713484,0.745606149,40.0,1.791560729,0.112810375,1.616966451,80.385376
0,9.0,1,0.0,3.80410677,1.33634,3.993479847,1.049075093,3.696310239,2.968,14.30818555,-0.418675427,3.606536227,3.605339311,0.211318964,-7.23828242,2.601748971,0.133903752,0.465836207,-1.016384517,0.758471382,-0.953785371,5.5915,3.36901593,-2.828108475,0.831922118,453.2787788,250.9068647,0.28412647,11.54450444,0.0,184.3290793,1.530985928,7.597041605,1.097743922,0.465836207,5.473132878,2.699582223,-0.250615237,1.702129216,-1.016384517,0.0,59.14429801,0.40713484,0.745606149,36.0,1.788837501,0.112810375,1.616966451,80.385376
12,4.0,1,4.5841114,3.950318897,1.21156,4.701537288,1.830934239,3.786787005,3.582,14.06381643,-0.121534825,3.642858408,3.467011406,-0.241288624,0.460387137,3.087285317,1.145003829,0.482053704,-5.00208754,0.683589882,-1.015459111,6.0945,3.314318612,-5.405412112,0.807545658,-38.11892069,-773.9464045,0.251851609,10.34298486,0.0,184.3151025,1.459190711,7.778481884,1.177832354,0.482053704,5.238719209,2.804502743,-0.228068941,1.511289061,-1.108569327,0.0,391.6992446,0.205950377,0.808837928,39.5,1.780899582,0.015697249,-2.609961214,75.706997
0,10.0,1,0.0,3.929116129,1.30959,4.701536705,1.830934239,3.78602113,3.582,14.06381643,-0.11663119,3.634256466,3.467011406,-0.186368571,0.28862021,3.087285317,1.08859546,0.482053704,-5.00208754,0.686769059,-1.015459111,6.0945,3.314401763,-5.568259459,0.807545658,-38.11892069,-773.9464045,0.251851609,10.34298486,0.0,184.3151025,1.460050754,7.778481884,1.177832354,0.482053704,5.302211273,2.804502743,-0.228068941,1.511270363,-1.108569327,0.0,391.6992446,0.205950377,0.808837928,35.5,1.77911855,0.015697249,-2.609961214,75.706997
12,4.0,1,4.373954365,3.94725082,1.2343,4.73361639,1.830934239,3.787194424,3.866,14.23367187,-0.202054318,3.636141508,3.984621904,-0.210763746,1.178080562,3.083288764,1.387140731,0.471697618,-5.109083425,0.764174047,-1.019520325,6.0221,3.412487909,-5.676710299,0.823709319,190.8859487,-367.3058101,0.383294338,11.54450444,0.0,187.8812359,1.422982783,7.818723722,1.145867774,0.471697618,5.445761165,2.83436214,-0.241957829,1.466012597,-1.130554162,0.0,409.622162,0.264875942,0.802560704,41.5,1.767930552,0.024698345,-2.788828819,79.23379
12,4.0,1,4.752229667,3.95049212,1.2954,4.736678019,1.702081659,3.821061048,3.16,14.55118379,-0.509559369,3.728810254,4.535268825,0.250793905,1.08498827,2.54437699,1.320753121,0.443728514,-5.201143846,0.779592685,-0.980143479,6.4739,3.620318504,-3.848171252,0.821687077,490.2195873,-782.8188501,0.51515607,13.68288315,0.0,184.3994707,1.419686855,7.631756643,1.160233412,0.443728514,5.370996648,2.853016104,-0.304704405,1.48309657,-1.075083811,0.0,496.0922234,0.527361768,0.74374645,42.75,1.720557414,0.090961751,5.777240891,87.180962
0,10.0,1,0.0,3.92930882,1.38622,4.736677966,1.702081659,3.819153629,3.16,14.55118379,-0.511161499,3.720048089,4.535268825,0.279657763,0.974506334,2.54437699,1.283862894,0.443728514,-5.201143846,0.781018054,-0.980143479,6.4739,3.614906401,-3.877744278,0.821687077,490.2195873,-782.8188501,0.51515607,13.68288315,0.0,184.3994707,1.420815966,7.631756643,1.160233412,0.443728514,5.425791168,2.853016104,-0.304704405,1.483153941,-1.075083811,0.0,496.0922234,0.527361768,0.74374645,38.75,1.720025313,0.090961751,5.777240891,87.180962
12,4.0,1,4.662384276,3.95040596,1.24889,4.709244202,1.830934239,3.808092586,3.693,14.32547885,-0.202388984,3.664771053,3.891895988,-0.20437564,0.971103272,3.033570173,1.309638191,0.461443562,-5.079921902,0.699401085,-0.998801577,6.4846,3.611480594,-6.01723841,0.821384667,-25.81315418,57.57173774,0.297717468,12.63393923,0.0,190.5898983,1.441764088,7.707138987,1.093536515,0.461443562,5.293336392,2.719113644,-0.273207829,1.592745521,-1.096472884,0.0,415.0208408,0.375987053,0.799494258,41.0,1.725564082,0.047158097,-8.726735228,80.560583
12,2.0,1,4.656819967,3.795585724,1.19361,4.009447398,0.814325285,3.486942327,2.372,13.88744434,-0.36094915,3.449263639,3.189905566,0.227474185,-6.748255319,2.574386465,0.11339743,0.497799017,-0.932900602,0.744203597,-0.921467984,6.234,3.194705636,-6.533557017,0.817304222,590.9773798,903.5025709,0.246251418,10.34298486,0.0,175.7775101,1.457641705,7.539634456,1.114458896,0.497799017,5.166292837,2.557059795,-0.213670792,1.563026335,-0.932900602,0.0,32.1457042,0.205950377,0.739932856,35.0,1.803716468,0.140091428,-2.71620987,69.876204
0,8.0,1,0.0,3.794514313,1.29389,3.990030138,0.814325285,3.487346748,2.372,13.88744434,-0.354782655,3.44912104,3.189905566,0.237192739,-4.916821826,2.574386465,0.204728298,0.497799017,-0.932900602,0.751922103,-0.921467984,6.234,3.198002603,-10.51199323,0.817304222,590.9773798,903.5025709,0.246251418,10.34298486,0.0,175.7775101,1.459827515,7.539634456,1.114458896,0.497799017,5.234089448,2.557059795,-0.213670792,1.563026335,-0.932900602,1.0,32.1457042,0.205950377,0.739932856,31.0,1.793982009,0.140091428,-2.71620987,69.876204
12,4.0,1,4.884831656,3.95040005,1.3386,4.737959279,1.426995682,3.79907845,3.447,14.56329541,-0.450886933,3.664220802,4.635230925,0.231027676,1.193356112,2.334429104,1.328608837,0.438249259,-4.914761312,0.95592666,-0.95126899,6.1597,3.529925449,-2.162763731,0.77271257,546.3072668,-260.8423881,0.43312235,10.41404828,0.0,171.3496327,1.465545035,7.594884803,1.057196977,0.438249259,5.453745836,2.40460889,-0.304245309,1.73856584,-1.022341656,0.0,540.9504677,0.40713484,0.717206103,45.0,1.828529098,0.047193328,5.979507853,95.134927
0,10.0,1,0.0,3.929201771,1.42519,4.737959279,1.426995682,3.797868272,3.447,14.56329541,-0.453687493,3.653559973,4.635230925,0.233696893,1.086341599,2.334429104,1.295183989,0.438249259,-4.914761312,0.954771778,-0.95126899,6.1597,3.529697895,-2.157375387,0.77271257,546.3072668,-260.8423881,0.43312235,10.41404828,0.0,171.3496327,1.466161055,7.594884803,1.057196977,0.438249259,5.503128552,2.40460889,-0.304245309,1.738193364,-1.022341656,0.0,540.9504677,0.40713484,0.717206103,41.0,1.818521235,0.047193328,5.979507853,95.134927
12,4.0,1,4.624774786,3.950373784,1.36405,4.720500726,1.702081659,3.793532875,2.832,14.31260555,-0.577608988,3.657523273,5.067598827,0.341516858,0.949416169,2.61198078,1.283828155,0.459129749,-5.40431257,0.715090115,-1.00784473,6.7678,3.410023377,-3.212028405,0.832680499,1123.016409,19.71581703,0.779614968,10.34298486,0.151803469,178.6972465,1.46986284,7.631801235,1.154817974,0.459129749,5.195147284,2.92555663,-0.259904078,1.773661294,-1.954829078,0.0,465.6076034,0.205950377,0.763435095,41.0,1.820622234,0.101347275,4.28313397,86.754548
0,10.0,1,0.0,3.929172721,1.45788,4.720500671,1.702081659,3.792513349,2.832,14.31260555,-0.577457791,3.647126202,5.067598827,0.377127509,0.832932748,2.61198078,1.245071339,0.459129749,-5.40431257,0.717668559,-1.00784473,6.7678,3.409858664,-3.193618709,0.832680499,1123.016409,19.71581703,0.779614968,10.34298486,0.151803469,178.6972465,1.470269546,7.631801235,1.154817974,0.459129749,5.249201338,2.92555663,-0.259904078,1.772489723,-1.954829078,0.0,465.6076034,0.205950377,0.763435095,37.0,1.81709295,0.101347275,4.28313397,86.754548
0,11.0,1,0.0,3.830889639,1.29198,3.995762962,0.814325285,3.703711642,2.759,14.44742875,-0.368546907,3.622102936,3.63298269,0.193721015,-7.995333428,2.676541089,0.108508589,0.461988401,-1.016898264,0.744337989,-0.943448437,7.1016,3.378581775,-6.558872551,0.810589589,477.5160426,1261.051666,0.329880991,15.3705518,0.0,191.0535777,1.466416107,7.468978368,1.032354481,0.461988401,5.339404346,2.653846647,-0.26300463,1.735805345,-1.016898264,1.0,45.70748667,0.308012449,0.772966656,38.5,1.814418565,0.139799624,-6.832865227,80.00979
0,9.0,1,0.0,3.928925684,1.26611,4.738785805,1.62865057,3.515223919,2.319,13.93309249,-0.255908949,3.349828095,4.152365079,0.033617367,-3.730285229,2.742228836,0.288393789,0.498447165,-5.791735678,0.637800285,-1.045255777,6.2353,3.175902638,-10.99529956,0.858890971,964.9611748,-211.9361242,0.572001973,7.951499558,0.0,177.820795,1.307897568,7.827389045,1.280015509,0.498447165,4.935371986,2.688424337,-0.260544785,1.451103817,-1.206696899,0.0,415.5622597,0.200687358,0.816794358,30.75,1.737621894,0.191348052,10.20561222,66.957825
12,2.0,1,3.859633963,3.791901339,1.13136,4.02173512,0.814325285,3.464697826,2.212,14.35746586,-0.157371839,3.347345205,3.236947531,-0.11081473,-7.292622464,2.772842351,0.087959908,0.521317536,-1.031952001,0.634424444,-0.988815448,5.738,3.16433272,-5.830783978,0.843301892,649.7244729,-1062.150897,0.289119408,12.4039646,0.0,177.9698283,1.307809828,8.057245163,1.500113703,0.521317536,5.009245604,2.801264465,-0.162012629,1.44161986,-1.031952001,0.0,11.53568655,0.190658425,0.773283838,34.75,1.738379595,-0.020289128,6.418508884,64.906032
12,5.0,1,4.281956614,3.950412291,1.26588,4.738703701,2.606914912,3.800316581,3.695,14.37118379,-0.521653011,3.661395661,4.34883301,0.303652523,1.065773961,2.932533436,1.314262109,0.463066863,-5.624798681,0.741462668,-1.0806962,6.0005,3.463838042,-4.14907942,0.828942187,766.5624676,-802.7455099,0.47112824,13.81055818,0.0,185.106841,1.461313073,7.745179091,1.194494811,0.463066863,5.381728457,3.30294301,-0.259982183,1.534699826,-1.255083811,0.0,456.735339,0.337396232,0.788043575,44.0,1.768958779,0.087466891,6.406235616,84.889376
12,2.0,1,5.039925782,3.801112837,1.31729,4.012648088,0.814325285,3.644607003,2.743,14.43632315,-0.305783454,3.567019623,3.919045238,0.123740639,-4.536525209,2.414497154,0.293438297,0.453005629,-0.959234573,1.076314911,-0.91482166,5.6898,3.355340595,-2.512613967,0.822554044,408.1543491,27.33867363,0.343138701,11.54450444,0.0,178.1397281,1.494888706,7.56904646,1.07959593,0.453005629,5.497642024,2.433539671,-0.285133377,1.739840934,-0.959234573,0.0,89.15293941,0.28928371,0.725551106,39.25,1.829681379,0.131674027,0.037565659,84.812548
0,8.0,1,0.0,3.799850156,1.41202,3.993354248,0.814325285,3.644740178,2.743,14.43632315,-0.308376374,3.566471684,3.919045238,0.122968415,-5.483967204,2.414497154,0.227148044,0.453005629,-0.959234573,1.073553257,-0.91482166,5.6898,3.35525721,-2.499548832,0.822554044,408.1543491,27.33867363,0.343138701,11.54450444,0.0,178.1397281,1.494886478,7.56904646,1.07959593,0.453005629,5.552436545,2.433539671,-0.285133377,1.739447091,-0.959234573,0.0,89.15293941,0.28928371,0.725551106,35.25,1.819346053,0.131674027,0.037565659,84.812548
18,2.0,0,6.046044125,3.799569446,1.12937,4.012231205,0.0,3.747873997,2.642,14.3697601,-0.198193786,3.658762606,3.323301598,0.032365647,-18.20204407,2.440477782,0.006370207,0.0,-0.507256627,1.218935265,0.199627845,7.97148,3.417270308,-2.14103556,0.848374645,273.3033607,476.912647,0.251851609,10.06151924,0.0,183.0717576,1.579297449,7.428072626,1.112127164,0.0,5.443721113,2.34796819,-0.311739694,1.773808391,-0.507256627,0.0,98.81446875,0.308012449,0.753693126,44.0,1.852540117,0.027677964,1.886213829,82.301376
0,11.0,0,0.0,3.794957966,1.2502,3.99279788,0.0,3.721648821,2.642,14.3697601,-0.205796405,3.644804027,3.323301598,0.015823227,-14.53286176,2.440477782,0.017652003,0.0,-0.507256627,1.186245821,0.199627845,7.97148,3.415905411,-2.056862064,0.848374645,273.3033607,476.912647,0.251851609,10.06151924,0.0,183.0717576,1.577869317,7.428072626,1.112127164,0.0,5.531956407,2.34796819,-0.311739694,1.767949113,-0.507256627,1.0,98.81446875,0.308012449,0.753693126,38.0,1.833854829,0.027677964,1.886213829,82.301376
12,2.0,1,4.856115851,3.803094031,1.29002,4.012789472,0.814325285,3.626901962,2.923,14.24759882,-0.295246715,3.597084081,3.885081787,0.031977784,-4.701456379,2.630865258,0.260989983,0.466626178,-1.01463069,0.638824164,-0.955976086,6.90898,3.304032508,-4.442065748,0.819724087,747.2463494,-813.2865265,0.251851609,10.34298486,0.0,182.0202299,1.462919563,7.511640197,1.146566964,0.466626178,5.181250198,2.665817591,-0.271031904,1.69241121,-1.61438064,0.0,27.85134146,0.205950377,0.765445883,39.75,1.825247641,0.086206684,5.147720029,79.583376
0,8.0,1,0.0,3.801761474,1.38803,3.993536505,0.814325285,3.627071619,2.923,14.24759882,-0.289700356,3.595004728,3.885081787,0.068281374,-5.712162064,2.630865258,0.195529053,0.466626178,-1.01463069,0.643520896,-0.955976086,6.90898,3.30418027,-4.465987224,0.819724087,747.2463494,-813.2865265,0.251851609,10.34298486,0.0,182.0202299,1.463668052,7.511640197,1.146566964,0.466626178,5.24095169,2.665817591,-0.271031904,1.692249867,-1.61438064,0.0,27.85134146,0.205950377,0.765445883,35.75,1.815246329,0.086206684,5.147720029,79.583376
12,4.0,1,4.424794493,3.947275771,1.28036,4.736637373,1.702081659,3.793470187,3.222,14.36222546,-0.511895701,3.641339285,4.331583101,0.351516588,1.06293079,2.625898098,1.322757574,0.462247033,-5.199034792,0.825961014,-1.009586506,5.8689,3.437466062,-3.610453176,0.809235897,705.6486603,-1012.075964,0.469290211,11.18523725,0.0,176.9460793,1.440751136,7.725115025,1.213002202,0.462247033,5.526301169,2.976574865,-0.262169683,1.556524575,-1.1164727,0.0,481.6118413,0.348209275,0.775207616,42.25,1.773488816,0.079577732,9.846775006,84.094169
12,4.0,1,4.712802335,3.950379108,1.33119,4.736637406,1.702081659,3.802674566,3.049,14.60910046,-0.473398836,3.674604207,4.558852276,0.204330085,1.121840308,2.602276352,1.333292385,0.428296415,-5.201912736,0.784981398,-0.976044839,6.864,3.445543822,-3.427267232,0.830299239,704.4272514,-171.0428504,0.450384035,11.18523725,0.0,177.5261598,1.535376597,7.604315929,1.113636226,0.428296415,5.341761024,2.819965837,-0.319982183,1.556557087,-1.047028256,0.0,499.2664068,0.348209275,0.752890232,42.25,1.802723949,0.100394095,5.356994072,88.514548
12,2.0,1,4.79680317,3.800130493,1.26256,4.012811898,1.195266057,3.527391568,2.415,14.06559627,-0.434955035,3.493424523,3.432243549,0.237847962,-6.920430149,2.644608169,0.122812062,0.173661541,-1.031817836,0.696314046,-0.966452683,5.74,3.209932579,-4.398688541,0.794905654,508.696342,600.4691605,0.278346173,12.63393923,0.0,176.9817226,1.462165796,7.539640687,1.087818256,0.481626178,5.210479297,2.685925792,-0.233670792,1.64321129,-1.031817836,0.0,1.169313153,0.205950377,0.750703082,35.75,1.810168341,0.15964107,-2.903872007,75.098583
0,8.0,1,0.0,3.798868961,1.36393,3.993545581,1.195266057,3.527548484,2.415,14.06559627,-0.441746125,3.493196646,3.432243549,0.238557234,-6.015674623,2.644608169,0.161551435,0.173661541,-1.031817836,0.69910558,-0.966452683,5.74,3.212881978,-4.637051087,0.794905654,508.696342,600.4691605,0.278346173,12.63393923,0.0,176.9817226,1.462948474,7.539640687,1.087818256,0.481626178,5.272979297,2.685925792,-0.233670792,1.643161453,-1.031817836,0.0,1.169313153,0.205950377,0.750703082,31.75,1.804286289,0.15964107,-2.903872007,75.098583
12,3.0,1,4.121168007,3.806295686,1.30015,4.010351698,1.195266057,3.602463258,2.724,14.19083294,-0.430128971,3.517312592,3.427135137,0.362308566,-12.48478984,2.920916295,0.031179415,0.482343977,-1.176112408,0.80165131,-1.036496145,6.1657,3.363477736,-2.764148445,0.825839332,1050.666901,772.3765651,0.250550447,12.63393923,0.0,188.3691262,1.461644353,7.717804361,1.070036507,0.482343977,5.281668907,3.025989134,-0.335578822,1.742616351,-1.900163668,0.0,48.10518121,0.205950377,0.852099354,39.75,1.810662816,0.02467415,-2.12928789,79.427376
0,9.0,1,0.0,3.804846015,1.39331,3.991172138,1.195266057,3.602631798,2.724,14.19083294,-0.442682396,3.517101162,3.427135137,0.387293757,-13.50492086,2.920916295,0.023485621,0.482343977,-1.176112408,0.804729961,-1.036496145,6.1657,3.363498686,-2.855311762,0.825839332,1050.666901,772.3765651,0.250550447,12.63393923,0.0,188.3691262,1.463668834,7.717804361,1.070036507,0.482343977,5.340492437,3.025989134,-0.335578822,1.741583551,-1.900163668,1.0,48.10518121,0.205950377,0.852099354,35.75,1.793982054,0.02467415,-2.12928789,79.427376
12,2.0,1,4.851919541,3.82293483,1.16222,4.014245211,1.195266057,3.660070308,2.565,13.97744434,-0.397889135,3.620400355,3.366671316,0.256712518,-5.100644402,2.696188397,0.203121415,0.307272652,-1.002622824,0.707886641,-0.954524957,4.9614,3.230970959,-4.487679109,0.805633284,149.877354,1028.57714,0.297717468,12.63393923,0.0,185.0155121,1.372874417,7.636144909,1.142860997,0.491626178,5.153498134,2.730467973,-0.213670792,1.444689844,-1.002622824,0.0,5.841105506,0.434912618,0.744585766,35.75,1.670273273,0.139022276,-3.773217213,70.671411
0,8.0,1,0.0,3.82095396,1.26254,3.995409283,1.195266057,3.660464806,2.565,13.97744434,-0.404086426,3.614958057,3.366671316,0.261496038,-5.35386678,2.696188397,0.187667524,0.307272652,-1.002622824,0.710444396,-0.954524957,4.9614,3.233245812,-5.353739986,0.805633284,149.877354,1028.57714,0.297717468,12.63393923,0.0,185.0155121,1.372874417,7.636144909,1.142860997,0.491626178,5.221294744,2.730467973,-0.213670792,1.446020958,-1.002622824,0.0,5.841105506,0.434912618,0.744585766,31.75,1.669658967,0.139022276,-3.773217213,70.671411
0,7.0,0,0.0,3.674795916,0.88873,3.980697877,0.0,3.295363807,1.953,11.86258323,-0.050485205,2.998017625,1.532311031,0.124320464,-5.729551268,2.636200717,0.065326484,0.0,0.11380487,0.716218989,0.177371662,4.3872,2.857186603,-6.86495683,0.943566092,-17.19908139,398.2408082,0.09652427,6.990915579,0.291468096,181.0043241,1.093462661,7.8423884,1.550286579,0.291468096,4.551462154,2.591440329,0.13826196,1.153085521,0.0,0.0,9.899195853,0.234708048,0.684194835,23.25,1.267559445,0.040949072,1.116564606,46.183895
12,4.0,1,4.697584223,3.950376256,1.31092,4.708885327,1.702081659,3.794605117,3.049,14.41711176,-0.364401387,3.654861411,4.141508995,0.183262646,-0.60890605,2.572290203,0.851940633,0.453434156,-5.167301253,0.717784077,-0.991819207,6.4739,3.507514987,-3.719667885,0.828068847,307.4925807,-47.03793532,0.417570759,11.54450444,0.0,180.5503285,1.461698058,7.650028818,1.138160343,0.453434156,5.384795487,2.879416269,-0.278180485,1.534398724,-1.087145807,0.0,486.1872306,0.523991758,0.761230646,41.75,1.786120924,0.002349092,3.619062842,85.420962
0,10.0,1,0.0,3.929175753,1.40392,4.708885258,1.702081659,3.793553656,3.049,14.41711176,-0.364431227,3.644746909,4.141508995,0.22522385,-0.889644706,2.572290203,0.79126921,0.453434156,-5.167301253,0.7203195,-0.991819207,6.4739,3.507514328,-3.700759993,0.828068847,307.4925807,-47.03793532,0.417570759,11.54450444,0.0,180.5503285,1.462470474,7.650028818,1.138160343,0.453434156,5.440351043,2.879416269,-0.278180485,1.534393559,-1.087145807,0.0,486.1872306,0.523991758,0.761230646,37.75,1.783915166,0.002349092,3.619062842,85.420962
0,8.0,1,0.0,3.809301553,1.27199,3.994524559,1.114851112,3.606442077,2.632,13.96803769,-0.157653626,3.578325884,3.344912432,-0.147276426,-5.293157783,2.736802004,0.191261858,0.311683318,-0.969654193,0.646025825,-0.94111176,5.1039,3.21692269,-4.538119198,0.820439856,240.2460152,-47.95653828,0.251851609,11.99953935,0.0,187.1633703,1.447371013,7.715540068,1.228911638,0.491626178,5.322989659,2.624308349,-0.224920792,1.677660321,-0.969654193,0.0,5.841105506,0.391842889,0.747283032,31.75,1.699104229,0.082422549,-2.240188971,70.671411
12,2.0,1,4.846304829,3.817231277,1.26372,4.013412034,1.195266057,3.696963771,2.526,14.19267488,-0.442096917,3.639019551,3.583305553,0.202805409,-4.632096175,2.615849417,0.256050336,0.111161541,-1.022086165,0.700499929,-0.955618064,5.74,3.337520367,-4.54366125,0.797706664,302.5728146,70.42427077,0.315262541,14.92301448,0.0,180.5138949,1.450704972,7.54753902,1.108552408,0.471626178,5.287376467,2.656247959,-0.253670792,1.489077811,-1.022086165,0.0,17.30137153,0.329547314,0.752278211,36.75,1.783781328,0.161011075,0.192925856,76.858583
18,3.0,1,4.780585703,3.936470172,1.12453,4.01475226,1.049075093,3.783889168,2.968,14.34408487,-0.404055945,3.654185794,3.493609064,0.217644064,-11.13123435,2.687345679,0.049368549,0.467260105,-1.051472858,0.747876062,-0.972713031,5.58596,3.389542943,-4.067447398,0.830004786,372.7896927,319.9513874,0.273368183,11.54450444,0.0,188.2071614,1.465429949,7.62067406,1.110770828,0.467260105,5.412739377,2.81660152,-0.245419754,1.750103256,-1.051472858,0.0,49.48241085,0.28928371,0.761496495,47.0,1.836553743,0.078114228,2.455765158,80.81179
0,11.0,1,0.0,3.809727175,1.25892,3.993537632,1.049075093,3.735422578,3.168,14.34408487,-0.402444494,3.635634242,3.493609064,0.238223931,-10.65758112,2.687345679,0.05611078,0.467260105,-1.051472858,0.739900062,-0.972713031,5.73358,3.389042406,-3.057727063,0.830004786,372.7896927,319.9513874,0.273368183,11.54450444,0.0,188.2071614,1.466140556,7.62067406,1.110770828,0.467260105,5.502291616,2.81660152,-0.245419754,1.740956942,-1.051472858,0.0,49.48241085,0.28928371,0.761496495,39.5,1.818504204,0.078114228,2.455765158,80.81179
12,2.0,1,5.009618675,3.776763998,1.13443,4.018962299,0.814325285,3.464151896,2.199,13.48089341,-0.210655792,3.339211494,3.422032161,-0.067137377,-5.20803505,2.347382163,0.165982295,0.540692536,-0.908748313,0.59531851,-0.908748313,5.3829,3.201666201,-4.121062138,0.694029396,600.4306767,-194.3721897,0.454707055,9.766749296,0.0,160.0463579,1.315224244,7.852424525,1.373421712,0.540692536,4.856196298,2.626721724,-0.206726348,1.531156665,-0.517471585,0.0,19.25926521,0.205950377,0.76136283,33.5,1.719654278,0.078574343,-0.687267632,65.015825
12,2.0,1,4.844131737,3.829123215,1.22847,4.01477215,1.195266057,3.666885829,2.526,14.12299989,-0.413686973,3.621327645,3.517328361,0.31944774,-7.788085331,2.639442862,0.094417782,0.196161541,-1.016789491,0.688964602,-0.95633193,5.3499,3.250497199,-5.027715042,0.7752315,310.5507648,1833.204882,0.320952175,15.3705518,0.0,180.2017479,1.372874417,7.53556631,1.037075544,0.479280498,5.215898931,2.704966652,-0.244920792,1.463134526,-1.016789491,0.0,11.7748531,0.509511578,0.763350212,36.25,1.739595512,0.151570308,-9.462471496,73.764997
0,8.0,1,0.0,3.82693129,1.32874,3.996090501,1.195266057,3.667328731,2.526,14.12299989,-0.421782529,3.615678269,3.517328361,0.31705234,-6.141003551,2.639442862,0.155531007,0.196161541,-1.016789491,0.69174138,-0.95633193,5.3499,3.25160441,-5.415601546,0.7752315,310.5507648,1833.204882,0.320952175,15.3705518,0.0,180.2017479,1.372874417,7.53556631,1.037075544,0.479280498,5.28041506,2.704966652,-0.244920792,1.463838601,-1.016789491,0.0,11.7748531,0.509511578,0.763350212,32.25,1.738972317,0.151570308,-9.462471496,73.764997
12,2.0,1,4.871967517,3.796434575,1.19848,4.012469292,1.114851112,3.495719936,2.521,13.94951917,-0.168324299,3.456264328,3.233653585,-0.137302161,-7.424743886,2.737063053,0.098250743,0.417516651,-0.988172711,0.683640676,-0.951528427,5.3515,3.196545327,-4.966173477,0.819068025,354.4133047,460.386534,0.251851609,10.34298486,0.0,177.2264652,1.457928157,7.624564973,1.143784435,0.491626178,5.213123608,2.60376094,-0.224920792,1.535863502,-0.988172711,0.0,-3.126752303,0.205950377,0.74388349,35.25,1.799406659,0.086711013,-4.296107616,72.004997
0,8.0,1,0.0,3.795307605,1.3001,3.99311639,1.114851112,3.496183869,2.521,13.94951917,-0.164378041,3.456083801,3.233653585,-0.108667734,-5.794020135,2.737063053,0.163550856,0.417516651,-0.988172711,0.68706113,-0.951528427,5.3515,3.200151678,-4.155395238,0.819068025,354.4133047,460.386534,0.251851609,10.34298486,0.0,177.2264652,1.458870184,7.624564973,1.143784435,0.491626178,5.278697378,2.60376094,-0.224920792,1.535854926,-0.988172711,0.0,-3.126752303,0.205950377,0.74388349,31.25,1.795466784,0.086711013,-4.296107616,72.004997
12,2.0,1,4.779042242,3.798755621,1.2253,4.012718844,1.195266057,3.508754677,2.415,13.94966656,-0.418023413,3.464298041,3.408107821,0.285213732,-8.683042635,2.67965535,0.066307596,0.236161541,-1.030400602,0.687557978,-0.970149957,5.3499,3.196971991,-5.550990451,0.792790543,519.3592777,1494.459543,0.292153292,12.63393923,0.0,176.8071984,1.459026366,7.555762,1.068554065,0.491626178,5.233535288,2.743801713,-0.213670792,1.547317648,-1.030400602,0.0,-3.126752303,0.205950377,0.748250791,35.25,1.795815225,0.16290822,-6.480547093,72.004997
12,4.0,1,4.642535715,3.950375166,1.40666,4.727824379,1.702081659,3.793842364,2.859,14.42853525,-0.551213218,3.657539565,5.483490684,0.26417187,1.078617366,2.458647859,1.318597347,0.449129749,-5.465526562,0.792545307,-1.004147456,7.11,3.415564415,-3.77131967,0.765900901,1493.270099,-800.284477,0.851312171,10.34298486,0.0,167.0690265,1.52992509,7.613987847,1.164487195,0.449129749,5.230247092,2.863913105,-0.285414282,1.775862625,-1.947565756,0.0,498.685201,0.205950377,0.810772348,41.75,1.823331808,0.061477986,7.864479707,89.848134
0,10.0,1,0.0,3.929174278,1.4998,4.727824323,1.702081659,3.792811986,2.859,14.42853525,-0.551367728,3.647150335,5.483490684,0.298718421,0.97027834,2.458647859,1.282471811,0.449129749,-5.465526562,0.793987335,-1.004147456,7.11,3.415404097,-3.750884136,0.765900901,1493.270099,-800.284477,0.851312171,10.34298486,0.0,167.0690265,1.529917217,7.613987847,1.164487195,0.449129749,5.282195144,2.863913105,-0.285414282,1.774681474,-1.947565756,0.0,498.685201,0.205950377,0.810772348,37.75,1.818460696,0.061477986,7.864479707,89.848134
12,4.0,1,4.649200896,3.950404278,1.21565,4.701944257,1.830934239,3.807839297,3.693,14.23714976,-0.162490653,3.653222832,3.629677617,-0.20705404,0.291964385,3.088864552,1.086996508,0.469708025,-5.01870791,0.684329707,-1.001641084,6.0945,3.606840511,-5.718769736,0.818831826,-257.7796292,-440.1566408,0.297717468,12.63393923,0.0,189.5080899,1.404323345,7.748056955,1.143572857,0.469708025,5.222274414,2.749339573,-0.259318941,1.463018092,-1.094958215,0.0,399.9213334,0.375987053,0.808680093,40.5,1.693242475,0.029660951,-5.096766497,77.466997
0,10.0,1,0.0,3.929212668,1.31173,4.701943656,1.830934239,3.806408046,3.693,14.23714976,-0.15902201,3.647235145,3.629677617,-0.155367574,0.265997014,3.088864552,1.078961654,0.469708025,-5.01870791,0.687298599,-1.001641084,6.0945,3.60450603,-6.572856271,0.818831826,-257.7796292,-440.1566408,0.297717468,12.63393923,0.0,189.5080899,1.405005373,7.748056955,1.143572857,0.469708025,5.284774414,2.749339573,-0.259318941,1.46359842,-1.094958215,0.0,399.9213334,0.375987053,0.808680093,36.5,1.692705629,0.029660951,-5.096766497,77.466997
17,2.0,2,5.405570966,3.841642908,1.27339,4.014311794,0.2,3.71903524,3.047,14.59020936,-0.304298057,3.539870387,3.586659796,-0.004621984,-12.07405365,2.83063139,0.041694646,0.0,-0.81958463,0.910770558,-0.373625541,5.11,3.428930994,-3.291437424,0.84573431,1024.040608,923.5817313,0.256150638,12.63393923,0.0,186.2615468,1.492010909,7.614273202,1.059388162,0.537806907,5.148921063,2.723406141,-0.363128582,1.745410377,-1.48193651,0.0,115.9664769,0.308012449,0.826636977,44.25,1.821313946,-0.003647654,-2.141733133,83.550169
0,10.0,2,0.0,3.816531929,1.40546,3.994714422,0.2,3.658840375,3.047,14.58652455,-0.3499383,3.526919904,3.578754102,-0.016993646,-6.582183518,2.82708765,0.176903029,0.0,-0.83083463,0.952808951,-0.375265202,5.11,3.393325939,-3.278991608,0.855814246,1010.351534,933.3975342,0.256150638,12.63393923,0.673655719,189.1859609,1.46831061,7.620121783,1.062571666,0.673655719,5.205259091,2.72904862,-0.362542163,1.743410482,-1.494054279,3.0,115.9664769,0.308012449,0.817488497,38.25,1.815079209,0.005794429,-0.558921587,83.550169
12,4.0,1,4.622956944,3.950323448,1.28639,4.708851552,1.830934239,3.796306665,3.582,14.38339551,-0.138434424,3.66331952,3.919383024,-0.18235966,1.018549732,3.047653078,1.327012906,0.446011463,-5.079283793,0.706167756,-0.994702938,6.8747,3.336619017,-5.324870806,0.838010722,195.2943109,-307.1447279,0.232945433,10.34298486,0.0,185.0812805,1.536049874,7.676876273,1.119677993,0.446011463,5.26027337,2.679455431,-0.280226157,1.651492883,-1.068417328,0.0,418.3894421,0.205950377,0.776473493,40.5,1.797969368,0.050651106,-4.473298231,81.894169
0,8.0,1,0.0,3.794514313,1.29389,3.990030138,0.814325285,3.487346748,2.372,13.88744434,-0.354782655,3.44912104,3.189905566,0.237192739,-4.916821826,2.574386465,0.204728298,0.497799017,-0.932900602,0.751922103,-0.921467984,6.234,3.198002603,-10.51199323,0.817304222,590.9773798,903.5025709,0.246251418,10.34298486,0.0,175.7775101,1.459827515,7.539634456,1.114458896,0.497799017,5.234089448,2.557059795,-0.213670792,1.563026335,-0.932900602,1.0,32.1457042,0.205950377,0.739932856,31.0,1.793982009,0.140091428,-2.71620987,69.876204
12,4.0,1,4.77789183,3.950494855,1.33451,4.736678053,1.702081659,3.826444502,3.16,14.78243379,-0.486971333,3.730513109,4.725422073,0.224301383,1.065453845,2.579698064,1.305209366,0.415950736,-5.214021789,0.786281474,-0.962226812,6.864,3.638503032,-3.500706881,0.84223247,492.1738052,-485.15263,0.496249894,13.68288315,0.0,184.6781378,1.456531992,7.590979428,1.106269846,0.415950736,5.408790178,2.788342622,-0.354704405,1.537013829,-1.033417145,0.0,510.2368579,0.527361768,0.727272664,43.25,1.728841018,0.097812325,4.71758488,90.274548
12,2.0,1,5.029762011,3.803825756,1.38521,4.012697688,0.814325285,3.688050489,2.703,14.51614883,-0.341185245,3.612029337,4.683250296,0.123196873,-4.751465996,2.380477678,0.286394288,0.444741166,-0.969252643,1.057449653,-0.917126187,6.0799,3.374202506,-2.869841261,0.81757592,658.2621824,300.2647129,0.52176889,10.34298486,0.0,175.9923991,1.535839624,7.55392043,1.053878507,0.444741166,5.415240507,2.430245807,-0.299022266,1.752067246,-1.093188163,0.0,93.9873061,0.27811916,0.716342765,39.75,1.834826178,0.13527607,-1.473217701,87.906134
0,8.0,1,0.0,3.802510393,1.4796,3.993423158,0.814325285,3.688215068,2.703,14.51614883,-0.343719719,3.609868703,4.683250296,0.129139974,-5.720367283,2.380477678,0.221937424,0.444741166,-0.969252643,1.054936615,-0.917126187,6.0799,3.374078218,-2.854940767,0.81757592,658.2621824,300.2647129,0.52176889,10.34298486,0.0,175.9923991,1.535838854,7.55392043,1.053878507,0.444741166,5.467872086,2.430245807,-0.299022266,1.75148086,-1.093188163,0.0,93.9873061,0.27811916,0.716342765,35.75,1.823376574,0.13527607,-1.473217701,87.906134
12,2.0,1,4.786830045,3.79502228,1.15853,4.012353203,1.195266057,3.482808808,2.454,13.80411101,-0.395629111,3.416345927,3.200101519,0.22247864,-7.193695335,2.721347737,0.098219856,0.347272652,-1.016233936,0.707317954,-0.968342984,4.9614,3.188632167,-5.793370897,0.815775882,361.54421,698.7588662,0.251851609,10.34298486,0.0,179.5378768,1.385964932,7.666236737,1.186473043,0.503971857,5.172214831,2.7730971,-0.182420792,1.466867518,-1.016233936,0.0,-7.764926582,0.205950377,0.747236531,34.75,1.77567409,0.147328921,-0.831951886,68.911411
0,8.0,1,0.0,3.793945854,1.26113,3.992969426,1.195266057,3.483623452,2.454,13.80411101,-0.400391784,3.416169667,3.200101519,0.230495831,-5.662324722,2.721347737,0.160966926,0.347272652,-1.016233936,0.710083611,-0.968342984,4.9614,3.192408589,-6.064318513,0.815775882,361.54421,698.7588662,0.251851609,10.34298486,0.0,179.5378768,1.386541998,7.666236737,1.186473043,0.503971857,5.241180348,2.7730971,-0.182420792,1.467421884,-1.016233936,0.0,-7.764926582,0.205950377,0.747236531,30.75,1.774188487,0.147328921,-0.831951886,68.911411
12,2.0,1,4.779042242,3.798755621,1.2253,4.012718844,1.195266057,3.508754677,2.415,13.94966656,-0.418023413,3.464298041,3.408107821,0.285213732,-8.683042635,2.67965535,0.066307596,0.236161541,-1.030400602,0.687557978,-0.970149957,5.3499,3.196971991,-5.550990451,0.792790543,519.3592777,1494.459543,0.292153292,12.63393923,0.0,176.8071984,1.459026366,7.555762,1.068554065,0.491626178,5.233535288,2.743801713,-0.213670792,1.547317648,-1.030400602,0.0,-3.126752303,0.205950377,0.748250791,35.25,1.795815225,0.16290822,-6.480547093,72.004997
0,8.0,1,0.0,3.7975417,1.32778,3.993425756,1.195266057,3.509035941,2.415,13.94966656,-0.424684435,3.46410871,3.408107821,0.286052087,-5.907803477,2.67965535,0.157837606,0.236161541,-1.030400602,0.690546868,-0.970149957,5.3499,3.200584281,-4.983869554,0.792790543,519.3592777,1494.459543,0.292153292,12.63393923,0.0,176.8071984,1.459932277,7.555762,1.068554065,0.491626178,5.299109059,2.743801713,-0.213670792,1.54731512,-1.030400602,0.0,-3.126752303,0.205950377,0.748250791,31.25,1.792512848,0.16290822,-6.480547093,72.004997
12,2.0,1,4.982795024,3.791519395,1.17359,4.011794349,0.814325285,3.476312525,1.84,13.87355545,-0.223582131,3.353105998,3.109158249,0.048469386,-7.948219026,2.6164422,0.077000634,0.501830259,-0.946789491,0.804730758,-0.924361503,5.4473,3.18873016,-4.885430192,0.837355458,600.4024299,1500.164498,0.235172012,8.097896259,0.0,179.8722044,1.458707368,7.486346582,1.035925905,0.501830259,4.890620592,2.461968835,-0.143646637,1.563026335,-0.946789491,0.0,44.4266524,0.205950377,0.745618124,34.75,1.753837531,0.117676904,-6.371748186,69.876204
0,8.0,1,0.0,3.790578883,1.2768,3.992299595,0.814325285,3.477343206,1.84,13.87355545,-0.202167379,3.353025925,3.109158249,0.065493002,-5.696849149,2.6164422,0.159184197,0.501830259,-0.946789491,0.814667514,-0.924361503,5.4473,3.19230304,-3.732018493,0.837355458,600.4024299,1500.164498,0.235172012,8.097896259,0.0,179.8722044,1.459637064,7.486346582,1.035925905,0.501830259,4.958417202,2.461968835,-0.143646637,1.563026335,-0.946789491,0.0,44.4266524,0.205950377,0.745618124,30.75,1.753341143,0.117676904,-6.371748186,69.876204
12,4.0,1,4.687140172,3.950375918,1.29162,4.736637373,1.702081659,3.794007031,3.049,14.37785046,-0.495954594,3.659251749,4.368699028,0.223718454,1.04569802,2.566931146,1.31677253,0.456074193,-5.189034792,0.778451083,-0.993961506,6.4739,3.437595918,-3.468548436,0.809076303,704.7668987,-774.8752191,0.469290211,11.18523725,0.0,176.8272796,1.461313786,7.653538262,1.183012259,0.456074193,5.384795487,2.886382668,-0.269982183,1.556525432,-1.088694922,0.0,486.1872306,0.348209275,0.771655699,41.75,1.789290964,0.093581838,7.435555631,85.420962
0,10.0,1,0.0,3.92917511,1.38406,4.736637321,1.702081659,3.792971004,3.049,14.37785046,-0.49612183,3.648703599,4.368699028,0.255815906,0.927683444,2.566931146,1.27650672,0.456074193,-5.189034792,0.780060285,-0.993961506,6.4739,3.437444882,-3.449944708,0.809076303,704.7668987,-774.8752191,0.469290211,11.18523725,0.0,176.8272796,1.462122478,7.653538262,1.183012259,0.456074193,5.440351043,2.886382668,-0.269982183,1.556525151,-1.088694922,0.0,486.1872306,0.348209275,0.771655699,37.75,1.786796116,0.093581838,7.435555631,85.420962
12,4.0,1,4.636300044,3.950325273,1.24588,4.733616396,1.830934239,3.787708316,3.693,14.24929687,-0.186156372,3.653872968,4.021737831,-0.236467887,1.163956675,3.008790298,1.381709221,0.465524778,-5.096737746,0.708602001,-1.003895325,6.6271,3.412509484,-5.345458184,0.822470214,194.7859928,-170.6037652,0.383294338,11.54450444,0.0,187.5188414,1.437343819,7.738848239,1.117448797,0.465524778,5.293336392,2.740072016,-0.255846718,1.4736898,-1.102776384,0.0,415.0208408,0.264875942,0.797996223,41.0,1.778458952,0.043182868,-5.338446784,80.560583
0,10.0,1,0.0,3.929122769,1.34077,4.733615945,1.830934239,3.786909736,3.693,14.24929687,-0.181081544,3.643866329,4.021737831,-0.171235829,1.061014103,3.008790298,1.34275858,0.465524778,-5.096737746,0.711193083,-1.003895325,6.6271,3.412380324,-5.353523367,0.822470214,194.7859928,-170.6037652,0.383294338,11.54450444,0.0,187.5188414,1.438076058,7.738848239,1.117448797,0.465524778,5.353037884,2.740072016,-0.255846718,1.47392581,-1.102776384,0.0,415.0208408,0.264875942,0.797996223,37.0,1.776824434,0.043182868,-5.338446784,80.560583
18,3.0,0,5.600588222,3.95037841,1.24638,4.727875142,0.882477177,3.839446176,3.604,14.86244198,-0.305171947,3.758087784,4.20899799,0.007285952,-0.330458131,2.601178495,0.922563063,0.462823268,-5.040488428,0.775184294,-0.050957143,6.954,3.588784382,-5.77303054,0.855165277,396.1672154,11.92749649,0.353666709,11.47140909,0.0,188.1700066,1.683220345,7.538355816,1.125273131,0.462823268,5.593000704,2.831478738,-0.353719034,1.736309321,-0.778272862,0.0,505.7126949,0.565576639,0.743206189,49.0,1.824398941,0.00238251,7.694887259,91.665755
12,4.0,1,4.839444748,3.950394281,1.2703,4.713652663,1.504800752,3.797204523,3.98,14.39400575,-0.206668686,3.659852059,3.97032638,-0.049852915,0.057256277,2.515323713,1.015181528,0.45471221,-4.57879593,0.913372601,-0.961372692,5.7803,3.432375489,-2.573126241,0.7781504,9.320167254,-267.0198303,0.251851609,10.34298486,0.0,181.363991,1.464917478,7.606499078,1.074572839,0.45471221,5.311946703,2.515047774,-0.275773731,1.726477727,-1.026708222,0.0,446.1694266,0.27811916,0.702101626,42.75,1.823484575,0.136457028,3.210860727,85.420962
0,10.0,1,0.0,3.929195011,1.36212,4.713652659,1.504800752,3.796052022,3.98,14.39400575,-0.209453525,3.64924754,3.97032638,-0.067923655,-0.145898115,2.515323713,0.962333475,0.45471221,-4.57879593,0.912777442,-0.961372692,5.7803,3.432208245,-2.558606491,0.7781504,9.320167254,-267.0198303,0.251851609,10.34298486,0.0,181.363991,1.465566877,7.606499078,1.074572839,0.45471221,5.367502258,2.515047774,-0.275773731,1.72621596,-1.026708222,0.0,446.1694266,0.27811916,0.702101626,38.75,1.814747101,0.136457028,3.210860727,85.420962
12,3.0,1,4.77618087,3.803621977,1.20561,4.012716989,1.049075093,3.672974495,2.925,14.27693555,-0.487791334,3.537856196,3.514052218,0.270069748,-6.445085281,2.675621709,0.166909844,0.47410067,-1.047634517,0.716577076,-0.973785371,5.4213,3.325858389,-2.6751793,0.824900331,457.5108176,286.3285902,0.270485508,11.54450444,0.0,185.0910622,1.46515327,7.677145939,1.10881163,0.47410067,5.381145066,2.835932763,-0.230363616,1.600964298,-1.047634517,0.0,65.1176338,0.40713484,0.746671319,40.5,1.791538679,0.096787643,2.823873677,78.09379
0,9.0,1,0.0,3.802300317,1.29957,3.993447552,1.049075093,3.673145831,2.925,14.27693555,-0.487625918,3.53753846,3.514052218,0.30200248,-8.166875507,2.675621709,0.103459347,0.47410067,-1.047634517,0.718725125,-0.973785371,5.4213,3.325866481,-2.663311502,0.824900331,457.5108176,286.3285902,0.270485508,11.54450444,0.0,185.0910622,1.465775087,7.677145939,1.10881163,0.47410067,5.441751127,2.835932763,-0.230363616,1.600958713,-1.047634517,0.0,65.1176338,0.40713484,0.746671319,36.5,1.78881084,0.096787643,2.823873677,78.09379
0,9.0,0,0.0,3.816515923,1.32374,3.993558227,0.543690187,3.689727689,2.281,14.34682831,-0.137148673,3.51608442,3.580967148,0.111920133,-4.867696378,2.816237632,0.248883492,0.0,-0.936433427,0.718866323,-0.730097027,5.9295,3.384355441,-3.972156422,0.843929993,612.6332524,1624.494184,0.268861954,13.58793343,0.584284864,179.218072,1.519926298,7.484468607,1.040179934,0.584284864,5.183455121,2.518987681,-0.260775739,1.563026335,-0.834891343,0.0,75.74215678,0.466441848,0.708712885,35.5,1.811255477,0.014057517,-1.706618151,77.29179
17,4.0,1,6.879591434,4.013754162,1.21347,4.780177677,1.702081659,3.95048124,3.481,14.58445286,-0.606093711,3.732582678,4.763517483,0.37530951,0.473610687,2.665248943,1.122451129,0.442398177,-5.413690142,0.736584762,-0.984681699,7.17639,3.620679064,-3.979484054,0.755291282,1345.734616,31.00363031,0.422112484,14.68876126,0.162622228,196.0789039,1.446923218,7.723290475,1.077360522,0.442398177,5.486146588,2.969832129,-0.30456516,1.534885288,-1.086988463,0.0,405.1914949,0.577171516,0.67999448,49.25,1.695602334,0.034241206,4.204970284,88.926997
12,3.0,1,4.85836854,3.825271648,1.28438,4.013865902,0.814325285,3.703367624,2.735,14.36384173,-0.465592503,3.610839358,3.794285227,0.257587136,-13.66705393,2.632337161,0.022451365,0.468262761,-1.03060681,0.831620878,-0.952980199,6.1764,3.325984918,-4.10917762,0.817054843,824.0356278,226.1363005,0.257602789,12.63393923,0.0,187.7653357,1.463762509,7.616695159,1.102731654,0.468262761,5.245047951,2.700915865,-0.304116237,1.744179217,-1.37965807,1.0,67.50114813,0.469000087,0.792975288,40.0,1.79726045,0.161935605,-0.238822185,80.385376
0,9.0,1,0.0,3.823391733,1.38025,3.994946896,0.814325285,3.703748273,2.735,14.36384173,-0.481487162,3.607647181,3.794285227,0.262983339,-9.386934376,2.632337161,0.073719954,0.468262761,-1.03060681,0.831571773,-0.952980199,6.1764,3.325993554,-4.106955758,0.817054843,824.0356278,226.1363005,0.257602789,12.63393923,0.0,187.7653357,1.4644731,7.616695159,1.102731654,0.468262761,5.303871481,2.700915865,-0.304116237,1.743737756,-1.37965807,1.0,67.50114813,0.469000087,0.792975288,36.0,1.796016669,0.161935605,-0.238822185,80.385376
12,1.0,0,5.530293223,3.88104696,1.23667,4.027065162,0.0,3.4941815,2.83,12.72194603,0.06162638,3.451091557,4.150234854,0.113802442,-5.583021958,2.336115972,0.165137829,0.0,-0.965609607,0.928423698,-0.134451515,5.9872,3.202183279,-8.043091312,0.804862375,731.811275,773.1845394,0.482813498,10.23995172,0.0,173.6690708,1.464678079,7.537406263,1.290969436,0.0,5.124716771,2.298421437,-0.541704909,1.544575635,-1.335176876,0.0,115.1098933,0.726324492,0.756122356,34.5,1.798773883,-0.077118081,2.624888474,69.869411
12,2.0,1,5.072331514,3.807731206,1.32115,4.012680254,0.814325285,3.742821763,2.854,14.49580759,-0.293356929,3.64937954,3.882121484,0.170987435,-3.662324285,2.410514066,0.38145227,0.447381203,-0.95188169,1.040390738,-0.907457785,5.8323,3.409802536,-2.55813919,0.820505018,329.1849493,-370.3170159,0.251851609,12.59320644,0.0,179.8331105,1.702991927,7.56980614,1.104950922,0.447381203,5.347636643,2.41351631,-0.291652652,1.734986593,-0.95188169,0.0,106.3422815,0.440658425,0.757096819,40.25,1.815494208,0.126149209,2.916154914,86.572548
0,8.0,1,0.0,3.806445225,1.41384,3.993403821,0.814325285,3.742937704,2.854,14.49580759,-0.295971146,3.641134489,3.882121484,0.164348024,-4.348140237,2.410514066,0.318463493,0.447381203,-0.95188169,1.037777112,-0.907457785,5.8323,3.409645201,-2.544099833,0.820505018,329.1849493,-370.3170159,0.251851609,12.59320644,0.0,179.8331105,1.702846114,7.56980614,1.104950922,0.447381203,5.401690697,2.41351631,-0.291652652,1.734986593,-0.95188169,0.0,106.3422815,0.440658425,0.757096819,36.25,1.808701184,0.126149209,2.916154914,86.572548
12,2.0,1,5.104001404,3.804164776,1.25101,4.013181444,0.814325285,3.498015191,2.199,14.14647212,-0.266577428,3.458673347,3.461619185,0.085440846,-6.065069166,2.535730378,0.15026812,0.4638484,-0.887926318,0.669153737,-0.887926318,6.7692,3.19861208,-6.918334095,0.84314558,541.9449082,1098.214068,0.232945433,10.34298486,0.0,176.4980924,1.53517744,7.434680747,1.054402558,0.4638484,4.853565836,2.399039781,-0.264920792,1.563026335,-0.863456158,0.0,31.19716594,0.205950377,0.723585301,35.0,1.823439515,0.13541087,-6.401527289,74.296583
0,8.0,1,0.0,3.8027504,1.35418,3.994011942,0.814325285,3.498828822,2.199,14.14647212,-0.265656927,3.458418065,3.461619185,0.097714343,-5.988986982,2.535730378,0.153883658,0.4638484,-0.887926318,0.673856291,-0.887926318,6.7692,3.202434955,-7.544908075,0.84314558,541.9449082,1098.214068,0.232945433,10.34298486,0.0,176.4980924,1.534263478,7.434680747,1.054402558,0.4638484,4.917057899,2.399039781,-0.264920792,1.563026335,-0.863456158,0.0,31.19716594,0.205950377,0.723585301,31.0,1.819446838,0.13541087,-6.401527289,74.296583
12,2.0,1,4.572670517,3.799809471,1.21677,4.012794383,1.833210134,3.521608768,2.722,13.98396361,-0.449645008,3.471350034,3.373974746,0.06503236,-7.895789517,2.917641929,0.091385954,0.236161541,-1.113450489,0.747314249,-1.015835399,4.3223,3.198917835,-4.136789742,0.799189208,310.3227737,821.2657273,0.278346173,12.63393923,0.0,178.3849556,1.456716871,7.685327047,1.106557401,0.491626178,5.312673125,2.889161116,-0.193670792,1.516392676,-1.113450489,0.0,-34.64165571,0.205950377,0.74948484,36.0,1.78982145,0.116180999,-5.844019196,72.806997
0,11.0,1,0.0,3.871342655,1.30999,3.99596649,0.814325285,3.770109125,2.885,14.53302005,-0.410392162,3.648099399,3.64184179,0.190125561,-15.96366463,2.581848458,0.014981122,0.452180729,-1.003403799,0.72592541,-0.931438083,7.733,3.529347424,-4.666481732,0.819875532,360.0776897,433.2721852,0.301774148,16.12360548,0.0,190.3035179,1.463191519,7.522745338,1.088080311,0.452180729,5.475362481,2.609114204,-0.278677856,1.68659731,-1.003403799,1.0,65.64808874,0.440658425,0.777847567,40.0,1.815224946,0.140530379,-0.754898367,84.863376
12,3.0,1,4.698605651,3.807605953,1.28997,4.013401075,1.195266057,3.597585776,2.631,14.1943406,-0.313374031,3.559716143,3.498627719,0.118365137,-4.790391736,2.693798704,0.254441749,0.472089922,-1.082761005,0.715244004,-0.987316618,6.5843,3.316725954,-3.977845027,0.814622689,686.3118347,973.4986463,0.267288437,14.27731708,0.0,183.3044366,1.464266158,7.540735696,1.055157805,0.472089922,5.245047951,2.800883602,-0.229469341,1.730324116,-1.082761005,0.0,29.60369209,0.205950377,0.815058518,38.25,1.82876593,0.081335913,-5.461600266,79.952169
12,4.0,1,4.181318994,3.950492644,1.42717,4.730651761,1.702081659,3.821283212,2.947,14.62006805,-0.565697481,3.721850676,5.561768832,0.437349738,1.097283656,3.051806176,1.298562669,0.445048532,-6.363052282,0.671977873,-1.108765643,6.574,3.619846639,-4.694916389,0.887529047,1150.571452,-684.7885889,0.866114996,14.09851375,0.0,180.3189723,1.449935927,7.747091076,1.121939285,0.445048532,5.255866802,3.42086417,-0.312324004,1.687635285,-2.619888366,0.0,467.1961732,0.38510287,0.753932015,44.25,1.821115221,0.062693473,7.60368984,91.388548
0,13.0,0,0.0,3.928917193,1.4484,4.700330035,0.512992784,3.882269273,4.236,15.00845401,0.027501458,3.740666478,4.834720972,-0.206470932,2.043014816,2.697141018,1.530551437,0.0,-4.496197218,1.142146434,-0.063924801,8.48019,3.583378735,-1.146022237,0.808662068,505.7526431,-898.6527816,0.548202419,11.39374393,0.0,191.7453557,1.697834369,7.542210414,0.849300344,0.0,5.393328049,2.744349885,-0.441275429,1.732441922,-0.822540072,1.0,583.0419284,0.543217604,0.597814965,50.0,1.863760252,0.007726889,-12.00561712,110.660478
18,2.0,1,0.859546755,3.854299911,1.1337,4.056807709,0.650697637,3.769169065,3.847,15.90350986,-0.128250557,3.624732722,3.830201051,-0.203037232,-11.35817413,4.124491921,0.058452342,0.597581054,-1.611847241,0.772514108,-1.146392114,7.53037,3.45827983,-2.786632035,0.837275958,629.7502353,-3166.510776,0.35865084,19.52690289,0.378659336,202.9004125,1.539997816,7.954307496,1.306595177,0.597581054,5.349087698,4.241550825,-0.139584099,1.587974013,-1.931183027,0.0,-16.96008533,0.433492272,0.751469765,51.0,1.863304662,-0.077168582,-1.721733198,81.983411
0,11.0,1,0.0,3.831749375,1.27959,4.038505597,0.650697637,3.763424034,3.847,15.90350986,-0.113291655,3.613872406,3.830201051,-0.219631868,-11.34365388,4.124491921,0.058664913,0.597581054,-1.611847241,0.774429168,-1.146392114,7.53037,3.45550022,-2.677951979,0.837275958,629.7502353,-3166.510776,0.35865084,19.52690289,0.378659336,202.9004125,1.539299099,7.954307496,1.306595177,0.597581054,5.349087698,4.241550825,-0.139584099,1.585970991,-1.931183027,0.0,-16.96008533,0.433492272,0.751469765,44.0,1.839467608,-0.077168582,-1.721733198,81.983411
18,2.0,1,0.8221326,3.878175343,1.16126,4.056853152,0.595275394,3.774189099,3.97,15.97367946,0.345563624,3.625141789,3.992008412,-0.345420232,-14.52462655,4.125432973,0.031484988,0.602123499,-1.623809286,0.887727137,-1.186624724,7.43967,3.459724091,-2.787179614,0.848716692,765.2967457,-3152.173135,0.373622827,21.26854998,0.378613985,197.3772036,1.54003525,8.006074286,1.305022235,0.602123499,5.434338845,3.932303753,-0.15171251,1.58861593,-1.952857128,0.0,-1.459173841,0.41820032,0.77923895,53.0,1.863290242,-0.147403772,-0.045282395,85.878997
0,11.0,1,0.0,3.854548644,1.3104,4.038553316,0.595275394,3.77095555,3.97,15.97367946,0.35334681,3.61428096,3.992008412,-0.347036777,-16.11483722,4.125432973,0.021561068,0.602123499,-1.623809286,0.867151417,-1.186624724,7.53897,3.457153133,-2.767698689,0.848716692,765.2967457,-3152.173135,0.373622827,21.26854998,0.378613985,197.3772036,1.539333583,8.006074286,1.305022235,0.602123499,5.434338845,3.932303753,-0.15171251,1.58665713,-1.952857128,0.0,-1.459173841,0.41820032,0.77923895,45.5,1.839411217,-0.147403772,-0.045282395,85.878997
12,1.0,0,0.784959675,3.785940356,1.25357,4.056346873,0.598408481,3.53863553,3.608,15.74292124,-0.103734166,3.490520718,3.646208892,-0.474343783,-2.489235509,4.04415504,0.510294967,0.435556675,-1.554605427,0.902515231,-0.525319432,4.45288,3.415463164,-0.889361965,0.797165615,484.1401033,-3381.529268,0.343436325,15.63742005,0.315326003,192.7368244,1.540228052,7.932721257,1.306229256,0.551608832,5.322181959,4.020316921,-0.115276327,1.590463256,-1.836821499,0.0,-40.36765751,0.350158939,0.738185847,41.0,1.798728013,-0.069190391,-5.195231421,79.370583
0,7.0,0,0.0,3.784121458,1.37786,4.038006253,0.598408481,3.539023396,3.608,15.74292124,-0.106625775,3.489340253,3.646208892,-0.523876821,-2.668349876,4.04415504,0.486180346,0.435556675,-1.554605427,0.914042552,-0.525319432,4.45288,3.414134896,-0.958212455,0.797165615,484.1401033,-3381.529268,0.343436325,15.63742005,0.315326003,192.7368244,1.539490499,7.932721257,1.306229256,0.551608832,5.322181959,4.020316921,-0.115276327,1.58875729,-1.836821499,0.0,-40.36765751,0.350158939,0.738185847,36.0,1.797480534,-0.069190391,-5.195231421,79.370583
22,2.0,1,1.362889738,3.977958701,1.13272,4.057916673,0.512992784,3.783347441,4.189,16.04913147,-0.066244294,3.628140933,4.202209519,-0.166838071,-17.13554976,4.088451447,0.020354706,0.60963336,-1.590314464,0.769751325,-1.034818171,8.68357,3.493102765,-3.533146076,0.849710703,622.6211159,-3059.520018,0.386428618,22.20838442,0.336472033,203.4611762,1.54393462,7.913047116,1.320331058,0.60963336,5.494016511,3.978725201,-0.17435979,1.648169763,-1.898408249,0.0,-5.060799629,0.486241702,0.761173998,57.5,1.86337988,-0.075831386,-1.313367804,90.356997
0,13.0,1,0.0,3.924201778,1.2836,4.03872625,0.512992784,3.780275536,4.189,16.04913147,-0.079115144,3.616916631,4.202209519,-0.153766794,-12.20004656,4.088451447,0.06249068,0.60963336,-1.590314464,0.768611964,-1.034818171,8.68357,3.494554335,-3.249778415,0.849710703,622.6211159,-3059.520018,0.386428618,22.20838442,0.336472033,203.4611762,1.545040299,7.913047116,1.320331058,0.60963336,5.494016511,3.978725201,-0.17435979,1.651298627,-1.898408249,0.0,-5.060799629,0.486241702,0.761173998,49.5,1.83974439,-0.075831386,-1.313367804,90.356997
0,13.0,0,0.0,3.929871878,1.60064,4.700330035,0.512992784,3.883520248,4.196,15.48848093,0.064635323,3.744310086,5.804810703,-0.252518042,2.361812066,2.553130511,1.588992877,0.0,-4.519183449,1.153223671,-0.046841468,8.9337,3.589034231,-0.523957995,0.784990256,741.741114,-1913.943588,0.726500121,8.383744828,0.0,183.3370071,1.703399671,7.50827547,0.991862668,0.0,5.48345778,2.528617482,-0.565025429,1.733616347,-1.660140064,1.0,612.2233982,0.537457479,0.662248011,51.5,1.869352495,-0.024633234,-11.40216343,119.941236
0,8.0,1,0.0,3.783422343,1.1128,3.989485293,0.814325285,3.625251387,2.389,13.39749064,-0.340872871,3.565809051,2.231338229,0.119927734,-4.741354062,2.617691187,0.194962182,0.547251178,-0.88327354,0.66332925,-0.88327354,5.2104,3.218163987,-4.751459068,0.829035459,-16.86059619,224.936311,0.164702425,12.70469421,0.0,184.6068454,1.372874417,7.65943369,1.255173866,0.547251178,5.041503901,2.634651059,-0.158115237,1.427242589,0.0,0.0,26.61798269,0.348110351,0.708023463,30.0,1.578406539,0.272730832,-0.519026255,63.682239
0,7.0,0,0.0,3.76145337,1.04556,3.986206804,0.0,3.594536609,2.047,12.79411101,-0.086287125,3.482186137,1.928552534,0.081245565,-10.16260388,2.390217221,0.017162276,0.0,0.206953018,0.955482846,0.355056847,5.5096,2.999095035,-4.344780809,0.867588414,-35.36223891,209.4834871,0.143185851,8.442719659,0.0,176.4045123,1.262190557,7.4776266,1.370339067,0.0,4.778677989,2.138388388,-0.151587459,1.372874417,0.0,0.0,60.48685975,0.358304986,0.695973009,26.0,1.543960815,0.018750454,2.489771485,57.224653
0,7.0,0,0.0,3.714609441,1.04266,3.984791821,0.0,3.335800967,1.936,12.62077767,-0.062379933,3.249237055,1.849110536,0.10360156,-6.141059231,2.399701444,0.077399522,0.0,0.183203018,0.952288508,0.317973513,5.5096,2.997132619,-5.909085348,0.857863754,176.4330985,295.242339,0.143185851,6.990915579,0.0,169.46749,1.237429968,7.493423706,1.408299215,0.0,4.802529763,2.183477804,-0.120337459,1.277616726,0.0,0.0,47.17196071,0.222222222,0.705217583,25.0,1.686829598,0.01745205,2.674239522,55.464653
0,7.0,0,0.0,3.72043333,1.10856,3.985068638,0.0,3.388805355,1.897,12.76633323,-0.091384,3.359365321,2.019839627,0.074206155,-7.916511303,2.457267784,0.042146463,0.0,0.166953018,0.946201893,0.315056847,5.7556,2.997955836,-4.392790897,0.878762443,288.8381517,338.8814273,0.143185851,8.442719659,0.0,171.3483774,1.249629723,7.406569,1.268702561,0.0,4.714661719,2.153177869,-0.151587459,1.279963238,0.0,0.0,51.44468325,0.222222222,0.710033591,25.5,1.708004771,0.053123794,1.705125824,58.558239
0,7.0,0,0.0,3.716213429,1.07966,3.984847231,0.0,3.364332246,1.936,12.73670738,-0.043972791,3.33754098,1.849110536,0.099700613,-14.83427454,2.412396149,0.002648638,0.0,0.184684499,0.959143995,0.328714254,5.8997,2.999049259,-3.390374023,0.862638539,167.7721427,244.7451851,0.143185851,6.990915579,0.0,175.1424859,1.261025372,7.42679013,1.292107547,0.0,4.897055209,2.240622032,-0.140337459,1.413119053,0.0,0.0,51.44468325,0.222222222,0.694988291,25.5,1.712375901,0.005684101,1.974578133,58.558239
0,10.0,0,0.0,3.783504339,0.97853,3.986088267,0.0,3.652402399,2.362,13.03520653,-0.08482906,3.502355846,2.018991751,0.044320159,-6.629187224,2.641589506,0.093708454,0.0,0.095477205,0.9670046,0.268902274,5.9603,3.016698472,-4.089567648,0.86455099,-77.10374238,-227.2111328,0.143185851,8.442719659,0.0,195.2265524,1.258958872,7.497658279,1.325030909,0.0,4.620239314,2.502712904,-0.119504126,1.383999051,0.0,0.0,54.19588938,0.324284295,0.677212054,32.0,1.724808378,0.07054478,2.279657621,62.504653
0,8.0,0,0.0,3.753110326,1.144,3.98710075,0.2,3.500543443,2.328,13.13211979,-0.255485188,3.372818707,2.173483747,-0.165439922,-7.857315668,2.739189776,0.066575463,0.0,-0.547735576,0.996475145,-0.298331045,5.4413,3.125231827,-2.809239027,0.858362683,329.8026044,784.7380991,0.175081201,11.17242382,0.0,178.1685492,1.294273361,7.589866095,1.107336264,0.0,5.092397919,2.647261246,-0.103879126,1.641881937,0.0,0.0,63.13922921,0.222222222,0.770397059,29.75,1.693297055,0.06954553,1.623612052,65.015825
0,8.0,0,0.0,3.753110326,1.144,3.98710075,0.2,3.500543443,2.328,13.13211979,-0.255485188,3.372818707,2.173483747,-0.165439922,-7.857315668,2.739189776,0.066575463,0.0,-0.547735576,0.996475145,-0.298331045,5.4413,3.125231827,-2.809239027,0.858362683,329.8026044,784.7380991,0.175081201,11.17242382,0.0,178.1685492,1.294273361,7.589866095,1.107336264,0.0,5.092397919,2.647261246,-0.103879126,1.641881937,0.0,0.0,63.13922921,0.222222222,0.770397059,29.75,1.693297055,0.06954553,1.623612052,65.015825
0,8.0,0,0.0,3.755776866,1.1818,3.98719654,0.2,3.509635953,2.328,13.2480495,-0.257272239,3.397305957,2.146746377,-0.170543217,-11.3731854,2.80813001,0.022571623,0.0,-0.533846687,0.997798778,-0.280414378,5.8314,3.180947859,-3.073494908,0.885253033,319.2452667,685.756056,0.175081201,11.17242382,0.0,180.9266951,1.428399007,7.511128251,1.050137998,0.0,5.170180584,2.651858369,-0.123879126,1.654113944,0.0,0.0,67.429671,0.222222222,0.757914672,30.25,1.712380267,0.101360691,-0.198473472,68.109411
0,8.0,0,0.0,3.746101918,1.10075,3.986734673,0.2,3.485688839,2.328,12.9732309,-0.288167094,3.342032441,2.189730261,-0.141717315,-7.41185715,2.742718778,0.070856977,0.0,-0.598661502,0.987222812,-0.333053267,5.0512,3.079155014,-2.406504013,0.831172204,336.2593452,255.7157001,0.192298746,11.17242382,0.0,175.5648839,1.26317646,7.745019985,1.255228211,0.0,5.010181469,2.800928899,-0.072629126,1.595779741,0.0,0.0,58.49276705,0.222222222,0.736776864,29.25,1.673113484,0.116562846,3.320611717,61.922239
0,8.0,0,0.0,3.726224635,0.98272,3.985365148,0.2,3.431077387,2.367,12.67448516,-0.315007312,3.250971153,1.915482239,-0.179203594,-5.4180007,3.040406016,0.124450601,0.0,-0.372405119,1.004078038,-0.372405119,4.2726,2.997153257,-2.675164229,0.882520498,146.1431766,-404.5221593,0.143185851,8.442719659,0.0,188.0583504,1.259307202,7.91233486,1.519646748,0.0,4.846974207,3.095218353,-0.003184681,1.359357328,0.0,0.0,47.98182065,0.222222222,0.650378342,28.25,1.545211155,0.285965289,2.678378817,55.735067
0,8.0,0,0.0,3.780459078,1.11736,3.989225018,0.0,3.619451181,2.048,13.46749064,-0.076942797,3.573786455,2.205234979,0.063811453,-6.619165625,2.379509515,0.094044451,0.0,0.066302453,1.013142627,0.341075365,6.23799,3.269160013,-4.881085562,0.845235953,-50.22073443,122.1966189,0.164702425,10.96794601,0.0,180.5612937,1.372874417,7.357910514,1.234292301,0.0,5.043681539,2.175346243,-0.199781904,1.508753706,0.0,0.0,69.47340327,0.348110351,0.715244876,28.5,1.629014953,0.047058002,-0.695911194,65.171825
0,8.0,1,0.0,3.78155551,1.1479,3.989260004,0.721124785,3.623901311,2.389,13.54493584,-0.105358048,3.574552991,2.269607265,0.072680624,-3.240278072,2.949820463,0.33956405,0.581117984,-0.81825871,0.683853301,-0.81825871,5.6005,3.299846253,-3.513983339,0.835289403,-18.07194266,-17.50115509,0.164702425,12.19890875,0.0,183.0385714,1.372874417,7.54475066,1.215695412,0.581117984,5.122002213,2.350286491,-0.184271699,1.49926852,0.0,0.0,32.72205114,0.348110351,0.712139058,30.5,1.6207088,-0.037734732,-0.232480589,66.775825
0,8.0,1,0.0,3.78155551,1.1479,3.989260004,0.721124785,3.623901311,2.389,13.54493584,-0.105358048,3.574552991,2.269607265,0.072680624,-3.240278072,2.949820463,0.33956405,0.581117984,-0.81825871,0.683853301,-0.81825871,5.6005,3.299846253,-3.513983339,0.835289403,-18.07194266,-17.50115509,0.164702425,12.19890875,0.0,183.0385714,1.372874417,7.54475066,1.215695412,0.581117984,5.122002213,2.350286491,-0.184271699,1.49926852,0.0,0.0,32.72205114,0.348110351,0.712139058,30.5,1.6207088,-0.037734732,-0.232480589,66.775825
0,7.0,0,0.0,3.781820485,1.07151,3.989365552,0.0,3.621675356,2.811,13.3641573,-0.235706468,3.565731009,2.194070429,0.105423765,-8.584747225,2.51418966,0.04660809,0.0,-0.176753102,0.835140618,0.189825365,5.64938,3.215456833,-4.74547941,0.835270568,-76.09945355,161.6788512,0.164702425,10.96794601,0.0,186.7116035,1.372874417,7.489382974,1.31504699,0.0,4.95856294,2.441629358,-0.16894857,1.426118501,0.0,0.0,57.00288904,0.348110351,0.704946595,30.75,1.578469832,0.139598016,0.430076566,62.511446
0,10.0,2,0.0,3.795118444,1.32756,3.990957435,0.2,3.656537551,3.087,14.2647653,-0.34548171,3.51708731,2.846736969,-0.010100387,-6.169789777,2.840141729,0.188716243,0.0,-0.703251213,0.94041822,-0.369339276,4.7199,3.393074456,-3.390473254,0.849648682,778.2658612,1067.016293,0.19748515,15.92409933,0.687544608,190.2480252,1.458815095,7.672568138,1.018542224,0.687544608,5.171231039,2.759898313,-0.342133999,1.73037321,-0.653201579,3.0,109.9973306,0.31408966,0.815418456,37.75,1.792297506,0.008301949,-1.455372197,80.456583
0,9.0,0,0.0,3.883050235,0.97249,4.143924871,0.0,3.681471916,3.059,12.95336579,0.259668713,3.549690904,2.15455375,0.211257445,-5.948348946,3.172737402,0.101486802,0.0,-1.616903791,0.663355682,0.032363541,6.42918,3.003096787,-2.508706221,0.800415253,303.9223852,2071.544622,0.18271458,14.14875493,0.311997267,233.1187148,1.183809866,7.463410932,0.650492164,0.397579926,4.43993647,2.708256637,0.08383412,1.337539622,0.0,0.0,19.0179493,0.567209362,0.90669017,29.5,1.372874417,-0.117206197,-0.943444449,56.130688
22,1.0,0,3.523443527,3.912390649,1.14617,4.213485957,0.0,3.707746681,4.711,16.47556432,0.083273809,3.604917959,2.835185975,-0.216169,-1.914278329,3.470989595,0.626944566,0.0,-0.441141054,0.840340605,-0.378004736,8.59797,3.516759107,-2.336703039,0.806228389,1121.101543,-941.444944,0.212622193,24.50020924,0.276587077,234.106862,1.472939522,7.943622123,1.17145882,0.62892013,5.180817718,3.556959231,-0.216180091,1.557422282,-0.441141054,0.0,64.48296362,0.592995207,0.773055438,52.75,1.839365487,-0.242189052,-10.60595157,84.72179
0,11.0,0,0.0,3.830959203,1.33572,4.055233759,0.0,3.637819058,4.762,16.47556432,0.101195363,3.532554598,2.835185975,-0.186950714,-3.645772695,3.470989595,0.410979127,0.0,-0.441141054,0.817967869,-0.378004736,8.47697,3.512780657,-5.11883438,0.806228389,1121.101543,-941.444944,0.212622193,24.50020924,0.276587077,234.106862,1.428293621,7.943622123,1.17145882,0.62892013,5.208986732,3.556959231,-0.216180091,1.457676881,-0.441141054,3.0,64.48296362,0.592995207,0.773055438,43.25,1.828453685,-0.242189052,-10.60595157,84.72179
0,9.0,0,0.0,3.880727205,0.91078,4.142608528,0.0,3.371918434,2.468,12.36058801,0.202678721,3.064622565,2.079489998,0.14979363,-6.423514689,3.476906468,0.068805991,0.0,-1.640652846,0.803317692,-0.312543866,6.32358,2.812110389,-8.97750535,0.916273187,404.2598432,1879.067743,0.180373487,12.45338106,0.0,224.0848998,1.097725205,7.652787289,0.730440922,0.437988089,4.270132082,2.985334392,0.096231095,1.184242448,0.0,0.0,12.57055097,0.38131685,0.824729497,28.0,1.385846176,0.025642651,5.901992262,50.312309
0,9.0,0,0.0,3.882008446,1.09914,4.143466079,0.0,3.640296991,3.059,13.37116624,0.214451194,3.558318911,2.358677895,0.182212411,-2.666153977,3.221421095,0.398772803,0.0,-1.654040851,0.659689574,0.050326504,7.59948,3.071572357,-2.035336892,0.827720187,420.8208398,655.5321931,0.18271458,14.14875493,0.229497267,227.3568871,1.35108864,7.471545839,0.871941138,0.375782086,4.544782695,2.708468616,-0.011120528,1.372874417,0.0,0.0,58.22429146,0.483378923,0.818881118,31.0,1.567480599,-0.04016626,-1.08255742,65.411446
0,9.0,0,0.0,3.883580963,1.1121,4.14460925,0.0,3.656851406,2.867,13.6017029,0.211940421,3.535918583,2.776692685,0.182897549,-3.01263286,3.115257681,0.35386531,0.0,-1.652591519,0.825162871,0.161437615,7.40908,3.067466266,-2.304791809,0.978758881,580.6295921,1260.491576,0.204189481,13.1193161,0.0,230.4599088,1.372874417,7.421656829,0.728059611,0.369705698,4.598800097,2.659872159,-0.064252733,1.394308162,0.0,0.0,80.18627946,0.464650184,0.741476699,31.25,1.561470419,-0.018428872,-0.280942542,65.411446
0,10.0,0,0.0,3.883811122,1.0214,4.144658141,0.166666667,3.679617255,3.377,13.49040282,0.25933062,3.524674535,2.512781962,0.299482807,-4.017977992,3.504787649,0.250196254,0.0,-1.719528248,0.803524901,0.009215393,6.34208,3.033602363,-2.411749362,0.959304767,416.4663688,2086.858837,0.204189481,13.1193161,0.0,233.8566594,1.186525459,7.513225785,0.653705849,0.389044046,4.490759064,2.741559147,-0.022068657,1.372874417,0.0,0.0,46.43123516,0.464650184,0.79544915,33.0,1.521411771,-0.076315032,-0.32168699,61.786274
0,11.0,0,0.0,3.885589499,0.99457,4.145276606,0.655185349,3.731787377,3.238,13.47998616,0.398018231,3.532838729,2.548606859,0.375135194,-5.808823031,3.984825351,0.14424034,0.0,-1.853787507,0.659688172,-0.41939401,5.86868,3.036515821,-2.924201239,0.858784614,422.9748046,2114.132558,0.220326911,15.40066021,0.0,244.5038243,1.185726575,7.67727671,0.668317683,0.411294613,4.697475,3.14537716,-0.006443657,1.314339006,0.0,0.0,25.15782747,0.449358232,0.835182125,35.25,1.521344492,-0.217119187,-0.171491883,61.254688
0,10.0,0,0.0,3.884780092,1.02974,4.145154169,0.25,3.688468198,2.767,13.48461579,0.242674447,3.516185971,2.438775724,0.220869187,-5.707229021,3.54158997,0.139734651,0.0,-1.772765416,0.651878483,-0.187821644,6.68968,3.014848269,-3.006517657,0.87324537,463.2899382,1172.429145,0.220326911,14.14875493,0.0,239.2505983,1.187328689,7.576532047,0.769152226,0.398129104,4.703525022,2.965468509,-0.013388102,1.323349263,0.0,0.0,46.43123516,0.464650184,0.832134743,33.0,1.533181269,-0.175961774,-0.924648058,61.786274
0,9.0,0,0.0,3.883294868,1.01519,4.144547588,0.0,3.615055242,2.967,13.46725468,0.14072712,3.451726754,2.368444395,0.095590887,-4.837150029,3.091155529,0.177718653,0.0,-1.654131157,1.025683513,0.124030208,5.58238,2.982707391,-2.37600141,0.967187938,327.8222242,1457.341973,0.204189481,12.45338106,0.280691791,229.4248688,1.185760296,7.464365708,0.707071984,0.383691037,4.490759064,2.644828963,-0.015124213,1.372874417,0.0,0.0,47.87996452,0.483378923,0.792257094,31.25,1.514065515,-0.007485679,-1.895550107,60.991067
0,12.0,0,0.0,3.755177935,0.89533,4.137012846,0.0,3.665157964,3.241,13.21560843,0.176354869,3.572991087,2.065797013,0.152225824,-4.336873241,3.391744714,0.224142441,0.0,-1.691716932,0.761906754,-0.068147361,6.47408,3.124716502,-2.199931307,1.08140971,174.3402208,584.8793376,0.18271458,12.51661104,0.34238307,220.9896943,1.215012222,7.479849179,0.918179595,0.40287838,4.621115365,2.998434385,0.044584152,1.374541368,0.0,0.0,58.48561401,0.502107662,1.005597862,35.25,1.590464074,0.071103982,3.981602614,62.991067
0,9.0,0,0.0,3.707531282,0.92119,4.137702906,0.0,3.637703083,2.926,12.89270735,0.277136354,3.540484243,1.936335859,0.193636767,-4.199091968,3.181149866,0.186441682,0.0,-1.611927726,0.696432312,0.023192397,5.77578,2.981989035,-2.158105822,1.032567727,245.7579305,1264.561533,0.18271458,13.14958616,0.317244181,225.7451703,1.213532551,7.365406505,0.685653888,0.404057597,4.517201054,2.72102439,0.096581034,1.341299914,0.0,0.0,55.87241225,0.585938102,1.087347317,28.75,1.372874417,-0.120621014,-3.286581901,54.617481
0,9.0,0,0.0,3.69337858,0.96832,4.138671365,0.0,3.599141451,2.773,13.28159624,0.240919596,3.483012672,2.150226504,0.159100398,-4.445310789,3.058382537,0.180913743,0.0,-1.620219907,0.864044486,0.148192397,6.11958,2.955065161,-2.554523328,1.227172595,341.453057,967.5233175,0.204189481,11.62960824,0.0,223.5070722,1.214602956,7.332434397,0.702003721,0.390168708,4.452855596,2.599948386,-0.007755819,1.425107501,0.0,0.0,91.03851211,0.483378923,1.023977322,29.5,1.651576696,-0.087382264,-3.15176581,57.711067
0,9.0,0,0.0,3.883367678,1.05893,4.14456542,0.0,3.625570691,2.906,13.49503245,0.195534831,3.503260709,2.368444395,0.145694827,-4.285007842,3.084139185,0.216457741,0.0,-1.638506157,0.831607472,0.164030208,7.16308,3.014088082,-2.567004761,0.97680819,438.1081866,1113.605433,0.204189481,12.45338106,0.0,228.95308,1.212677182,7.421889119,0.754326872,0.375878537,4.501629167,2.573844634,-0.044252733,1.372874417,0.0,0.0,68.28250602,0.483378923,0.798607401,30.75,1.533417091,-0.045733623,-1.069655065,62.31786
0,9.0,0,0.0,3.883785847,1.01809,4.144811318,0.0,3.632535591,2.906,13.34225468,0.223453559,3.489589198,2.368444395,0.171593541,-5.919877675,3.050847896,0.111632027,0.0,-1.625195972,0.826725395,0.157363541,6.77298,2.977335612,-2.876086531,0.962936629,407.1673385,1802.398231,0.204189481,12.45338106,0.0,230.1112033,1.184065518,7.415859653,0.6529914,0.383691037,4.380741985,2.588631514,-0.013002733,1.421455701,0.0,0.0,55.25807048,0.464650184,0.85691677,30.25,1.650826101,-0.084304212,-0.816694707,59.224274
0,9.0,0,0.0,3.883232216,1.00961,4.144531219,0.0,3.605824404,3.091,13.4394769,0.143456466,3.42747324,2.368444395,0.138433395,-5.08727098,3.098411749,0.162531656,0.0,-1.669756157,1.123748776,0.084030208,6.00938,2.969536292,-2.332497412,0.957226592,277.7448513,1813.142586,0.204189481,12.45338106,0.0,231.3525418,1.185030347,7.510817508,0.659041078,0.391503537,4.436605434,2.717901066,-0.001235324,1.372874417,0.0,0.0,59.15435927,0.483378923,0.785902671,31.25,1.502280844,0.031696403,-2.021031543,60.026274
0,9.0,0,0.0,3.63638473,0.94352,4.026468486,0.0,3.503973732,2.19,3.473111851,0.118283969,3.416989738,1.733717284,0.056520996,-2.710765589,2.445925571,0.352536136,0.0,0.668411108,1.171893115,1.061919249,7.13157,3.172497494,-2.984782126,0.923821115,249.1109019,170.5200135,0.11175977,9.15300046,0.331505417,205.2784991,1.258245163,7.269044,0.878462214,0.331505417,4.839661719,2.182581993,-0.037638495,1.461901478,0.0,1.0,81.12335033,0.540894266,0.829791508,30.0,1.590408211,0.010773117,-2.533632268,58.869446
0,12.0,1,0.0,3.853856127,1.32482,4.066720177,0.866025404,3.773385316,3.924,16.08866435,0.586713059,3.605286179,4.279604683,-0.243324879,-15.59196675,4.01385421,0.024419506,0.596357077,-1.243600953,0.853633655,-1.154993808,6.82839,3.452152689,-2.698657669,0.801665017,794.3671625,-2240.796422,0.425180769,24.83256215,0.361146581,194.889775,1.56245603,7.815551226,1.225932247,0.596357077,5.502715279,3.199385666,-0.203941742,1.592319761,-1.46406036,0.0,7.933844344,0.652205355,0.849867082,44.75,1.838919259,-0.228549556,1.389256646,86.79079
17,3.0,0,5.126748271,3.87944923,1.20903,4.354629868,0.360562393,3.774763696,4.334,16.08722733,-0.105534106,3.603329684,4.960660921,-0.009837499,-7.957726439,3.906368435,0.143573398,0.0,-1.740570285,0.90217827,-0.61430211,6.79138,3.444157233,-2.837153931,0.892720423,1547.100187,-421.9995297,0.528703764,25.64393306,0.349811578,204.5459259,1.510814225,7.836043487,1.036926406,0.594613677,5.500153017,3.235589971,-0.197132377,1.578213333,-1.210266371,0.0,56.58239284,0.796542922,0.897366589,50.25,1.623878868,-0.0444841,-3.771878701,85.801997
0,11.0,0,0.0,3.855959519,1.39054,4.2198893,0.360562393,3.772761686,4.334,16.08722733,-0.144190626,3.584241432,4.960660921,-0.015098417,-5.402615096,3.906368435,0.267747475,0.0,-1.740570285,0.887573257,-0.61430211,6.29059,3.436747308,-3.032372007,0.892720423,1547.100187,-421.9995297,0.528703764,25.64393306,0.349811578,204.5459259,1.499152461,7.836043487,1.036926406,0.594613677,5.500153017,3.235589971,-0.197132377,1.579106085,-1.210266371,0.0,56.58239284,0.796542922,0.897366589,42.75,1.624218696,-0.0444841,-3.771878701,85.801997
17,3.0,1,4.690791069,3.878394056,1.20445,4.354629864,0.866025404,3.774505359,3.819,16.07539301,-0.131192251,3.603250837,4.934479444,-0.027657053,-7.825493347,3.964578189,0.148279405,0.604152636,-1.752404605,0.871196248,-1.11430211,7.39068,3.443563535,-2.814550949,0.887913134,1492.074709,-630.0705418,0.524276424,25.64393306,0.36001566,205.9605926,1.510814219,7.872188951,1.049835025,0.604152636,5.499262138,3.286565117,-0.194173797,1.576682215,-1.238629616,0.0,47.39001117,0.796542922,0.901765693,50.25,1.623460232,-0.049566123,-3.084703093,84.837204
0,11.0,1,0.0,3.854894055,1.38566,4.219889271,0.866025404,3.772401324,3.819,16.07539301,-0.165904021,3.584172829,4.934479444,-0.032764337,-5.335294729,3.964578189,0.272180073,0.604152636,-1.752404605,0.853870495,-1.11430211,6.88989,3.435991503,-3.008705686,0.887913134,1492.074709,-630.0705418,0.524276424,25.64393306,0.36001566,205.9605926,1.499151588,7.872188951,1.049835025,0.604152636,5.499262138,3.286565117,-0.194173797,1.577330417,-1.238629616,0.0,47.39001117,0.796542922,0.901765693,42.75,1.623880395,-0.049566123,-3.084703093,84.837204
0,11.0,0,0.0,3.855959519,1.39054,4.2198893,0.360562393,3.772761686,4.334,16.08722733,-0.144190626,3.584241432,4.960660921,-0.015098417,-5.402615096,3.906368435,0.267747475,0.0,-1.740570285,0.887573257,-0.61430211,6.29059,3.436747308,-3.032372007,0.892720423,1547.100187,-421.9995297,0.528703764,25.64393306,0.349811578,204.5459259,1.499152461,7.836043487,1.036926406,0.594613677,5.500153017,3.235589971,-0.197132377,1.579106085,-1.210266371,0.0,56.58239284,0.796542922,0.897366589,42.75,1.624218696,-0.0444841,-3.771878701,85.801997
22,0.0,0,4.929392429,3.911067094,0.93686,4.207515678,0.0,3.710438334,3.347,15.57846103,0.022616073,3.613548149,2.207615459,0.072230744,-0.807746439,3.347027583,0.782883291,0.0,-0.222349187,1.116266002,-0.222349187,9.04649,3.3667632,-5.970632134,0.772194368,580.7125553,-1221.193116,0.193596748,19.00529418,0.0,250.7720103,1.45814448,7.975974909,1.312021404,0.0,5.043681539,3.513645819,-0.13954558,1.5153208,0.0,0.0,73.65707107,0.605481033,0.705276498,45.75,1.598262896,0.001221545,-3.948782646,66.25186
0,10.0,0,0.0,3.829360593,1.12631,4.045843746,0.0,3.639395821,3.398,15.57846103,0.017612756,3.542655539,2.207615459,0.054218249,-2.293055625,3.347027583,0.499141657,0.0,-0.222349187,1.102293283,-0.222349187,8.92549,3.303960462,-10.43999544,0.772194368,580.7125553,-1221.193116,0.193596748,19.00529418,0.0,250.7720103,1.39450282,7.975974909,1.312021404,0.0,5.081417388,3.513645819,-0.13954558,1.457517424,0.0,3.0,73.65707107,0.605481033,0.705276498,36.75,1.559296661,0.001221545,-3.948782646,66.25186
17,1.0,0,2.979592847,3.842544294,0.92551,4.179992355,0.0,3.565548257,3.408,15.30823084,0.02174448,3.500297051,2.097768665,0.106674186,-0.964670369,3.683645676,0.725019455,0.0,-0.660822074,0.970603719,-0.660822074,7.15388,3.046692868,-5.022820448,0.788926981,374.9864787,-945.5182415,0.196566698,17.13713454,0.0,239.4308544,1.372874417,7.901876145,1.390660201,0.574208703,4.930836885,4.026529817,-0.098712246,1.458141866,0.0,0.0,8.103284205,0.419588521,0.72752943,39.75,1.503599606,-0.009378703,-5.11888184,60.965067
0,9.0,0,0.0,3.803605245,1.08949,4.042689153,0.0,3.559573701,3.408,15.30823084,-0.011124139,3.479415988,2.097768665,0.093912079,-2.267409881,3.683645676,0.46963321,0.0,-0.660822074,0.919952397,-0.660822074,7.08128,3.013440076,-6.922023518,0.788926981,374.9864787,-945.5182415,0.196566698,17.13713454,0.0,239.4308544,1.372874417,7.901876145,1.390660201,0.574208703,4.971653211,4.026529817,-0.098712246,1.410908593,0.0,1.0,8.103284205,0.419588521,0.72752943,32.75,1.504799973,-0.009378703,-5.11888184,60.965067
22,1.0,0,3.527405494,3.912331431,1.00584,4.213456891,0.0,3.707654946,4.79,16.24162335,-0.075896538,3.604912303,2.496270367,-0.166661108,-8.440262198,3.766755645,0.108487358,0.0,-0.377685859,0.892979662,-0.377685859,7.42927,3.348185502,-5.84994111,0.876020427,674.0374821,-1183.307491,0.212622193,24.50020924,0.443253744,249.653168,1.458922034,8.006222719,1.220098458,0.636573191,5.30476627,3.650956026,-0.162047115,1.555600892,0.0,0.0,37.93637299,0.592995207,0.650082578,51.25,1.597377332,-0.034275422,-8.40003338,75.441032
0,11.0,0,0.0,3.830942387,1.19757,4.055122143,0.0,3.636572533,4.841,16.24162335,-0.052599602,3.5309859,2.496270367,-0.146874128,-7.103183868,3.766755645,0.154237923,0.0,-0.377685859,0.876988206,-0.377685859,7.30827,3.316693897,-12.16728593,0.876020427,674.0374821,-1183.307491,0.212622193,24.50020924,0.443253744,249.653168,1.394593208,8.006222719,1.220098458,0.636573191,5.337024334,3.650956026,-0.162047115,1.457646328,0.0,3.0,37.93637299,0.592995207,0.650082578,41.75,1.587534033,-0.034275422,-8.40003338,75.441032
22,0.0,2,4.716397956,3.903649647,0.89183,4.206927442,0.0,3.685422297,3.327,15.51762513,-0.008018215,3.594573294,2.142758634,0.026906649,-0.830638293,3.312541368,0.771379764,0.0,-0.218659131,1.123954777,-0.218659131,6.46267,3.292211855,-5.13478461,0.756816667,303.5321735,-919.6469676,0.195890541,17.13713454,0.0,248.3536242,1.372874417,8.040863642,1.369088666,0.608930925,5.01366069,3.46581819,-0.129962246,1.458150305,0.0,0.0,55.07213641,0.502921854,0.70890302,44.75,1.607865834,-0.001040684,-4.95730673,62.796274
0,10.0,2,0.0,3.824291147,1.08842,4.045647696,0.0,3.613888084,3.429,15.51598547,0.051016665,3.515606262,2.131578294,0.072803804,-2.262908574,3.346432504,0.493042979,0.0,-0.221050712,1.160013053,-0.221050712,6.68058,3.18163213,-7.27574904,0.758056018,286.5691753,-856.4570907,0.194570881,17.13713454,0.720242063,249.0990225,1.372874417,8.039437897,1.33737345,0.720242063,5.05366069,3.559278289,-0.124337246,1.401879773,0.0,4.0,55.07213641,0.502921854,0.706900757,35.75,1.471026593,-0.009042361,-5.364646802,62.796274
23,1.0,1,3.947982765,3.889545397,0.70269,4.204217906,0.5,3.672624484,3.24,15.22140035,0.058311327,3.509781383,1.716174009,0.015935472,-6.179949836,4.440217996,0.118716476,0.541313295,-1.137998236,0.967296321,-1.137998236,7.25017,3.015451105,-11.19263304,0.775820756,18.20072058,-653.8749217,0.143747859,15.24997241,0.0,269.4526006,1.082250302,8.008638053,1.487986167,0.541313295,4.698998007,4.968987654,0.006791226,1.387852105,0.0,0.0,-15.40454453,0.434880472,0.757397912,44.5,1.47488363,-0.042379798,-1.633452584,56.109309
0,12.0,1,0.0,3.826251552,0.86951,4.038188377,0.5,3.631285948,3.24,15.22140035,-0.013751405,3.480924411,1.716174009,-0.018073418,-7.476715917,4.440217996,0.075912198,0.541313295,-1.137998236,0.912020584,-1.137998236,7.16078,2.957621824,-8.216840159,0.775820756,18.20072058,-653.8749217,0.143747859,15.24997241,0.0,269.4526006,1.102295258,8.008638053,1.487986167,0.541313295,4.794236102,4.968987654,0.006791226,1.26087493,0.0,1.0,-15.40454453,0.434880472,0.757397912,36.5,1.452483951,-0.042379798,-1.633452584,56.109309
23,1.0,1,7.730944014,3.883998225,0.75284,4.200341156,0.5,3.672664267,3.208,12.20253177,0.053283691,3.511651583,1.82370614,-0.007892101,-6.57960237,3.673819322,0.103433291,0.517875795,-1.015549257,0.84986148,-1.015549257,7.1707,3.023343577,-23.31480864,1.003008531,268.7794526,-416.4715823,0.137887429,14.8821735,0.0,256.5611149,1.366756227,7.717413776,1.31367064,0.517875795,4.730416152,3.58659612,-0.034875441,1.398820388,0.0,0.0,2.452504273,0.434880472,0.663794216,43.75,1.479377344,0.053577014,-7.318123384,59.312688
0,12.0,1,0.0,3.824343798,0.91019,4.031849209,0.5,3.631779066,3.208,12.20253177,-0.013443197,3.481710873,1.82370614,-0.051041348,-7.752613527,3.673819322,0.069023034,0.517875795,-1.015549257,0.804646219,-1.015549257,7.0497,3.000164829,-8.316234422,1.003008531,268.7794526,-416.4715823,0.137887429,14.8821735,0.0,256.5611149,1.259861901,7.717413776,1.31367064,0.517875795,4.863749485,3.58659612,-0.034875441,1.380324426,0.0,1.0,2.452504273,0.434880472,0.663794216,36.25,1.452646593,0.053577014,-7.318123384,59.312688
12,4.0,0,5.324246551,3.949533819,1.42582,4.144677108,0.2,3.868115529,4.136,14.82067822,-0.288352389,3.746119888,6.176412894,0.234453869,-5.292791134,2.435429884,0.308456081,0.0,-2.068530167,1.241903416,0.128923052,6.16599,3.62685843,-3.855117895,1.091619961,1317.547796,1486.084252,0.780606576,18.57273803,0.0,194.9048173,1.654202086,7.440111794,0.856135582,0.0,5.452143388,2.400353212,-0.427533706,1.766421661,-0.250727971,1.0,270.6966201,1.061834874,0.950370417,49.0,1.826438557,0.094150615,-12.9319704,103.302513
0,10.0,0,0.0,3.928455327,1.5065,4.14153858,0.2,3.867867809,4.136,14.82067822,-0.272052326,3.733122686,6.176412894,0.263575195,-5.44050062,2.435429884,0.298495585,0.0,-2.068530167,1.248104074,0.128923052,6.06368,3.62268396,-4.029079775,1.091619961,1317.547796,1486.084252,0.780606576,18.57273803,0.0,194.9048173,1.654197847,7.440111794,0.856135582,0.0,5.498655016,2.400353212,-0.427533706,1.766378748,-0.250727971,1.0,270.6966201,1.061834874,0.950370417,45.0,1.823807863,0.094150615,-12.9319704,103.302513
12,4.0,0,4.014148408,3.958181098,1.40334,4.146355333,0.2,3.85230484,3.957,15.20684126,-0.320129328,3.746543315,5.598063035,0.209548827,-4.832580621,2.65533716,0.341671064,0.0,-2.170427801,1.112044083,-0.147892469,5.96289,3.62726967,-3.859067751,1.058555189,1220.07388,1723.547578,0.579150037,21.13418111,0.152543193,196.5467607,1.641633288,7.524904835,0.850752039,0.152543193,5.564386269,2.594595518,-0.407789714,1.764520325,-0.493992674,1.0,220.1535045,1.076005705,1.017500041,49.5,1.822463403,0.040218592,-13.08197764,100.099134
0,10.0,0,0.0,3.938055868,1.49643,4.142864299,0.2,3.85216919,3.957,15.20684126,-0.296622425,3.738599168,5.598063035,0.245899597,-5.068209486,2.65533716,0.324240818,0.0,-2.170427801,1.124201859,-0.147892469,5.86058,3.623534117,-4.059374562,1.058555189,1220.07388,1723.547578,0.579150037,21.13418111,0.152543193,196.5467607,1.641625864,7.524904835,0.850752039,0.152543193,5.61257904,2.594595518,-0.407789714,1.764454587,-0.493992674,1.0,220.1535045,1.076005705,1.017500041,45.0,1.81884212,0.040218592,-13.08197764,100.099134
18,3.0,0,7.670907732,3.818562793,1.18073,4.015829422,0.282310809,3.77140449,4.305,13.93599783,-0.330980123,3.705729597,3.622391531,-0.060632383,-1.430917728,2.601828005,0.737528476,0.0,-0.297664046,1.205510707,-0.067181911,6.43798,3.502519838,-2.764331035,0.923609097,523.5560755,1404.351393,0.269048446,17.23417063,0.449358868,168.4493964,1.735350765,7.531662511,0.914092936,0.449358868,5.613858096,2.396061857,-0.301205784,1.746280481,0.0,0.0,200.0530309,0.418957858,0.793236616,55.25,1.869127832,0.063712972,-1.436054336,104.382099
18,2.0,0,7.868881868,3.816182537,1.20075,4.015828782,0.0625,3.739435947,3.934,13.93673857,-0.133739355,3.698300302,3.595793182,-0.13920983,-1.000902408,2.47123363,0.804457228,0.0,-0.27162852,1.335080604,0.067360019,6.91138,3.482157242,-2.387908359,0.893423114,435.2513742,1485.743358,0.261602308,16.13501353,0.37470609,165.2087194,1.736357521,7.495318097,0.909169428,0.37470609,5.595491893,2.333920714,-0.302669909,1.781865427,0.0,0.0,216.9066442,0.43424981,0.783758893,53.0,1.869135248,0.001703198,-1.500598304,104.913685
0,11.0,0,0.0,3.793360819,1.30253,3.992176395,0.0625,3.734777367,3.934,13.93673857,-0.148463689,3.693308025,3.595793182,-0.04247325,-1.125717243,2.47123363,0.782922834,0.0,-0.27162852,1.28058767,0.067360019,6.91138,3.481727892,-2.631825135,0.893423114,435.2513742,1485.743358,0.261602308,16.13501353,0.37470609,165.2087194,1.735371948,7.495318097,0.909169428,0.37470609,5.661425959,2.333920714,-0.302669909,1.78065209,0.0,0.0,216.9066442,0.43424981,0.783758893,46.5,1.843707,0.001703198,-1.500598304,104.913685
18,1.0,0,8.082920122,3.817047344,1.15036,4.016023491,0.0,3.619582574,3.414,13.84194078,-0.025531526,3.579272315,2.866852909,0.037460015,-2.17638558,2.565966586,0.580365968,0.0,-0.247402131,1.277935272,0.083697622,6.93618,3.419642795,-3.123627543,0.899354726,372.2256983,981.7191836,0.192460481,17.31315609,0.237894217,180.3316356,1.589125101,7.488078705,0.941377652,0.237894217,5.474747626,2.332480665,-0.350501205,1.794006602,0.0,0.0,154.8845463,0.369645216,0.735696402,46.25,1.872065904,0.024728484,-1.816445421,92.63772
18,1.0,0,8.038570651,3.813551671,1.13118,4.015897225,0.0,3.624957109,3.408,13.84386979,-0.140649143,3.604490585,2.941076781,-0.012540572,-1.883653196,2.573859223,0.624431715,0.0,-0.245382573,1.376145163,0.08571718,7.31048,3.417084326,-3.076256644,0.8993884,392.4621306,1009.519378,0.197052586,15.27788923,0.231783106,180.7946738,1.548155884,7.487711087,0.939756097,0.231783106,5.48418372,2.364717986,-0.349841196,1.793434555,0.0,0.0,176.8465343,0.369645216,0.739567638,47.0,1.872057007,0.025739882,-1.386918933,92.63772
0,10.0,0,0.0,3.787630598,1.2436,3.992249079,0.0,3.622800474,3.408,13.84386979,-0.151909289,3.601966911,2.941076781,0.059739284,-2.143279675,2.573859223,0.585189286,0.0,-0.245382573,1.307739136,0.08571718,7.31048,3.416946047,-3.428058117,0.8993884,392.4621306,1009.519378,0.197052586,15.27788923,0.231783106,180.7946738,1.546221397,7.487711087,0.939756097,0.231783106,5.55918372,2.364717986,-0.349841196,1.789796651,0.0,0.0,176.8465343,0.369645216,0.739567638,40.5,1.848892634,0.025739882,-1.386918933,92.63772
18,2.0,0,7.348334816,3.808913007,1.19005,4.014952406,0.0625,3.737841209,4.205,13.89673857,-0.088865848,3.685434863,3.54019335,-0.075775448,-0.970162856,2.567238613,0.809851024,0.0,-0.33412852,1.305518546,0.004860019,6.30638,3.480114232,-2.426497943,0.907558561,469.4789215,1450.713469,0.256752401,16.13501353,0.37766467,166.7853786,1.735913803,7.554742008,0.917077309,0.37766467,5.680524763,2.425339617,-0.294857409,1.776844667,0.0,0.0,220.0230325,0.43424981,0.780428699,53.5,1.866686843,0.001585329,-0.109564589,103.586892
0,11.0,0,0.0,3.794996998,1.27861,3.992176794,0.0625,3.743858065,4.036,13.91726138,-0.139858719,3.694055258,3.569055812,0.002302802,-1.080277172,2.518842663,0.786579411,0.0,-0.271515673,1.231743602,0.066170783,6.86888,3.467086199,-2.512822192,0.893394159,454.834826,1366.069751,0.261602308,16.13501353,0.391080063,167.4699929,1.611114256,7.519679831,0.918757928,0.391080063,5.629664005,2.385847691,-0.300034868,1.735840819,0.0,0.0,210.9185227,0.536808989,0.780935803,46.0,1.843698005,0.010378202,-2.474546282,101.820099
18,2.0,0,8.114978062,3.834571928,1.24603,4.018360581,0.0625,3.742484604,4.014,14.14933494,-0.124989054,3.700252409,3.737859577,-0.156978947,-0.783603853,2.583171218,0.849378135,0.0,-0.355980372,1.376751898,0.005600759,6.91998,3.482802541,-2.32879011,0.932068281,546.0195702,1632.683915,0.27393415,19.17443338,0.375034888,169.8549001,1.736309909,7.532129841,0.894257719,0.375034888,5.659020608,2.429411206,-0.312669909,1.781272185,0.0,0.0,235.1799821,0.418957858,0.779458644,55.0,1.869114746,0.040828623,-3.573324026,108.809271
17,1.0,1,2.272682416,3.841939965,0.9193,4.179804434,0.5,3.564652359,2.893,15.27698084,0.039937074,3.495801043,2.077912895,0.127118405,-0.955995019,3.938469745,0.727119089,0.519438689,-1.160822074,0.922213768,-1.160822074,7.72157,3.010788496,-5.047652329,0.793375913,321.7438054,-915.3132999,0.193596748,17.13713454,0.0,242.2029585,1.372874417,8.02852102,1.404381213,0.519438689,4.928508855,4.46567644,-0.067462246,1.454527867,0.0,0.0,2.568700335,0.419588521,0.718041524,39.75,1.458337812,-0.017329413,-4.305187026,60.000274
0,9.0,1,0.0,3.802553998,1.08279,4.042463339,0.5,3.55783909,2.893,15.27698084,0.003287345,3.472765838,2.077912895,0.112373148,-2.257355591,3.938469745,0.471209793,0.519438689,-1.160822074,0.8687797,-1.160822074,7.68058,2.98704337,-6.957022882,0.793375913,321.7438054,-915.3132999,0.193596748,17.13713454,0.0,242.2029585,1.372874417,8.02852102,1.404381213,0.519438689,4.970175521,4.46567644,-0.067462246,1.397324938,0.0,1.0,2.568700335,0.419588521,0.718041524,32.75,1.461971974,-0.017329413,-4.305187026,60.000274
23,1.0,1,2.091827249,3.898319338,0.71484,4.206781113,0.5,3.676522077,3.248,15.22551557,0.051005481,3.518129385,1.875608766,0.126246957,-6.190076926,4.647425203,0.127026573,0.547486134,-1.230153849,0.992356405,-1.230153849,7.38927,3.01547083,-7.551806443,0.764600014,26.44481546,-308.5837179,0.179462145,17.13713454,0.0,271.9721932,1.082250302,8.202343965,1.450739,0.547486134,4.784941827,5.368098765,0.018509976,1.387271127,0.0,0.0,-23.85161374,0.419588521,0.755611596,45.75,1.454573575,-0.072000563,-1.760044901,55.999516
0,12.0,1,0.0,3.833809252,0.89176,4.045907264,0.5,3.634139019,3.248,15.22551557,-0.031604208,3.488942135,1.875608766,0.101287901,-7.82159797,4.647425203,0.073740779,0.547486134,-1.230153849,0.933442578,-1.230153849,7.29988,2.957710223,-18.81142752,0.764600014,26.44481546,-308.5837179,0.179462145,17.13713454,0.0,271.9721932,1.102295258,8.202343965,1.450739,0.547486134,4.880179923,5.368098765,0.018509976,1.257325628,0.0,1.0,-23.85161374,0.419588521,0.755611596,37.25,1.439371078,-0.072000563,-1.760044901,55.999516
0,12.0,1,0.0,3.823858183,0.83854,4.025619444,0.5,3.631276072,3.232,12.11760405,0.043733111,3.480298114,1.553008204,0.002258632,-7.195240871,3.90468246,0.076556298,0.533500795,-1.018005795,0.812284314,-1.018005795,7.02168,2.956784825,-7.598919075,0.801780585,5.186206327,-602.70584,0.103116098,12.20626317,0.0,262.2863751,1.102295258,7.767720531,1.472644122,0.533500795,4.681024495,3.612576132,-0.014042108,1.263921917,0.0,1.0,-5.856609306,0.450172424,0.76082949,35.75,1.452484607,0.010231644,-1.826645978,56.219102
22,0.0,0,3.966571504,3.910019023,0.90151,4.207412831,0.0,3.707284332,3.903,15.55846103,-0.004912764,3.604884878,2.171069623,-0.015911004,-0.777570705,3.433973166,0.790074933,0.0,-0.247040545,0.918789994,-0.247040545,9.24906,3.339985553,-6.271842688,0.765190601,460.9646089,-1159.369202,0.193596748,19.00529418,0.0,250.8893526,1.372874417,8.054107519,1.323596653,0.641389554,5.056020968,3.62095087,-0.125656691,1.458147262,0.0,0.0,33.07900768,0.605481033,0.701490985,46.5,1.556533659,0.017625683,-4.55330173,64.925067
0,10.0,0,0.0,3.828506965,1.10095,4.045781047,0.0,3.635800566,3.954,15.55846103,-0.018173682,3.529834077,2.171069623,-0.025874464,-2.267533623,3.433973166,0.503016955,0.0,-0.247040545,0.889507602,-0.247040545,8.01977,3.262144342,-11.533271,0.765190601,460.9646089,-1159.369202,0.193596748,19.00529418,0.0,250.8893526,1.372874417,8.054107519,1.323596653,0.641389554,5.094482507,3.62095087,-0.125656691,1.394517391,0.0,3.0,33.07900768,0.605481033,0.701490985,37.0,1.457648185,0.017625683,-4.55330173,64.925067
0,11.0,0,0.0,3.740461808,0.87386,3.939522604,0.0,3.484960445,2.768,12.50918456,0.005419465,3.372118379,1.45954556,0.379576311,-12.42168457,3.525761649,0.018187968,0.345240098,-4.770896122,0.586300732,-0.325851266,5.93621,3.097284495,-2.89549194,0.951287937,455.484745,-194.9669304,0.094657394,10.89540492,0.331568287,199.4451666,1.274152703,7.842800437,0.975906065,0.345240098,5.24196163,3.129282407,0.049593719,1.417817251,-4.770896122,2.0,20.54059078,0.305555556,1.036350248,36.5,1.573781755,-0.269209242,-0.445101082,59.057274
12,4.0,1,4.560283479,3.950356545,1.35505,4.701792372,1.830934239,3.794151743,3.503,14.35159421,-0.214658862,3.644541336,4.532129251,-0.124277715,0.395183695,3.231413754,1.116024982,0.457362346,-5.120536614,0.675675163,-1.020773737,6.7306,3.484463318,-7.241737614,0.866447929,337.8931909,1006.642825,0.514797402,10.34298486,0.0,184.1392031,1.460253504,7.587110831,1.002948281,0.457362346,5.049703442,2.669724508,-0.290568941,1.550940287,-1.656174709,0.0,418.3894421,0.205950377,0.896956992,40.5,1.822015279,0.187530953,-9.627883987,81.894169
0,11.0,1,0.0,3.826337519,1.26411,3.995222636,0.814325285,3.702127259,2.798,14.4178029,-0.350247107,3.622018741,3.287276509,0.092229624,-9.001039811,2.681545644,0.082061293,0.46433408,-1.004148831,0.746867315,-0.93794419,7.2457,3.356844662,-5.913228711,0.814590631,356.4500336,-470.1447953,0.264506349,12.63393923,0.0,194.4660537,1.478554726,7.520508,1.129647755,0.46433408,5.472054157,2.687376707,-0.253792612,1.744888338,-1.004148831,1.0,45.70748667,0.308012449,0.757148893,38.5,1.814383429,0.135977397,-0.977940814,80.00979
0,10.0,2,0.0,3.816531929,1.40546,3.994714422,0.2,3.658840375,3.047,14.58652455,-0.3499383,3.526919904,3.578754102,-0.016993646,-6.582183518,2.82708765,0.176903029,0.0,-0.83083463,0.952808951,-0.375265202,5.11,3.393325939,-3.278991608,0.855814246,1010.351534,933.3975342,0.256150638,12.63393923,0.673655719,189.1859609,1.46831061,7.620121783,1.062571666,0.673655719,5.205259091,2.72904862,-0.362542163,1.743410482,-1.494054279,3.0,115.9664769,0.308012449,0.817488497,38.25,1.815079209,0.005794429,-0.558921587,83.550169
12,4.0,1,4.607466394,3.950320309,1.27498,4.709685833,1.830934239,3.786967874,3.582,14.22168641,-0.112245159,3.646467612,3.634927645,-0.214566485,1.07828349,2.977610107,1.349215337,0.466844797,-5.112491346,0.705800938,-1.010374426,6.8747,3.340723028,-4.619622044,0.811759892,195.2943109,-504.0959898,0.251851609,10.34298486,0.0,183.0400992,1.466991216,7.716668437,1.124718597,0.466844797,5.289258877,2.730378055,-0.252161911,1.735002226,-1.111530754,0.0,418.3894421,0.205950377,0.84156195,40.5,1.797477759,-0.059007018,-3.641099034,81.894169
12,2.0,1,4.771254438,3.803188461,1.29152,4.013127557,1.195266057,3.540329484,2.376,14.09522212,-0.409679221,3.514140094,3.738505474,0.34311802,-8.949001709,2.627953842,0.066415906,0.196161541,-1.044567269,0.688014081,-0.97195693,5.5959,3.204933886,-5.028852917,0.766675096,629.762351,2215.633095,0.363985323,15.3705518,0.0,173.0527889,1.459823572,7.475030462,0.983607237,0.479280498,5.167434179,2.718553715,-0.244920792,1.588108443,-1.044567269,0.0,1.169313153,0.205950377,0.778228257,35.75,1.814783112,0.131256769,-11.92757642,75.098583
12,4.0,1,4.70138954,3.950413818,1.24989,4.733964078,1.830934239,3.809500693,3.804,14.42263021,-0.227461362,3.706847564,4.184404042,-0.197933223,1.132097404,3.007880446,1.357944652,0.453179099,-5.113358116,0.709495282,-0.990077298,6.6271,3.618541354,-5.605417124,0.820702379,-23.44324792,372.9461207,0.429160197,14.09851375,0.0,193.9568771,1.372874417,7.700987933,1.075722095,0.453179099,5.278351812,2.693234817,-0.287096718,1.449340646,-1.089165273,0.0,423.7665153,0.434912618,0.797807886,42.0,1.682322054,0.053838376,-10.93667026,82.320583
12,4.0,1,4.225923451,3.950493978,1.31383,4.739372794,1.702081659,3.82159723,3.137,14.53353923,-0.480347192,3.728876656,4.433344732,0.407565086,0.879418382,2.994586633,1.239232564,0.451992977,-6.086560513,0.659484012,-1.098579693,7.0667,3.62034904,-3.952855216,0.865062937,324.6355572,-186.2939106,0.478927193,15.57079001,0.0,189.757078,1.372874417,7.787395739,1.126637404,0.451992977,5.408734833,3.468484513,-0.296891905,1.455087882,-1.272415869,0.0,446.2180064,0.492140957,0.741867743,44.25,1.703340692,-0.018584542,6.030025067,86.961376
18,4.0,1,4.11763228,3.950416186,1.18363,4.728767848,1.830934239,3.811028568,4.17,14.56872815,-0.2233997,3.723211906,4.13648659,-0.089575734,0.075178432,3.441606595,1.018505343,0.447507814,-5.784217169,0.720985821,-1.047177511,7.09599,3.621115354,-6.026117016,0.813550052,108.6645945,167.4700891,0.373605963,14.96741789,0.0,197.5720244,1.444504348,7.746268917,1.084462327,0.447507814,5.364191662,2.850486289,-0.304190331,1.6604629,-1.190063303,0.0,384.3295441,0.459320386,0.827486792,50.0,1.835039081,-0.07296451,-8.641701333,87.49079
12,4.0,1,4.713467729,3.950410508,1.32439,4.720646128,1.830934239,3.808988986,3.804,14.55843268,-0.156801805,3.701409632,4.434247938,-0.170252773,1.048309905,2.917885253,1.308390049,0.43929021,-5.260348857,0.711366422,-0.987322477,7.4073,3.618423135,-5.246327983,0.818328516,38.48044986,-95.40741342,0.429160197,14.09851375,0.0,190.5100177,1.609840498,7.658811523,1.06563715,0.43929021,5.330810798,2.633809156,-0.315343827,1.724171079,-1.095338113,0.0,452.8663451,0.448155837,0.851621024,43.0,1.74163048,-0.049312812,-9.055152598,88.507755
12,3.0,1,4.769681775,3.812695676,1.22216,4.013339597,1.049075093,3.667477758,3.326,14.25408833,-0.46427097,3.586860035,3.503966731,0.300474042,-7.743445237,2.699715695,0.109436268,0.476192293,-1.050516461,0.711195343,-0.974550677,5.6747,3.282807359,-3.655553416,0.798957631,468.0347793,591.0859074,0.275441871,14.27731708,0.0,184.678879,1.463664427,7.628840509,1.093714746,0.476192293,5.347274414,2.838296404,-0.234671792,1.632123124,-1.050516461,0.0,48.79748436,0.391842889,0.756825407,39.25,1.79608461,0.113486267,-0.144004718,76.326997
0,9.0,1,0.0,3.811083675,1.31832,3.994247581,1.049075093,3.66776775,3.326,14.25408833,-0.468599788,3.585191531,3.503966731,0.317487526,-10.20926178,2.699715695,0.054099413,0.476192293,-1.050516461,0.713276941,-0.974550677,5.6747,3.283177179,-3.663774287,0.798957631,468.0347793,591.0859074,0.275441871,14.27731708,0.0,184.678879,1.464370742,7.628840509,1.093714746,0.476192293,5.409774414,2.838296404,-0.234671792,1.632099348,-1.050516461,0.0,48.79748436,0.391842889,0.756825407,35.25,1.792888487,0.113486267,-0.144004718,76.326997
12,4.0,1,4.752229667,3.95049212,1.2954,4.736678019,1.702081659,3.821061048,3.16,14.55118379,-0.509559369,3.728810254,4.535268825,0.250793905,1.08498827,2.54437699,1.320753121,0.443728514,-5.201143846,0.779592685,-0.980143479,6.4739,3.620318504,-3.848171252,0.821687077,490.2195873,-782.8188501,0.51515607,13.68288315,0.0,184.3994707,1.419686855,7.631756643,1.160233412,0.443728514,5.370996648,2.853016104,-0.304704405,1.48309657,-1.075083811,0.0,496.0922234,0.527361768,0.74374645,42.75,1.720557414,0.090961751,5.777240891,87.180962
18,4.0,1,6.092105148,3.950444111,1.25142,4.736034959,1.830934239,3.863886386,4.209,14.87992404,-0.084390733,3.726218634,4.588994038,-0.107322472,0.215401567,3.088225048,1.052623993,0.410063104,-5.627125871,0.757372121,-0.98811419,8.00039,3.639348165,-7.289111219,0.788824799,167.5065539,-663.9571031,0.402360281,15.83214497,0.0,198.1243897,1.519854362,7.717124107,1.095020767,0.410063104,5.411891879,2.688545377,-0.371993377,1.673542101,-1.091917735,0.0,378.7959516,0.459320386,0.828147074,50.5,1.856287696,0.004550364,-6.14817168,92.207376
12,2.0,1,4.260544932,3.801204856,1.36745,4.012597567,1.049075093,3.693017494,2.312,14.19301466,-0.445970149,3.576169863,4.174039939,0.166811404,-2.740407385,2.827691633,0.486188029,0.332781153,-4.800952238,0.786674655,-1.092411245,7.0626,3.358482965,-2.789621395,0.801156798,994.3611794,1150.754719,0.409410338,10.34298486,0.0,181.8473148,1.465843239,7.791277105,1.03753151,0.475513919,5.39665141,3.002578926,-0.234116332,1.692113282,-8.921156416,0.0,-13.28203148,0.205950377,0.744757575,39.0,1.820094185,-0.016500632,-5.12754035,80.956376
0,8.0,1,0.0,3.79996047,1.46147,3.993290022,1.049075093,3.693129197,2.312,14.19301466,-0.441186473,3.575361877,4.174039939,0.17759343,-3.226101422,2.827691633,0.42785366,0.332781153,-4.800952238,0.788085351,-1.092411245,7.0626,3.358398211,-2.775961694,0.801156798,994.3611794,1150.754719,0.409410338,10.34298486,0.0,181.8473148,1.466432484,7.791277105,1.03753151,0.475513919,5.453794267,3.002578926,-0.234116332,1.69198742,-8.921156416,0.0,-13.28203148,0.205950377,0.744757575,35.0,1.811622,-0.016500632,-5.12754035,80.956376
18,4.0,1,6.094241331,3.950378891,1.19399,4.724808364,1.702081659,3.904162051,3.47,14.42770999,-0.4569399,3.661032594,4.004723347,0.229880057,-0.080940835,2.745756173,0.980451924,0.454356077,-5.613837604,0.71739142,-1.012248513,7.11489,3.508326268,-3.98072915,0.781959979,508.5221364,-258.9374722,0.310491982,11.79098455,0.204428816,187.8600109,1.470924242,7.710715164,1.10936017,0.454356077,5.334661592,2.989270115,-0.271509376,1.78027026,-1.123939665,0.0,391.0227053,0.28928371,0.68706925,49.75,1.845794054,0.01401044,5.059529988,89.120583
12,4.0,1,4.539032057,3.950320113,1.27527,4.706595957,1.830934239,3.787009082,3.309,14.34843432,-0.006956771,3.645216709,3.79472561,-0.318074707,0.42722563,3.295527272,1.115770317,0.460010477,-5.503118918,0.82018448,-1.025743774,4.4869,3.529700315,-2.296668827,0.863025129,1.939112211,-561.8001502,0.251851609,10.88793655,0.21795961,183.2878831,1.468704047,7.80683529,1.14206579,0.460010477,5.453188429,2.736835316,-0.26252029,1.774889028,-1.147303506,0.0,469.1285349,0.308012449,0.930050967,42.5,1.843555929,-0.013507166,-4.483413514,86.222962
18,4.0,1,5.29583217,3.950488518,1.19713,4.707631077,1.702081659,3.820451076,3.621,14.57179346,-0.484866856,3.730731905,3.850484047,0.353915149,0.213284494,2.764044743,1.052093535,0.445097956,-5.499574916,0.725865145,-1.004454483,6.225,3.621572007,-3.210014369,0.90981616,-159.9903869,648.2559998,0.297717468,13.34029837,0.184826428,191.444375,1.450143731,7.664757371,1.156820013,0.445097956,5.531956524,2.95962609,-0.300016821,1.692131332,-1.116111428,0.0,453.0755351,0.502456894,0.797322344,50.5,1.836787066,0.092310264,0.388286101,91.134169
18,4.0,1,4.99424984,3.950492859,1.22371,4.708122025,1.702081659,3.82250752,3.746,14.72584916,-0.363750282,3.712235843,4.165086569,0.301874548,-2.529752501,2.778346453,0.547538761,0.436998404,-5.522074916,0.703197342,-1.009940863,7.43819,3.619742622,-4.758799711,0.886227081,82.82522602,414.1522636,0.417836789,14.09851375,0.0,194.4721695,1.463297674,7.651279765,1.10761806,0.436998404,5.51182619,2.979478738,-0.326867025,1.672739624,-1.137605936,0.0,475.0375231,0.487164942,0.797928444,51.25,1.833892041,0.062583551,2.078851188,91.134169
12,4.0,1,4.681128751,3.950408861,1.33017,4.715926178,1.830934239,3.808691248,3.199,14.59982723,-0.135356247,3.677709694,4.206913575,-0.332916517,0.386344117,3.00785903,1.10140433,0.438373051,-5.47405256,0.745375786,-0.994395522,5.7368,3.615989896,-3.668932262,0.843957835,220.8658685,-71.10035634,0.399532568,12.63393923,0.0,188.7170601,1.445430396,7.707733111,1.072638005,0.438373051,5.366091329,2.647145646,-0.317639745,1.667887418,-1.111443555,0.0,510.2368579,0.478049126,0.878120256,43.25,1.835699646,-0.038693408,-10.53309361,90.274548
0,10.0,1,0.0,3.929217721,1.41996,4.715925641,1.830934239,3.807232348,3.199,14.59982723,-0.131411153,3.672862183,4.206913575,-0.255791669,0.363829634,3.00785903,1.095222357,0.438373051,-5.47405256,0.746784447,-0.994395522,5.7368,3.611717395,-3.994241273,0.843957835,220.8658685,-71.10035634,0.399532568,12.63393923,0.0,188.7170601,1.446735089,7.707733111,1.072638005,0.438373051,5.418722908,2.647145646,-0.317639745,1.667291337,-1.111443555,0.0,510.2368579,0.478049126,0.878120256,39.25,1.823139164,-0.038693408,-10.53309361,90.274548
18,4.0,1,4.906985825,3.950414556,1.17314,4.728449413,1.830934239,3.810057576,4.292,14.56365928,-0.264310698,3.711741295,4.063747293,-0.20846639,0.287578302,3.071332915,1.074542055,0.447915374,-5.624330338,0.755591224,-1.018961425,6.35189,3.619469408,-6.589769293,0.827453228,59.86020344,116.5585206,0.373605963,14.09851375,0.0,196.79026,1.444007061,7.73191923,1.0927006,0.447915374,5.371860874,2.813100137,-0.301256447,1.6544891,-1.147611513,0.0,402.4017915,0.478049126,0.829672856,49.25,1.832779874,0.019226438,-8.936311588,86.27379
18,4.0,1,5.028944044,3.950417928,1.22146,4.728516573,1.830934239,3.816554598,4.119,14.80490928,-0.161212566,3.722613911,4.253900541,-0.125078843,0.389133827,3.09086869,1.099560648,0.417179016,-5.600312599,0.745847606,-0.994100314,7.34699,3.638749535,-6.63937325,0.855995266,83.50895646,-141.9157969,0.354699787,14.09851375,0.0,195.894812,1.519872832,7.658449465,1.097596089,0.417179016,5.320609615,2.696940093,-0.356256447,1.674295043,-1.095944846,0.0,423.4366958,0.478049126,0.834992606,49.25,1.856595017,0.006742251,-7.943846953,90.694169
12,4.0,1,4.698218052,3.950409452,1.31871,4.710077347,1.830934239,3.814757583,3.693,14.62626974,-0.130613546,3.677255481,3.987747104,-0.133036252,1.201436668,2.99367039,1.371860083,0.42672134,-5.145093978,0.714553457,-0.978639732,7.2648,3.624966294,-5.346992684,0.837400839,-16.77881214,-542.6828237,0.278811292,12.63393923,0.0,188.7615968,1.519553443,7.637665702,1.100421824,0.42672134,5.316202127,2.60099116,-0.330380478,1.658467765,-1.056252976,0.0,441.9024523,0.375987053,0.816367302,42.0,1.781126659,-0.021786917,-6.157332575,86.747755
12,4.0,1,4.704128869,3.950409073,1.27808,4.713064957,1.830934239,3.8089016,3.804,14.47169798,-0.120566431,3.70908748,3.880738409,-0.172508818,1.083948441,2.9555607,1.330093964,0.447554673,-5.152838569,0.707002054,-0.98938009,6.8747,3.620554926,-4.659418772,0.815794739,-234.9927191,-571.9080974,0.297717468,13.68288315,0.0,189.5015395,1.438230881,7.690179237,1.105109927,0.447554673,5.23397881,2.662349953,-0.295812577,1.53072416,-1.092229057,0.0,438.8449304,0.652279982,0.861015316,42.5,1.703261721,-0.069333099,-5.563163621,85.414169
12,2.0,1,5.01635186,3.807261635,1.2508,4.013184003,0.814325285,3.617336209,2.495,14.25748969,-0.357248427,3.571222606,3.448208233,0.163620031,-6.756236104,2.519996522,0.137088543,0.471626178,-0.957271351,0.868559151,-0.919159731,6.1481,3.265859483,-4.064659151,0.797706664,347.3919387,70.42427077,0.275441871,12.63393923,0.0,180.5138949,1.46780914,7.54753902,1.108552408,0.471626178,5.348914928,2.517976354,-0.32494957,1.669872599,-0.957271351,0.0,61.18133553,0.28928371,0.76497489,37.0,1.797398304,0.142451062,0.192925856,76.858583
0,8.0,1,0.0,3.805775692,1.34953,3.994033773,0.814325285,3.617548888,2.495,14.25748969,-0.364106469,3.570136473,3.448208233,0.164756622,-7.838203006,2.519996522,0.09972351,0.471626178,-0.957271351,0.868342299,-0.919159731,6.1481,3.266519374,-4.132993508,0.797706664,347.3919387,70.42427077,0.275441871,12.63393923,0.0,180.5138949,1.468296711,7.54753902,1.108552408,0.471626178,5.41045339,2.517976354,-0.32494957,1.669828555,-0.957271351,0.0,61.18133553,0.28928371,0.76497489,33.0,1.794088618,0.142451062,0.192925856,76.858583
18,4.0,1,6.216491552,3.950439763,1.20343,4.729307376,1.830934239,3.90605339,4.252,14.62372253,-0.211431977,3.725054124,4.281965184,-0.112365081,0.148127021,3.095492584,1.036789108,0.439728777,-5.59937492,0.724212683,-1.007802831,7.61029,3.621417545,-6.510966576,0.745498862,144.174155,296.1138754,0.373605963,14.96741789,0.0,199.1061696,1.444379713,7.73301655,0.992214138,0.439728777,5.257013627,2.783876469,-0.316791086,1.659220224,-1.135068915,0.0,362.6427843,0.459320386,0.724943616,50.0,1.834801283,-0.028836242,-9.738162457,89.11379
12,4.0,1,4.627634651,3.950372748,1.22095,4.696974604,1.702081659,3.793367831,2.911,14.11570161,-0.412228879,3.651607122,3.419644388,0.256205832,-0.503398699,2.730633283,0.866036521,0.479963082,-5.033170595,0.66858467,-1.007080267,5.5991,3.389481686,-2.989214773,0.850668203,92.14680028,234.3402557,0.251851609,10.34298486,0.245553469,183.6724546,1.460767436,7.701621861,1.187814491,0.479963082,5.306532044,3.019477179,-0.220707829,1.507924647,-1.091521516,0.0,426.610812,0.205950377,0.732816759,39.5,1.783790523,0.102159229,2.609843371,77.47379
0,10.0,1,0.0,3.929171616,1.31724,4.696974535,1.702081659,3.792354368,2.911,14.11570161,-0.412130931,3.642263457,3.419644388,0.288757546,-0.793335578,2.730633283,0.797185956,0.479963082,-5.033170595,0.671984901,-1.007080267,5.5991,3.389328881,-2.983260469,0.850668203,92.14680028,234.3402557,0.251851609,10.34298486,0.245553469,183.6724546,1.461544115,7.701621861,1.187814491,0.479963082,5.368070505,3.019477179,-0.220707829,1.507906737,-1.091521516,0.0,426.610812,0.205950377,0.732816759,35.5,1.781768052,0.102159229,2.609843371,77.47379
12,4.0,1,3.33069483,3.958512137,1.37021,4.724736318,1.830934239,3.788799556,3.516,14.70388485,-0.174465949,3.653506087,5.487587909,-0.347625064,1.244629783,3.149776804,1.38754244,0.462260315,-5.445873548,0.701603717,-1.089180819,7.4023,3.364816821,-5.989446164,0.840054336,1059.394983,-232.3086079,0.934848064,12.4039646,0.0,187.5619988,1.459277214,7.84069667,1.093740736,0.462260315,5.24223073,2.918730244,-0.266202237,1.752026957,-2.123696126,0.0,409.1851912,0.190658425,0.786641036,42.25,1.8179933,0.00520454,-7.694787803,84.877962
12,4.0,1,4.591800439,3.950321316,1.29914,4.716576527,1.830934239,3.787088148,3.543,14.23367187,-0.196218521,3.647975809,4.444901956,-0.241668069,1.123129462,3.001687385,1.366127925,0.465524778,-5.207848857,0.709187847,-1.013895325,6.8731,3.344966135,-5.335694436,0.826194821,536.9594669,-99.99773513,0.514737067,11.54450444,0.0,185.2366962,1.465476156,7.712922911,1.097222155,0.465524778,5.249332971,2.745675895,-0.255846718,1.722795217,-1.118401384,0.0,418.3894421,0.205950377,0.791448603,40.5,1.799051058,0.050628117,-5.842526485,81.894169
0,10.0,1,0.0,3.929118609,1.39547,4.71657601,1.830934239,3.786311334,3.543,14.23367187,-0.191188018,3.638637682,4.444901956,-0.173860298,1.017854462,3.001687385,1.326756644,0.465524778,-5.207848857,0.711854511,-1.013895325,6.8731,3.344898309,-5.344642627,0.826194821,536.9594669,-99.99773513,0.514737067,11.54450444,0.0,185.2366962,1.466098622,7.712922911,1.097222155,0.465524778,5.307303986,2.745675895,-0.255846718,1.722643346,-1.118401384,0.0,418.3894421,0.205950377,0.791448603,36.5,1.796052065,0.050628117,-5.842526485,81.894169
12,4.0,1,4.619534493,3.950406969,1.25713,4.713416877,1.830934239,3.808254567,3.049,14.39339976,-0.189230596,3.653349291,4.341166847,-0.346263322,0.649547025,3.064360308,1.191905456,0.458179099,-5.391135894,0.778272877,-1.00830775,5.9413,3.607416752,-5.053553369,0.825545164,458.7298537,607.1350214,0.501347668,12.63393923,0.0,191.4292835,1.442344655,7.734418787,1.059594874,0.458179099,5.202302355,2.750892047,-0.274275548,1.582978648,-1.118395715,0.0,472.0967093,0.375987053,0.787645032,41.25,1.699604471,0.052987039,-14.31250627,82.327376
0,10.0,1,0.0,3.929215569,1.35063,4.713416328,1.830934239,3.806808834,3.049,14.39339976,-0.185327992,3.647498726,4.341166847,-0.268848397,0.522791447,3.064360308,1.151764352,0.458179099,-5.391135894,0.779604754,-1.00830775,4.8125,3.604996869,-5.157383803,0.825545164,458.7298537,607.1350214,0.501347668,12.63393923,0.0,191.4292835,1.443709839,7.734418787,1.059594874,0.458179099,5.26027337,2.750892047,-0.274275548,1.582749876,-1.118395715,0.0,472.0967093,0.375987053,0.787645032,37.25,1.699167225,0.052987039,-14.31250627,82.327376
0,9.0,1,0.0,3.804940155,1.40992,3.994174083,1.195266057,3.602633878,2.551,14.21861072,-0.379675296,3.51712806,3.508695508,0.232470648,-12.93121083,2.806231762,0.027543106,0.476171138,-1.14833463,0.747440957,-1.020871145,6.3108,3.363585563,-2.689574937,0.825709618,1015.895087,835.464794,0.256150638,12.63393923,0.0,187.7283383,1.464160817,7.661294718,1.076035957,0.476171138,5.136659964,2.94749841,-0.345782903,1.743058021,-1.856760891,0.0,43.544006,0.205950377,0.849268734,35.25,1.814437471,0.029802816,-3.078474407,80.754169
0,10.0,0,0.0,3.929175245,1.39026,4.736637321,0.991863488,3.793577012,3.564,14.43340601,-0.464280307,3.650732068,4.378090834,0.235738345,0.923870821,2.517185746,1.275226615,0.0,-5.169034792,0.817265889,-0.493961506,5.8746,3.440026518,-3.439858556,0.806566895,744.2007972,-790.5870491,0.469290211,11.18523725,0.0,173.9567846,1.483438374,7.595363218,1.174021883,0.488759345,5.442847504,2.807228844,-0.283871072,1.556528066,-0.963694922,0.0,498.0871641,0.348209275,0.772158708,37.75,1.790042446,0.078956634,7.366817522,86.385755
18,2.0,1,6.676028261,3.849328926,1.16419,4.014529625,0.814325285,3.737192554,2.774,14.38680092,-0.351236518,3.639888622,3.447333852,0.123226777,-8.707671082,2.627782203,0.089028608,0.466069618,-1.007647626,0.709242098,-0.940859571,6.88362,3.326728808,-6.072261192,0.805928879,575.9892249,578.2969687,0.264506349,14.27731708,0.0,189.6624922,1.463304066,7.537543773,1.094062995,0.466069618,5.339404346,2.683991635,-0.247813658,1.70375401,-1.007647626,0.0,45.70748667,0.28928371,0.770027419,44.0,1.829105824,0.13805954,-2.906048592,80.00979
0,11.0,1,0.0,3.833957521,1.28244,3.995353396,0.814325285,3.723399716,2.774,14.38680092,-0.370480351,3.628522323,3.447333852,0.145319581,-7.469567074,2.627782203,0.125571527,0.466069618,-1.007647626,0.715269692,-0.940859571,6.88362,3.324425946,-5.443135931,0.805928879,575.9892249,578.2969687,0.264506349,14.27731708,0.0,189.6624922,1.464159005,7.537543773,1.094062995,0.466069618,5.430313437,2.683991635,-0.247813658,1.698572639,-1.007647626,1.0,45.70748667,0.28928371,0.770027419,38.5,1.816710913,0.13805954,-2.906048592,80.00979
18,2.0,1,5.750881302,3.836627458,1.11147,4.014276723,0.814325285,3.718514158,2.798,14.30187319,-0.350606915,3.633933922,3.314013879,0.122625606,-8.939315167,2.676908494,0.07776296,0.47433408,-1.002731597,0.730904579,-0.941641464,6.8556,3.307611255,-6.220149834,0.804709589,358.5265845,275.4355143,0.264506349,12.63393923,0.0,191.1257598,1.46209532,7.555191667,1.134292988,0.47433408,5.314193614,2.711135152,-0.228282408,1.686182063,-1.002731597,0.0,40.41818906,0.308012449,0.762105995,43.5,1.826456092,0.137204742,-1.226354362,76.916204
0,11.0,1,0.0,3.82487674,1.2289,3.995090801,0.814325285,3.701463684,2.798,14.30187319,-0.366940167,3.621972198,3.314013879,0.137821887,-7.905653644,2.676908494,0.104480149,0.47433408,-1.002731597,0.743463664,-0.941641464,6.8556,3.303694764,-5.715998689,0.804709589,358.5265845,275.4355143,0.264506349,12.63393923,0.0,191.1257598,1.462880196,7.555191667,1.134292988,0.47433408,5.409431709,2.711135152,-0.228282408,1.678033324,-1.002731597,1.0,40.41818906,0.308012449,0.762105995,38.0,1.814221766,0.137204742,-1.226354362,76.916204
12,4.0,1,3.395544156,3.95852068,1.25188,4.733616416,1.830934239,3.78921865,3.706,14.66847392,-0.134369194,3.65710579,4.062671049,-0.342065307,1.268455315,3.192241417,1.408923251,0.470524778,-5.169381779,0.694829654,-1.076876292,6.7662,3.412514927,-5.666614879,0.82956819,243.5856816,-704.5354057,0.383294338,13.68492249,0.0,189.5261355,1.432754984,7.912547139,1.151111145,0.470524778,5.416689564,2.945106739,-0.246670987,1.470366401,-1.231272227,0.0,390.879003,0.24958399,0.803003596,42.25,1.776722122,-0.022140971,-5.670995425,80.45079
0,8.0,1,0.0,3.798605539,1.35095,3.993527126,0.814325285,3.522302472,2.345,14.12115182,-0.386702629,3.474720463,3.525090465,0.18570793,-6.548952682,2.560976149,0.137445045,0.481626178,-0.97626228,0.904559867,-0.935202683,6.004,3.203293813,-4.009805258,0.794905654,575.840449,600.4691605,0.288045988,12.63393923,0.0,176.9817226,1.460832539,7.539640687,1.087818256,0.481626178,5.323684179,2.564318843,-0.233670792,1.566108365,-0.97626228,0.0,45.04927715,0.205950377,0.732167203,32.0,1.795205482,0.153933481,-2.903872007,75.098583
12,4.0,1,4.194350471,3.950491146,1.31316,4.715032873,1.702081659,3.820991545,3.026,14.45686099,-0.435600232,3.70572267,4.226229796,0.395042619,0.350314451,2.990743214,1.091528069,0.458937421,-6.053124299,0.648605811,-1.105756001,5.7954,3.618983771,-3.917291414,0.857026111,325.823584,73.07793988,0.39681109,14.09851375,0.0,190.2561494,1.449137797,7.787162735,1.118639872,0.458937421,5.423057814,3.493288054,-0.281459806,1.632540022,-1.278106455,0.0,439.1006569,0.38510287,0.740849681,43.25,1.721318261,-0.02182031,4.374265801,85.201376
18,2.0,1,5.428004003,3.830911984,1.09986,4.01409833,0.814325285,3.709688915,2.931,14.27409542,-0.421985511,3.614748106,3.263341208,0.189728511,-7.664888363,2.745757662,0.111920318,0.48050692,-1.030509375,0.746659422,-0.957266464,6.2506,3.303076806,-5.366373848,0.80652602,387.001376,-10.7373035,0.259193541,12.63393923,0.0,192.4216597,1.462084419,7.636595557,1.172399907,0.48050692,5.248156996,2.802606793,-0.214393519,1.668839467,-1.030509375,0.0,43.06414039,0.308012449,0.770779083,44.0,1.814695854,0.137471276,1.248329937,75.589411
0,11.0,1,0.0,3.820339832,1.21428,3.994867383,0.814325285,3.690963716,2.931,14.27409542,-0.446268464,3.598329091,3.263341208,0.190050201,-7.004124542,2.745757662,0.135175893,0.48050692,-1.030509375,0.763872374,-0.957266464,6.2506,3.300237423,-4.910083896,0.80652602,387.001376,-10.7373035,0.259193541,12.63393923,0.0,192.4216597,1.46287899,7.636595557,1.172399907,0.48050692,5.409447318,2.802606793,-0.214393519,1.659209144,-1.030509375,2.0,43.06414039,0.308012449,0.770779083,38.5,1.802465367,0.137471276,1.248329937,75.589411
12,4.0,1,4.744146356,3.950412969,1.39506,4.719516187,1.830934239,3.815380609,3.804,14.84468268,-0.148257244,3.702891085,4.624401186,-0.14045823,1.063576396,2.96467611,1.296163668,0.405595273,-5.323368155,0.723809646,-0.968248403,8.1875,3.634879934,-4.806097503,0.863635883,43.51667093,-324.6689502,0.410254021,14.09851375,0.0,188.9611189,1.521800483,7.609247699,1.075041092,0.405595273,5.365311532,2.534853829,-0.377843827,1.680792301,-1.056171446,0.0,478.1449035,0.478049126,0.852204904,44.0,1.856845947,-0.006984162,-7.517776692,94.694927
12,4.0,1,4.617462603,3.950324734,1.33962,4.716576849,1.830934239,3.79645447,3.543,14.46492187,-0.173457209,3.665492894,4.635055203,-0.183843439,1.205410823,3.016804399,1.385119904,0.437747,-5.223831118,0.716764779,-0.995978658,7.2632,3.353398384,-5.393250741,0.847263562,537.0057362,4.757557334,0.495830891,11.54450444,0.0,185.4925987,1.536083394,7.654120598,1.089266143,0.437747,5.207644272,2.663062937,-0.299757407,1.724944244,-1.076734718,0.0,430.1952724,0.205950377,0.770171481,41.0,1.810999829,0.062940597,-5.989798339,84.987755
0,10.0,1,0.0,3.929184741,1.28601,4.713652641,1.504800752,3.770866577,4.02,14.07224649,-0.246168429,3.612076951,3.237832696,-0.022326951,-0.19575793,2.548280958,0.948467696,0.49471221,-4.563065478,0.900734908,-0.949798618,5.3902,3.412967591,-2.708454558,0.782515742,-242.677802,277.499137,0.19318612,13.39702277,0.0,181.6260637,1.453226588,7.657011517,1.034211205,0.49471221,5.340125181,2.5860999,-0.244523731,1.718409141,0.0,0.0,432.0789053,0.284196371,0.672221998,38.25,1.782154044,0.227958772,2.042664717,82.327376
12,3.0,1,4.628362828,3.806447957,1.33703,4.013321557,1.195266057,3.611239151,2.929,14.28194039,-0.552794924,3.568093156,3.771307244,0.317192659,-4.324372458,2.902330629,0.310755356,0.465693891,-1.118280421,0.738037333,-1.002430361,6.1314,3.424585952,-2.221066767,0.873827448,880.9924128,237.2442853,0.259570023,12.63393923,0.223562728,185.00587,1.465160633,7.572105015,1.096330407,0.465693891,5.189021134,2.828150039,-0.242345499,1.758238707,-1.222149326,0.0,28.85499208,0.205950377,0.775319753,39.75,1.839121712,0.210487259,0.162448674,84.812548
0,9.0,1,0.0,3.8049684,1.43215,3.994189275,1.195266057,3.611392736,2.929,14.28194039,-0.568779365,3.567712442,3.771307244,0.33427876,-5.269674176,2.902330629,0.240692218,0.465693891,-1.118280421,0.739308191,-1.002430361,6.1314,3.424448536,-2.211524237,0.873827448,880.9924128,237.2442853,0.259570023,12.63393923,0.223562728,185.00587,1.465796232,7.572105015,1.096330407,0.465693891,5.243815654,2.828150039,-0.242345499,1.757444116,-1.222149326,0.0,28.85499208,0.205950377,0.775319753,35.75,1.826948201,0.210487259,0.162448674,84.812548
12,4.0,1,4.575488383,3.950322125,1.32468,4.712449722,1.830934239,3.787449578,3.838,14.39639513,-0.165130599,3.653697419,4.535012437,-0.257192323,0.862109441,2.921971451,1.247390417,0.452955908,-5.358741346,0.832027219,-1.017851086,6.5012,3.51415417,-4.199768676,0.810061852,122.1983843,-638.9088077,0.251851609,10.34298486,0.0,181.9931466,1.468387797,7.722951877,1.113164729,0.452955908,5.418516541,2.718525043,-0.279022453,1.77251885,-1.476730035,0.0,447.6330505,0.393450377,0.892043801,43.0,1.84288454,-0.102449871,-2.395328522,87.549755
0,9.0,1,0.0,3.784747902,1.25796,3.989939937,1.049075093,3.686201663,3.008,13.98642629,-0.455619638,3.577510792,2.872845626,0.200741722,-6.930081468,2.644474402,0.138066024,0.505836207,-0.942211297,0.744715114,-0.942211297,5.2014,3.354598444,-2.928075643,0.835525157,217.9922362,581.0609873,0.225460982,14.68285008,0.0,184.8778612,1.530811741,7.651795663,1.05266343,0.505836207,5.452836274,2.798768241,-0.219365237,1.701824125,0.0,0.0,53.82418078,0.413212051,0.708485203,35.5,1.756789585,0.202542662,0.474615518,77.29179
12,4.0,1,4.66159144,3.950395263,1.3144,4.729524104,1.702081659,3.797449711,2.983,14.40747631,-0.520638142,3.663865104,4.284288321,0.348268475,0.948953076,2.68801103,1.283671708,0.453728514,-5.167707632,0.701404828,-0.999465752,6.3777,3.486479135,-3.308850984,0.888653107,448.7163684,656.475051,0.451990201,13.68288315,0.163053469,185.1796533,1.446269162,7.578191257,1.085316172,0.453728514,5.301462154,2.983171664,-0.279194201,1.507853313,-1.101444355,0.0,464.2252426,0.27811916,0.731801506,41.5,1.811982734,0.108766711,-1.041105642,85.420962
12,2.0,1,5.069592185,3.820545723,1.28848,4.012815804,0.814325285,3.759358744,2.854,14.44673982,-0.273635271,3.649634383,4.045640659,0.132104997,-4.230744423,2.445940732,0.31871932,0.453005629,-0.948817907,1.043127127,-0.908154993,5.4422,3.390143869,-2.612580772,0.83301849,313.3519011,7.307017018,0.316401331,12.92319914,0.0,183.158651,1.638124527,7.586241952,1.092961384,0.453005629,5.505036732,2.434025925,-0.285133377,1.653564021,-0.948817907,0.0,100.1155524,0.629490619,0.745161441,39.75,1.80123924,0.125522592,0.76809818,83.478962
0,8.0,1,0.0,3.819280421,1.38228,3.993595041,0.814325285,3.759407482,2.854,14.44673982,-0.276162365,3.640786623,4.045640659,0.126478682,-5.085579532,2.445940732,0.252970865,0.453005629,-0.948817907,1.040470776,-0.908154993,5.4422,3.38999276,-2.598463877,0.83301849,313.3519011,7.307017018,0.316401331,12.92319914,0.0,183.158651,1.638117221,7.586241952,1.092961384,0.453005629,5.56137476,2.434025925,-0.285133377,1.653530989,-0.948817907,0.0,100.1155524,0.629490619,0.745161441,35.75,1.797256757,0.125522592,0.76809818,83.478962
12,4.0,1,4.706302409,3.950409566,1.34512,4.710173614,1.830934239,3.814781655,3.693,14.68244258,-0.146337845,3.67889677,3.987747104,-0.162638029,1.26606196,3.057632221,1.383520409,0.42080418,-5.180881015,0.717956516,-0.976822315,7.6549,3.626081724,-4.421399922,0.8728808,-17.95839904,-529.1701298,0.278811292,12.63393923,0.0,187.5687674,1.523306829,7.63686291,1.103200697,0.42080418,5.382474388,2.566725255,-0.342880478,1.678522488,-1.057580137,0.0,453.9156873,0.375987053,0.869560105,42.5,1.826713882,0.041606216,-5.394394508,89.841341
12,2.0,1,3.825231131,3.805745052,1.30467,4.012835777,1.830934239,3.67225583,2.634,14.04734372,-0.31368859,3.527571615,3.746600025,-0.182937872,-4.26123887,3.439570427,0.316103312,0.40015554,-5.323588298,0.820052583,-1.185976086,5.6024,3.257780794,-3.425182087,0.822740022,860.2262792,-83.34923212,0.341043273,10.34298486,0.0,184.895981,1.457502897,8.001935986,1.12659554,0.494022872,5.244993582,3.725637469,-0.198892173,1.527115862,-10.72763376,0.0,-55.49022941,0.205950377,0.734531548,38.75,1.796187103,-0.028791182,-0.055377757,75.571204
0,8.0,1,0.0,3.80435933,1.39931,3.993601874,1.830934239,3.672458562,2.634,14.04734372,-0.305291338,3.527223991,3.746600025,-0.121329716,-5.102060711,3.439570427,0.251846545,0.40015554,-5.323588298,0.820842025,-1.185976086,5.6024,3.258543848,-3.412709954,0.822740022,860.2262792,-83.34923212,0.341043273,10.34298486,0.0,184.895981,1.458452269,8.001935986,1.12659554,0.494022872,5.306532044,3.725637469,-0.198892173,1.527101205,-10.72763376,0.0,-55.49022941,0.205950377,0.734531548,34.75,1.792768809,-0.028791182,-0.055377757,75.571204
18,4.0,1,5.889719708,3.950374349,1.33231,4.755900602,1.702081659,3.793738709,3.411,14.7151859,-0.290637377,3.659595894,5.652588273,0.194761122,-1.412583423,2.587410512,0.719997332,0.430009519,-5.749127385,0.747778301,-1.007596339,7.1362,3.468174985,-6.748081195,0.859839672,1151.080819,-10.53899062,0.710205994,12.75291883,0.0,182.5494732,1.669646781,7.636426283,1.129464867,0.430009519,5.411004482,2.870294763,-0.334590593,1.789431926,-1.877339109,0.0,494.4293347,0.583795872,0.836359187,50.75,1.848348319,-0.095624145,5.863699738,95.554548
12,4.0,1,4.656897777,3.950410698,1.40201,4.726017825,1.830934239,3.808887147,3.614,14.55637178,-0.243044836,3.693616012,6.05583248,-0.179690406,1.134988829,2.922028709,1.337795054,0.437970192,-5.4390397,0.726233882,-1.000136645,7.6533,3.617008637,-6.36991823,0.8219623,786.437922,551.8920325,0.847350569,12.63393923,0.0,190.7344369,1.475309418,7.629549432,1.024895507,0.437970192,5.336293138,2.657061174,-0.319442978,1.65310077,-1.875306363,0.0,453.9156873,0.375987053,0.772286063,42.5,1.832857271,0.015446022,-13.82721813,89.841341
18,4.0,1,4.611943738,3.950374501,1.16402,4.723331459,1.702081659,3.793772992,3.51,14.37334337,-0.469193093,3.659636038,3.706796951,0.302249872,-0.000782,2.761552566,0.999804465,0.462382483,-5.709904134,0.819831843,-1.024123055,5.85649,3.473203989,-3.696519198,0.882329079,477.7980859,-12.22785614,0.297274246,11.18523725,0.246386802,185.8358004,1.47128707,7.732721837,1.209200428,0.462382483,5.505036732,3.025538611,-0.256484513,1.779985598,-1.138375727,0.0,429.8882291,0.308012449,0.822127203,49.0,1.843377423,0.015021455,4.216363391,86.280583
18,4.0,1,1.816295594,3.950419124,1.19157,4.731212005,1.830934239,3.81265836,4.14,14.77913115,-0.063497964,3.72542807,4.202952337,-0.062743388,-0.220890735,3.535566327,0.948766051,0.450980037,-6.226925503,0.73011881,-1.107517624,7.23509,3.621339547,-6.46936947,0.808811892,147.4461299,-118.3565988,0.382714707,17.18785065,0.0,198.6551604,1.444492724,7.849794408,1.101520952,0.450980037,5.487499936,2.98136717,-0.301103911,1.659674592,-1.268188303,0.0,360.6362717,0.444028435,0.84704452,51.25,1.834668617,-0.153618295,-8.778232929,87.380997
18,4.0,1,5.652675503,3.95037495,1.22336,4.725553371,1.702081659,3.793979317,3.313,14.43980428,-0.352473577,3.661053764,4.08246152,0.235821139,-0.155709201,2.688067736,0.962734261,0.452993101,-5.666501356,0.732875943,-1.015418586,6.54422,3.499401313,-4.340945491,0.87978232,631.6281813,-87.6530532,0.353634833,12.47490307,0.195136802,183.031941,1.471334443,7.685756394,1.203814758,0.452993101,5.43182619,2.946016829,-0.275157352,1.78126328,-1.129414822,0.0,449.2368867,0.28928371,0.844118179,49.0,1.846811787,-0.055304691,5.096780109,90.700962
0,8.0,1,0.0,3.769836537,1.24606,3.989595481,0.814325285,3.481539522,2.402,13.76994387,-0.38223369,3.429299518,2.47442253,0.179673886,-7.552682306,2.51943117,0.094400093,0.519534554,-0.90335713,0.809655875,-0.90335713,5.1885,3.206894502,-2.674876365,0.829677386,241.4705453,607.9141619,0.19318612,13.39702277,0.181683477,177.2839812,1.45361769,7.592363618,1.072287375,0.519534554,5.344931189,2.540789155,-0.216309681,1.670035611,0.0,0.0,22.92653048,0.212027588,0.708786056,31.5,1.762492958,0.226748149,-0.899610507,72.96979
12,2.0,1,4.865436012,3.797792773,1.25786,4.012560208,1.114851112,3.517662422,2.482,14.05618961,-0.1237584,3.489118742,3.322311347,-0.188223776,-6.054235122,2.712605117,0.159674693,0.30640554,-0.998849204,0.658641294,-0.953039486,5.74,3.213882925,-3.822641223,0.820089336,508.696342,-406.791335,0.251851609,11.99953935,0.0,177.3801001,1.46208019,7.602958761,1.158791712,0.481626178,5.272979297,2.577187216,-0.244920792,1.627810318,-0.998849204,0.0,1.169313153,0.205950377,0.756029475,35.75,1.810282772,0.083281428,-0.751240803,75.098583
0,8.0,1,0.0,3.796619061,1.35905,3.993233241,1.114851112,3.517851313,2.482,14.05618961,-0.11998929,3.488909956,3.322311347,-0.15996654,-5.779088512,2.712605117,0.173558781,0.30640554,-0.998849204,0.662383654,-0.953039486,5.74,3.216550704,-3.965213087,0.820089336,508.696342,-406.791335,0.251851609,11.99953935,0.0,177.3801001,1.462864679,7.602958761,1.158791712,0.481626178,5.335479297,2.577187216,-0.244920792,1.627777608,-0.998849204,0.0,1.169313153,0.205950377,0.756029475,31.75,1.804215634,0.083281428,-0.751240803,75.098583
12,4.0,1,4.661009354,3.950375015,1.3087,4.73873029,1.702081659,3.793791794,2.982,14.32495123,-0.558375463,3.659618666,4.83314191,0.329907482,0.997480306,2.62735695,1.30016973,0.459129749,-5.293201459,0.714720193,-0.999580267,6.5218,3.432162174,-3.222153409,0.837568623,790.3815244,14.82284553,0.588602202,10.34298486,0.151803469,181.1490392,1.468367906,7.652727832,1.165146945,0.459129749,5.384795487,2.930278028,-0.259904078,1.588313507,-1.692483399,0.0,464.2252426,0.268450377,0.762947031,41.5,1.783737459,0.104721077,4.349657364,85.420962
12,4.0,1,4.687140172,3.950375918,1.29162,4.736637373,1.702081659,3.794007031,3.049,14.37785046,-0.495954594,3.659251749,4.368699028,0.223718454,1.04569802,2.566931146,1.31677253,0.456074193,-5.189034792,0.778451083,-0.993961506,6.4739,3.437595918,-3.468548436,0.809076303,704.7668987,-774.8752191,0.469290211,11.18523725,0.0,176.8272796,1.461313786,7.653538262,1.183012259,0.456074193,5.384795487,2.886382668,-0.269982183,1.556525432,-1.088694922,0.0,486.1872306,0.348209275,0.771655699,41.75,1.789290964,0.093581838,7.435555631,85.420962
0,10.0,1,0.0,3.92917511,1.38406,4.736637321,1.702081659,3.792971004,3.049,14.37785046,-0.49612183,3.648703599,4.368699028,0.255815906,0.927683444,2.566931146,1.27650672,0.456074193,-5.189034792,0.780060285,-0.993961506,6.4739,3.437444882,-3.449944708,0.809076303,704.7668987,-774.8752191,0.469290211,11.18523725,0.0,176.8272796,1.462122478,7.653538262,1.183012259,0.456074193,5.440351043,2.886382668,-0.269982183,1.556525151,-1.088694922,0.0,486.1872306,0.348209275,0.771655699,37.75,1.786796116,0.093581838,7.435555631,85.420962
12,4.0,1,3.845733281,3.950412077,1.23568,4.739687046,1.830934239,3.809020216,3.563,14.20558089,-0.31999553,3.667221816,3.985634122,0.033626376,0.953192032,3.572063476,1.285104462,0.482104719,-7.389849886,0.85457925,-1.182381824,6.9845,3.612011173,-4.858907576,0.798010308,885.5312906,473.4952984,0.39528839,12.63393923,0.0,196.8141175,1.372874417,8.024837821,1.102642242,0.482104719,5.222274414,3.821920218,-0.233698379,1.446769154,-6.69677627,0.0,326.4019208,0.375987053,0.795344322,42.75,1.678208904,-0.046890587,-4.652328438,77.137618
18,4.0,1,5.908652347,3.950379126,1.2021,4.73166948,1.702081659,3.8558879,3.427,14.44634749,-0.29004427,3.660858852,4.128431547,0.216002868,-0.121673829,2.7277627,0.970759481,0.452846998,-5.625606294,0.744385174,-1.01087469,7.11489,3.494427795,-4.369507274,0.834053435,508.5221364,-41.95765576,0.360463287,12.47490307,0.194149148,187.0867794,1.471291364,7.726308206,1.128250963,0.452846998,5.450835592,2.987641698,-0.275404266,1.780662217,-1.122871612,0.0,391.0227053,0.28928371,0.79004018,49.75,1.846078626,0.031100823,4.9077767,89.120583
12,4.0,1,4.668567768,3.950487843,1.25229,4.708671962,1.702081659,3.820128073,2.947,14.41249174,-0.610779445,3.681388157,4.162314508,0.391777453,0.081100605,2.64295425,1.02157164,0.457860745,-5.417707632,0.695148532,-0.998771882,4.3171,3.618164064,-2.811397416,0.834536386,590.6806116,-136.7029742,0.455066101,12.63393923,0.218609025,186.7817693,1.446907767,7.672247403,1.157456338,0.457860745,5.269052401,2.981702162,-0.271381701,1.607890069,-1.096428923,0.0,507.2649393,0.400394821,0.732636399,42.0,1.700298235,0.0902008,2.810420785,84.094169
12,2.0,1,4.101552428,3.850092931,1.38541,4.013241975,1.114851112,3.770084335,2.423,14.31445681,-0.345975694,3.652297411,4.431792942,0.003944717,-3.809069322,3.083672025,0.37655753,0.164044429,-4.836319779,0.79763243,-1.125029584,7.0626,3.406736723,-4.436670616,0.827186081,779.7541166,445.2517969,0.486087654,11.54450444,0.0,186.3582758,1.461064863,7.805423869,1.051737322,0.467493946,5.381728457,3.399451693,-0.258362836,1.59430649,-9.041828537,0.0,-0.664370808,0.481382293,0.803432942,40.0,1.805443385,-0.193738734,0.49843462,82.716376
0,8.0,1,0.0,3.848845345,1.47823,3.994196512,1.114851112,3.769933208,2.423,14.31445681,-0.338404355,3.642698733,4.431792942,0.064344298,-4.502695886,3.083672025,0.315203314,0.164044429,-4.836319779,0.79870647,-1.125029584,7.0626,3.406595515,-4.417336499,0.827186081,779.7541166,445.2517969,0.486087654,11.54450444,0.0,186.3582758,1.461893509,7.805423869,1.051737322,0.467493946,5.438066486,3.399451693,-0.258362836,1.594298138,-9.041828537,0.0,-0.664370808,0.481382293,0.803432942,36.0,1.800424278,-0.193738734,0.49843462,82.716376
12,2.0,1,4.049363784,3.807217021,1.34787,4.012869728,1.114851112,3.683399279,2.312,14.12897637,-0.374803927,3.565275812,4.093590183,-0.001652474,-3.992965765,3.159860104,0.33987413,0.289044429,-4.879143853,0.786295227,-1.13659337,6.6725,3.286374905,-3.549916726,0.813253817,993.0909959,-159.8333949,0.409410338,10.34298486,0.0,183.3268667,1.462208086,7.848404,1.101457176,0.484022872,5.300653183,3.497393897,-0.219300336,1.637083336,-9.201556665,0.0,-17.53012492,0.205950377,0.737100506,38.5,1.81204225,0.01309681,2.854749536,77.86279
0,8.0,1,0.0,3.805802431,1.44347,3.993648515,1.114851112,3.683618695,2.312,14.12897637,-0.367406478,3.564455351,4.093590183,0.048723241,-4.771777127,3.159860104,0.275361777,0.289044429,-4.879143853,0.78761269,-1.13659337,6.6725,3.286684883,-3.537452358,0.813253817,993.0909959,-159.8333949,0.409410338,10.34298486,0.0,183.3268667,1.462987388,7.848404,1.101457176,0.484022872,5.360354675,3.497393897,-0.219300336,1.637040241,-9.201556665,0.0,-17.53012492,0.205950377,0.737100506,34.5,1.805561011,0.01309681,2.854749536,77.86279
12,2.0,1,4.896603943,3.771656434,1.08624,4.009632683,0.814325285,3.50888389,3.042,13.71481348,-0.353295007,3.474580146,2.501159901,0.114049383,-6.30161558,2.722864684,0.139560809,0.526626178,-0.940077809,0.608122705,-0.940077809,5.88278,3.223433927,-3.649723905,0.820874909,175.9312315,826.9490017,0.19318612,13.39702277,0.0,182.3244073,1.447775244,7.621885161,1.095284481,0.526626178,5.185230133,2.848499934,-0.199781904,1.585063323,0.0,0.0,16.46546407,0.212027588,0.704025763,38.25,1.770211031,0.194643158,-0.9892105,70.302618
0,8.0,1,0.0,3.771413758,1.18436,3.989675794,0.814325285,3.509060454,3.042,13.71481348,-0.348533114,3.4741307,2.501159901,0.15390756,-6.883138419,2.722864684,0.116369971,0.526626178,-0.940077809,0.613450523,-0.940077809,5.88278,3.224934446,-3.858968674,0.820874909,175.9312315,826.9490017,0.19318612,13.39702277,0.0,182.3244073,1.448811128,7.621885161,1.095284481,0.526626178,5.25419565,2.848499934,-0.199781904,1.585061071,0.0,0.0,16.46546407,0.212027588,0.704025763,34.25,1.764007279,0.194643158,-0.9892105,70.302618
12,4.0,1,4.679352368,3.950396891,1.35489,4.736649623,1.702081659,3.797830167,3.01,14.52340601,-0.512995278,3.664145546,4.789402867,0.270924998,1.096567936,2.615241057,1.324680457,0.443728514,-5.228921624,0.778149824,-0.995768479,6.7199,3.492098667,-3.839979497,0.871195494,825.4932604,-225.4681862,0.567860698,13.68288315,0.0,180.8901104,1.463864052,7.564570369,1.097870581,0.443728514,5.331695857,2.875178631,-0.304704405,1.584828836,-1.102861589,0.0,499.2664068,0.348209275,0.744646621,42.25,1.813281713,0.105036415,4.701374198,88.514548
0,10.0,1,0.0,3.929198082,1.44739,4.73664957,1.702081659,3.796655112,3.01,14.52340601,-0.514967472,3.653466692,4.789402867,0.296495921,0.97810333,2.615241057,1.285047555,0.443728514,-5.228921624,0.779696497,-0.995768479,6.7199,3.491885111,-3.824615195,0.871195494,825.4932604,-225.4681862,0.567860698,13.68288315,0.0,180.8901104,1.464581957,7.564570369,1.097870581,0.443728514,5.38502919,2.875178631,-0.304704405,1.584796819,-1.102861589,0.0,499.2664068,0.348209275,0.744646621,38.25,1.806451357,0.105036415,4.701374198,88.514548
12,4.0,1,4.642339139,3.950323822,1.28115,4.72362254,1.830934239,3.787537007,3.693,14.31719811,-0.152754152,3.653512661,4.271581727,-0.217640592,1.152202988,2.962001099,1.365343729,0.458580334,-5.170233116,0.711507686,-1.002517914,7.0172,3.432407515,-5.030004308,0.821280364,216.7247631,-205.9123607,0.383294338,11.54450444,0.0,185.8935076,1.466441512,7.712567933,1.103911309,0.458580334,5.361076767,2.707924608,-0.2660508,1.769402479,-1.105862804,0.0,428.9732006,0.482243306,0.82566116,41.5,1.842374092,-0.012919015,-5.004274764,83.654169
0,10.0,1,0.0,3.929121284,1.37501,4.723622053,1.830934239,3.786744776,3.693,14.31719811,-0.147681099,3.643598106,4.271581727,-0.150843103,1.05555172,2.962001099,1.330140065,0.458580334,-5.170233116,0.713910791,-1.002517914,7.0172,3.432296557,-5.018052651,0.821280364,216.7247631,-205.9123607,0.383294338,11.54450444,0.0,185.8935076,1.467015939,7.712567933,1.103911309,0.458580334,5.418219624,2.707924608,-0.2660508,1.768253979,-1.105862804,0.0,428.9732006,0.482243306,0.82566116,37.5,1.83000396,-0.012919015,-5.004274764,83.654169
21,3.0,1,4.819992001,3.950427334,1.13426,4.134423752,1.049075093,3.815300847,3.111,14.71147015,-0.452931505,3.726784817,3.983630074,0.30088271,-11.57525777,2.675041152,0.059413512,0.441135992,-1.062141201,0.659555552,-0.964849414,6.25998,3.62008952,-5.597013059,0.825449287,242.4268605,768.2403822,0.355310571,18.245929,0.0,197.076776,1.504909962,7.615048888,1.063152824,0.441135992,5.450835592,2.801385001,-0.314206405,1.746929773,-1.062141201,0.0,66.02985381,0.71367029,0.763152453,53.5,1.838030318,0.068864509,-0.911985209,87.858583
0,9.0,0,0.0,3.798450369,1.14777,3.989896396,0.0,3.696403199,2.854,13.84664738,-0.276157877,3.603285109,2.378948979,0.061791435,-5.222376353,2.537809873,0.195539552,0.0,-0.130595695,0.91666453,0.244735607,6.25451,3.421499863,-2.989367417,0.820906861,228.7321382,56.74834621,0.164702425,14.05550328,0.0,186.1021683,1.424011277,7.644795505,1.222422213,0.0,5.148336505,2.373559183,-0.179816626,1.558740223,0.0,2.0,105.4849607,0.549294815,0.73234847,34.0,1.577701694,0.097117176,-0.726498516,69.933825
12,4.0,1,4.63624002,3.871841934,1.33147,4.015196659,1.588098342,3.789313985,2.456,14.65939646,-0.468589797,3.666417913,5.28018671,0.44515731,-7.425625372,2.672869279,0.163469616,0.441355542,-1.127702544,0.733580718,-1.006122753,5.6417,3.617457919,-3.749265345,0.783722965,847.0138869,33.79372933,0.658776243,16.06232685,0.0,190.5991705,1.470162364,7.633537629,1.069518605,0.441355542,5.388924717,2.961480057,-0.314092593,1.703155997,-2.095427741,0.0,89.26127484,0.702164357,0.767961715,45.5,1.796892786,-0.031623801,2.472807712,89.567755
18,4.0,1,5.799914588,3.950416778,1.23453,4.730044506,1.830934239,3.810978205,4.095,14.640596,-0.14141562,3.726298019,4.352870763,-0.151860831,0.194897108,3.01035444,1.048683827,0.43801235,-5.652038672,0.740243979,-1.011438468,7.03962,3.621349448,-8.19966181,0.821018174,284.865046,-362.1363379,0.414438004,15.83214497,0.0,192.7108997,1.444819716,7.692974567,1.097304592,0.43801235,5.357837825,2.754112218,-0.321688545,1.663870229,-1.141662439,0.0,423.4366958,0.459320386,0.884671171,49.25,1.835540584,-0.090357706,-7.017431015,90.694169
12,4.0,0,4.667952194,3.950376522,1.3711,4.736637374,2.032186997,3.797701963,4.0,14.76610616,-0.711750012,3.665518844,4.545824344,0.342408224,0.978323906,2.670498008,1.255479018,0.41978811,-5.240264241,0.904284262,-0.366646691,4.8587,3.459364428,-5.888939194,0.843183408,534.3559808,-937.0555038,0.469290211,12.11976113,0.328203789,176.3251637,1.556524621,7.644460627,1.151992036,0.533133344,5.67173022,2.775595145,-0.349931044,1.715482816,-1.058519303,0.0,481.3987114,0.348209275,0.76884355,45.0,1.798952644,0.131598562,9.373292823,97.270513
12,4.0,1,4.692724147,3.950487085,1.22509,4.697021953,1.702081659,3.819999687,3.022,14.28903495,-0.423714457,3.682285136,3.584963665,0.295143538,-0.834438744,2.697832316,0.793113818,0.467617403,-5.045279648,0.66991473,-0.99326224,5.5991,3.618072114,-3.165745413,0.850623061,-126.4342368,732.898856,0.297717468,12.63393923,0.225553469,190.9320569,1.431627495,7.666335388,1.143004523,0.467617403,5.290235975,2.999822062,-0.251957829,1.469254623,-1.077910405,0.0,434.9129034,0.400394821,0.711307705,40.5,1.698170191,0.096935496,-1.862449616,79.23379
12,4.0,1,4.003496873,3.950374784,1.32132,4.706242614,1.702081659,3.793948858,2.808,14.29464211,-0.653927613,3.653044247,4.044413209,0.267825519,-1.287324699,3.10581613,0.724820548,0.472115286,-6.017810513,0.743314197,-1.150068281,6.8738,3.391040446,-3.122580207,0.879016843,634.9850641,-750.3455404,0.386392719,10.34298486,0.0,183.8940627,1.462766558,7.934944717,1.168946004,0.472115286,5.399265253,3.297007122,-0.249389976,1.589757049,-6.07276098,0.0,409.7891158,0.205950377,0.723328051,43.0,1.791051783,0.670580169,4.273088845,83.331583
0,10.0,1,0.0,3.929173968,1.41142,4.706242545,1.702081659,3.792916276,2.808,14.29464211,-0.653306679,3.643292549,4.044413209,0.261722468,-1.628911111,3.10581613,0.665492589,0.472115286,-6.017810513,0.745024296,-1.150068281,6.8738,3.390891739,-3.110563613,0.879016843,634.9850641,-750.3455404,0.386392719,10.34298486,0.0,183.8940627,1.463513295,7.934944717,1.168946004,0.472115286,5.455603281,3.297007122,-0.249389976,1.589753366,-6.07276098,0.0,409.7891158,0.205950377,0.723328051,39.0,1.78839266,0.670580169,4.273088845,83.331583
12,4.0,1,4.640577879,3.950409098,1.32812,4.712834516,1.830934239,3.808952277,3.949,14.56972846,-0.205938507,3.69972998,4.697678648,-0.216182719,0.93873297,2.923348963,1.264508163,0.440610229,-5.375361717,0.831290569,-1.004033059,6.5012,3.619078752,-4.669888888,0.814498685,-93.27569991,-868.8920509,0.297717468,12.63393923,0.0,187.4179753,1.446382504,7.704696844,1.100137009,0.440610229,5.405159524,2.667691788,-0.313744676,1.669143196,-1.453387253,0.0,457.7805298,0.563487053,0.890814133,44.0,1.835499063,-0.086090876,-3.7589952,89.309755
12,4.0,1,3.93442489,3.950337682,1.32172,4.713490671,1.830934239,3.790122393,3.413,14.27238278,0.053570966,3.64792705,4.077776719,-0.130222074,0.899292512,3.387614725,1.259340062,0.471860229,-6.47582468,0.689249414,-1.163951371,7.273,3.41806128,-4.233903106,0.818307012,436.3821498,-451.8783344,0.350422095,12.63393923,0.0,188.586699,1.464269162,7.983413972,1.097567135,0.471860229,5.249332971,3.162389664,-0.25568912,1.557903644,-6.213641095,0.0,353.889657,0.205950377,0.864352868,42.75,1.811446456,-0.028166351,-11.12029963,81.56479
12,4.0,1,4.620931186,3.950408719,1.28974,4.71588421,1.830934239,3.808642301,3.384,14.57982723,-0.209323724,3.668196412,4.206913575,-0.376894425,0.32715299,2.987382877,1.085225986,0.44429021,-5.55405256,0.919085442,-1.008284411,4.5831,3.613363622,-3.489100158,0.823822235,107.4485822,71.11687949,0.399532568,12.63393923,0.0,189.9826667,1.44434987,7.747246937,1.06468751,0.44429021,5.330810798,2.698830253,-0.307639745,1.656655213,-1.131443555,0.0,500.2186204,0.478049126,0.815047671,43.75,1.794281061,0.020360513,-10.99405576,87.982962
0,10.0,1,0.0,3.92921755,1.37881,4.715883672,1.830934239,3.807184656,3.384,14.57982723,-0.205337836,3.663057008,4.206913575,-0.309647069,0.30434033,2.987382877,1.079054379,0.44429021,-5.55405256,0.918171158,-1.008284411,4.5831,3.609694383,-3.800601697,0.823822235,107.4485822,71.11687949,0.399532568,12.63393923,0.0,189.9826667,1.445684018,7.747246937,1.06468751,0.44429021,5.384864852,2.698830253,-0.307639745,1.656087543,-1.131443555,0.0,500.2186204,0.478049126,0.815047671,39.75,1.793799844,0.020360513,-10.99405576,87.982962
12,4.0,1,4.532018677,3.950320331,1.32859,4.706717399,1.830934239,3.78712736,3.269,14.39946312,-0.059823078,3.653099799,4.416971076,-0.355337167,0.257409911,3.359808401,1.066468239,0.454093317,-5.564947622,0.82437736,-1.027369884,4.877,3.596185516,-2.492748529,0.898240574,248.0713796,-662.5032241,0.251851609,10.34298486,0.18670961,182.1930348,1.468954634,7.801280643,1.146979564,0.454093317,5.477804816,2.705321048,-0.27502029,1.775789434,-1.348593724,0.0,482.9107689,0.419338724,0.994581906,43.0,1.844814036,0.047584429,-3.837721514,89.316548
18,4.0,1,4.148809133,3.950419213,1.22278,4.728768149,1.830934239,3.817221185,4.17,14.79997815,-0.200603184,3.725026595,4.326639838,-0.041875273,0.17309141,3.430706946,1.042073252,0.419730037,-5.80019943,0.727489541,-1.029260844,7.48609,3.63930545,-5.884017117,0.832891072,127.8706243,-16.64007996,0.354699787,14.96741789,0.0,197.1179933,1.519542653,7.690569936,1.086387016,0.419730037,5.401690697,2.758253507,-0.354190331,1.672141368,-1.148396637,0.0,399.9028948,0.459320386,0.802266465,50.5,1.856356467,-0.047578365,-7.857956236,90.584376
12,2.0,1,4.915627019,3.798239664,1.35297,4.01255061,1.049075093,3.566032693,2.442,14.21833294,-0.278162633,3.549087529,3.707260383,0.078026801,-3.013044116,2.522040948,0.422794198,0.239031153,-0.988890186,0.625933595,-0.942886451,6.5202,3.330270283,-3.083783072,0.839410779,764.7990218,1132.361976,0.251851609,10.34298486,0.0,178.5311381,1.468736768,7.508916024,1.031542621,0.465097252,5.282365695,2.597914747,-0.278809681,1.723678731,-1.819422928,0.0,8.867461943,0.205950377,0.728848047,36.75,1.826024638,0.126512123,-4.905851391,81.285755
0,8.0,1,0.0,3.797055647,1.45228,3.993223948,1.049075093,3.566117941,2.442,14.21833294,-0.274135688,3.548639379,3.707260383,0.13276926,-3.655650166,2.522040948,0.351877746,0.239031153,-0.988890186,0.630189002,-0.942886451,6.5202,3.33026181,-3.082070183,0.839410779,764.7990218,1132.361976,0.251851609,10.34298486,0.0,178.5311381,1.469179465,7.508916024,1.031542621,0.465097252,5.339508552,2.597914747,-0.278809681,1.723438462,-1.819422928,0.0,8.867461943,0.205950377,0.728848047,32.75,1.816175157,0.126512123,-4.905851391,81.285755
17,2.0,1,6.223030111,3.950168643,1.12229,4.195026003,0.814325285,3.776266734,2.698,14.26129963,-0.388763299,3.626255605,3.566096656,0.173675044,-8.202487433,2.650250848,0.089591368,0.475617018,-1.385060536,0.739792671,-0.917185446,6.9171,3.275409563,-6.196598508,0.790570635,431.9665573,-125.566588,0.290936123,12.63393923,0.0,196.1912194,1.411634658,7.62991,1.189544851,0.475617018,5.21064997,2.636675626,-0.230777274,1.464002649,-0.953461407,0.0,92.2090406,0.28928371,0.823890287,42.0,1.752852478,0.126026546,-2.01369293,74.962618
0,10.0,1,0.0,3.928685725,1.28114,4.035157848,0.814325285,3.769584945,2.698,14.26129963,-0.371553662,3.589421711,3.566096656,0.145338385,-5.694513772,2.650250848,0.187334968,0.475617018,-1.385060536,0.744406431,-0.917185446,6.9171,3.267542357,-5.605911739,0.790570635,431.9665573,-125.566588,0.290936123,12.63393923,0.0,196.1912194,1.438074547,7.62991,1.189544851,0.475617018,5.343983304,2.636675626,-0.230777274,1.466137472,-0.953461407,1.0,92.2090406,0.28928371,0.823890287,36.0,1.753969675,0.126026546,-2.01369293,74.962618
12,3.0,1,4.644786865,3.826256474,1.11857,4.012419138,1.195266057,3.650339116,2.781,13.90883276,-0.459597732,3.571638251,2.604331975,0.258110207,-15.29610529,2.873719373,0.011121729,0.520354384,-0.991898797,0.783270383,-0.991898797,5.1421,3.255150226,-3.619679382,0.833602168,140.2091752,900.8574289,0.227125294,18.90509188,0.0,194.4764437,1.427708171,7.763679331,1.067154009,0.520354384,5.225498813,2.988994887,-0.143152518,1.567931803,0.0,0.0,42.91480533,0.487405126,0.764826419,38.75,1.678966773,0.198392173,-2.367352161,73.233411
0,9.0,1,0.0,3.824475085,1.21361,3.993270332,1.195266057,3.651346862,2.781,13.90883276,-0.480773299,3.566357692,2.604331975,0.2769831,-12.14843313,2.873719373,0.028069588,0.520354384,-0.991898797,0.783434553,-0.991898797,5.1421,3.255537344,-3.698229338,0.833602168,140.2091752,900.8574289,0.227125294,18.90509188,0.0,194.4764437,1.429193655,7.763679331,1.067154009,0.520354384,5.291072583,2.988994887,-0.143152518,1.567673504,0.0,0.0,42.91480533,0.487405126,0.764826419,34.75,1.678817028,0.198392173,-2.367352161,73.233411
12,4.0,1,4.668001302,3.95032723,1.32115,4.723622844,1.830934239,3.796847573,3.693,14.54844811,-0.129992593,3.669965454,4.461734975,-0.160199535,1.245940606,2.979276185,1.38802116,0.430802556,-5.186215377,0.719330716,-0.984601248,7.4073,3.438298822,-5.040496102,0.842454312,220.2885883,-90.0119136,0.364388162,11.54450444,0.0,186.1087962,1.536116879,7.654124804,1.095639907,0.430802556,5.316202127,2.628096563,-0.315189506,1.77914454,-1.064196137,0.0,441.9024523,0.482243306,0.802130033,42.0,1.859679032,0.006515688,-5.184184244,86.747755
12,2.0,1,4.061968397,3.801684875,1.27454,4.012697464,1.114851112,3.633486793,2.352,14.02462074,-0.380610114,3.513192365,3.515926663,0.050320331,-3.873815788,3.203773595,0.340936191,0.40015554,-4.816643853,0.772243904,-1.133780227,6.2824,3.246563466,-2.964305863,0.815094177,701.3912591,745.0294584,0.290974648,11.99953935,0.0,183.5047753,1.45912176,7.88656169,1.089439502,0.494022872,5.272979297,3.588550852,-0.193790132,1.552519436,-6.116593185,0.0,-22.06199292,0.205950377,0.727971455,38.0,1.80110419,0.014692508,-0.62250213,74.769204
0,8.0,1,0.0,3.800400007,1.37026,3.993417446,1.114851112,3.633631418,2.352,14.02462074,-0.373015832,3.512922152,3.515926663,0.101178767,-4.655262227,3.203773595,0.274410973,0.40015554,-4.816643853,0.773753718,-1.133780227,6.2824,3.247609222,-2.955272442,0.815094177,701.3912591,745.0294584,0.290974648,11.99953935,0.0,183.5047753,1.460025395,7.88656169,1.089439502,0.494022872,5.335479297,3.588550852,-0.193790132,1.552518263,-6.116593185,0.0,-22.06199292,0.205950377,0.727971455,34.0,1.796882808,0.014692508,-0.62250213,74.769204
12,4.0,0,4.767618035,3.950376484,1.33944,4.736637374,1.406001301,3.797280834,3.732,14.68560075,-0.63755993,3.66476844,4.423539595,0.357439233,1.115166644,2.522809006,1.312576323,0.530899221,-5.205504701,0.910540162,-0.263359654,5.4978,3.44949094,-6.742219129,0.828616053,583.2182143,-764.7211896,0.469290211,11.18523725,0.339453789,175.9596007,1.556521797,7.630819471,1.15090749,0.530899221,5.565311532,2.765188293,-0.331998946,1.659623249,-0.983828142,0.0,507.0047017,0.348209275,0.776134779,43.75,1.796666858,0.130297849,7.414679701,93.374927
18,4.0,1,3.448039457,3.950420388,1.22814,4.730943094,1.830934239,3.817369339,4.127,14.8128846,-0.055426747,3.724783625,4.3294587,-0.09983853,0.145732007,3.179476285,1.035307099,0.420651239,-6.043020932,0.763255119,-1.043108578,7.48609,3.639107916,-6.792191524,0.84816894,127.8706243,-398.8161518,0.363808531,15.83214497,0.0,196.9162504,1.519860161,7.752009936,1.109169289,0.420651239,5.455744751,2.819022259,-0.353170027,1.673809735,-1.174069846,0.0,399.9028948,0.459320386,0.850189985,50.5,1.856433806,-0.069874856,-8.074557894,90.584376
12,4.0,1,4.744872869,3.950374196,1.29847,4.711654629,1.702081659,3.793699204,3.693,14.33125074,-0.277146375,3.661024198,3.772129109,0.107697871,1.23929134,2.563617674,1.385594515,0.455011478,-4.917301253,0.691690998,-0.981385631,7.2648,3.552388452,-3.457172668,0.849747715,-16.77881214,288.1311868,0.251851609,10.88793655,0.0,179.2998466,1.475995336,7.607321957,1.154199006,0.455011478,5.425791168,2.824525708,-0.277786911,1.616375974,-1.061960045,0.0,441.9024523,0.482243306,0.792447346,42.0,1.802751106,-0.010272738,1.70433187,86.747755
0,10.0,1,0.0,3.929173228,1.39089,4.711654567,1.702081659,3.792674532,3.693,14.33125074,-0.27106057,3.650724039,3.772129109,0.153100482,1.147281228,2.563617674,1.352447769,0.455011478,-4.917301253,0.694932987,-0.981385631,7.2648,3.552151056,-3.440730158,0.849747715,-16.77881214,288.1311868,0.251851609,10.88793655,0.0,179.2998466,1.476131283,7.607321957,1.154199006,0.455011478,5.480585689,2.824525708,-0.277786911,1.616362669,-1.061960045,0.0,441.9024523,0.482243306,0.792447346,38.0,1.798275673,-0.010272738,1.70433187,86.747755
18,4.0,1,4.876256347,3.950452114,1.21509,4.736341126,1.830934239,3.884503902,4.222,14.64374291,-0.107454362,3.726885792,4.454048068,-0.070754314,-0.152561199,3.43880327,0.964327709,0.440391902,-5.811030441,0.72533312,-1.041191387,7.74939,3.621492604,-6.872836334,0.755869648,181.8988613,-413.5685892,0.421266457,17.18785065,0.0,199.9362746,1.444487798,7.811192929,1.098166142,0.440391902,5.487499936,2.841486548,-0.319927261,1.659235915,-1.186036193,0.0,339.4192137,0.444028435,0.83110935,51.25,1.834331761,-0.07550897,-6.770691518,89.003997
12,4.0,1,4.676112287,3.950409411,1.29825,4.71703263,1.830934239,3.808794371,3.199,14.54482723,-0.111687918,3.679850569,4.206913575,-0.313067132,0.476987619,2.978486436,1.130098184,0.44429021,-5.427015523,0.740871514,-0.995552929,5.3467,3.616085129,-4.01229226,0.819470222,215.680576,-28.03322933,0.399532568,12.63393923,0.0,190.3221116,1.527255282,7.716882497,1.072592105,0.44429021,5.299145792,2.678217495,-0.305139745,1.687569247,-1.108943555,0.0,496.0922234,0.448155837,0.848395327,42.75,1.724171079,-0.059876392,-11.12987543,87.180962
0,10.0,1,0.0,3.929218332,1.38902,4.717032098,1.830934239,3.807332073,3.199,14.54482723,-0.107742748,3.674902753,4.206913575,-0.235061281,0.454669415,2.978486436,1.123649535,0.44429021,-5.427015523,0.742362055,-0.995552929,5.3467,3.611769968,-4.391395676,0.819470222,215.680576,-28.03322933,0.399532568,12.63393923,0.0,190.3221116,1.527129448,7.716882497,1.072592105,0.44429021,5.353940312,2.678217495,-0.305139745,1.687044238,-1.108943555,0.0,496.0922234,0.448155837,0.848395327,38.75,1.724171079,-0.059876392,-11.12987543,87.180962
18,4.0,1,3.894341281,3.950419465,1.22509,4.729033663,1.830934239,3.817258202,4.132,14.7990245,-0.265198706,3.724962772,4.313877629,-0.182979447,0.153059886,3.160137326,1.03711501,0.420137596,-5.886516303,0.723470082,-1.035326974,7.48609,3.639249001,-6.332679238,0.85986281,127.8706243,72.04463213,0.354699787,15.3391738,0.0,196.6710452,1.519677342,7.709559112,1.084851945,0.420137596,5.455744751,2.775371465,-0.353756447,1.6727118,-1.15932962,0.0,399.9028948,0.459320386,0.81964135,50.5,1.856377825,0.236576757,-7.905519333,90.584376
12,4.0,1,4.672388327,3.950413177,1.40744,4.725100499,1.830934239,3.81529218,3.614,14.71808089,-0.245148474,3.694318598,5.799474149,-0.149876085,1.200343777,2.987994875,1.360402287,0.417136859,-5.405832146,0.724595203,-0.984465158,7.6533,3.631658882,-5.911895523,0.848000514,786.437922,732.5379526,0.961807747,12.63393923,0.0,192.3980881,1.517486167,7.601165951,1.028375321,0.417136859,5.16498327,2.614744509,-0.354010879,1.655709762,-1.875306363,0.0,453.9156873,0.375987053,0.76414764,42.5,1.83206427,0.079719303,-14.64276965,89.841341
12,4.0,1,4.674863059,3.950407353,1.2571,4.701944631,1.830934239,3.814458206,3.693,14.46839976,-0.139700073,3.665393493,3.819830865,-0.153932842,0.317532367,3.098645924,1.092210294,0.441930247,-5.034690171,0.69220443,-0.983724417,6.4846,3.614657931,-5.803970258,0.839262949,-246.4123012,-627.2242439,0.278811292,12.63393923,0.0,189.5137363,1.43808778,7.684155462,1.137547028,0.441930247,5.263485646,2.657524457,-0.295417129,1.52891523,-1.053291549,0.0,415.0208408,0.375987053,0.783606513,41.0,1.702660704,0.04585395,-4.364333002,80.560583
18,2.0,1,5.966758996,3.83868025,1.11336,4.014388839,0.814325285,3.718806929,2.798,14.31402597,-0.31505506,3.632545004,3.375975061,0.13486602,-9.567752698,2.650065813,0.064982087,0.472293472,-0.990578819,0.712194045,-0.936016464,6.3957,3.283446049,-6.54917348,0.800516817,336.5645965,563.3082332,0.271365154,12.63393923,0.0,189.8091872,1.461484146,7.519582652,1.107387643,0.472293472,5.25070155,2.696895322,-0.234358797,1.664717776,-0.990578819,0.0,40.41818906,0.308012449,0.749120008,43.5,1.825372052,0.128545015,-2.93663309,76.916204
0,11.0,1,0.0,3.826303499,1.23107,3.995193086,0.814325285,3.702184635,2.798,14.31402597,-0.327384173,3.621370506,3.375975061,0.183049379,-8.558815505,2.650065813,0.086693544,0.472293472,-0.990578819,0.728163456,-0.936016464,6.3957,3.281263408,-6.219254526,0.800516817,336.5645965,563.3082332,0.271365154,12.63393923,0.0,189.8091872,1.462288695,7.519582652,1.107387643,0.472293472,5.441177741,2.696895322,-0.234358797,1.658081794,-0.990578819,1.0,40.41818906,0.308012449,0.749120008,38.0,1.81364797,0.128545015,-2.93663309,76.916204
12,4.0,1,4.606351113,3.950405159,1.22429,4.70588818,1.830934239,3.80797485,3.124,14.30507068,-0.143118684,3.644443151,3.755344759,-0.348690149,0.445256022,3.119852332,1.131656206,0.466443562,-5.329921902,0.7022277,-1.011147256,5.5991,3.600948741,-5.290830379,0.823333185,72.20292216,126.7452288,0.297717468,12.63393923,0.302126277,190.3894599,1.439255969,7.775073717,1.103370646,0.466443562,5.290235975,2.782052534,-0.254744298,1.500595696,-1.116881047,0.0,434.9129034,0.375987053,0.79653654,40.5,1.683759668,0.036585086,-10.82834993,79.23379
0,10.0,1,0.0,3.929213618,1.31871,4.705887597,1.830934239,3.806538867,3.124,14.30507068,-0.139262386,3.637972286,3.755344759,-0.281692197,0.297774758,3.119852332,1.086232417,0.466443562,-5.329921902,0.704675857,-1.011147256,4.4703,3.599529157,-5.453461313,0.823333185,72.20292216,126.7452288,0.297717468,12.63393923,0.302126277,190.3894599,1.440582618,7.775073717,1.103370646,0.466443562,5.350842036,2.782052534,-0.254744298,1.500532405,-1.116881047,0.0,434.9129034,0.375987053,0.79653654,36.5,1.683209575,0.036585086,-10.82834993,79.23379
12,4.0,1,4.611861137,3.950406067,1.31327,4.707586635,1.830934239,3.80815024,3.085,14.43894414,-0.025545987,3.652590989,3.835788316,-0.306637965,0.49894076,3.013017309,1.140310051,0.452554673,-5.465338569,0.671945761,-1.009990232,6.3777,3.607574153,-3.989848926,0.812053173,250.0792094,-680.0033242,0.297717468,13.68288315,0.191015166,186.6930116,1.444982974,7.732657754,1.109809636,0.452554673,5.301462154,2.719446909,-0.285608495,1.662121424,-1.124982899,0.0,464.2252426,0.375987053,0.877417291,41.5,1.778981452,-0.144900361,-7.387909654,85.420962
0,10.0,1,0.0,3.929214627,1.40627,4.70758606,1.830934239,3.806708568,3.085,14.43894414,-0.021652071,3.646827113,3.835788316,-0.237622373,0.363234843,3.013017309,1.100305773,0.452554673,-5.465338569,0.674772899,-1.009990232,6.3777,3.605151221,-3.982135957,0.812053173,250.0792094,-680.0033242,0.297717468,13.68288315,0.191015166,186.6930116,1.446301584,7.732657754,1.109809636,0.452554673,5.35701771,2.719446909,-0.285608495,1.661555884,-1.124982899,0.0,464.2252426,0.375987053,0.877417291,37.5,1.778797685,-0.144900361,-7.387909654,85.420962
12,4.0,0,4.793211752,3.950376495,1.36294,4.736637374,1.344359464,3.797402821,3.901,14.75115631,-0.396698153,3.66525849,4.423539595,0.158944295,1.049834799,2.616735999,1.283974912,0.533133344,-5.207836288,0.897026741,-0.203730024,5.8879,3.455145388,-11.78766352,0.832879707,577.5168605,-618.6643052,0.469290211,11.18523725,0.296953789,175.9368953,1.556525184,7.586048454,1.141432804,0.533133344,5.62167407,2.729164042,-0.346844625,1.743101403,-0.966210158,0.0,518.5144807,0.348209275,0.783964933,44.25,1.802615648,0.038843111,8.997693161,96.468513
12,4.0,1,4.576323597,3.950334724,1.27664,4.701659159,1.830934239,3.789660124,3.543,14.20937199,-0.170381234,3.643449404,3.883811659,-0.183385251,0.432525512,3.162575853,1.131539073,0.469708025,-5.05870791,0.683004156,-1.017266084,6.3405,3.397779138,-6.189625927,0.837937892,91.68417944,159.1196601,0.350422095,12.63393923,0.0,184.2199976,1.460013528,7.670198263,1.078339715,0.469708025,5.176451505,2.728167477,-0.259318941,1.537577118,-1.122735993,0.0,405.5998172,0.205950377,0.854179526,40.0,1.811338611,0.108257544,-6.154773877,78.800583
0,10.0,1,0.0,3.929133257,1.37458,4.70165857,1.830934239,3.788794008,3.543,14.20937199,-0.167282641,3.634883232,3.883811659,-0.134991675,0.252604335,3.162575853,1.074840918,0.469708025,-5.05870791,0.686104614,-1.017266084,6.3405,3.397687503,-6.324857214,0.837937892,91.68417944,159.1196601,0.350422095,12.63393923,0.0,184.2199976,1.460824231,7.670198263,1.078339715,0.469708025,5.237057566,2.728167477,-0.259318941,1.537488351,-1.122735993,0.0,405.5998172,0.205950377,0.854179526,36.0,1.805105205,0.108257544,-6.154773877,78.800583
12,4.0,1,4.569870003,3.950323447,1.23945,4.723252565,1.830934239,3.787446258,3.878,14.29250675,-0.057021559,3.650641025,4.165985271,-0.195308187,1.108611463,3.032299491,1.349352327,0.465524778,-5.295233116,0.85656194,-1.01904684,5.8635,3.377522314,-4.754600298,0.821614667,83.78548683,-217.3513637,0.383294338,11.54450444,0.0,187.6994167,1.465585102,7.800132953,1.113522795,0.465524778,5.326074054,2.773301678,-0.252843827,1.742336014,-1.130554162,0.0,419.2761792,0.482243306,0.803839468,42.0,1.812468985,0.027540307,-5.524211198,81.362583
0,10.0,1,0.0,3.929120869,1.33245,4.723252076,1.830934239,3.786657,3.878,14.29250675,-0.051589628,3.64098544,4.165985271,-0.149582139,1.010159835,3.032299491,1.313921493,0.465524778,-5.295233116,0.856727985,-1.01904684,5.8635,3.377402891,-4.743282195,0.821614667,83.78548683,-217.3513637,0.383294338,11.54450444,0.0,187.6994167,1.466202461,7.800132953,1.113522795,0.465524778,5.384897584,2.773301678,-0.252843827,1.74199516,-1.130554162,0.0,419.2761792,0.482243306,0.803839468,38.0,1.807812062,0.027540307,-5.524211198,81.362583
12,4.0,1,4.682552098,3.95041095,1.34238,4.716955483,1.830934239,3.814959502,3.654,14.63825521,-0.214864545,3.683831313,4.797721414,-0.151104414,1.161323554,3.014173035,1.357454781,0.425401321,-5.240451488,0.717898736,-0.982160631,7.2632,3.628017632,-5.59106931,0.845038592,324.8863439,304.0878537,0.54169675,14.09851375,0.0,191.4915775,1.516703074,7.624908357,1.059060983,0.425401321,5.278463942,2.622716275,-0.334479629,1.642829286,-1.063123607,0.0,441.9024523,0.375987053,0.770216541,42.0,1.781323157,0.070916479,-11.31627977,86.747755
12,4.0,1,4.707428634,3.950411641,1.28483,4.723986913,1.830934239,3.809179967,3.804,14.49053144,-0.194080764,3.703876357,4.434247938,-0.184122522,1.139789963,2.961532922,1.349784199,0.446234655,-5.186853486,0.712667087,-0.988699887,7.0172,3.618481472,-5.255472799,0.819401446,0.525170994,134.4218037,0.429160197,14.09851375,0.0,192.1817445,1.444228157,7.678741705,1.069906128,0.446234655,5.346654866,2.662563508,-0.299911728,1.659396118,-1.092251693,0.0,438.8449304,0.652279982,0.82503367,42.5,1.835291111,-0.001141833,-10.01399968,85.414169
12,4.0,1,4.723896334,3.950490851,1.34425,4.712270192,1.702081659,3.825647645,2.983,14.6541584,-0.515693823,3.716083977,4.571882562,0.296979866,0.831205186,2.647974231,1.237544946,0.425950736,-5.263918909,0.711449868,-0.974188548,6.7678,3.63706833,-3.010517615,0.858422438,449.0590425,84.05111191,0.481947504,13.68288315,0.155240969,187.292844,1.522591074,7.590642514,1.096993263,0.425950736,5.341761024,2.85539409,-0.329194201,1.683150536,-1.04434559,0.0,477.3044188,0.400394821,0.714507882,42.0,1.765427142,0.104395476,0.38605666,88.514548
0,8.0,1,0.0,3.769341163,1.24226,3.989559511,0.814325285,3.481823603,2.609,13.84318847,-0.368967049,3.416008059,2.462577436,0.184453407,-6.219776138,2.597841179,0.160518525,0.519790234,-0.93144846,1.083828361,-0.93144846,5.242,3.220308265,-1.05758339,0.845377181,78.25086288,333.4913226,0.19318612,13.39702277,0.0,181.6795687,1.454138807,7.750183181,1.101819513,0.519790234,5.348914928,2.617068533,-0.233430296,1.635118876,0.0,0.0,58.05214245,0.212027588,0.730915802,33.0,1.752198392,0.203925546,0.533335509,75.900583
12,4.0,1,4.698234171,3.950488102,1.30482,4.712270153,1.702081659,3.820171864,2.983,14.4229084,-0.538271331,3.713812043,4.381729314,0.336572371,0.873513177,2.615135408,1.258438779,0.453728514,-5.251040965,0.704530622,-0.992105215,5.2489,3.619470279,-3.310308128,0.838059076,448.7163684,-76.16094982,0.50085368,13.68288315,0.163053469,187.1529402,1.447064087,7.632797383,1.146483088,0.453728514,5.301462154,2.925922864,-0.279194201,1.673854835,-1.086012257,0.0,464.2252426,0.400394821,0.731419735,41.5,1.763442754,0.097041014,1.34722732,85.420962
12,4.0,1,3.342780088,3.958506907,1.30432,4.716576551,1.830934239,3.788594456,3.556,14.66152948,-0.144431347,3.651187083,4.485835175,-0.34765483,1.226645601,3.18132983,1.393092141,0.470524778,-5.28049289,0.695751627,-1.086876292,7.0122,3.34502018,-5.659391101,0.831835742,592.8668904,-581.6818761,0.514737067,13.68492249,0.0,187.2023164,1.45902706,7.87807048,1.127519812,0.470524778,5.369110689,2.944497444,-0.246670987,1.722741424,-1.246897227,0.0,396.6175922,0.190658425,0.79516348,41.75,1.795914884,-0.011514254,-6.175703644,81.784376
18,4.0,1,4.999584607,3.950414895,1.18191,4.728516272,1.830934239,3.810224645,4.119,14.57365928,-0.184009078,3.720648134,4.063747293,-0.172498793,0.29971894,3.081241196,1.077808416,0.444956794,-5.584330338,0.738675374,-1.012016981,6.95689,3.620721755,-6.783313499,0.836217137,68.72737917,42.15820364,0.373605963,14.09851375,0.0,196.2749597,1.44479302,7.710727331,1.094418,0.444956794,5.279684619,2.78475389,-0.306256447,1.662706525,-1.137611513,0.0,408.536452,0.478049126,0.86151987,48.75,1.835337851,-0.013462099,-8.719829854,87.600583
12,2.0,1,4.852831399,3.799946223,1.32908,4.012680018,1.114851112,3.561377263,2.442,14.16054525,-0.072199555,3.537223243,3.593614546,-0.239947462,-5.029777658,2.694009588,0.227786528,0.195294429,-1.011840512,0.628948321,-0.955852629,6.1301,3.256814749,-4.036504883,0.821784744,781.0413472,-1238.737624,0.251851609,10.34298486,0.0,177.5178965,1.462806878,7.58432783,1.17405926,0.471626178,5.181250198,2.559140885,-0.264920792,1.675476435,-1.958812684,0.0,5.157327457,0.205950377,0.767961912,36.25,1.820058092,0.080443448,2.748659532,78.192169
0,8.0,1,0.0,3.798702018,1.42998,3.993389187,1.114851112,3.561488194,2.442,14.16054525,-0.068616495,3.53679115,3.593614546,-0.21211739,-5.934719594,2.694009588,0.174556682,0.195294429,-1.011840512,0.633091397,-0.955852629,6.1301,3.257641186,-4.101829551,0.821784744,781.0413472,-1238.737624,0.251851609,10.34298486,0.0,177.5178965,1.463560007,7.58432783,1.17405926,0.471626178,5.24095169,2.559140885,-0.264920792,1.675368645,-1.958812684,0.0,5.157327457,0.205950377,0.767961912,32.25,1.811506654,0.080443448,2.748659532,78.192169
12,4.0,1,3.395099857,3.958688638,1.25741,4.704392371,1.702081659,3.794978582,2.924,14.64277968,-0.419811209,3.657543333,3.657623276,0.144839373,0.526014925,2.867078006,1.152768218,0.478018637,-5.154488658,0.677585634,-1.077816055,6.1283,3.395982937,-2.996971042,0.850872809,374.3410288,-378.1483846,0.251851609,12.4039646,0.224303469,183.9294006,1.46371546,7.853761411,1.208577903,0.478018637,5.495335451,3.181340954,-0.22595346,1.657684461,-1.221464118,0.0,417.6596654,0.190658425,0.748694052,41.25,1.78292754,0.041271762,2.766537452,80.457583
17,2.0,1,6.237278539,3.866830261,1.14858,4.015456944,0.814325285,3.740772059,2.721,14.27437886,-0.369327319,3.626332806,3.398598218,0.115230545,-9.677807892,2.759447026,0.06297056,0.480354384,-1.030225928,0.756988319,-0.957684417,6.45742,3.285449607,-5.512226385,0.812051509,653.1994838,565.9807328,0.262452697,14.27731708,0.0,190.406409,1.463653872,7.66295918,1.124702835,0.480354384,5.302211273,2.770355931,-0.215040132,1.630840402,-1.030225928,0.0,61.55248504,0.391842889,0.770536644,42.75,1.779920306,0.133383852,-3.489691443,75.958204
0,10.0,1,0.0,3.826021103,1.2799,3.995205895,0.814325285,3.700653776,2.721,14.27437886,-0.35542107,3.60389158,3.398598218,0.119966385,-8.819650377,2.759447026,0.080467644,0.480354384,-1.030225928,0.719148209,-0.957684417,6.45742,3.278471541,-4.346816046,0.812051509,653.1994838,565.9807328,0.262452697,14.27731708,0.0,190.406409,1.464194244,7.66295918,1.124702835,0.480354384,5.365703336,2.770355931,-0.215040132,1.619240115,-1.030225928,1.0,61.55248504,0.391842889,0.770536644,36.75,1.779104478,0.133383852,-3.489691443,75.958204
12,4.0,1,4.644055837,3.950321513,1.30674,4.711442166,1.830934239,3.787273357,3.693,14.35336465,-0.084455734,3.655722054,4.006747333,-0.22209686,1.048294982,2.985700956,1.317672734,0.453983192,-5.183255235,0.70473054,-1.00204071,7.2648,3.555519877,-4.054658724,0.836716069,-0.310558702,-639.6884852,0.251851609,11.18523725,0.0,182.433515,1.471534816,7.704131898,1.127382498,0.453983192,5.425791168,2.678623481,-0.273590355,1.775943006,-1.108340168,0.0,441.9024523,0.27811916,0.905681355,42.0,1.844797935,-0.067864348,-2.620833785,86.747755
18,2.0,1,5.583737028,3.832387662,1.10079,4.014182123,0.814325285,3.710005561,2.869,14.28146503,-0.280647194,3.614663801,3.304314064,0.012858466,-8.152104241,2.759483084,0.097376279,0.47933408,-1.02313976,0.813166356,-0.953987143,6.2506,3.283623071,-5.632901379,0.808567148,361.055372,349.4165097,0.264506349,12.63393923,0.0,191.344762,1.461628761,7.629779286,1.146682486,0.47933408,5.312673125,2.77511306,-0.218078327,1.644947091,-1.02313976,0.0,43.06414039,0.308012449,0.759850591,44.0,1.814833813,0.126226278,-3.109669831,75.589411
0,11.0,1,0.0,3.821286987,1.21524,3.994939619,0.814325285,3.691538183,2.869,14.28146503,-0.284046095,3.599014036,3.304314064,0.038225613,-7.498147787,2.759483084,0.117381268,0.47933408,-1.02313976,0.832896508,-0.953987143,6.2506,3.283515945,-5.298280518,0.808567148,361.055372,349.4165097,0.264506349,12.63393923,0.0,191.344762,1.462503893,7.629779286,1.146682486,0.47933408,5.377189254,2.77511306,-0.218078327,1.638308346,-1.02313976,2.0,43.06414039,0.308012449,0.759850591,38.5,1.803001736,0.126226278,-3.109669831,75.589411
12,4.0,1,4.727051703,3.950416855,1.29011,4.733964368,1.830934239,3.815943618,3.804,14.65388021,-0.204667494,3.709863624,4.374557289,-0.147462996,1.207737541,3.021999481,1.374136685,0.425401321,-5.129340377,0.717333039,-0.972160631,7.0172,3.635444613,-5.598636921,0.841358661,-14.39357205,165.2341437,0.410254021,14.09851375,0.0,193.7031516,1.42678708,7.64809178,1.079329755,0.425401321,5.318485852,2.611352328,-0.334479629,1.523754467,-1.047498607,0.0,438.8449304,0.434912618,0.775313756,42.5,1.692751924,0.066016477,-10.10205396,85.414169
12,4.0,1,4.702308576,3.950409715,1.39019,4.71027831,1.830934239,3.814816338,3.654,14.73450019,-0.157186617,3.681621823,4.276422238,-0.192802777,1.152012124,3.122474326,1.333761347,0.41488702,-5.237501385,0.71386558,-0.977759719,7.9009,3.627863739,-3.69862134,0.907657198,98.74437435,-501.628824,0.278811292,13.34029837,0.0,186.4404153,1.525764177,7.636097457,1.105893257,0.41488702,5.411004482,2.540305413,-0.355380478,1.687700864,-1.063022524,0.0,465.1057855,0.375987053,0.921373162,43.0,1.855948873,0.09732989,-4.647569899,92.934927
12,2.0,1,5.036096946,3.801210567,1.36295,4.012636168,0.814325285,3.663233525,2.704,14.48346191,-0.302955784,3.583085439,3.815484086,0.18330336,-3.925412007,2.311365834,0.35593642,0.447381203,-0.964227369,1.054892761,-0.915722248,6.0783,3.376997911,-2.443796769,0.765406683,581.0321254,-395.5805817,0.251851609,12.59320644,0.0,168.2399565,1.585950347,7.552522486,1.099464244,0.447381203,5.309977349,2.417735482,-0.291652652,1.752001497,-0.964227369,0.0,93.9873061,0.273991758,0.788977829,39.75,1.833049538,0.104334696,2.801812232,87.906134
0,8.0,1,0.0,3.799950952,1.45687,3.993339146,0.814325285,3.663360058,2.704,14.48346191,-0.305575075,3.582347516,3.815484086,0.178111309,-4.681164583,2.311365834,0.291742004,0.447381203,-0.964227369,1.052407964,-0.915722248,6.0783,3.376877258,-2.428982699,0.765406683,581.0321254,-395.5805817,0.251851609,12.59320644,0.0,168.2399565,1.585950347,7.552522486,1.099464244,0.447381203,5.362608928,2.417735482,-0.291652652,1.751442579,-0.964227369,0.0,93.9873061,0.273991758,0.788977829,35.75,1.822143152,0.104334696,2.801812232,87.906134
12,4.0,1,4.677233161,3.950408889,1.36669,4.718707947,1.830934239,3.80859581,3.654,14.546087,-0.155508679,3.686259995,4.537736668,-0.16240545,1.116822257,2.844526368,1.331577968,0.43929021,-5.322848857,0.726939359,-0.995586939,7.6533,3.616102319,-5.678923484,0.791577578,323.706757,-272.2183243,0.429160197,14.09851375,0.0,183.6455475,1.563026335,7.642251173,1.064617591,0.43929021,5.29359429,2.633428742,-0.315343827,1.655080729,-1.107683792,0.0,453.9156873,0.375987053,0.837261388,42.5,1.831940592,-0.084627015,-8.703816007,89.841341
12,2.0,1,5.023768461,3.80548463,1.28812,4.01306831,0.814325285,3.613251332,2.495,14.34342719,-0.369512051,3.57514186,3.448208233,0.148412654,-4.802345939,2.492132245,0.253574189,0.463361715,-0.961177601,0.873637484,-0.917493064,6.5382,3.300861007,-3.855624492,0.805656889,338.4061369,177.6695403,0.275441871,12.63393923,0.0,180.4459091,1.463723505,7.529355751,1.082291674,0.463361715,5.414309348,2.49260526,-0.38744957,1.714230508,-0.961177601,0.0,66.33674741,0.308012449,0.756733048,37.5,1.828916281,0.150223426,-0.813325801,79.952169
18,4.0,1,4.898178306,3.950374621,1.17377,4.723994606,1.702081659,3.793819201,3.337,14.38568905,-0.422291926,3.660513659,3.786505456,0.273392415,0.038046912,2.728961792,1.009557108,0.458910261,-5.598793023,0.730939431,-1.015858592,6.46149,3.48793951,-3.888497277,0.880370338,421.1856223,16.76074541,0.310491982,11.18523725,0.215136802,185.2405241,1.471296234,7.688200084,1.2011623,0.458910261,5.35701771,2.990027519,-0.262657352,1.780982188,-1.126030048,0.0,435.248944,0.308012449,0.81775379,48.5,1.846559263,0.030986486,4.541949609,87.607376
12,4.0,1,4.757974179,3.950380867,1.41521,4.73663741,1.702081659,3.810550615,3.447,15.16435414,-0.532328244,3.690540338,4.769262472,0.161007834,1.24367747,2.566174897,1.326646024,0.362150976,-5.248268252,0.946836835,-0.953293044,6.9399,3.559541102,-7.296755595,0.82725891,518.4039243,-641.6038728,0.450384035,11.18523725,0.0,180.9618572,1.632413415,7.653432424,1.095600361,0.362150976,5.445311455,2.786925973,-0.430898424,1.724171079,-1.072236589,0.0,565.1485787,0.450271348,0.750493131,46.0,1.806103365,0.115112858,4.316274749,101.322099
18,4.0,1,5.370057171,3.950374795,1.1941,4.724158818,1.702081659,3.793965972,3.498,14.44233523,-0.498173991,3.660863251,3.933114258,0.111691355,-0.375212205,2.811545782,0.914538018,0.455004011,-5.707882424,0.842639975,-1.024721428,6.47009,3.504033572,-3.473000735,0.868553296,553.228869,-630.49583,0.310491982,11.79098455,0.217528384,183.8814937,1.471855629,7.750849646,1.236126991,0.455004011,5.530436395,3.053795429,-0.271789913,1.780767835,-1.143338097,0.0,454.2386578,0.28928371,0.791623979,50.5,1.846331352,0.00875755,1.318199428,91.502962
12,4.0,1,4.63001846,3.950393743,1.31532,4.704405962,1.702081659,3.797164105,2.872,14.33079806,-0.486988034,3.657550773,4.036143375,0.338672979,0.463588222,2.70809061,1.133481777,0.460672958,-5.134271418,0.687558591,-1.006642061,5.1064,3.466786037,-3.242518917,0.888988631,441.680898,1015.706571,0.350422095,12.63393923,0.194303469,184.3589827,1.488215616,7.572742023,1.072443079,0.460672958,5.314758211,3.005240391,-0.263762102,1.662966609,-1.107134942,0.0,453.6233811,0.205950377,0.72237663,40.5,1.812349607,0.106176547,-2.641275712,83.660962
12,4.0,1,4.607298831,3.950326222,1.40543,4.724736597,1.830934239,3.796636052,3.503,14.54474755,-0.203490362,3.667436671,5.636807938,-0.185513406,1.221920128,2.991734548,1.379274903,0.429482538,-5.389211776,0.723313064,-0.998283185,7.6533,3.372916262,-5.726498103,0.85639189,996.2739225,303.3486596,0.915941888,10.34298486,0.0,185.8804873,1.536093489,7.634201995,1.063164139,0.429482538,5.094703357,2.650524998,-0.319288657,1.758280457,-1.902528585,0.0,441.1259162,0.205950377,0.764240691,41.5,1.837932893,0.073254108,-7.455057671,88.081341
12,4.0,1,4.639039373,3.950322108,1.2743,4.712680612,1.830934239,3.787411196,3.693,14.29836465,-0.07947017,3.656887146,3.718072198,-0.197999063,1.101206388,2.954438314,1.346654472,0.459900352,-5.136218198,0.705845035,-1.003198117,6.8747,3.546619984,-4.452903908,0.811265298,-19.22242137,-570.904193,0.251851609,11.18523725,0.0,183.9108566,1.463639395,7.715529875,1.126170057,0.459900352,5.361076767,2.711317502,-0.262365993,1.580158322,-1.105840168,0.0,428.9732006,0.482243306,0.861959648,41.5,1.782427662,-0.084124894,-3.07881067,83.654169
0,10.0,1,0.0,3.929119557,1.36803,4.71268008,1.830934239,3.786624586,3.693,14.29836465,-0.074460517,3.64719539,3.718072198,-0.136297097,1.001770077,2.954438314,1.310945548,0.459900352,-5.136218198,0.708444778,-1.003198117,6.8747,3.546347345,-4.441175822,0.811265298,-19.22242137,-570.904193,0.251851609,11.18523725,0.0,183.9108566,1.464345414,7.715529875,1.126170057,0.459900352,5.418219624,2.711317502,-0.262365993,1.580157324,-1.105840168,0.0,428.9732006,0.482243306,0.861959648,37.5,1.780559112,-0.084124894,-3.07881067,83.654169
18,4.0,1,5.89025644,3.950374791,1.21219,4.724157101,1.702081659,3.79395955,3.313,14.42316609,-0.436290616,3.661386811,3.978955546,0.272932025,-0.116936326,2.757808221,0.971881831,0.454465816,-5.632013187,0.724244887,-1.015586885,6.48951,3.524191242,-3.951238661,0.94754363,631.6281813,-45.61509236,0.310491982,11.79098455,0.204932721,187.0437675,1.474116802,7.677475502,1.208539032,0.454465816,5.357030984,3.061605552,-0.271337908,1.781575369,-1.128483561,0.0,449.2368867,0.28928371,0.795202581,49.0,1.846938577,0.025920516,5.623347837,90.700962
12,4.0,1,4.581636668,3.95032281,1.36598,4.724736295,1.830934239,3.787291577,3.503,14.31349755,-0.226253193,3.650270969,5.446654691,-0.242141182,1.128723717,2.975559802,1.356707033,0.457260315,-5.373229515,0.715738389,-1.016199851,7.2632,3.364800332,-5.711489911,0.835405908,999.7369012,210.0541116,0.934848064,10.34298486,0.0,185.6557429,1.465672951,7.686905954,1.066213249,0.457260315,5.127443751,2.72855311,-0.269735607,1.752453408,-1.942748492,0.0,430.1952724,0.205950377,0.783678296,41.0,1.823955502,0.062974825,-7.367558782,84.987755
0,10.0,1,0.0,3.929120157,1.46188,4.72473581,1.830934239,3.786507459,3.503,14.31349755,-0.221161312,3.640639627,5.446654691,-0.167697818,1.030995437,2.975559802,1.321341377,0.457260315,-5.373229515,0.718261133,-1.016199851,7.2632,3.364689356,-5.700245849,0.835405908,999.7369012,210.0541116,0.934848064,10.34298486,0.0,185.6557429,1.466286212,7.686905954,1.066213249,0.457260315,5.182999307,2.72855311,-0.269735607,1.751915309,-1.942748492,0.0,430.1952724,0.205950377,0.783678296,37.0,1.816800377,0.062974825,-7.367558782,84.987755
12,4.0,1,4.770163829,3.950491582,1.36303,4.716034413,1.702081659,3.825804455,3.133,14.77650408,-0.391328203,3.728149364,4.470151423,0.248431879,0.978260726,2.610253507,1.269470872,0.414116417,-5.299798538,0.71291595,-0.963609271,7.302,3.638304572,-2.988104223,0.877035683,166.0925256,190.4168809,0.380379398,13.68288315,0.115240969,187.4077379,1.66019719,7.594709199,1.099271986,0.414116417,5.430115558,2.791958438,-0.354194201,1.724171079,-1.036999911,0.0,501.4775275,0.472563605,0.772089884,43.5,1.730564406,0.000414,1.20431026,93.368134
0,11.0,1,0.0,3.782954559,1.21358,3.989764571,0.814325285,3.724681149,2.838,14.03027707,-0.347792309,3.605422357,2.671118879,0.143831738,-4.987966409,2.528039869,0.250187104,0.501007178,-0.910947533,0.697987742,-0.910947533,6.6068,3.409000204,-3.294975015,0.830324308,114.3180156,790.5004703,0.19318612,14.68285008,0.0,181.9236702,1.509855263,7.57414419,1.051801223,0.501007178,5.513794877,2.60967878,-0.237781124,1.745730858,0.0,1.0,45.70748667,0.31408966,0.722322875,38.5,1.802117966,0.19445761,-0.90901017,80.00979
18,2.0,1,3.384210064,3.877999779,1.1809,4.014972514,0.814325285,3.762666084,2.644,14.36148263,-0.389582414,3.642339475,3.560758397,0.216725581,-10.25833088,3.022943493,0.072053869,0.476486284,-4.631299461,0.760639198,-1.090384364,7.5333,3.341652175,-4.460319984,0.808142302,733.1170894,317.1621801,0.292170516,14.27731708,0.0,193.5966243,1.462173146,7.850964573,1.116583745,0.476486284,5.339404346,3.127006341,-0.238554399,1.689038211,-5.877228337,0.0,19.68783306,0.28928371,0.754460496,46.25,1.826904776,0.041881604,-3.07142585,79.680411
12,4.0,1,3.349362584,3.958502376,1.25095,4.708851236,1.830934239,3.788428117,3.595,14.6184854,-0.109407112,3.648666834,3.770162995,-0.347885209,1.036386029,3.219449956,1.333603941,0.478789241,-5.135945565,0.686218586,-1.085600572,6.6237,3.328078577,-5.616385954,0.823639831,242.9754381,-952.9153453,0.251851609,12.4039646,0.0,186.8195115,1.458358713,7.921404233,1.167481588,0.478789241,5.434323475,2.975805082,-0.227139737,1.651053944,-1.238579838,0.0,383.011366,0.190658425,0.804399332,41.25,1.783666763,-0.031251728,-4.598999501,78.69079
12,4.0,1,4.721863925,3.950362313,1.16273,4.700462701,1.702081659,3.765836916,3.622,13.82172013,-0.363704695,3.611017987,2.802002969,0.106198112,0.616120152,2.716620049,1.198669042,0.513790242,-4.758684933,0.652998049,-0.979881193,6.0945,3.373626406,-4.052621227,0.856264789,-280.2509387,659.3787512,0.19318612,13.39702277,0.0,182.8002882,1.449677516,7.695895336,1.096277921,0.513790242,5.282447582,3.073661076,-0.220707829,1.582046593,0.0,0.0,391.6992446,0.212027588,0.69999091,39.5,1.766984706,0.19903664,0.165021789,75.706997
0,10.0,1,0.0,3.92916161,1.25895,4.700462632,1.702081659,3.765777644,3.622,13.82172013,-0.358746379,3.602549217,2.802002969,0.156800824,0.483240202,2.716620049,1.152725884,0.513790242,-4.758684933,0.657007605,-0.979881193,6.0945,3.373566306,-4.111327043,0.856264789,-280.2509387,659.3787512,0.19318612,13.39702277,0.0,182.8002882,1.450610849,7.695895336,1.096277921,0.513790242,5.345939646,3.073661076,-0.220707829,1.582045275,0.0,0.0,391.6992446,0.212027588,0.69999091,35.5,1.76140431,0.19903664,0.165021789,75.706997
18,3.0,1,3.289728645,3.95006818,1.18792,4.016848669,1.049075093,3.787886407,2.763,14.39028085,-0.271470428,3.65584145,3.790137338,0.050882039,-11.58305042,3.422083756,0.059300695,0.4691914,-4.632272728,0.706598053,-1.097880616,6.51846,3.40265097,-4.016476871,0.828256025,730.0559537,290.1358041,0.309082468,12.82827843,0.0,188.9666352,1.465625477,7.780489121,1.087365671,0.4691914,5.446791053,3.058422413,-0.253351853,1.751302402,-5.881037252,0.0,28.43512437,0.273991758,0.751675333,49.75,1.836818798,2.08e-05,2.904704269,83.575997
0,11.0,1,0.0,3.847703433,1.31831,3.993706047,1.049075093,3.780664744,3.014,14.39028085,-0.267792018,3.643954529,3.790137338,0.052484415,-12.27828188,3.422083756,0.050051495,0.4691914,-4.632272728,0.696478345,-1.097880616,6.66608,3.402756328,-3.336656955,0.828256025,730.0559537,290.1358041,0.309082468,12.82827843,0.0,188.9666352,1.466259422,7.780489121,1.087365671,0.4691914,5.50393391,3.058422413,-0.253351853,1.743698744,-5.881037252,0.0,28.43512437,0.273991758,0.751675333,42.25,1.81944581,2.08e-05,2.904704269,83.575997
12,4.0,1,4.601972053,3.950321645,1.33112,4.71745275,1.830934239,3.787142715,3.543,14.30321277,-0.159192838,3.648873642,4.460072706,-0.214850841,1.127087026,2.947945149,1.356107027,0.458580334,-5.257038672,0.717366133,-1.011650146,7.2632,3.359175749,-5.014528607,0.821148772,537.0057362,-181.2609883,0.437739699,11.54450444,0.0,183.5254861,1.468494534,7.689698406,1.090883608,0.458580334,5.346533161,2.710761195,-0.2660508,1.754545042,-1.119848144,0.0,430.1952724,0.205950377,0.804633618,41.0,1.819889343,-0.021925798,-5.178346853,84.987755
12,4.0,1,4.739129892,3.950413558,1.36312,4.720646449,1.830934239,3.815482101,3.804,14.78968268,-0.134007938,3.704739372,4.624401186,-0.120039188,1.14306276,2.936180957,1.330780604,0.411512432,-5.276331118,0.719533258,-0.96940581,7.7974,3.635057758,-5.178508825,0.839690028,42.71572261,-293.8342099,0.410254021,14.09851375,0.0,190.4599941,1.620881026,7.614714384,1.073281467,0.411512432,5.370428748,2.560510792,-0.365343827,1.724171079,-1.053671446,0.0,465.9357062,0.448155837,0.828111857,43.5,1.746315767,-0.02698657,-8.122826992,91.601341
12,4.0,1,4.593197132,3.950322569,1.31181,4.719100187,1.830934239,3.787334593,3.878,14.42009934,-0.234704434,3.651023462,4.271581727,-0.286370481,0.908568647,2.927590968,1.262338963,0.451635889,-5.370765523,0.861323637,-1.013871985,6.6437,3.408020038,-4.51374553,0.824184095,147.6108134,-232.4860783,0.383294338,11.54450444,0.0,184.0813589,1.466637323,7.719312314,1.088028093,0.451635889,5.37466367,2.700211725,-0.283121605,1.765506673,-1.131449224,0.0,447.6330505,0.308012449,0.81843359,43.0,1.837859484,0.018564493,-4.589368583,87.549755
12,4.0,1,4.656889935,3.950407889,1.3024,4.716955151,1.830934239,3.808396422,3.654,14.40700521,-0.237658165,3.677418896,4.607568167,-0.201824865,1.168223757,2.999864904,1.371268399,0.453179099,-5.224469227,0.710176011,-1.000077298,6.8731,3.614467586,-6.14065145,0.824084111,322.4427346,522.5746564,0.560602926,14.09851375,0.0,191.6061425,1.442723716,7.672625571,1.052043638,0.453179099,5.236006945,2.702992617,-0.287096718,1.63117717,-1.104790273,0.0,428.9732006,0.375987053,0.791017505,41.5,1.777872073,0.05988419,-12.23626843,83.654169
0,10.0,1,0.0,3.929216562,1.39692,4.716954618,1.830934239,3.806945736,3.654,14.40700521,-0.234062644,3.671975449,4.607568167,-0.13725068,1.062069134,2.999864904,1.332485122,0.453179099,-5.224469227,0.712644209,-1.000077298,6.8731,3.610486174,-6.149275396,0.824084111,322.4427346,522.5746564,0.560602926,14.09851375,0.0,191.6061425,1.444089885,7.672625571,1.052043638,0.453179099,5.293149802,2.702992617,-0.287096718,1.630664577,-1.104790273,0.0,428.9732006,0.375987053,0.791017505,37.5,1.777353015,0.05988419,-12.23626843,83.654169
0,11.0,1,0.0,3.840327064,1.26559,3.996090493,0.814325285,3.713961838,2.909,14.54488151,-0.340158751,3.63698359,3.393282544,0.058534093,-21.09787136,2.662685949,0.003338855,0.45433408,-0.99441716,0.743353439,-0.927109571,7.2457,3.619635241,-6.41247341,0.81064266,144.7623174,-1052.734223,0.264506349,14.62788806,0.0,200.0675903,1.45618723,7.523292291,1.146685927,0.45433408,5.453857101,2.664073947,-0.279302816,1.62679723,-0.99441716,1.0,59.55840769,0.444095213,0.74669882,39.5,1.814138105,0.134350992,0.413193529,81.76979
12,4.0,0,4.722646947,3.950406503,1.27489,4.709244211,1.690417568,3.810193138,4.01,14.47088701,-0.229027765,3.669600839,3.956295709,-0.097788954,0.992898303,3.134098404,1.307805959,0.469339148,-5.081125606,0.89485802,-0.355283059,5.9614,3.619763851,-6.836990914,0.831245575,-107.2628767,-69.93469213,0.297717468,12.63393923,0.0,186.4070594,1.528006812,7.64186178,1.077244851,0.469339148,5.361076767,2.607415252,-0.297828198,1.603761166,-1.005222884,0.0,428.9732006,0.375987053,0.785409616,41.5,1.729559782,0.022765011,-7.011236083,83.654169
12,4.0,1,4.670073192,3.950410464,1.26019,4.720298191,1.830934239,3.808966618,3.199,14.476926,-0.150162944,3.682523544,4.206913575,-0.326871623,0.579232225,3.024722745,1.164660389,0.451234655,-5.353520153,0.738243526,-0.99693034,4.9566,3.616183587,-4.143961724,0.821007468,171.1193005,203.6726124,0.399532568,12.63393923,0.0,192.01644,1.444141294,7.740478932,1.078017118,0.451234655,5.314718017,2.709222693,-0.289707646,1.659206962,-1.105857135,0.0,480.9036977,0.652279982,0.822038825,42.25,1.834370804,-0.010351205,-12.1075371,84.087376
0,10.0,1,0.0,3.929219481,1.35186,4.720297673,1.830934239,3.807498368,3.199,14.476926,-0.146215925,3.67741808,4.206913575,-0.250436254,0.557126894,3.024722745,1.157905003,0.451234655,-5.353520153,0.739977035,-0.99693034,4.9566,3.611823846,-4.566699601,0.821007468,171.1193005,203.6726124,0.399532568,12.63393923,0.0,192.01644,1.44548187,7.740478932,1.078017118,0.451234655,5.371860874,2.709222693,-0.289707646,1.658610679,-1.105857135,0.0,480.9036977,0.652279982,0.822038825,38.25,1.822253048,-0.010351205,-12.1075371,84.087376
12,4.0,1,4.703078564,3.950373303,1.2626,4.727875141,1.702081659,3.793520596,3.088,14.3355854,-0.4428825,3.655864445,4.035080284,0.18521316,-0.210540115,2.655254896,0.944685951,0.461698619,-5.044487467,0.732092929,-0.990543487,6.0854,3.393067078,-3.579963757,0.853109526,424.5901963,-393.2963411,0.353666709,10.34298486,0.0,186.159107,1.476447219,7.673985968,1.175652744,0.461698619,5.416141304,2.905783297,-0.258649235,1.684091277,-1.078828418,0.0,472.0967093,0.482243306,0.7402478,41.25,1.78929343,0.103570106,5.30666667,82.327376
0,10.0,1,0.0,3.929172263,1.35599,4.72787508,1.702081659,3.792501937,3.088,14.3355854,-0.442969866,3.645615763,4.035080284,0.219456951,-0.445120481,2.655254896,0.886651889,0.461698619,-5.044487467,0.734136375,-0.990543487,6.0854,3.392907837,-3.562050527,0.853109526,424.5901963,-393.2963411,0.353666709,10.34298486,0.0,186.159107,1.476595645,7.673985968,1.175652744,0.461698619,5.474112319,2.905783297,-0.258649235,1.684068966,-1.078828418,0.0,472.0967093,0.482243306,0.7402478,37.25,1.786865458,0.103570106,5.30666667,82.327376
12,2.0,1,4.381324164,3.797290629,1.23736,4.012487166,0.814325285,3.589876562,2.232,14.06638484,-0.385599896,3.460500572,3.282677656,0.243571661,-4.242371239,2.815864424,0.307759558,0.489951221,-4.363452238,0.840435987,-1.064455998,6.121,3.271574335,-1.381816253,0.79060752,683.5645877,194.7644701,0.251851609,10.34298486,0.358979395,180.9390321,1.462152346,7.860878202,1.127130367,0.489951221,5.306532044,2.910001971,-0.196789943,1.580059666,-5.537565993,0.0,3.701740158,0.205950377,0.765740657,38.25,1.792834987,-0.037057239,-1.104751785,75.733997
0,8.0,1,0.0,3.796139532,1.33212,3.993142164,0.814325285,3.5899332,2.232,14.06638484,-0.387693265,3.460344163,3.282677656,0.208646398,-5.124430823,2.815864424,0.240880816,0.489951221,-4.363452238,0.841211024,-1.064455998,6.121,3.271833168,-1.372045942,0.79060752,683.5645877,194.7644701,0.251851609,10.34298486,0.358979395,180.9390321,1.462927383,7.860878202,1.127130367,0.489951221,5.368070505,2.910001971,-0.196789943,1.580057923,-5.537565993,0.0,3.701740158,0.205950377,0.765740657,34.25,1.789948046,-0.037057239,-1.104751785,75.733997
12,4.0,1,4.573848865,3.950338967,1.43077,4.724845791,1.830934239,3.79022866,3.464,14.45905311,-0.276038487,3.652365888,5.863454943,-0.168617953,1.20027094,3.050535331,1.371439302,0.444914636,-5.429849886,0.715239417,-1.018006824,7.5092,3.438326579,-6.523506178,0.848016107,1117.339931,2238.41492,1.033418551,12.63393923,0.0,187.5661495,1.47682323,7.550915,0.934591416,0.444914636,5.08463819,2.715454047,-0.304010879,1.791272877,-1.971081826,0.0,441.1259162,0.205950377,0.829645085,41.5,1.82428535,0.135523252,-19.26389464,88.081341
0,10.0,1,0.0,3.929137655,1.52663,4.724845302,1.830934239,3.789341783,3.464,14.45905311,-0.272751636,3.642682167,5.863454943,-0.100701066,1.102776406,3.050535331,1.336700571,0.444914636,-5.429849886,0.717694644,-1.018006824,7.5092,3.438206514,-6.512771669,0.848016107,1117.339931,2238.41492,1.033418551,12.63393923,0.0,187.5661495,1.477079286,7.550915,0.934591416,0.444914636,5.137971523,2.715454047,-0.304010879,1.790119262,-1.971081826,0.0,441.1259162,0.205950377,0.829645085,37.5,1.816867183,0.135523252,-19.26389464,88.081341
12,4.0,1,4.626068407,3.859614906,1.2955,4.015099984,1.588098342,3.776606079,2.371,14.58985557,-0.450321303,3.647345074,4.480776378,0.412130667,-6.787936105,2.716652359,0.183235324,0.448299986,-1.126255785,0.65474511,-1.008367932,5.2995,3.614808864,-3.633872531,0.790695692,696.6291129,409.3172094,0.421279422,16.06232685,0.349984732,192.4475243,1.451438137,7.648519683,1.063087731,0.448299986,5.360655723,3.004315769,-0.298660495,1.695023926,-2.135647649,0.0,60.89466601,0.705380919,0.788957681,44.75,1.781834613,-0.026196913,0.819113453,86.474169
12,4.0,0,4.667952194,3.950376522,1.3711,4.736637374,2.032186997,3.797701963,4.0,14.76610616,-0.711750012,3.665518844,4.545824344,0.342408224,0.978323906,2.670498008,1.255479018,0.41978811,-5.240264241,0.904284262,-0.366646691,4.8587,3.459364428,-5.888939194,0.843183408,534.3559808,-937.0555038,0.469290211,12.11976113,0.328203789,176.3251637,1.556524621,7.644460627,1.151992036,0.533133344,5.67173022,2.775595145,-0.349931044,1.715482816,-1.058519303,0.0,481.3987114,0.348209275,0.76884355,45.0,1.798952644,0.131598562,9.373292823,97.270513
12,4.0,1,4.765147366,3.950491898,1.32678,4.71943081,1.702081659,3.825857192,3.133,14.72150408,-0.445024052,3.729171439,4.470151423,0.268806232,1.014067845,2.636430009,1.288549235,0.420033576,-5.226303168,0.713474324,-0.964766678,6.9119,3.638343168,-2.907458035,0.870353211,131.6027655,217.2944503,0.380379398,13.68288315,0.135240969,188.569837,1.52336745,7.600186873,1.099255733,0.420033576,5.445038698,2.824908739,-0.341694201,1.698068133,-1.034499911,0.0,488.2748699,0.67668775,0.743156519,43.0,1.857339547,0.050939245,0.734424699,90.274548
18,4.0,1,6.059906205,3.950441183,1.21239,4.736034678,1.830934239,3.8634813,4.209,14.64867404,-0.107188237,3.724450998,4.39884079,-0.153687297,0.117534793,3.078437871,1.029081877,0.437840882,-5.61114361,0.750798779,-1.006030857,7.61029,3.621115306,-7.501416908,0.772452816,144.174155,-517.2470523,0.421266457,15.83214497,0.0,198.6392099,1.444791146,7.775651343,1.103216991,0.437840882,5.37482388,2.775754149,-0.321993377,1.661995955,-1.133584402,0.0,362.6427843,0.459320386,0.857951073,50.0,1.835011472,-0.015894197,-6.845590188,89.11379
0,11.0,1,0.0,3.825926497,1.23016,3.995168944,0.814325285,3.701978872,2.798,14.30924281,-0.244104547,3.621538223,3.363452654,-0.015751546,-7.973241216,2.690992227,0.102481917,0.473161241,-0.995361983,0.737755409,-0.938362143,6.3957,3.29020913,-5.646129051,0.806789517,336.5645965,620.6680146,0.271365154,12.63393923,0.0,190.0951691,1.46257807,7.55072612,1.110823301,0.473161241,5.389668019,2.683989641,-0.231967215,1.665435663,-0.995361983,1.0,40.41818906,0.308012449,0.754920185,38.0,1.813806707,0.124049236,-5.591469509,76.916204
12,4.0,1,4.449496644,3.950321053,1.3465,4.711476208,2.542182553,3.787101566,3.825,14.29966673,0.184022951,3.648346568,3.978145379,-0.083876481,0.927729339,2.98708523,1.276522137,0.264850529,-5.544204309,0.688210805,-1.046441919,6.2356,3.384097433,-4.350883509,0.800800422,431.0690903,-661.4163448,0.251851609,10.34298486,0.0,181.4421826,1.467723532,7.752067506,1.116864527,0.459900352,5.350314798,2.800089255,-0.264176774,1.756888133,-2.51595843,0.0,392.9175121,0.205950377,0.899204275,41.75,1.811488967,-0.226329401,-2.863609313,85.789755
12,4.0,1,4.567972518,3.950359461,1.44196,4.716814388,1.830934239,3.794551123,3.464,14.52144965,-0.290594351,3.65258503,5.510019801,-0.10382828,1.235437297,3.145858519,1.384189927,0.44083342,-5.326297931,0.701453037,-1.019209951,7.5092,3.505726747,-7.132798662,0.862497549,896.7407845,3147.820539,0.77768286,11.54450444,0.0,187.6110619,1.482285288,7.4896004,0.884253347,0.44083342,5.08463819,2.691853962,-0.319201852,1.753059851,-1.681006767,0.0,441.1259162,0.205950377,0.88057455,41.5,1.822405978,0.196262668,-23.99440199,88.081341
0,10.0,1,0.0,3.929160353,1.53837,4.71681386,1.830934239,3.793516082,3.464,14.52144965,-0.289197248,3.643305998,5.510019801,-0.049232972,1.12945712,3.145858519,1.346118893,0.44083342,-5.326297931,0.704092033,-1.019209951,7.5092,3.505558751,-7.142397374,0.862497549,896.7407845,3147.820539,0.77768286,11.54450444,0.0,187.6110619,1.482391957,7.4896004,0.884253347,0.44083342,5.137971523,2.691853962,-0.319201852,1.753059296,-1.681006767,0.0,441.1259162,0.205950377,0.88057455,37.5,1.812923348,0.196262668,-23.99440199,88.081341
12,6.0,0,4.543894134,4.011964703,1.34093,4.736637432,2.304659576,3.950374998,4.128,14.68944106,-0.305426791,3.751431901,4.567096671,0.138733643,0.803921539,2.602476921,1.210955709,0.0,-5.390953216,0.805650583,-0.657284551,6.5459,3.635960825,-7.184439869,0.826004516,380.1088354,-108.5757323,0.469290211,11.18523725,0.382277864,179.8067168,1.514270868,7.643167148,1.083962335,0.382277864,5.502714767,3.197228433,-0.336471105,1.556530669,-1.173185663,0.0,904.2973361,0.348209275,0.752018284,46.5,1.791891859,-0.045966616,8.024980671,93.983341
12,4.0,1,4.708492147,3.950364977,1.21594,4.736637088,1.702081659,3.766597949,3.089,14.0560912,-0.531932685,3.620189674,3.636205344,0.208528377,0.94845738,2.60262973,1.292191782,0.496074193,-5.16454913,0.765030013,-0.982387432,6.0838,3.420064557,-3.603820679,0.814708,459.1589707,-41.63129662,0.410624723,14.26787961,0.0,176.699018,1.448804071,7.704230048,1.098502942,0.496074193,5.35817029,3.007021271,-0.229865993,1.556520447,0.0,0.0,472.0967093,0.354286486,0.745757717,41.25,1.759591443,0.179943901,5.023233386,82.327376
12,4.0,1,4.648378233,3.950323066,1.32115,4.720275463,1.830934239,3.787432405,3.693,14.38509934,-0.115460985,3.653188995,4.271581727,-0.198679855,1.049754167,2.918009926,1.318178813,0.451635889,-5.243728486,0.709886455,-1.001140504,7.4073,3.452373451,-5.056215316,0.820297627,253.2250952,-239.7479923,0.383294338,11.54450444,0.0,184.3653699,1.679431211,7.689029919,1.092496861,0.451635889,5.343599387,2.677845162,-0.280621605,1.724171079,-1.108949224,0.0,441.9024523,0.27811916,0.852661411,42.0,1.788867829,-0.061925531,-4.641316377,86.747755
0,10.0,1,0.0,3.929120497,1.41402,4.720274962,1.830934239,3.786643949,3.693,14.38509934,-0.110388611,3.643353389,4.271581727,-0.130506993,0.954519413,2.918009926,1.285553441,0.451635889,-5.243728486,0.712092237,-1.001140504,7.4073,3.452279368,-5.036400206,0.820297627,253.2250952,-239.7479923,0.383294338,11.54450444,0.0,184.3653699,1.67938898,7.689029919,1.092496861,0.451635889,5.398393908,2.677845162,-0.280621605,1.724171079,-1.108949224,0.0,441.9024523,0.27811916,0.852661411,38.0,1.786608288,-0.061925531,-4.641316377,86.747755
12,4.0,1,4.646726164,3.950410125,1.36842,4.725100188,1.830934239,3.808767447,3.614,14.48683089,-0.267943612,3.689623231,5.609320902,-0.199399683,1.189117949,2.972567679,1.367420032,0.444914636,-5.389849886,0.716892021,-1.002381824,7.2632,3.616415006,-6.548294608,0.82687888,787.6175089,960.538796,0.980713923,12.63393923,0.0,192.5626076,1.443037725,7.643122167,1.017181624,0.444914636,5.117170278,2.690972584,-0.304010879,1.643578062,-1.91552627,0.0,441.9024523,0.375987053,0.783144051,42.0,1.823606425,0.07042505,-15.64009065,86.747755
0,10.0,1,0.0,3.929218999,1.46257,4.725099689,1.830934239,3.807304121,3.614,14.48683089,-0.264286708,3.683982079,5.609320902,-0.128189905,1.096437307,2.972567679,1.334472568,0.444914636,-5.389849886,0.719220138,-1.002381824,7.2632,3.611957664,-6.665454078,0.82687888,787.6175089,960.538796,0.980713923,12.63393923,0.0,192.5626076,1.444400527,7.643122167,1.017181624,0.444914636,5.171964798,2.690972584,-0.304010879,1.643006606,-1.91552627,0.0,441.9024523,0.375987053,0.783144051,38.0,1.816742351,0.07042505,-15.64009065,86.747755
18,4.0,1,5.930840783,3.950373971,1.2088,4.752278496,1.702081659,3.793618648,3.49,14.55383386,-0.402323465,3.659595891,4.427575052,0.195947684,-0.667201671,2.686613421,0.849818812,0.446538444,-5.567414422,0.77975919,-1.004016092,6.4027,3.465702124,-5.005096572,0.870390473,722.1389504,-760.0941139,0.413564686,12.75291883,0.0,188.3741031,1.498198114,7.680867994,1.202897445,0.446538444,5.436132093,2.950721656,-0.295528093,1.78411415,-1.11755527,0.0,465.3581252,0.569704041,0.816532424,49.75,1.847651802,0.035134104,7.908848147,89.367376
12,4.0,1,4.602804805,3.950320672,1.32479,4.710589771,1.830934239,3.787030406,3.543,14.28601897,-0.05739446,3.647821585,3.842994146,-0.187200184,1.064775967,2.932425014,1.333460294,0.459900352,-5.198718198,0.705906551,-1.01146258,7.1207,3.370862547,-4.451151666,0.806891636,316.4065892,-572.5760882,0.251851609,11.18523725,0.0,181.3952293,1.467811485,7.692642713,1.116895558,0.459900352,5.318755383,2.710512982,-0.262365993,1.764566871,-1.118185847,0.0,430.1952724,0.205950377,0.88216474,41.0,1.828366182,-0.144063831,-2.989134924,84.987755
12,2.0,1,5.032388645,3.80156182,1.37152,4.012639135,0.814325285,3.675048951,2.703,14.48215983,-0.306484214,3.59781312,4.117923993,0.183883167,-3.892296345,2.349711425,0.359051836,0.447381203,-0.965529452,1.050916514,-0.916555582,6.0799,3.390349647,-2.46840255,0.786733804,702.0981344,-395.5805817,0.251851609,10.34298486,0.0,172.0616466,1.556237721,7.552522486,1.099464244,0.447381203,5.415240507,2.421265575,-0.291652652,1.759423485,-1.191828913,0.0,93.9873061,0.27811916,0.765519236,39.75,1.835106783,0.116300497,2.801812232,87.906134
0,8.0,1,0.0,3.800297005,1.46553,3.993343532,0.814325285,3.675175721,2.703,14.48215983,-0.3091036,3.596726929,4.117923993,0.178746669,-4.628307658,2.349711425,0.295828407,0.447381203,-0.965529452,1.048484371,-0.916555582,6.0799,3.390215917,-2.45526975,0.786733804,702.0981344,-395.5805817,0.251851609,10.34298486,0.0,172.0616466,1.5562376,7.552522486,1.099464244,0.447381203,5.467872086,2.421265575,-0.291652652,1.758724516,-1.191828913,0.0,93.9873061,0.27811916,0.765519236,35.75,1.823922882,0.116300497,2.801812232,87.906134
12,4.0,1,4.661962207,3.950328675,1.28662,4.733616676,1.830934239,3.797002447,3.693,14.48054687,-0.163394812,3.670331329,4.211891078,-0.17889348,1.24752691,3.023783889,1.400976418,0.437747,-5.112720007,0.716287232,-0.985978658,7.0172,3.419533682,-5.401807392,0.843248711,201.3767256,-48.68367787,0.364388162,11.54450444,0.0,187.6433712,1.455705766,7.674613612,1.105576496,0.437747,5.246791053,2.655448488,-0.299757407,1.536206164,-1.061109718,0.0,428.9732006,0.264875942,0.775011054,41.5,1.789927468,0.056859427,-5.569677291,83.654169
12,4.0,1,4.573466859,3.950357904,1.38799,4.709097809,1.830934239,3.794332738,3.503,14.43992329,-0.254940166,3.648492746,4.794347622,-0.114073843,1.007524268,3.176664597,1.3129859,0.449097883,-5.181750606,0.690712373,-1.01793423,7.1207,3.494948662,-7.005351466,0.864440089,558.5386072,2112.723938,0.514797402,10.34298486,0.0,185.9227647,1.479099929,7.533274427,0.937162221,0.449097883,5.127443751,2.676046639,-0.304457829,1.671354894,-1.65852271,0.0,430.1952724,0.205950377,0.88852533,41.0,1.822121741,0.192208222,-16.90696778,84.987755
0,10.0,0,0.0,3.928004925,1.2425,4.136537938,0.2,3.676243722,3.458,13.78055063,-0.26832043,3.527703062,3.637250253,0.386443137,-8.638614906,2.656733457,0.084739309,0.0,-1.944558375,1.02111013,-0.070688984,4.65429,3.368513807,-4.910824368,1.062851838,933.989607,3399.09228,0.389194117,14.30644263,0.405592739,211.602056,1.327661058,7.386656271,0.581966884,0.405592739,4.794930575,2.518389918,-0.297608865,1.424470887,-0.204536746,1.0,135.744207,0.627199427,1.115733116,38.0,1.806231659,0.261532162,-15.33189616,76.360618
0,10.0,0,0.0,3.92842445,1.46282,4.141067115,0.2,3.78152244,3.839,14.54304512,-0.282459242,3.652031961,4.896581405,0.336340288,-5.102467295,2.360923088,0.30525118,0.0,-2.040444257,1.151122901,0.113616273,5.57738,3.530557448,-3.681717323,0.969857073,1232.491503,1893.358568,0.500073056,18.62139785,0.154809782,183.888138,1.615880434,7.443573931,0.848220578,0.154809782,5.287132035,2.35646915,-0.411377087,1.725241608,-0.420350478,1.0,225.730655,0.796434165,1.077380046,43.25,1.822609049,0.104443904,-9.650783519,98.448927
0,10.0,0,0.0,3.927992101,1.20208,4.132256683,0.166666667,3.664120536,3.6,13.79314322,-0.039060793,3.532397825,3.244650147,0.169664709,-6.767422086,2.81537331,0.144633956,0.0,-1.881467153,0.994490825,0.033032812,4.65429,3.311862212,-4.155372737,1.152129114,691.857589,2996.907078,0.293831021,16.90490545,0.380515578,215.3010329,1.417990986,7.423418629,0.602064266,0.380515578,5.053527911,2.404210363,-0.28802746,1.683147405,0.0,1.0,135.744207,0.549943305,0.985078858,38.0,1.731522396,0.029624193,-13.00431477,76.360618
0,10.0,0,0.0,3.928015503,1.10734,4.142746912,0.2,3.676313426,3.648,13.66610618,-0.222332222,3.553990807,3.028207872,0.325352045,-7.563102984,2.540804959,0.108127731,0.0,-1.855692635,1.032189329,-0.05155633,4.01819,3.451956504,-4.424561197,1.075749026,293.0184871,2869.923882,0.26155616,17.33100659,0.411765578,225.2198432,1.372874417,7.519600841,0.614276479,0.411765578,4.985926351,2.486154495,-0.276775531,1.378653611,0.0,1.0,115.1406206,0.867984686,0.9496866,38.0,1.5755649,0.186888361,-10.73489814,71.933446
0,10.0,0,0.0,3.927991596,1.08027,4.129285899,0.2,3.676223225,3.722,13.553147,-0.323335229,3.513502716,2.901368317,0.357332348,-7.941264579,2.65041016,0.096746023,0.0,-1.949586667,1.1942082,-0.092927084,3.25459,3.245571731,-4.18705675,1.182764857,351.5114216,1806.74652,0.242352993,14.30644263,0.425284097,227.6624863,1.351649297,7.78071681,0.691161948,0.425284097,5.043874788,2.835217413,-0.243470543,1.41629635,0.0,1.0,114.0908341,0.643471272,0.817149699,38.0,1.634913678,0.217556392,-4.035829529,70.975446
0,8.0,0,0.0,3.790287085,1.38953,4.069401334,0.908166554,3.547719653,3.562,15.0921698,0.139445018,3.488222859,3.916179579,-0.295253956,-2.600045937,3.678441237,0.495238845,0.426344685,-1.174397094,0.88806337,-0.309943216,3.7423,3.409840867,-0.972833354,0.775019779,524.8151922,-2236.378342,0.38775207,18.42086333,0.31241225,189.515475,1.571801114,7.757175004,1.210163644,0.543926824,5.481217029,3.223681292,-0.17778667,1.598893475,-1.34802473,0.0,-25.65273284,0.586970098,0.790616861,35.25,1.798373004,-0.126000335,-4.073553892,80.282376
12,2.0,0,3.351458636,3.784758231,1.28406,4.08204726,0.908166554,3.546971733,3.562,15.85790613,0.124185413,3.489496165,3.933805164,-0.417829846,-2.471292567,3.929972295,0.512775624,0.427518337,-1.174397094,0.883899609,-0.353390899,4.34239,3.410290102,-0.824038441,0.752096631,524.8151922,-2739.929727,0.394994267,19.05622263,0.305042635,190.2682402,1.568327748,7.747765719,1.244620595,0.544848025,5.423246015,3.255279805,-0.17778667,1.598191859,-1.34802473,0.0,-25.65273284,0.584163973,0.812010534,39.75,1.798731693,-0.175800929,-4.02288417,80.282376
0,8.0,0,0.0,3.784283905,1.3941,4.066322238,0.908166554,3.548813046,3.562,15.85790613,0.128193223,3.488387973,3.933805164,-0.47096604,-2.672498646,3.929972295,0.485635503,0.427518337,-1.174397094,0.896922468,-0.353390899,3.7423,3.409907431,-0.910039744,0.752096631,524.8151922,-2739.929727,0.394994267,19.05622263,0.305042635,190.2682402,1.563445414,7.747765719,1.244620595,0.544848025,5.423246015,3.255279805,-0.17778667,1.593540068,-1.34802473,0.0,-25.65273284,0.584163973,0.812010534,35.25,1.797501475,-0.175800929,-4.02288417,80.282376
12,2.0,0,3.695148154,3.7849677,1.29081,4.08204811,0.166666667,3.616208346,3.453,15.99144565,0.144757828,3.523569918,4.120193241,-0.50611271,-2.720390386,3.654919845,0.4978104,0.0,-1.105353246,1.21065692,-0.280736221,4.93129,3.451698368,-0.499191719,0.763668826,502.7686192,-2878.15346,0.394994267,18.38153923,0.294320086,185.8545006,1.576248222,7.753789457,1.270673185,0.294320086,5.327234278,3.071655638,-0.198155422,1.650682845,-1.232257187,0.0,88.84519575,0.686226046,0.791375846,42.0,1.849842458,-0.083268071,-4.286806266,86.100755
0,8.0,0,0.0,3.784476425,1.39682,4.066323421,0.166666667,3.616733883,3.453,15.99144565,0.148982445,3.523428115,4.120193241,-0.524465882,-2.917472289,3.654919845,0.473279187,0.0,-1.105353246,1.236994345,-0.280736221,4.3312,3.449798415,-0.571835232,0.763668826,502.7686192,-2878.15346,0.394994267,18.38153923,0.294320086,185.8545006,1.568587811,7.753789457,1.270673185,0.294320086,5.327234278,3.071655638,-0.198155422,1.648433414,-1.232257187,0.0,88.84519575,0.686226046,0.791375846,37.5,1.838602099,-0.083268071,-4.286806266,86.100755
0,8.0,0,0.0,3.812362373,1.54217,4.071241344,0.421716333,3.735251888,3.309,16.16386137,0.439612578,3.616616514,4.986870126,-0.415906917,-3.511095444,3.660753478,0.406455477,0.294061547,-1.122309706,0.927919157,-0.287667865,5.6447,3.459370696,-1.63268613,0.798977767,1015.424412,-1168.703538,0.449781151,20.20050812,0.271304603,193.5505256,1.583960078,7.545467493,1.097006482,0.294061547,5.391565524,2.845850714,-0.31334223,1.718564817,-2.050440086,0.0,56.00596155,0.993171368,0.802391003,36.75,1.839366899,-0.138096601,-6.541589045,87.427548
0,11.0,0,0.0,3.822212193,1.24197,4.071374572,0.388067491,3.687684348,3.871,16.05349484,0.007492746,3.652185309,3.749394673,-0.143418415,-2.869065252,4.136130812,0.479190165,0.374880017,-1.223782185,0.879374008,-0.317981619,4.8979,3.485341099,-1.359241897,0.77631541,-47.5194538,-837.0993208,0.394318307,24.29806134,0.316239477,208.9634122,1.522829689,7.691431674,1.082842297,0.374880017,5.379522026,3.291870727,-0.1943967,1.598539597,-1.223782185,0.0,8.705321845,0.760730567,0.770061716,41.5,1.839112723,-0.095065208,-2.288145744,82.093204
0,8.0,0,0.0,3.809256135,1.49048,4.070375695,0.421716333,3.73447837,3.309,16.05990729,0.469947929,3.612069998,5.029773047,-0.408675189,-3.357958544,3.77622921,0.413262084,0.304061547,-1.123559706,0.943387399,-0.294754033,5.2546,3.453807595,-1.60349184,0.818058742,1001.454252,-2094.974319,0.477822097,20.20050812,0.281508684,193.7369022,1.581563416,7.639155993,1.215352754,0.304061547,5.325564064,2.826023108,-0.257786675,1.643597824,-2.049409994,0.0,49.725428,1.009443213,0.813939942,36.25,1.839185983,-0.173514024,1.785678243,84.333962
0,8.0,0,0.0,3.788376061,1.45619,4.066467953,0.388067491,3.665802314,3.366,15.98893902,0.13955208,3.599530826,4.236004183,-0.258844759,-3.150076419,3.758605457,0.436499749,0.371236914,-1.120680333,0.85614664,-0.292336253,5.3025,3.445652609,-1.588420981,0.79495143,595.5042557,-2497.707445,0.394994267,20.97946342,0.289737564,192.7290938,1.563891913,7.655738878,1.189994823,0.371236914,5.318755383,3.029781433,-0.203652653,1.598559205,-1.258323281,0.0,27.76344,0.667497306,0.800052192,36.0,1.839032045,-0.128792529,-1.944951771,84.333962
0,9.0,0,0.0,3.789403361,1.57229,4.066470471,0.337553191,3.70920778,3.545,16.19988791,0.025008297,3.6038152,5.094825563,-0.262542296,-2.334103118,3.535704048,0.602050638,0.0,-1.164833779,0.930233918,-0.368626502,6.2268,3.55482223,-0.901135901,0.862467936,910.1630017,-1684.922667,0.479073156,24.31734038,0.281675208,183.766678,1.59940758,7.53611135,1.10613107,0.380125611,5.685882689,2.775017917,-0.301124197,1.839021456,-1.336437001,0.0,65.83858874,0.667497306,0.859290341,42.25,1.878870186,-0.204923166,-3.470033835,104.130685
0,8.0,0,0.0,3.794890847,1.52917,4.074801769,0.908166554,3.591625118,3.531,16.03512752,0.100670429,3.527327399,4.660788112,-0.141176032,-2.716812842,3.742960626,0.515490049,0.414355675,-1.43649082,0.899091205,-0.438364549,4.9076,3.430851405,-1.589018462,0.654332093,697.6512062,-2211.617342,0.430708552,23.20951291,0.312662234,172.3013652,1.596943353,7.815804568,1.135534775,0.533408116,5.65694645,3.313293748,-0.223080076,1.721582558,-1.686793745,0.0,-18.82192639,0.571678147,0.815011715,37.5,1.797840695,-0.152104529,-1.97012166,89.453341
0,8.0,0,0.0,3.802734588,1.44036,4.072606012,0.908166554,3.549145024,3.545,15.19612388,0.221841074,3.491118476,4.351960441,-0.252105946,-2.680553915,3.574859122,0.493906562,0.413999006,-1.165716538,0.965830278,-0.302857048,4.0845,3.414673013,-0.960417059,0.856190781,676.8473324,-2431.179641,0.470579901,18.42086333,0.298523361,189.1620021,1.593416949,7.741527239,1.262081967,0.533926824,5.502715279,2.892380264,-0.245094561,1.641881032,-1.338094175,0.0,2.470950425,0.604862061,0.765905234,36.0,1.799069581,-0.090310881,1.892334338,83.375962
0,8.0,0,0.0,3.791774739,1.42467,4.069499217,0.908166554,3.555193299,3.562,15.15834264,0.110156258,3.504542031,4.650159813,-0.284688253,-2.695755921,3.598190396,0.491934622,0.420427525,-1.175230427,0.889598827,-0.306245943,4.1324,3.419799502,-1.064035356,0.776747661,521.378465,-2394.956284,0.38775207,18.42086333,0.30459975,190.6998641,1.593807747,7.743785553,1.184791139,0.538824783,5.694026911,3.15875681,-0.19731792,1.604983234,-1.307191397,0.0,-19.49103757,0.586970098,0.724866364,35.75,1.798555366,-0.054738604,-5.473836655,83.375962
0,8.0,0,0.0,3.785055708,1.46213,4.066328503,0.360562393,3.686924957,3.366,15.98447682,0.193504881,3.606603641,4.357132001,-0.31269817,-1.846500701,3.683093278,0.622842427,0.376773744,-1.11393107,0.872736082,-0.288489469,5.5501,3.460038986,-1.022998708,0.772123644,568.318415,-2784.737965,0.394994267,19.74364163,0.289320086,186.0796297,1.609488727,7.700389901,1.258578316,0.376773744,5.54502919,3.055666827,-0.203155422,1.690667083,-1.247803836,0.0,34.04397355,0.785348436,0.818304582,36.5,1.83799588,-0.126346724,-3.441877501,87.427548
0,10.0,0,0.0,3.960504786,1.45065,4.70629955,0.866025404,3.786503004,3.822,16.07018281,0.231460751,3.609129523,4.876076697,-0.265850755,-0.052318275,3.731210452,0.987320516,0.0,-4.877476485,0.912497023,-0.32848333,5.5038,3.501663169,-1.436360423,0.71862154,558.673743,-2061.557237,0.529535377,20.20050812,0.290270494,186.6862809,1.562654572,7.704754072,1.076756667,0.290270494,5.352676197,2.940840122,-0.216433332,1.592439294,-1.34961284,0.0,478.875415,0.667497306,0.760607855,40.5,1.838908762,-0.249921524,-0.739125777,89.802755
0,8.0,0,0.0,3.784572185,1.44994,4.0663281,0.908166554,3.590427442,3.522,15.90832624,0.127381945,3.536364443,4.384934157,-0.512160035,-2.628990425,3.900551994,0.500654225,0.316407226,-1.32745924,0.884095051,-0.359316825,4.1324,3.443332693,-1.113649076,0.747210986,807.390447,-2819.15967,0.394994267,18.38153923,0.300910404,189.596501,1.566046487,7.742656915,1.244895925,0.482348025,5.447159723,3.290846427,-0.188117248,1.611894991,-2.68880616,0.0,-19.49103757,0.584163973,0.801707018,35.75,1.836598953,-0.155105651,-4.229454505,83.375962
0,8.0,0,0.0,3.784572185,1.44994,4.0663281,0.908166554,3.590427442,3.522,15.90832624,0.127381945,3.536364443,4.384934157,-0.512160035,-2.628990425,3.900551994,0.500654225,0.316407226,-1.32745924,0.884095051,-0.359316825,4.1324,3.443332693,-1.113649076,0.747210986,807.390447,-2819.15967,0.394994267,18.38153923,0.300910404,189.596501,1.566046487,7.742656915,1.244895925,0.482348025,5.447159723,3.290846427,-0.188117248,1.611894991,-2.68880616,0.0,-19.49103757,0.584163973,0.801707018,35.75,1.836598953,-0.155105651,-4.229454505,83.375962
0,10.0,0,0.0,3.79264753,1.23019,4.068988447,0.908166554,3.695937489,3.967,15.14840418,0.050096179,3.549521138,3.4800955,-0.005839145,-2.784972556,3.854127097,0.489634773,0.429878754,-1.230634339,0.911764701,-0.332835895,3.5319,3.43804621,-1.771345943,0.77532649,-69.32289928,-1221.233497,0.38775207,20.15699111,0.335655864,194.0989027,1.571626538,7.887897093,1.176569055,0.546747236,5.886984713,3.448317857,-0.165886829,1.598195285,-1.230634339,0.0,-25.63521305,0.689032171,0.791010634,40.25,1.778790092,-0.11511561,-1.460971714,80.177204
0,9.0,0,0.0,3.801165195,1.45643,4.066592375,0.388067491,3.74761935,3.596,16.13637687,0.000483,3.614581761,4.576244953,-0.288991373,-2.66467199,3.598182792,0.545742912,0.0,-1.159596827,0.867784047,-0.312322931,5.7255,3.581592567,-0.551456093,0.832170369,596.1843812,-2031.670941,0.41781604,21.72220187,0.289081601,188.9317905,1.583318424,7.673858925,1.196803246,0.289081601,5.454293762,2.968123021,-0.223704235,1.83863895,-1.324362497,0.0,92.76837081,0.986575236,0.857556694,42.25,1.876356733,-0.151561744,-2.836506244,97.57472
0,10.0,0,0.0,3.810225104,1.46283,4.066599858,0.724204548,3.762346181,3.95,16.11717193,-0.144224891,3.603542916,5.017797412,-0.073090064,-3.903230421,3.422446424,0.41184928,0.0,-1.316880194,0.986281019,-0.548641928,4.5515,3.470947768,-0.938560839,0.713831673,1238.441439,-1673.897668,0.500727386,21.33770266,0.29694459,172.7483204,1.580262827,7.72332305,1.170051923,0.29694459,5.4318392,3.148939277,-0.217960767,1.736405797,-2.730975098,0.0,78.78681546,0.864584304,0.928569207,43.5,1.83893701,-0.160101207,-2.955816829,94.318341
0,9.0,0,0.0,3.789620059,1.45046,4.066471055,0.360562393,3.704040668,3.689,16.11181345,0.237037001,3.596703175,4.40991371,-0.259267187,-3.189767172,3.568146271,0.467915117,0.0,-1.149602673,0.880569008,-0.306728808,5.1929,3.446851905,-0.636895964,0.799475485,779.6185818,-1745.759123,0.41781604,20.55877101,0.381483828,184.7100941,1.590841536,7.642191119,1.147098125,0.381483828,5.471439345,2.783421881,-0.221099731,1.698207066,-1.308691632,0.0,70.78981802,0.667497306,0.869538866,40.75,1.838963228,-0.228479822,-0.1347032,92.721134
0,8.0,0,0.0,3.785695637,1.34616,4.068797641,0.908166554,3.545461941,3.602,15.06834585,0.071256474,3.471918935,3.613620025,-0.188684773,-2.616488105,3.678852923,0.493042971,0.428399255,-1.145022094,0.896840857,-0.302442376,3.7423,3.408213044,-1.134653384,0.790221619,282.6831742,-1862.311876,0.38775207,20.15699111,0.317195413,188.0853004,1.596962321,7.754285494,1.186821724,0.545557062,5.680846558,3.142499959,-0.165828761,1.633682517,-1.145022094,0.0,-25.65273284,0.586970098,0.767647274,35.25,1.798529629,-0.076498287,-6.333326452,80.282376
0,8.0,0,0.0,3.80085473,1.41494,4.072054076,0.908166554,3.643965023,3.735,15.28973795,0.157089482,3.567661363,4.191506883,-0.087070621,-3.629745566,3.402530434,0.403557462,0.405849494,-1.118767842,0.955516289,-0.279677196,4.6187,3.440799906,-1.732055519,0.801634763,151.6794557,-1860.78795,0.470579901,20.15699111,0.290960845,184.9344884,1.654499001,7.671054006,1.171196177,0.526668173,5.655565013,2.854722391,-0.253280502,1.724171079,-1.118767842,0.0,23.45226244,0.706924134,0.769056939,37.5,1.798618427,-0.052768467,-4.227408923,88.229548
0,9.0,0,0.0,3.80188304,1.35817,4.068204538,0.388067491,3.676679948,3.671,16.04049613,0.077462426,3.651917797,3.830379576,-0.191221433,-3.006680834,3.83706752,0.462576281,0.370752219,-1.146166444,0.859461645,-0.289779983,5.29289,3.497662864,-1.567520901,0.783693147,92.63389838,-1895.974758,0.379499039,23.44212426,0.30126109,203.1121466,1.598529215,7.67692327,1.11179691,0.370752219,5.501859796,2.996129358,-0.200260504,1.724171079,-1.146166444,0.0,31.17050386,0.769559379,0.787575411,38.0,1.785048549,-0.08540651,-3.272387846,84.760376
0,9.0,0,0.0,3.79878653,1.42076,4.06659129,0.388067491,3.735463477,3.485,16.0713854,-0.026590463,3.59703741,4.305874571,-0.272647347,-2.512250243,3.616954804,0.549825227,0.0,-1.160309857,0.894863723,-0.317539094,5.1929,3.446760794,-0.162303966,0.789891261,734.4616955,-2373.348988,0.41781604,20.97946342,0.3559728,186.7287941,1.583600215,7.698792071,1.21591665,0.3559728,5.546439345,3.083208117,-0.211771128,1.821983497,-1.325628224,0.0,70.78981802,0.884513163,0.860186345,40.75,1.839003926,-0.151837755,-1.667442504,92.721134
0,8.0,0,0.0,3.804733486,1.53184,4.072739904,0.908166554,3.575522561,3.545,15.36268239,0.205576114,3.528008654,4.835940676,-0.242984504,-4.397815832,3.27693645,0.342104851,0.398535361,-1.169481774,0.969161774,-0.294075089,5.2548,3.431392507,-1.743614665,0.838308137,647.1247261,-2454.514813,0.470579901,18.42086333,0.279538021,181.5032696,1.633189386,7.686517339,1.196830696,0.520474088,5.784053089,2.699367825,-0.277000031,1.738945492,-1.290262188,0.0,18.74264195,0.604862061,0.74440823,37.5,1.799824763,-0.030609563,4.371046527,92.65672
0,8.0,0,0.0,3.785055708,1.46213,4.066328503,0.360562393,3.686924957,3.366,15.98447682,0.193504881,3.606603641,4.357132001,-0.31269817,-1.846500701,3.683093278,0.622842427,0.376773744,-1.11393107,0.872736082,-0.288489469,5.5501,3.460038986,-1.022998708,0.772123644,568.318415,-2784.737965,0.394994267,19.74364163,0.289320086,186.0796297,1.609488727,7.700389901,1.258578316,0.376773744,5.54502919,3.055666827,-0.203155422,1.690667083,-1.247803836,0.0,34.04397355,0.785348436,0.818304582,36.5,1.83799588,-0.126346724,-3.441877501,87.427548
0,8.0,0,0.0,3.716859237,1.4658,4.0518602,0.908166554,3.554111161,3.471,15.99908196,0.178147384,3.510438621,5.053171779,-0.241578272,-2.595523878,4.343482371,0.522630289,0.419993115,-1.600558788,0.974862845,-1.130684386,4.0994,3.422124702,-1.083008516,0.91045074,675.5653156,-1978.777322,0.489726859,21.92431946,0.372106678,193.1384431,1.605138788,7.853875961,1.228192371,0.539073411,5.681891357,3.309397131,-0.20738237,1.652986549,-1.912087898,0.0,7.307953452,0.589570109,0.759039297,37.25,1.798312661,-0.12694546,-3.598784224,84.736755
0,8.0,0,0.0,3.791895513,1.37674,4.069280085,0.908166554,3.615635322,3.752,15.21285833,0.086252514,3.537279674,3.718227937,-0.194341435,-2.81202111,3.529665242,0.486250647,0.416352769,-1.128596357,0.879363612,-0.28502867,4.2765,3.433562932,-1.4283197,0.775262392,-2.250933887,-2042.421714,0.38775207,20.77927358,0.300818492,190.7362282,1.597286529,7.738031593,1.160310767,0.535195457,5.675992025,3.048573836,-0.206771064,1.660909422,-1.128596357,0.0,-5.327025664,0.689032171,0.756374604,36.75,1.798900849,-0.057491667,-4.267352509,85.135962
0,8.0,0,0.0,3.805296836,1.55618,4.07276433,0.908166554,3.59186201,3.506,15.36813694,0.228643466,3.536495592,4.92931071,-0.176519023,-4.153281622,3.129003527,0.363129588,0.397877765,-1.178643598,0.964461707,-0.297595989,5.1107,3.433718606,-1.594817801,0.750307995,768.1907351,-3048.405889,0.470579901,19.6608689,0.278365182,171.3289994,1.629039729,7.677455664,1.210254064,0.519935894,5.700659416,2.802973592,-0.279391613,1.729554869,-1.329030494,0.0,18.74264195,0.604862061,0.802552131,37.5,1.799857214,-0.075637375,2.971392188,92.65672
0,8.0,0,0.0,3.792338124,1.45511,4.06952181,0.908166554,3.566814845,3.562,15.21292942,0.125800443,3.513284645,4.400159813,-0.237792281,-2.794648341,3.364048531,0.488421509,0.415325485,-1.176647661,0.890967338,-0.303406436,4.5225,3.424469717,-1.281680327,0.721018765,514.750047,-2393.762231,0.38775207,18.42086333,0.29842691,178.8646943,1.597858739,7.719322556,1.165477998,0.534380338,5.745289857,3.102685782,-0.212750018,1.667651767,-1.299928075,0.0,-13.72019131,0.586970098,0.774959044,36.25,1.798686273,-0.078066576,-3.746392396,86.469548
0,9.0,0,0.0,3.797322624,1.36944,4.066589379,0.388067491,3.727914645,3.598,15.95090643,0.049668881,3.597165179,4.394051132,-0.356844456,-3.638058256,3.771368918,0.38389594,0.0,-1.14620181,0.946848416,-0.314919322,4.2297,3.442092366,-0.954742804,0.769148683,781.6851132,-2737.336613,0.440637813,20.97946342,0.300067569,193.2130099,1.563306406,7.761162699,1.245975404,0.300067569,5.296363587,3.166832482,-0.191030981,1.59141829,-1.301252356,0.0,55.9876031,0.912696826,0.806417666,38.25,1.838799832,-0.141437145,-2.509395152,81.673583
0,8.0,0,0.0,3.788532582,1.36592,4.068888246,0.908166554,3.643618817,3.752,15.18578387,0.071964932,3.552792711,3.757957592,-0.116295151,-2.770255434,3.548684019,0.49148596,0.418195173,-1.127448398,0.878992772,-0.286763364,4.2765,3.438889393,-1.729413166,0.77742075,-2.250933887,-1756.139992,0.38775207,20.15699111,0.304849734,186.9181647,1.613028442,7.72736797,1.149538079,0.536668173,5.63825384,3.027633041,-0.196692959,1.724171079,-1.127448398,0.0,-5.327025664,0.689032171,0.774384103,36.75,1.798077572,-0.056067007,-3.057170257,85.135962
0,8.0,0,0.0,3.792547696,1.48207,4.069526995,0.908166554,3.575256336,3.562,15.25872831,0.123560027,3.519016405,4.400159813,-0.288280216,-2.853458129,3.34124551,0.489992824,0.41088104,-1.178162329,0.892197829,-0.301161257,4.9126,3.428060762,-1.741760127,0.767231133,505.3246378,-2335.878827,0.38775207,18.42086333,0.29342691,180.2053316,1.59836469,7.71582637,1.16184782,0.530474088,5.769188597,2.932302919,-0.225250018,1.733682699,-1.300192743,0.0,-8.306422251,0.586970098,0.760434269,36.75,1.798858247,-0.048455311,0.484766915,89.563134
0,9.0,0,0.0,3.802046154,1.44113,4.066594782,0.388067491,3.746887596,3.468,16.08905399,-0.005636941,3.599025653,4.637868686,-0.272581581,-3.471092528,3.392650463,0.437599749,0.0,-1.160750708,0.958093555,-0.316549281,5.145,3.448969546,-0.601288979,0.757470489,911.2115181,-2233.644612,0.435819096,20.97946342,0.29252059,177.7440493,1.581278051,7.735715129,1.227199164,0.29252059,5.337003251,2.953818746,-0.215106761,1.758594815,-1.326412895,0.0,92.75180602,0.872027337,0.888445935,41.0,1.838866561,-0.192671612,1.575181453,92.721134
0,8.0,0,0.0,3.793203558,1.50635,4.069550015,0.908166554,3.591592093,3.523,15.26418286,0.146630801,3.526035079,4.493529848,-0.189824106,-2.924318009,3.177152705,0.481389049,0.410223444,-1.187324154,0.887514145,-0.304682157,4.7685,3.430719466,-1.595652706,0.674796695,626.3906468,-2380.80068,0.38775207,19.6608689,0.292254071,169.0456102,1.598144157,7.697281637,1.148541614,0.529935894,5.682587475,3.070376162,-0.228182117,1.721603163,-1.338961049,0.0,-8.306422251,0.586970098,0.823417518,36.75,1.798877992,-0.099353591,-2.001753277,89.563134
0,8.0,0,0.0,3.79509045,1.47619,4.06657752,0.360562393,3.719651668,3.303,16.03338796,0.107735814,3.600046738,4.539571663,-0.274381581,-2.289203003,3.447980086,0.564225801,0.319412633,-1.130797089,1.011270564,-0.297699396,4.4541,3.452753997,-0.632415361,0.719474844,933.3936569,-2158.918731,0.394994267,20.20050812,0.28983454,176.9812742,1.579752151,7.711293774,1.21215865,0.319412633,5.347384105,2.97228274,-0.209369287,1.737138242,-2.085091927,0.0,51.55946228,0.794464253,0.899727904,37.75,1.83903074,-0.194879699,-0.789899611,89.194341
0,8.0,0,0.0,3.700250949,1.38419,4.047253122,0.166666667,3.607912698,3.379,15.93011077,0.148509918,3.523428091,4.069798759,-0.355607233,-2.58204555,4.325805387,0.524394305,0.0,-1.539362163,1.208469154,-1.097467798,3.956,3.448351844,-0.58678354,0.845990086,508.2452618,-1994.739246,0.406899029,21.19195181,0.383085518,187.0859585,1.583695594,7.945514884,1.22542113,0.383085518,5.354261305,3.519797125,-0.161937231,1.648812514,-1.847084244,0.0,87.73214034,0.673740219,0.825149923,38.25,1.831563061,-0.149580826,-5.384169236,84.367962
0,8.0,0,0.0,3.793328264,1.38684,4.06657337,0.360562393,3.70225986,3.382,15.96064593,0.103474195,3.594251756,4.272782881,-0.36053891,-2.838496006,3.696476534,0.473798746,0.541634855,-1.120900395,1.044441346,-0.295135882,3.6755,3.440013825,-0.596027818,0.757760748,494.374052,-2580.337587,0.394994267,20.20050812,0.2957517,189.3462151,1.565433051,7.741009323,1.230865349,0.541634855,5.371096239,3.013500765,-0.194576387,1.599173985,-1.259277262,0.0,37.94810598,0.818872021,0.838214313,36.75,1.838887158,-0.195992463,-2.356019652,83.007169
0,10.0,0,0.0,3.947996018,1.27479,4.070328822,0.908166554,3.780506204,3.967,15.17457651,0.080724695,3.553576216,3.620657173,-0.132959311,-2.79984373,3.787867996,0.487771291,0.423409516,-1.161378859,0.905682477,-0.300798858,4.0004,3.43840156,-1.501657496,0.738491809,-328.7614709,-1100.187271,0.38775207,20.15699111,0.319021705,197.229178,1.558946704,7.821647687,1.161805894,0.541151158,5.886984713,3.270946676,-0.182520988,1.598213916,-1.161378859,0.0,13.19642162,0.689032171,0.768543155,39.75,1.789158958,-0.097509408,-0.260022731,82.275204
0,8.0,0,0.0,3.705430087,1.47334,4.03578608,0.908166554,3.588176004,3.441,14.8482878,0.180745329,3.523561489,4.293502687,-0.240170772,-2.652622596,3.38007101,0.515222904,0.418002481,-1.372166403,0.890707923,-1.04662031,4.2542,3.428449493,-1.661840233,0.748609383,560.5734121,-2201.033515,0.363942547,19.6608689,0.353241725,167.4341235,1.599340422,7.734277677,1.162677976,0.5367123,5.65694645,3.268683741,-0.197065967,1.723138921,-1.60595541,0.0,1.589041167,0.586970098,0.897486698,36.75,1.798934526,-0.132752538,-2.844857987,87.940134
0,9.0,0,0.0,3.79928732,1.42241,4.066591788,0.388067491,3.737692492,3.446,16.04810643,0.081498552,3.597479095,4.444289591,-0.338933556,-3.293925207,3.590591931,0.447805456,0.0,-1.162307182,0.873909578,-0.320681512,4.8012,3.445804628,-0.427703798,0.801437657,886.6394689,-2443.691641,0.41781604,21.72220187,0.351667245,188.2840194,1.581968866,7.750509102,1.237465512,0.351667245,5.373358131,2.985127545,-0.207710311,1.769453242,-1.328976108,0.0,64.39324953,0.884513163,0.896324705,40.25,1.838829549,-0.232663768,0.873757956,89.627548
0,8.0,0,0.0,3.790552476,1.44527,4.069405921,0.908166554,3.589899452,3.522,15.12825146,0.138632344,3.53634129,4.367308572,-0.334262873,-2.570062703,3.654825499,0.508478528,0.315233574,-1.308194645,0.875225641,-0.311569326,4.1324,3.443516543,-1.172655067,0.769951448,807.390447,-2315.608285,0.38775207,17.72032451,0.308280018,188.8611072,1.577211078,7.751737969,1.211126697,0.481426824,5.502715279,3.259937336,-0.188117248,1.614624625,-2.669541565,0.0,-19.49103757,0.586970098,0.781064225,35.75,1.825707307,-0.109404274,-4.279542782,83.375962
0,8.0,0,0.0,3.801986235,1.26402,4.070134542,0.908166554,3.641865494,3.752,15.02913932,0.096924025,3.530065605,3.429552802,-0.237188748,-2.531797121,3.77258208,0.494960668,0.43328913,-1.109605427,0.89447046,-0.290810563,3.1062,3.428181487,-0.965302256,0.777227035,-61.06607596,-1675.279583,0.38775207,20.77927358,0.322616331,191.395601,1.416825648,7.795909129,1.249539141,0.549843983,5.6875,3.222298597,-0.152276466,1.59753007,-1.109605427,0.0,-28.54422448,0.729228997,0.787324429,35.25,1.717044985,-0.128237525,-3.04750845,75.855204
12,4.0,1,4.625356872,3.950390611,1.37328,4.713115743,1.702081659,3.796486391,2.833,14.39513063,-0.507541374,3.65777097,4.520140451,0.373185609,0.849825414,2.607960192,1.250618547,0.453728514,-5.325158764,0.691513533,-1.007730215,6.7662,3.442041961,-3.512174165,0.828981992,803.3132413,932.2011983,0.50085368,13.81055818,0.127497914,176.919149,1.556614481,7.571348919,1.079191515,0.453728514,5.371087149,2.818566436,-0.279194201,1.742709068,-1.113790034,0.0,465.6076034,0.205950377,0.773372901,41.0,1.806982029,0.034158632,2.225895446,86.754548
12,4.0,1,4.66159144,3.950391986,1.32174,4.730344413,1.702081659,3.79677184,2.983,14.40747631,-0.486290191,3.662211018,4.168565415,0.361731619,0.914999919,2.606323266,1.272253137,0.453728514,-5.214047652,0.689957524,-0.999465752,6.5202,3.470980741,-3.519152279,0.827120096,470.6783564,984.5390767,0.399285574,13.81055818,0.127497914,178.6238838,1.459600526,7.588924395,1.086476006,0.453728514,5.412573265,2.852058779,-0.279194201,1.566300578,-1.101444355,0.0,464.2252426,0.264875942,0.772647212,41.5,1.802786177,0.031152269,0.960699892,85.420962
12,2.0,1,5.005273544,3.797401085,1.2485,4.012455049,0.814325285,3.686666602,2.495,14.21014448,-0.374403018,3.656886508,3.278404453,0.166318744,-3.964087722,2.486407452,0.322195591,0.471818505,-0.959366455,0.908776443,-0.921134717,6.3957,3.415152051,-1.588344938,0.818506473,236.8055095,-6.234166956,0.251851609,11.18523725,0.0,179.5016957,1.463636054,7.590195509,1.13850225,0.471818505,5.326074054,2.500164346,-0.338838459,1.567830457,-0.959366455,0.0,66.33674741,0.308012449,0.785935331,37.5,1.780463845,0.144420258,2.266341256,79.952169
0,8.0,1,0.0,3.796256822,1.34521,3.993102185,0.814325285,3.68670999,2.495,14.21014448,-0.379474532,3.647036919,3.278404453,0.179870454,-4.822965445,2.486407452,0.252084702,0.471818505,-0.959366455,0.908278545,-0.921134717,6.3957,3.414980696,-1.57855843,0.818506473,236.8055095,-6.234166956,0.251851609,11.18523725,0.0,179.5016957,1.464341824,7.590195509,1.13850225,0.471818505,5.384897584,2.500164346,-0.338838459,1.567830385,-0.959366455,0.0,66.33674741,0.308012449,0.785935331,33.5,1.778719345,0.144420258,2.266341256,79.952169
18,3.0,1,3.973537061,3.854181393,1.11554,4.091526045,0.866025404,3.799155569,3.99,16.09712308,0.084296829,3.657741791,4.395951394,-0.049140823,-8.628671645,3.991940337,0.115652195,0.621477333,-1.171725953,0.743319533,-1.055578785,6.68628,3.405563324,-1.957049727,0.805697982,229.7092873,-1941.000976,0.558730222,18.61984599,0.3465675,196.393194,1.47940631,7.761917753,1.435539815,0.621477333,5.385155104,3.128535502,-0.226896885,1.596972752,-1.903088534,0.0,-8.154109966,0.764791369,0.807264897,50.25,1.862015632,-0.192404225,3.714277562,81.561618
0,12.0,1,0.0,3.834427085,1.2466,4.07717378,0.866025404,3.789626087,3.99,16.09712308,0.113639544,3.645460379,4.395951394,-0.020098868,-9.225979908,3.991940337,0.099609775,0.621477333,-1.171725953,0.751217171,-1.055578785,6.71789,3.404791418,-1.988592969,0.805697982,229.7092873,-1941.000976,0.558730222,18.61984599,0.3465675,196.393194,1.472922727,7.761917753,1.435539815,0.621477333,5.445761165,3.128535502,-0.226896885,1.592269044,-1.903088534,0.0,-8.154109966,0.764791369,0.807264897,43.75,1.835291736,-0.192404225,3.714277562,81.561618
0,12.0,0,0.0,3.908196274,1.01843,4.0470779,0.2,3.765250385,3.578,14.24270869,-0.32887301,3.412181992,2.445588826,-0.248284333,-5.650744638,4.287334679,0.189762172,0.0,-1.122746694,1.037794193,-1.122746694,6.04019,3.249816418,-8.647027923,0.847539861,178.5207783,-662.6882704,0.191716473,20.89878851,0.339765553,238.9811433,1.23385212,7.953371987,1.138189201,0.339765553,4.86875844,3.669978288,-0.085099039,1.430807839,0.0,0.0,4.52461607,0.222222222,0.770586424,39.75,1.548207355,0.281016064,0.202262278,65.888688
0,12.0,0,0.0,3.909142095,1.05405,4.049014084,0.2,3.775178415,3.403,14.11529917,-0.278630617,3.440401395,2.600371466,-0.401388307,-8.535471538,4.003680433,0.093390625,0.0,-4.554145135,0.937582768,-0.847595243,6.43969,3.249493089,-9.111335575,0.869136353,358.8026034,-1111.814152,0.215525997,18.14065061,0.335321108,237.4463166,1.280831949,7.844923313,1.159232297,0.335321108,4.876610729,4.542402669,-0.110936979,1.425120851,-4.554145135,0.0,4.227052929,0.234708048,0.799709626,41.0,1.545412368,-0.02295997,-2.460696908,68.872481
0,12.0,0,0.0,3.903326286,0.99676,4.046921869,0.2,3.734204868,3.57,14.06172743,-0.130110783,3.412594415,2.360249932,-0.488999426,-6.466267065,4.069926495,0.14093241,0.0,-0.941456094,1.029448653,-0.51209854,5.90109,3.24337119,-8.019111904,0.840655406,153.5457846,-1082.557065,0.179811711,18.14065061,0.311987775,235.7083737,1.257296611,7.782808172,1.168955157,0.311987775,4.90875844,3.359155489,-0.092043484,1.424790491,0.0,0.0,12.63981617,0.234708048,0.792807828,39.0,1.543818813,0.033765987,0.39329016,65.998481
0,12.0,0,0.0,3.850134287,1.00004,4.060915734,0.2,3.804695629,3.608,14.12381367,-0.352134396,3.412842707,2.350504714,-0.153855869,-10.0370685,3.755823433,0.047761476,0.0,-1.019927091,1.021687909,-0.563101889,5.90109,3.241276438,-6.321758106,0.92486537,153.5457846,-459.5249524,0.179811711,18.32311209,0.272659929,236.7891417,1.250408284,7.823090146,1.110658478,0.272659929,5.01366069,3.726295009,-0.113730268,1.424971406,0.0,0.0,12.63981617,0.234708048,0.795471761,39.0,1.549301037,0.099880639,3.072701938,65.998481
0,12.0,0,0.0,3.939931585,1.0302,4.062519474,0.2,3.839475442,3.69,14.20596578,-0.354915702,3.416674707,2.495983308,-0.153562569,-7.300980407,3.560518415,0.109435679,0.0,-0.835084842,1.040184648,-0.42729942,6.41539,3.245796372,-7.15011265,0.865356141,176.5060619,-326.6060533,0.179811711,18.32311209,0.257413015,239.1902236,1.24687254,7.763184517,1.086804524,0.257413015,4.78146788,3.188370858,-0.132553618,1.424846683,0.0,0.0,5.188369489,0.234708048,0.705893363,39.0,1.544475466,0.160326262,2.923787634,67.621481
0,13.0,1,0.0,3.996653267,1.09314,6.879516345,0.5,3.741698546,3.57,10.57870355,-0.049219796,3.565690093,3.102411649,-0.021495797,-6.386498681,2.587088018,0.23422409,1.022916685,-5.083333317,1.121602175,-2.756944439,7.82987,3.382144843,-2.546217993,0.561630745,767.1614819,1719.597561,0.209702256,0.794582782,0.0,211.8619505,1.493758618,7.487270439,0.936292149,1.022916685,5.275000175,2.494226266,-0.504979274,1.615679746,-5.083333317,2.0,16.05240227,0.468480722,0.303167294,48.0,1.810745864,0.120586729,-1.753156397,88.907204
0,11.0,0,0.0,3.774775453,0.96753,3.959304931,0.0,3.687210028,2.683,5.873807846,-0.049525137,3.601033586,1.871353111,0.104623739,-17.12074657,2.388444,0.003994561,0.0,0.786135127,1.018915753,0.786135127,5.74222,3.076199143,-4.423017863,0.931345904,313.3394822,1333.662706,0.088306189,7.630544625,0.0,194.6953318,1.429579981,7.309080695,0.73155256,0.478680184,5.078161067,2.298328028,-0.122862663,1.601708778,0.0,1.0,76.93782498,0.495234087,0.584161848,35.75,1.606282933,0.072155759,-4.749149541,69.378618
0,12.0,0,0.0,3.893536238,1.05146,4.057222713,0.2,3.768898846,3.365,14.13140276,-0.104525611,3.438981039,2.592199495,-0.323320171,-7.748251415,3.711632853,0.116217475,0.0,-4.481866273,0.942969907,-0.776313014,6.43969,3.258707645,-6.216892493,0.803596893,358.8026034,-132.2740392,0.215525997,18.14065061,0.28842296,240.1833777,1.267090249,7.934615926,1.058281128,0.28842296,5.052931068,3.668814885,-0.115354802,1.438563477,-4.481866273,0.0,4.227052929,0.234708048,0.914977231,41.0,1.557095282,-0.193747052,0.214776857,68.872481
12,2.0,0,3.808046893,3.816685845,1.30284,4.091307195,0.388067491,3.669432825,3.555,16.07958784,0.068281274,3.637204387,4.501266543,-0.127764224,-2.864398515,3.771181085,0.470580103,0.367862327,-1.078874778,0.82210765,-0.267844803,6.03458,3.397829873,-1.219102931,0.820099002,212.4976957,-2511.935329,0.543515706,17.38044923,0.276256839,188.8669247,1.483874804,7.65791674,1.373179832,0.367862327,5.336286231,2.936311973,-0.237354467,1.602933886,-1.717386184,0.0,34.31288536,0.764791369,0.773698629,41.0,1.862020105,-0.108637032,1.184592069,83.000376
0,8.0,0,0.0,3.813708028,1.41099,4.076969948,0.388067491,3.670044549,3.555,16.07958784,0.081064683,3.632862172,4.501266543,-0.158878411,-3.057232876,3.771181085,0.447295885,0.367862327,-1.078874778,0.838433664,-0.267844803,5.2006,3.397087927,-1.316818372,0.820099002,212.4976957,-2511.935329,0.543515706,17.38044923,0.276256839,188.8669247,1.476945482,7.65791674,1.373179832,0.367862327,5.336286231,2.936311973,-0.237354467,1.598529863,-1.717386184,0.0,34.31288536,0.764791369,0.773698629,36.5,1.835317672,-0.108637032,1.184592069,83.000376
12,2.0,0,3.779271947,3.826418063,1.41495,4.09217365,0.388067491,3.674527429,3.476,16.20267426,0.05435702,3.650333905,5.708373324,-0.113426863,-3.119402199,3.72322706,0.458474525,0.357658245,-1.110541444,0.813693204,-0.272169006,6.43679,3.475403618,-1.472053909,0.84021768,579.3833773,-2798.637826,0.543515706,17.38044923,0.260631839,194.5348877,1.602511702,7.64948547,1.308324548,0.357658245,5.38595679,2.890500007,-0.276416967,1.613099557,-1.662616809,0.0,49.38782243,0.738903021,0.718320091,42.0,1.868360444,-0.046356919,-1.825926953,89.187548
0,8.0,0,0.0,3.82285489,1.52257,4.078025782,0.388067491,3.674749478,3.476,16.20267426,0.066966454,3.650013185,5.708373324,-0.137048934,-3.351744377,3.72322706,0.432602453,0.357658245,-1.110541444,0.829547096,-0.272169006,5.8367,3.471420119,-1.56829497,0.84021768,579.3833773,-2798.637826,0.543515706,17.38044923,0.260631839,194.5348877,1.598448149,7.64948547,1.308324548,0.357658245,5.38595679,2.890500007,-0.276416967,1.609671343,-1.662616809,0.0,49.38782243,0.738903021,0.718320091,37.5,1.840746771,-0.046356919,-1.825926953,89.187548
0,10.0,0,0.0,3.960743861,1.42774,4.700403102,0.763680493,3.813630947,4.903,16.21850818,0.319473969,3.651396848,4.954945622,-0.123791204,0.861120481,3.701101625,1.221721069,0.0,-4.533873286,1.032429468,-0.284342094,5.4869,3.596463677,-0.711952966,0.854799327,-248.7247358,-2085.951921,0.543515706,16.60866738,0.270489825,182.4684425,1.578332279,7.65613005,1.21566917,0.270489825,5.518619814,2.802981901,-0.261385881,1.6504778,-1.780089653,0.0,462.9873928,0.764791369,0.779766481,43.0,1.835310498,-0.070178684,2.525057223,94.656341
0,10.0,0,0.0,3.960718444,1.31649,4.700305544,1.012909457,3.81069891,4.544,15.94062642,0.259184291,3.64663652,4.350888472,-0.453972296,0.728776718,4.163821247,1.217703467,0.0,-4.799303526,0.902038103,-0.381030261,5.0225,3.412357829,-1.451557724,0.716846853,-273.1023994,-2058.436724,0.543515706,14.94407146,0.292650446,189.80237,1.470831354,7.784681551,1.346602288,0.292650446,5.341373005,3.130182817,-0.211389961,1.565038826,-1.877292699,0.0,372.1543028,0.681458036,0.709141665,38.75,1.714243696,-0.199378219,-0.96093541,78.755204
0,8.0,1,0.0,3.808644571,1.23415,4.076289665,0.721124785,3.491855537,2.564,15.54451347,0.096125685,3.395864889,3.997277741,-0.289101729,-10.94522603,4.638573453,0.02928388,0.403290777,-1.150014575,0.783030915,-1.033113594,4.8655,3.184561679,-8.902956362,0.788437899,259.4533499,-2056.37568,0.541719876,14.94407146,0.317279108,186.2981913,1.372874417,7.862189145,1.838030899,0.403290777,5.056020968,3.386056963,-0.139688248,1.467178021,-1.859665778,0.0,-12.2213221,0.681458036,0.753097981,32.0,1.583277717,-0.150460188,1.376892286,64.005653
12,2.0,0,3.863181346,3.813351737,1.14507,4.091108758,0.166666667,3.492081346,3.161,15.70969204,0.091462628,3.416974329,4.067304302,-0.321126316,-12.56341682,3.892536074,0.019721068,0.0,-1.030847908,0.916967833,-0.258294466,5.12699,3.220765187,-7.064817727,0.762671674,368.8992051,-2211.446197,0.543515706,14.94407146,0.362307296,186.389017,1.411678226,7.705395892,1.573347971,0.362307296,5.124057377,3.079088348,-0.16942358,1.508776827,-1.621332445,0.0,25.20329053,0.681458036,0.762156057,37.25,1.649652711,-0.11359806,-4.082354658,68.064032
0,8.0,0,0.0,3.810595463,1.2619,4.076728644,0.166666667,3.494423155,3.161,15.70969204,0.104279467,3.415762348,4.067304302,-0.345774981,-15.87232965,3.892536074,0.007012205,0.0,-1.030847908,0.942143552,-0.258294466,4.5269,3.230807972,-7.134790682,0.762671674,368.8992051,-2211.446197,0.543515706,14.94407146,0.362307296,186.389017,1.41121113,7.705395892,1.573347971,0.362307296,5.124057377,3.079088348,-0.16942358,1.501392631,-1.621332445,0.0,25.20329053,0.681458036,0.762156057,32.75,1.646179404,-0.11359806,-4.082354658,68.064032
0,9.0,1,0.0,3.817595212,1.29734,4.077088383,0.932089182,3.731524524,3.109,16.01377747,-0.086540618,3.618703467,4.526145675,-0.158527927,-3.745115631,3.857486175,0.373231374,0.624806771,-1.144396254,0.737010935,-1.016342417,4.2593,3.388178278,-0.660883685,0.791605913,241.0394096,-2648.990898,0.563928121,17.38044923,0.293531288,190.6724751,1.468223049,7.794520579,1.440497688,0.624806771,5.352986659,3.233297968,-0.217788351,1.580925403,-1.848429137,0.0,14.45988124,1.009990889,0.797054207,39.0,1.835182587,-0.157645052,0.599480903,78.048411
12,2.0,0,3.736945844,3.822349462,1.28401,4.091423837,0.421716333,3.741517155,3.515,16.01421824,0.319272648,3.654293878,4.859254544,-0.39908753,-2.964135049,3.881420149,0.448827083,0.312031652,-1.090434706,0.814053106,-0.281003325,5.41059,3.395480247,-1.214613672,0.778956389,461.4010723,-2702.82941,0.543515706,16.60866738,0.281916848,189.3653551,1.480470341,7.714483342,1.425505579,0.312031652,5.345721093,2.973347603,-0.225184471,1.596438658,-2.511924394,0.0,26.07032541,1.088845313,0.812214835,40.5,1.862017605,-0.175590242,0.694766088,79.90679
0,8.0,0,0.0,3.81921065,1.3938,4.077115667,0.421716333,3.742148101,3.515,16.01421824,0.332410688,3.643189893,4.859254544,-0.428393653,-3.160439338,3.881420149,0.425635133,0.312031652,-1.090434706,0.83005473,-0.281003325,4.8105,3.394799565,-1.313591996,0.778956389,461.4010723,-2702.82941,0.543515706,16.60866738,0.281916848,189.3653551,1.473839545,7.714483342,1.425505579,0.312031652,5.345721093,2.973347603,-0.225184471,1.591859139,-2.511924394,0.0,26.07032541,1.088845313,0.812214835,36.0,1.835308206,-0.175590242,0.694766088,79.90679
18,3.0,1,3.545165147,3.845990009,1.10589,4.091510857,0.866025404,3.795394294,4.163,16.08712308,-0.063107634,3.65656838,4.341408663,-0.1361101,-8.88372927,4.009804404,0.108507898,0.652727333,-1.187350953,0.817823065,-1.166689896,6.08128,3.402901472,-1.894238061,0.799271743,240.4204661,-1953.130838,0.555300819,18.61984599,0.3778175,196.3456361,1.477990717,7.815193514,1.450757331,0.652727333,5.445294351,3.171583453,-0.221896885,1.592649032,-1.934338534,0.0,-9.202245899,0.764791369,0.813531128,50.75,1.861917428,-0.187793631,3.414814817,80.234825
0,12.0,1,0.0,3.828849076,1.23429,4.077158553,0.866025404,3.782829139,4.163,16.08712308,-0.020488274,3.644080654,4.341408663,-0.108725427,-12.07423093,4.009804404,0.048871654,0.652727333,-1.187350953,0.834614387,-1.166689896,6.51808,3.401481724,-1.612045691,0.799271743,240.4204661,-1953.130838,0.555300819,18.61984599,0.3778175,196.3456361,1.47145633,7.815193514,1.450757331,0.652727333,5.476063582,3.171583453,-0.221896885,1.58721301,-1.934338534,1.0,-9.202245899,0.764791369,0.813531128,44.25,1.834981086,-0.187793631,3.414814817,80.234825
18,3.0,1,3.820703653,3.878026218,1.15264,4.091602355,0.866025404,3.803822092,4.108,16.19582508,-0.247998756,3.657843467,4.552366156,-0.233613212,-13.34810266,3.989580036,0.041663923,0.601069169,-1.209338741,0.854276227,-1.117338044,7.22728,3.405572473,-2.47932523,0.801964475,371.6523747,-1503.726573,0.575740567,21.40213414,0.3578175,193.3531008,1.479406546,7.799637864,1.365444473,0.601069169,5.554073553,3.244062533,-0.239727463,1.596968496,-1.97831411,0.0,8.483615276,0.749499417,0.794630604,52.25,1.862012563,-0.051192826,5.088702354,85.457204
0,12.0,1,0.0,3.855107652,1.28809,4.0772654,0.866025404,3.798372406,4.108,16.19582508,-0.239829723,3.645556894,4.552366156,-0.175695876,-12.80361687,3.989580036,0.047430955,0.601069169,-1.209338741,0.841078723,-1.117338044,6.62719,3.404793598,-2.277639592,0.801964475,371.6523747,-1503.726573,0.575740567,21.40213414,0.3578175,193.3531008,1.472968478,7.799637864,1.365444473,0.601069169,5.554073553,3.244062533,-0.239727463,1.592268849,-1.97831411,0.0,8.483615276,0.749499417,0.794630604,45.25,1.835282977,-0.051192826,5.088702354,85.457204
18,3.0,1,1.688915386,3.884341701,1.12236,4.091582658,0.866025404,3.805507879,4.003,16.10045641,0.38398459,3.657918795,4.476861188,-0.079681662,-11.26298139,4.216138844,0.064115532,0.641477333,-1.414375081,0.742264991,-1.414375081,6.82538,3.406220083,-2.236815027,0.78772367,266.6609145,-2056.825387,0.572440383,21.12795831,0.3865675,197.4714855,1.478896596,7.848210795,1.438237526,0.641477333,5.445761165,3.254637795,-0.224830769,1.595606823,-2.059338534,0.0,-20.81842023,0.749499417,0.83119055,51.5,1.862008418,-0.284016672,3.704023656,81.451825
0,12.0,1,0.0,3.860819803,1.2629,4.077230272,0.866025404,3.801138731,4.003,16.10045641,0.416709403,3.645651581,4.476861188,-0.066068841,-10.64747329,4.216138844,0.074500853,0.641477333,-1.414375081,0.739756169,-1.414375081,6.85699,3.405597503,-2.259055301,0.78772367,266.6609145,-2056.825387,0.572440383,21.12795831,0.3865675,197.4714855,1.472389109,7.848210795,1.438237526,0.641477333,5.506367225,3.254637795,-0.224830769,1.590668823,-2.059338534,0.0,-20.81842023,0.749499417,0.83119055,44.5,1.83526746,-0.284016672,3.704023656,81.451825
0,8.0,0,0.0,3.811053302,1.37209,4.06997744,0.388067491,3.6700444,3.72,14.3954955,0.091688244,3.626591136,4.296892351,-0.158308332,-3.104761414,3.227074563,0.432088562,0.367862327,-0.869708111,0.858234034,-0.03127119,4.4565,3.386592164,-1.374100375,0.850810829,159.9386332,-2176.888466,0.500559224,14.1756518,0.266052757,183.7650407,1.473297389,7.58070481,1.376698975,0.367862327,5.390991486,2.603543148,-0.232252426,1.565794988,-1.361830628,1.0,49.95111869,0.78008332,0.781221074,36.25,1.820764154,-0.062108758,1.929317321,81.783376
18,3.0,1,1.701247667,3.88350689,1.12414,4.091630635,0.866025404,3.804333218,3.998,16.10123831,-0.205531255,3.657828886,4.4843603,-0.224194076,-11.51312024,4.145212186,0.060320811,0.635366222,-1.288078785,0.756081547,-1.288078785,6.82538,3.405569244,-2.296964128,0.812428946,266.6609145,-1608.515935,0.574478741,21.40213414,0.4090675,197.8393374,1.47940618,7.867845644,1.4039387,0.635366222,5.476064195,3.286604285,-0.224396885,1.596826431,-2.100420592,0.0,-20.81842023,0.749499417,0.785068641,51.5,1.862010445,0.175552328,3.646890226,81.451825
0,12.0,1,0.0,3.860014612,1.2654,4.077298535,0.866025404,3.799243528,3.998,16.10123831,-0.174708634,3.64554235,4.4843603,-0.183861511,-11.0595858,4.145212186,0.067376435,0.635366222,-1.288078785,0.756046358,-1.288078785,6.85699,3.404792827,-2.342319526,0.812428946,266.6609145,-1608.515935,0.574478741,21.40213414,0.4090675,197.8393374,1.472901874,7.867845644,1.4039387,0.635366222,5.506367225,3.286604285,-0.224396885,1.592212756,-2.100420592,0.0,-20.81842023,0.749499417,0.785068641,44.5,1.835276086,0.175552328,3.646890226,81.451825
18,3.0,1,4.624186578,3.847556339,1.13763,4.09151741,0.810760202,3.796063368,3.99,16.13331048,0.162177177,3.657863101,4.403016421,-0.546825805,-6.176347176,3.970050297,0.221700892,0.629958749,-1.159642619,0.734354752,-0.930811846,6.88068,3.409110452,-1.653429093,0.836419663,251.8302427,-2356.733176,0.543515706,18.15751815,0.32854206,194.5277973,1.493602877,7.755775196,1.466141697,0.629958749,5.35106558,3.084417967,-0.234346376,1.606140563,-1.878921867,0.0,0.636366369,0.764791369,0.804921163,50.75,1.862022986,-0.157191095,3.899990382,84.655204
0,12.0,1,0.0,3.830005122,1.26791,4.077165314,0.810760202,3.784343309,3.99,16.13331048,0.22610653,3.645594732,4.403016421,-0.51907833,-6.545720141,3.970050297,0.202600928,0.629958749,-1.159642619,0.759168926,-0.930811846,6.64679,3.408610448,-1.695845209,0.836419663,251.8302427,-2356.733176,0.543515706,18.15751815,0.32854206,194.5277973,1.488570037,7.755775196,1.466141697,0.629958749,5.419976993,3.084417967,-0.234346376,1.602653727,-1.878921867,0.0,0.636366369,0.764791369,0.804921163,44.25,1.835317814,-0.157191095,3.899990382,84.655204
12,3.0,1,3.658430475,3.816856465,1.28046,4.091307332,0.810760202,3.688749268,3.834,16.15810967,0.200195953,3.622245843,4.65022361,-0.592288956,-2.47909873,3.801617212,0.546261092,0.606592819,-1.118465423,0.912679251,-0.856089624,5.28008,3.400832249,-0.505115138,0.846427794,256.6589123,-2601.085178,0.543515706,16.67613469,0.278342887,183.9598386,1.509061659,7.698975188,1.381920497,0.606592819,5.459321271,2.87657219,-0.24735935,1.606922562,-1.796567475,0.0,41.49139632,0.764791369,0.80298724,45.0,1.862012032,-0.219548435,2.450175007,87.329169
0,9.0,1,0.0,3.813875237,1.38254,4.076970197,0.810760202,3.68923139,3.834,16.15810967,0.213125004,3.620581855,4.65022361,-0.618414878,-2.61306283,3.801617212,0.528700908,0.606592819,-1.118465423,0.928557249,-0.856089624,4.4461,3.400039071,-0.588195335,0.846427794,256.6589123,-2601.085178,0.543515706,16.67613469,0.278342887,183.9598386,1.505311853,7.698975188,1.381920497,0.606592819,5.459321271,2.87657219,-0.24735935,1.602990956,-1.796567475,0.0,41.49139632,0.764791369,0.80298724,40.5,1.835302253,-0.219548435,2.450175007,87.329169
12,3.0,0,3.684249296,3.821057047,1.21879,4.091403717,0.388067491,3.736017963,3.787,16.04155524,-0.022475281,3.632066019,4.659313492,-0.217276618,-3.320135463,3.78403767,0.417396004,0.0,-1.104396254,0.906467687,-0.290427873,4.72789,3.393063427,-0.655668607,0.79672379,386.0686061,-2809.761004,0.589159252,17.38044923,0.286586843,189.2375532,1.510073229,7.769746707,1.455189429,0.286586843,5.345721093,3.075862615,-0.224732796,1.595493693,-1.768429137,0.0,59.57697109,1.009990889,0.779926486,43.25,1.861972951,-0.118316939,0.700901508,80.339997
0,9.0,0,0.0,3.817941066,1.32505,4.077090159,0.388067491,3.736609788,3.787,16.04155524,-0.008566705,3.628529451,4.659313492,-0.241488951,-3.532358707,3.78403767,0.394724163,0.0,-1.104396254,0.926022694,-0.290427873,4.1278,3.392490209,-0.737059944,0.79672379,386.0686061,-2809.761004,0.589159252,17.38044923,0.286586843,189.2375532,1.507471209,7.769746707,1.455189429,0.286586843,5.345721093,3.075862615,-0.224732796,1.591333013,-1.768429137,0.0,59.57697109,1.009990889,0.779926486,38.75,1.835235732,-0.118316939,0.700901508,80.339997
12,4.0,0,3.116518103,3.984152444,1.18027,4.699233814,1.249024766,3.808131886,3.71,15.83464382,0.210050811,3.650021097,4.194862131,0.048159932,-0.761726481,4.069703772,0.804418086,0.0,-5.487287149,0.780550535,-0.696436639,4.40879,3.377812904,-3.171356555,0.753097028,-121.3359627,-2841.394401,0.543515706,14.94407146,0.380825814,194.3291286,1.435142281,8.139220695,1.553113092,0.380825814,5.200191142,3.278613412,-0.190642715,1.495108321,-2.028225449,0.0,372.1919733,0.681458036,0.774793661,41.25,1.613284646,-0.18892279,-1.779751238,72.568032
0,10.0,0,0.0,3.960612983,1.29169,4.699233315,1.249024766,3.805849575,3.71,15.83464382,0.225139938,3.639747451,4.194862131,0.039831688,-0.870097998,4.069703772,0.779892314,0.0,-5.487287149,0.796602628,-0.696436639,3.8087,3.37792207,-3.341182084,0.753097028,-121.3359627,-2841.394401,0.543515706,14.94407146,0.380825814,194.3291286,1.434213417,8.139220695,1.553113092,0.380825814,5.200191142,3.278613412,-0.190642715,1.488827102,-2.028225449,0.0,372.1919733,0.681458036,0.774793661,36.75,1.609114102,-0.18892279,-1.779751238,72.568032
12,3.0,1,3.633789148,3.817385606,1.30041,4.091311562,0.866025404,3.710556726,3.614,16.12743191,0.100966946,3.653458661,4.720827389,-0.056809033,-2.245052623,3.805412874,0.570487993,0.53550511,-1.122318304,0.746110023,-0.785301007,6.37448,3.407028147,-1.101018938,0.815747194,274.4801671,-2243.426592,0.56986802,18.61984599,0.278444955,187.3173142,1.48896327,7.679776326,1.35358095,0.53550511,5.398955904,2.891704179,-0.24404209,1.608243963,-1.804273236,0.0,25.12085666,0.764791369,0.809109246,43.75,1.862024769,-0.23615446,1.586668355,85.562376
12,3.0,1,3.633789148,3.817385606,1.30041,4.091311562,0.866025404,3.710556726,3.614,16.12743191,0.100966946,3.653458661,4.720827389,-0.056809033,-2.245052623,3.805412874,0.570487993,0.53550511,-1.122318304,0.746110023,-0.785301007,6.37448,3.407028147,-1.101018938,0.815747194,274.4801671,-2243.426592,0.56986802,18.61984599,0.278444955,187.3173142,1.48896327,7.679776326,1.35358095,0.53550511,5.398955904,2.891704179,-0.24404209,1.608243963,-1.804273236,0.0,25.12085666,0.764791369,0.809109246,43.75,1.862024769,-0.23615446,1.586668355,85.562376
0,9.0,1,0.0,3.814390258,1.40467,4.076975733,0.866025404,3.710987105,3.614,16.12743191,0.113725447,3.643048711,4.720827389,-0.073938788,-2.399366587,3.805412874,0.548898549,0.53550511,-1.122318304,0.758365894,-0.785301007,5.5405,3.40605173,-1.190771587,0.815747194,274.4801671,-2243.426592,0.56986802,18.61984599,0.278444955,187.3173142,1.481976969,7.679776326,1.35358095,0.53550511,5.398955904,2.891704179,-0.24404209,1.604037856,-1.804273236,0.0,25.12085666,0.764791369,0.809109246,39.25,1.835329123,-0.23615446,1.586668355,85.562376
12,4.0,0,3.575053571,3.984245745,1.26234,4.713832195,0.932089182,3.814558456,4.655,16.08792883,0.072253636,3.659328048,4.774023327,0.023259365,0.153993915,3.825137821,1.040275539,0.0,-4.646436102,0.850398187,-0.310093809,6.38908,3.423386977,-1.644873767,0.739648996,-194.4219307,-2486.559528,0.543515706,16.60866738,0.280140371,191.2610928,1.478048091,7.700059833,1.28593728,0.280140371,5.304034964,3.145393908,-0.238679268,1.592572986,-1.827466202,0.0,396.4827421,0.753626819,0.725395459,44.75,1.861956553,-0.134182184,1.293778953,83.60879
0,10.0,0,0.0,3.960730729,1.3676,4.713832192,0.932089182,3.811708184,4.655,16.08792883,0.08521574,3.646980781,4.774023327,-0.02591284,0.074142436,3.825137821,1.019192738,0.0,-4.646436102,0.869271629,-0.310093809,5.5551,3.422187425,-1.751181551,0.739648996,-194.4219307,-2486.559528,0.543515706,16.60866738,0.280140371,191.2610928,1.471548694,7.700059833,1.28593728,0.280140371,5.304034964,3.145393908,-0.238679268,1.587932345,-1.827466202,0.0,396.4827421,0.753626819,0.725395459,40.25,1.835228473,-0.134182184,1.293778953,83.60879
12,3.0,1,3.503390595,3.814244162,1.20328,4.091186043,0.932089182,3.557996816,3.542,15.93592639,0.050159085,3.479240539,4.09568895,-0.057605051,-2.567965031,3.888953441,0.49955149,0.631751216,-1.136111343,0.757202208,-0.920277602,5.59588,3.377670319,-0.576861479,0.795210943,291.9210318,-2394.370821,0.543515706,15.20500987,0.300223962,187.7862406,1.481393248,7.733335274,1.443685407,0.631751216,5.414525121,3.263676595,-0.207356252,1.592969211,-1.831859314,0.0,-1.638213235,0.681458036,0.797482522,41.75,1.798454237,-0.166342106,-1.63225472,77.615204
0,9.0,1,0.0,3.811419518,1.31108,4.076821777,0.932089182,3.559081094,3.542,15.93592639,0.063021289,3.478757327,4.09568895,-0.100716297,-2.744552021,3.888953441,0.476269782,0.631751216,-1.136111343,0.769581882,-0.920277602,4.7619,3.377756408,-0.657149952,0.795210943,291.9210318,-2394.370821,0.543515706,15.20500987,0.300223962,187.7862406,1.474734856,7.733335274,1.443685407,0.631751216,5.414525121,3.263676595,-0.207356252,1.588641563,-1.831859314,0.0,-1.638213235,0.681458036,0.797482522,37.25,1.797165286,-0.166342106,-1.63225472,77.615204
12,3.0,1,3.68423761,3.815360296,1.31641,4.09121295,0.810760202,3.713960081,3.614,16.13632485,0.082731935,3.657716769,4.842917643,-0.637269181,-1.60710695,3.748167323,0.675719449,0.540620597,-1.109838565,0.762691169,-0.744978513,6.62208,3.418699031,-0.899553724,0.813870056,257.3369003,-2187.854816,0.56986802,17.65441014,0.276251263,184.7412394,1.521818491,7.662334394,1.385418123,0.540620597,5.46202169,3.038013846,-0.246390061,1.639524364,-1.779313759,0.0,32.82159443,0.764791369,0.791428793,44.25,1.862036963,-0.1740407,-0.499848718,88.655962
0,9.0,1,0.0,3.812481296,1.41896,4.076855434,0.810760202,3.714154235,3.614,16.13632485,0.095604876,3.645902152,4.842917643,-0.6494617,-1.72947414,3.748167323,0.65585014,0.540620597,-1.109838565,0.77539165,-0.744978513,5.7881,3.417543586,-0.980575237,0.813870056,257.3369003,-2187.854816,0.56986802,17.65441014,0.276251263,184.7412394,1.516549335,7.662334394,1.385418123,0.540620597,5.46202169,3.038013846,-0.246390061,1.636327242,-1.779313759,0.0,32.82159443,0.764791369,0.791428793,39.75,1.835365451,-0.1740407,-0.499848718,88.655962
18,3.0,1,4.435756376,3.848017562,1.14183,4.091260748,0.810760202,3.807937928,3.944,16.11163034,0.07371825,3.659154206,4.465271895,-0.636613958,-5.523157886,3.892144806,0.259990112,0.626592819,-1.147945299,0.779622193,-1.015256291,6.02448,3.417744286,-1.618414006,0.803995026,214.6255142,-1896.751708,0.558730222,17.65441014,0.290764283,192.52701,1.49541115,7.708257362,1.431173565,0.626592819,5.419976993,3.17557637,-0.232435299,1.622195932,-1.855527225,0.0,0.636366369,0.764791369,0.79995317,50.25,1.862033127,-0.139289256,-0.031526883,84.655204
0,12.0,1,0.0,3.826650808,1.2629,4.07690046,0.810760202,3.799736836,3.944,16.11163034,0.062599857,3.646745604,4.465271895,-0.655202994,-5.776339165,3.892144806,0.24442098,0.626592819,-1.147945299,0.788723889,-1.015256291,5.456,3.416688153,-1.64788345,0.803995026,214.6255142,-1896.751708,0.558730222,17.65441014,0.290764283,192.52701,1.488512397,7.708257362,1.431173565,0.626592819,5.477948007,3.17557637,-0.232435299,1.617921499,-1.855527225,0.0,0.636366369,0.764791369,0.79995317,44.25,1.83534774,-0.139289256,-0.031526883,84.655204
0,10.0,2,0.0,3.812851026,1.25413,4.076880428,0.166666667,3.683261472,4.038,15.9824707,-0.001992366,3.489314378,4.152378858,-0.586376488,-6.162929884,4.014579659,0.189066452,0.0,-1.117186958,0.965458943,-0.306446927,3.2489,3.373163874,-1.108965547,0.776325186,230.0843808,-1928.490055,0.543515706,16.03494446,0.73011635,192.1290857,1.440557965,7.8324064,1.470386214,0.73011635,5.348609878,3.107184499,-0.202099837,1.518999915,-1.794010544,3.0,39.48819898,0.783520108,0.777807507,39.25,1.662990501,-0.065422196,-1.187991459,74.224032
18,3.0,1,3.745493573,3.85616754,1.12112,4.091540115,0.932089182,3.799067973,3.99,16.10914356,0.031469017,3.657638113,4.383059683,-0.027692168,-10.1275051,4.015195914,0.079509698,0.58744566,-1.189833353,0.741986883,-1.099120195,6.68628,3.403537517,-2.323959904,0.81919061,229.7092873,-2271.843672,0.558730222,19.40258486,0.352723962,195.9339345,1.47901694,7.778038045,1.451398311,0.58744566,5.476064195,3.387584654,-0.228473724,1.596504593,-1.939303333,0.0,-8.154109966,0.764791369,0.801669644,50.25,1.862015451,-0.136055471,3.633952709,81.561618
0,12.0,1,0.0,3.836149989,1.25242,4.07718859,0.932089182,3.789995104,3.99,16.10914356,0.061827235,3.645363921,4.383059683,-0.027399714,-10.29483472,4.015195914,0.076252225,0.58744566,-1.189833353,0.749741845,-1.099120195,6.71789,3.402741553,-2.260457784,0.81919061,229.7092873,-2271.843672,0.558730222,19.40258486,0.352723962,195.9339345,1.472546571,7.778038045,1.451398311,0.58744566,5.476064195,3.387584654,-0.228473724,1.591763052,-1.939303333,0.0,-8.154109966,0.764791369,0.801669644,43.75,1.835291081,-0.136055471,3.633952709,81.561618
0,9.0,0,0.0,3.817194003,1.26043,4.07730298,0.396850263,3.594492283,3.88,15.82470377,0.178287617,3.436972587,4.511964575,-0.327057063,-4.484003775,3.900314057,0.277719426,0.0,-1.195075043,0.955901914,-0.322773633,3.2051,3.248192714,-2.865756382,0.726283362,534.990315,-1993.48459,0.589159252,15.66227257,0.369533376,184.7561924,1.464730857,7.853905308,1.473134877,0.369533376,5.315061012,3.309670782,-0.190276597,1.570295465,-2.014031802,0.0,32.68337824,0.665238472,0.75396109,36.75,1.646130909,-0.157200227,-4.131165869,72.392825
12,3.0,1,3.54701041,3.822610406,1.22888,4.09141655,0.932089182,3.748213799,3.614,16.02044413,0.027985946,3.654595444,4.645912432,-0.007818172,-2.512379049,3.84739369,0.516256068,0.569251216,-1.133979587,0.74583269,-0.84967575,5.59428,3.396738817,-0.975952249,0.799357563,227.8961748,-2656.152758,0.56986802,19.40258486,0.288531288,190.7630893,1.477252469,7.744889562,1.429235878,0.569251216,5.354852074,3.198635143,-0.222788351,1.593000384,-1.827595803,0.0,8.347257705,1.009990889,0.799067559,42.75,1.862015906,-0.163827741,0.934104334,79.375204
0,9.0,1,0.0,3.819495508,1.33528,4.077106685,0.932089182,3.74878007,3.614,16.02044413,0.040907849,3.643407268,4.645912432,-0.05445071,-2.684599731,3.84739369,0.493380986,0.569251216,-1.133979587,0.758012078,-0.84967575,4.7603,3.396017054,-1.065880712,0.799357563,227.8961748,-2656.152758,0.56986802,19.40258486,0.288531288,190.7630893,1.470789583,7.744889562,1.429235878,0.569251216,5.354852074,3.198635143,-0.222788351,1.588267268,-1.827595803,0.0,8.347257705,1.009990889,0.799067559,38.25,1.835303326,-0.163827741,0.934104334,79.375204
0,8.0,0,0.0,3.809164649,1.3063,4.076475489,0.166666667,3.617805945,3.827,16.05740311,0.230333714,3.51873593,4.3854556,-0.474545946,-2.749487724,3.896556041,0.49411013,0.0,-1.143547691,1.269003044,-0.287494772,3.0756,3.353104298,-0.418467859,0.783684547,7.519608696,-2478.15882,0.543515706,14.94407146,0.301247523,182.6422256,1.514169263,7.876508978,1.489865953,0.301247523,5.414997303,3.176603533,-0.211449073,1.646145873,-1.89173201,0.0,94.91201647,0.783520108,0.753562993,38.5,1.815613162,-0.084926483,-2.08685491,82.475583
0,8.0,0,0.0,3.792085146,1.34203,4.070925805,0.388067491,3.665129776,3.405,15.77580776,0.162277427,3.558229533,4.570987655,-0.195949403,-2.846105562,4.104402534,0.443448761,0.387668375,-1.148735889,0.842368428,-0.305029469,4.2763,3.231345203,-1.405185113,0.832170841,491.4825504,-3528.662003,0.707515811,17.38044923,0.314238698,186.2920682,1.372874417,7.704949244,1.614203968,0.387668375,5.286648574,2.99641103,-0.142399818,1.598517147,-1.966066739,0.0,6.361181092,0.710920818,0.812381895,34.5,1.75353337,-0.179933936,3.80939538,75.053204
12,2.0,0,3.826198637,3.813597961,1.34556,4.090478907,0.388067491,3.668998041,3.555,16.15983476,0.069689606,3.635854736,4.501266543,-0.150539914,-2.947981292,3.679492455,0.469591252,0.361945167,-1.088874778,0.825902124,-0.265240637,6.42468,3.421152163,-1.242869604,0.81770479,216.0412087,-2725.717577,0.543515706,17.38044923,0.266052757,189.315123,1.602893645,7.648897448,1.340940932,0.361945167,5.275374045,2.92041471,-0.262864671,1.80582548,-1.743011184,0.0,42.07379661,0.676403021,0.748268805,41.5,1.840961226,-0.078654193,0.86267162,86.093962
12,2.0,0,3.826198637,3.813597961,1.34556,4.090478907,0.388067491,3.668998041,3.555,16.15983476,0.069689606,3.635854736,4.501266543,-0.150539914,-2.947981292,3.679492455,0.469591252,0.361945167,-1.088874778,0.825902124,-0.265240637,6.42468,3.421152163,-1.242869604,0.81770479,216.0412087,-2725.717577,0.543515706,17.38044923,0.266052757,189.315123,1.602893645,7.648897448,1.340940932,0.361945167,5.275374045,2.92041471,-0.262864671,1.80582548,-1.743011184,0.0,42.07379661,0.676403021,0.748268805,41.5,1.840961226,-0.078654193,0.86267162,86.093962
0,8.0,0,0.0,3.810867264,1.4532,4.076003701,0.388067491,3.66964985,3.555,16.15983476,0.08151942,3.631255751,4.501266543,-0.188115927,-3.143546617,3.679492455,0.446624271,0.361945167,-1.088874778,0.842270911,-0.265240637,5.5907,3.419841253,-1.338353473,0.81770479,216.0412087,-2725.717577,0.543515706,17.38044923,0.266052757,189.315123,1.598521438,7.648897448,1.340940932,0.361945167,5.275374045,2.92041471,-0.262864671,1.794461959,-1.743011184,0.0,42.07379661,0.676403021,0.748268805,37.0,1.840961226,-0.078654193,0.86267162,86.093962
0,8.0,0,0.0,3.811484412,1.363,4.076620951,0.388067491,3.66932642,3.74,16.05489648,0.220903897,3.606362334,4.501266543,-0.243155776,-3.031224209,4.007413812,0.450367852,0.373779486,-1.158874778,0.947020938,-0.299094803,4.0469,3.330558147,-1.354698884,0.815123229,95.08496621,-2335.138588,0.543515706,17.38044923,0.296665002,189.575571,1.395508749,7.768132454,1.395524339,0.373779486,5.381580488,3.124305455,-0.216946304,1.598523389,-1.922386184,0.0,34.76269388,0.764791369,0.759894981,37.0,1.815655789,-0.131247603,1.256142189,80.70879
0,8.0,0,0.0,3.82447828,1.3766,4.078337823,0.166666667,3.626541047,3.579,16.08518089,0.017996381,3.524707563,4.724145414,-0.199886205,-2.974592741,4.011608933,0.484077421,0.0,-2.860037869,1.157814276,-0.408717122,4.4745,3.43059337,-0.510347615,0.767573769,280.6265886,-2213.2043,0.543515706,14.94407146,0.31208936,187.1808558,1.517846956,8.022086739,1.415618208,0.31208936,5.447702779,3.939053886,-0.224044736,1.646602213,-5.436144879,0.0,66.20759557,0.75763176,0.730201577,39.5,1.830895447,-0.064074547,-2.329563502,84.547583
0,8.0,0,0.0,3.811484412,1.363,4.076620951,0.388067491,3.66932642,3.74,16.05489648,0.220903897,3.606362334,4.501266543,-0.243155776,-3.031224209,4.007413812,0.450367852,0.373779486,-1.158874778,0.947020938,-0.299094803,4.0469,3.330558147,-1.354698884,0.815123229,95.08496621,-2335.138588,0.543515706,17.38044923,0.296665002,189.575571,1.395508749,7.768132454,1.395524339,0.373779486,5.381580488,3.124305455,-0.216946304,1.598523389,-1.922386184,0.0,34.76269388,0.764791369,0.759894981,37.0,1.815655789,-0.131247603,1.256142189,80.70879
12,2.0,0,3.789895149,3.821788819,1.26232,4.093097212,0.388067491,3.669988926,3.555,15.99934093,0.061287694,3.638656462,4.501266543,-0.105053774,-2.781318063,3.876125903,0.471560635,0.373779486,-1.068874778,0.818174871,-0.27044897,5.64448,3.372491288,-1.194259573,0.823994673,205.1082858,-2302.039563,0.543515706,17.38044923,0.28646092,188.3539267,1.602855963,7.66890531,1.414826111,0.373779486,5.379522026,2.95527377,-0.211844263,1.720455693,-1.691761184,0.0,26.07032541,0.827291369,0.790971885,40.5,1.724171079,-0.136716729,1.511417787,79.90679
12,2.0,0,3.789895149,3.821788819,1.26232,4.093097212,0.388067491,3.669988926,3.555,15.99934093,0.061287694,3.638656462,4.501266543,-0.105053774,-2.781318063,3.876125903,0.471560635,0.373779486,-1.068874778,0.818174871,-0.27044897,5.64448,3.372491288,-1.194259573,0.823994673,205.1082858,-2302.039563,0.543515706,17.38044923,0.28646092,188.3539267,1.602855963,7.66890531,1.414826111,0.373779486,5.379522026,2.95527377,-0.211844263,1.720455693,-1.691761184,0.0,26.07032541,0.827291369,0.790971885,40.5,1.724171079,-0.136716729,1.511417787,79.90679
0,8.0,0,0.0,3.818381693,1.371,4.079035516,0.388067491,3.670551655,3.555,15.99934093,0.075022095,3.634671625,4.501266543,-0.129701934,-2.973441959,3.876125903,0.447699531,0.373779486,-1.068874778,0.834453127,-0.27044897,4.8105,3.372252272,-1.293571856,0.823994673,205.1082858,-2302.039563,0.543515706,17.38044923,0.28646092,188.3539267,1.598513488,7.66890531,1.414826111,0.373779486,5.379522026,2.95527377,-0.211844263,1.714852846,-1.691761184,0.0,26.07032541,0.827291369,0.790971885,36.0,1.724171079,-0.136716729,1.511417787,79.90679
12,2.0,0,2.77122584,3.829741357,1.32749,4.092552035,0.388067491,3.676150411,3.492,16.08267426,-0.009210657,3.643803839,4.839956356,0.000423,-3.094026545,4.120900186,0.461392293,0.372964367,-2.869188959,0.817113709,-0.420317154,6.27978,3.423841906,-1.593325045,0.797163642,365.6088801,-2073.817097,0.543515706,17.38044923,0.307506839,193.956517,1.444667973,7.913086252,1.33100525,0.372964367,5.414997303,3.86747803,-0.229541967,1.60291898,-5.475950143,0.0,6.847326446,0.738903021,0.735881535,42.5,1.855828982,-0.116555133,1.020323686,82.78079
0,8.0,0,0.0,3.825983637,1.43283,4.078482055,0.388067491,3.676295916,3.492,16.08267426,0.008551266,3.642201595,4.839956356,0.029978849,-3.286471192,4.120900186,0.439719701,0.372964367,-2.869188959,0.830732403,-0.420317154,5.4458,3.42227308,-1.693517932,0.797163642,365.6088801,-2073.817097,0.543515706,17.38044923,0.307506839,193.956517,1.43626789,7.913086252,1.33100525,0.372964367,5.414997303,3.86747803,-0.229541967,1.598526733,-5.475950143,0.0,6.847326446,0.738903021,0.735881535,38.0,1.830899258,-0.116555133,1.020323686,82.78079
12,2.0,0,3.872763789,3.814359402,1.24804,4.091188323,0.166666667,3.617872375,3.642,16.08209447,0.077306218,3.522715721,4.3854556,-0.40291394,-2.615655739,3.669575966,0.511360244,0.0,-1.063547691,1.183516784,-0.256244772,5.06328,3.409627684,-0.321153455,0.789384408,122.0155341,-2659.324464,0.543515706,14.94407146,0.28083936,182.2031227,1.528886066,7.753152896,1.460062777,0.28083936,5.371178126,2.979777157,-0.231857236,1.649676331,-1.68673201,0.0,95.01017512,0.783520108,0.767085128,42.5,1.849774433,-0.067647613,-2.152256883,84.767169
0,8.0,0,0.0,3.811528368,1.35283,4.076824683,0.166666667,3.618204332,3.642,16.08209447,0.090514129,3.522604093,4.3854556,-0.402770329,-2.788287167,3.669575966,0.489218809,0.0,-1.063547691,1.210858112,-0.256244772,4.2293,3.408669061,-0.391213487,0.789384408,122.0155341,-2659.324464,0.543515706,14.94407146,0.28083936,182.2031227,1.523429899,7.753152896,1.460062777,0.28083936,5.371178126,2.979777157,-0.231857236,1.646928002,-1.68673201,0.0,95.01017512,0.783520108,0.767085128,38.0,1.83520804,-0.067647613,-2.152256883,84.767169
0,8.0,0,0.0,3.798473004,1.36342,4.074008916,0.166666667,3.616807853,3.492,15.98622255,0.053764882,3.515760544,4.583678905,-0.361138519,-2.708226994,3.661467519,0.490322807,0.0,-1.116047691,1.237901845,-0.279257102,4.0852,3.312782965,-0.429997972,0.77819907,407.0333438,-2416.841246,0.543515706,14.94407146,0.291043442,170.9787592,1.563026335,7.739329402,1.463587034,0.291043442,5.339750288,3.039134682,-0.206347032,1.646030747,-1.834718121,0.0,81.82806998,0.69513176,0.760357642,37.0,1.807797725,-0.040849711,-2.595553768,83.007169
0,8.0,0,0.0,3.809584037,1.40622,4.074302401,0.421716333,3.736855056,3.365,15.91834632,0.295658843,3.589289787,5.057477849,-0.386766735,-3.058829315,3.867362941,0.427553946,0.318976096,-1.142934706,0.847468109,-0.304015655,4.6664,3.263550601,-1.286159636,0.766688589,752.4177917,-2446.839071,0.543515706,16.60866738,0.292120929,177.4067131,1.563026335,7.699242539,1.427488505,0.318976096,5.313111354,3.032781519,-0.199674267,1.591844418,-2.667844389,0.0,13.95793416,1.000456965,0.801488464,35.0,1.807723736,-0.141018661,0.299163455,78.14679
0,8.0,0,0.0,3.82447828,1.3766,4.078337823,0.166666667,3.626541047,3.579,16.08518089,0.017996381,3.524707563,4.724145414,-0.199886205,-2.974592741,4.011608933,0.484077421,0.0,-2.860037869,1.157814276,-0.408717122,4.4745,3.43059337,-0.510347615,0.767573769,280.6265886,-2213.2043,0.543515706,14.94407146,0.31208936,187.1808558,1.517846956,8.022086739,1.415618208,0.31208936,5.447702779,3.939053886,-0.224044736,1.646602213,-5.436144879,0.0,66.20759557,0.75763176,0.730201577,39.5,1.830895447,-0.064074547,-2.329563502,84.547583
18,1.0,0,6.055572468,3.8662534,1.22445,4.010034976,0.125,3.663771666,3.23,13.93945452,-0.151175228,3.638049184,3.818900239,-0.000303,-2.374772702,2.582555367,0.552283833,0.093150013,-1.132782792,1.033833771,-0.342068325,7.01739,3.377460098,-5.179620961,0.931531511,599.0017865,856.1793456,0.441368591,16.59657944,0.0,164.6779321,1.566817413,7.58319954,0.981481788,0.093150013,5.350821281,2.359835466,-0.302001353,1.737115016,-1.132782792,0.0,117.2797377,0.350916477,0.796527743,46.25,1.869034832,0.025680224,-2.687082686,89.796341
12,1.0,0,6.049428104,3.765790445,1.37072,4.00992355,0.125,3.600659543,3.049,13.89370613,-0.153979513,3.545051572,4.199134293,0.004953916,-0.954149681,2.256794755,0.782975585,0.02106668,-0.686671681,1.13231364,0.169756627,6.48929,3.361427855,-3.875303595,0.856596761,464.9779899,1156.135014,0.535780038,15.63978556,0.0,151.350389,1.558415961,7.540126061,0.956985324,0.02106668,5.314917287,2.130504115,-0.308135953,1.736875812,-0.686671681,0.0,164.6205422,0.369645216,0.790582791,39.5,1.860167884,-0.019318899,-1.061436874,91.615306
12,1.0,0,6.076209814,3.731956451,1.36255,4.009883152,0.125,3.547987986,2.753,13.80161064,-0.05609483,3.46586116,3.595186314,0.075185078,-0.634073016,2.344432299,0.842508873,0.095788902,-0.62493557,1.054071159,0.175824875,6.7521,3.346869251,-3.34561423,0.893409146,651.2741531,1124.99035,0.377733669,14.61373392,0.0,156.1904476,1.614847343,7.470534667,0.948947264,0.095788902,5.369927109,2.104505376,-0.301561197,1.737071443,-0.62493557,0.0,126.1914229,0.267583143,0.792548952,37.5,1.828384242,-0.035037402,-0.667234869,89.053306
12,1.0,0,6.044613479,3.718549601,1.27425,4.009860095,0.125,3.525543918,2.753,13.66026104,-0.042567437,3.406950048,3.489819017,0.092546301,-1.012579268,2.456374314,0.742436873,0.22606668,-0.676532792,1.041830655,0.167042916,6.08259,3.293587698,-3.732795767,0.860005853,722.3938757,679.935895,0.438915339,14.61373392,0.0,163.3370795,1.484558451,7.547426773,0.991963962,0.22606668,5.075362481,2.291360261,-0.286097552,1.688062391,-0.676532792,0.0,114.0130856,0.267583143,0.768041703,36.0,1.73989805,-0.055010123,-2.089858988,79.772548
17,1.0,0,6.763326824,3.85909244,1.20879,4.010048467,0.125,3.651127827,3.079,13.8346242,0.056848206,3.599252358,3.743387575,0.125221587,-1.713412545,2.460011912,0.637055794,0.130094457,-0.947366126,1.08083649,0.14235413,6.47129,3.365942256,-4.560611595,0.896888596,547.2153136,1083.773074,0.441368591,15.63978556,0.0,163.8368917,1.488111757,7.57052461,0.959154731,0.130094457,5.384864852,2.267767166,-0.297063711,1.697124564,-0.947366126,0.0,140.503884,0.339751927,0.824919834,44.0,1.740301806,-0.096494869,-2.173737374,85.854548
12,1.0,0,6.049428104,3.765790445,1.37072,4.00992355,0.125,3.600659543,3.049,13.89370613,-0.153979513,3.545051572,4.199134293,0.004953916,-0.954149681,2.256794755,0.782975585,0.02106668,-0.686671681,1.13231364,0.169756627,6.48929,3.361427855,-3.875303595,0.856596761,464.9779899,1156.135014,0.535780038,15.63978556,0.0,151.350389,1.558415961,7.540126061,0.956985324,0.02106668,5.314917287,2.130504115,-0.308135953,1.736875812,-0.686671681,0.0,164.6205422,0.369645216,0.790582791,39.5,1.860167884,-0.019318899,-1.061436874,91.615306
12,2.0,0,6.013781741,3.72741375,1.26328,4.00983862,0.111111111,3.554273325,3.404,13.79280699,-0.090248512,3.427012391,2.936942764,-0.187242861,-1.712592783,2.432684614,0.629478919,0.0,-0.163888933,1.15548922,0.154276696,5.8218,3.330953152,-2.935788723,0.919062146,639.604058,1329.946689,0.248389673,15.63978556,0.0,155.7723006,1.570827337,7.507788658,0.937023322,0.0,5.145632283,2.135128802,-0.29568628,1.735709973,0.0,0.0,158.284638,0.267583143,0.842796595,39.75,1.772673867,-0.077089373,0.765252882,86.392927
12,1.0,0,6.067678167,3.730518414,1.33629,4.009882041,0.125,3.543695362,2.753,13.76275619,-0.044276338,3.447644428,3.595186314,0.084729986,-0.787083589,2.303571692,0.803615522,0.12356668,-0.62618557,1.052532557,0.173579696,6.362,3.331254278,-3.628326717,0.840931606,676.366115,1109.069849,0.377733669,14.61373392,0.0,154.1668939,1.554605858,7.507618846,0.95702274,0.12356668,5.329842809,2.164814424,-0.297116753,1.735815869,-0.62618557,0.0,122.4098526,0.267583143,0.813015629,37.0,1.793464661,-0.067414492,-1.367151825,85.95972
18,1.0,0,6.093005692,3.84731543,1.15946,4.009914675,0.125,3.661588003,3.27,13.81452301,-0.140922933,3.635071372,3.014243568,-0.037080044,-2.050016141,2.618197563,0.591173837,0.204261124,-0.707924503,1.055873115,-0.333943325,6.84329,3.36914423,-4.275723212,0.93338,324.5730464,879.4842717,0.227591327,19.12533935,0.0,173.0705734,1.511605129,7.585487626,0.98313828,0.204261124,5.320609615,2.387517147,-0.295056908,1.736960071,0.0,0.0,111.5514843,0.350916477,0.817149069,45.75,1.869034438,-0.014762478,-5.057880716,86.702755
12,1.0,0,6.071543256,3.734254415,1.4083,4.009884577,0.125,3.557214807,2.714,13.83771028,-0.062990946,3.504297834,3.883861449,0.06554231,-0.571445803,2.390672846,0.860380561,0.068011124,-0.644518903,1.048895757,0.174736721,7.49889,3.370378956,-3.134688374,0.943953905,746.0751836,1131.480539,0.377733669,14.97885352,0.0,158.0913617,1.643748364,7.438184638,0.942598068,0.068011124,5.283904443,2.05832996,-0.306005642,1.737820918,-0.644518903,0.0,129.7300034,0.267583143,0.773010491,38.0,1.865482924,-0.008479043,-0.000148,92.146892
12,1.0,0,6.062320501,3.735926932,1.38585,4.009887748,0.125,3.555775613,2.714,13.80574517,0.00817123,3.485386501,3.740462622,0.111531627,-0.735098612,2.242692044,0.819816044,0.08356668,-0.654542052,1.04878733,0.172303976,7.10879,3.351759551,-3.466173207,0.827801702,772.3401621,1425.057604,0.377733669,15.27788923,0.0,150.3980377,1.584366778,7.470267218,0.926596734,0.08356668,5.284422204,2.118076608,-0.302218793,1.736920481,-0.654542052,0.0,126.1914229,0.267583143,0.867599584,37.5,1.836473058,-0.097437099,-1.789399523,89.053306
0,10.0,0,0.0,3.869336906,1.09121,6.879516838,0.0,3.742506335,2.666,13.23314482,-0.010018761,3.485119066,2.392881922,-0.009931379,-7.014349842,2.808837449,0.089033611,0.0,-0.464211293,1.458622972,0.056518634,5.4117,3.109592489,-4.354304347,0.563716968,187.8894235,729.460654,0.145651522,10.32897669,0.0,195.0853631,1.285895296,7.357792748,1.175831023,0.0,4.498171939,2.568870954,-0.484494166,1.445469827,0.0,0.0,22.34700963,0.31408966,0.26996802,32.5,1.66453961,0.044345826,0.10643825,65.046653
0,10.0,0,0.0,3.790834433,0.96801,3.980531007,0.0,3.668740367,2.508,13.22686872,-0.013863574,3.481462171,2.073388756,-0.008891642,-6.493665966,2.8278738,0.106544221,0.0,-0.472067256,1.426283405,0.048662672,5.1935,3.102621774,-4.454296307,0.767649432,-2.034494688,769.1272427,0.145651522,10.32897669,0.0,192.8422461,1.294299821,7.428124351,1.030475288,0.0,4.498171939,2.598918363,-0.483715671,1.446500885,0.0,0.0,64.22459804,0.31408966,0.57770467,33.0,1.669675247,0.04228692,-0.58947897,63.306653
0,11.0,1,0.0,3.820185003,1.14881,3.984259844,0.814325285,3.728045765,2.834,13.97732774,-0.269504619,3.572547937,2.371588562,0.049277591,-8.579850964,3.522540217,0.092246408,0.413036305,-1.020193581,1.043802933,-1.020193581,5.9561,3.364286132,-4.652196453,0.82513968,127.4173077,1290.444765,0.160058455,16.34760227,0.0,199.8236097,1.440308489,7.589244386,0.850302426,0.413036305,5.010174939,3.187440811,-0.555445405,1.626991605,0.0,0.0,33.30934697,0.295360921,0.602622364,38.75,1.826324377,0.135704665,-1.019400335,75.841618
0,8.0,1,0.0,3.75739175,1.12223,3.986389496,1.195266057,3.458709717,2.679,13.35735175,-0.233662421,3.376214214,2.14946013,0.236523451,-11.95519272,3.094300199,0.01859125,0.388088979,-1.08176891,0.960579,-1.08176891,3.5666,3.169563378,-4.131329243,0.786065918,100.1391443,773.4663619,0.154307274,13.39702277,0.0,188.4342922,1.354773649,7.796494292,1.098844451,0.583971857,5.180381775,3.033750849,-0.440258181,1.441655954,0.0,0.0,-8.116507783,0.212027588,0.692733892,30.75,1.687751492,0.305874332,-2.754521504,63.526239
0,10.0,0,0.0,3.927997973,1.28567,4.13247593,0.142857143,3.723519543,3.921,13.98782781,-0.148092618,3.631569446,3.8705189,0.174246944,-4.039917363,2.357056403,0.345370976,0.0,-1.875682693,1.128050485,0.183715198,5.63259,3.322321323,-2.828512007,1.036599164,976.8662031,2917.954094,0.372887962,18.1317052,0.0,187.7341287,1.425122077,7.41178991,0.649308378,0.0,4.943289445,2.471860496,-0.306378011,1.639720046,0.0,1.0,190.001449,0.633276638,1.021252779,39.75,1.815132589,-0.035459115,-2.991589559,85.641376
0,9.0,0,0.0,3.927998161,1.29936,4.132550283,0.0,3.681331174,3.049,13.93610618,-0.154037295,3.571074713,3.531850083,0.243253455,-5.479426201,2.471218631,0.208972975,0.0,-1.807351743,1.153267878,0.287658459,5.41228,3.311721367,-4.457057662,1.021234882,937.4000758,2218.329751,0.293831021,19.085159,0.154821134,193.2166898,1.43370383,7.400644323,0.638921404,0.154821134,4.837451659,2.297532996,-0.305373139,1.585950347,0.0,1.0,169.248109,0.617984686,0.999191729,36.25,1.812576946,0.108965273,-17.11351532,79.98579
0,14.0,0,0.0,3.764147639,1.07017,6.879516232,0.2,3.731509969,3.616,14.1072664,-0.083577929,3.61707129,2.46583874,0.096319502,-2.886063422,3.183372288,0.467904823,0.0,-0.45636826,1.16670411,-0.135139243,5.35099,3.569886544,-3.044455631,0.655397922,45.65617482,439.1539399,0.188417019,14.99121223,0.212408017,199.7119956,1.491435212,7.525256954,0.94849303,0.212408017,5.274752623,3.070485049,-0.131627117,1.645017306,0.0,1.0,76.40030472,0.618465497,0.39926318,45.0,1.777392668,0.11354618,2.149710727,82.950997
0,10.0,0,0.0,3.927991481,1.10164,4.129257283,0.2,3.676222945,3.537,13.49277285,-0.184554238,3.515330826,2.948150397,0.297337633,-6.915191676,2.554751587,0.12300717,0.0,-1.852035227,1.036571423,-0.065374358,4.01819,3.260816285,-3.999958174,1.085286811,521.7254417,2900.018115,0.242352993,14.30644263,0.417938418,219.9699214,1.325184138,7.534847073,0.617243071,0.417938418,5.003998123,2.541017233,-0.255942198,1.413547976,0.0,1.0,110.0050857,0.643471272,0.927255408,37.0,1.734727665,0.184474348,-8.860400881,70.173446
0,9.0,0,0.0,3.927993964,1.22233,4.132388727,0.0,3.652119138,3.314,13.76092478,-0.062667596,3.523132132,3.45881584,0.209783652,-5.996722844,2.532614351,0.171402273,0.0,-1.772351979,1.364192846,0.304232534,5.07979,3.310187602,-3.541755102,1.145371968,801.7186992,2200.949784,0.293831021,16.15235131,0.0,213.2529416,1.403064184,7.377363943,0.704771417,0.0,4.820895302,2.39818666,-0.294354621,1.444391695,0.0,1.0,180.4171269,0.633276638,0.961704993,36.0,1.807624707,0.060218094,-10.14690317,76.892204
0,11.0,0,0.0,3.734260569,1.0745,6.879516232,0.2,3.694378894,3.212,13.72359849,-0.010858594,3.572143989,2.049807297,0.05227383,-2.295965007,3.411784195,0.498701793,0.0,-0.471852849,1.221680479,-0.222251394,4.76629,3.294598544,-1.782950229,0.693145287,339.1855127,639.6270791,0.134899756,13.02725676,0.0,197.1248894,1.47999924,7.475308966,0.963600433,0.0,5.200191142,3.056931932,-0.30681841,1.508102099,0.0,1.0,81.95753547,0.516403425,0.398373622,37.5,1.753269009,0.147762816,1.052152854,71.852618
0,11.0,0,0.0,3.734147347,1.10851,6.879516232,0.2,3.694323363,3.251,13.83097086,-0.003117573,3.571799019,1.938577776,0.110880508,-3.014610661,3.231616407,0.422605005,0.0,-0.460348088,1.249204688,-0.19651207,5.54809,3.427638541,-2.768075364,0.699208468,180.1178839,518.9972108,0.134899756,11.20973009,0.0,196.3326291,1.485447799,7.553854903,0.9915946,0.0,5.445294351,3.032019585,-0.325985076,1.583006414,0.0,1.0,94.84539183,0.516403425,0.411528958,38.5,1.776566002,0.122090469,-0.118190088,78.03979
0,10.0,0,0.0,3.927985465,1.05989,4.126489074,0.2,3.676217906,3.537,13.33388396,-0.135885317,3.51213601,3.024598254,0.254034573,-6.215866982,2.531459822,0.143351097,0.0,-1.829211153,1.034928911,-0.070370106,3.62809,3.234128339,-3.644918918,1.107362392,484.89623,2516.640713,0.271859109,14.30644263,0.424111257,225.8525936,1.314601629,7.671460469,0.656830582,0.424111257,4.916691882,2.612531154,-0.235108865,1.388355147,0.0,1.0,95.61840572,0.666483137,0.81820251,36.5,1.643431383,0.131851337,-5.323628937,67.07986
0,14.0,0,0.0,3.950725206,1.08726,6.879519448,0.2,3.73631472,3.875,14.05079985,-0.025529183,3.610998043,2.450811729,0.066592956,-2.169049345,3.369284089,0.556421292,0.0,-0.449315411,1.113708724,-0.135752905,6.81598,3.563077976,-2.200515621,0.516806473,46.70851011,859.0812856,0.140304497,14.27421574,0.297778387,217.0527666,1.481917836,7.585889971,0.8698395,0.297778387,5.381396764,3.165107465,-0.113238611,1.5491029,0.0,1.0,17.32935097,0.599736758,0.498053414,44.5,1.776103417,0.158472057,2.254501273,79.147032
0,10.0,0,0.0,3.927992989,1.13838,4.12983566,0.2,3.676225203,3.537,13.60870256,-0.165785931,3.517442782,2.924995155,0.267962203,-7.503159114,2.532997551,0.110050987,0.0,-1.869586667,1.038884897,-0.061677084,4.40829,3.301814232,-4.321127698,1.173306621,549.9002809,2297.992695,0.242352993,14.30644263,0.412938418,221.145407,1.360521408,7.514104967,0.639576551,0.412938418,5.086345004,2.559809497,-0.27124832,1.467770255,0.0,1.0,123.3499978,0.643471272,0.9049003,37.5,1.786085439,0.147996912,-6.479379914,73.267032
0,10.0,0,0.0,3.927995962,1.22863,4.132432301,0.142857143,3.690817734,3.785,13.8458525,-0.141516618,3.554836907,3.587248348,0.174134047,-5.647756003,2.47758515,0.208290589,0.0,-1.862251099,1.091549154,0.091122606,4.99649,3.314324945,-2.768225294,1.082618066,887.1241039,2950.396266,0.339474567,16.54892865,0.0,202.7763396,1.418722785,7.435083088,0.647640689,0.0,4.777114648,2.684517555,-0.293920736,1.540881054,0.0,1.0,169.2348857,0.633276638,0.973931906,38.75,1.807197474,-0.002661456,-10.81633149,79.454204
20,1.0,0,4.924028232,3.92352302,0.96345,4.180493325,0.0,3.651844959,2.633,11.57239838,-0.362368254,3.668173886,2.326375377,0.086767237,0.048933001,2.677416376,1.014938665,0.0,-0.617041867,0.867812652,0.232069247,6.15645,3.525103947,-2.879006801,0.798005491,415.1400608,-629.577557,0.122538743,16.66023319,0.0,214.0576834,1.465371632,7.596625692,1.03547398,0.626672948,5.017379486,2.59425632,-0.11073267,1.477718736,0.0,0.0,145.4955516,0.801586007,0.693850995,45.5,1.658751822,0.159772112,-2.961445944,69.293825
26,1.0,0,5.428695196,3.925857774,0.98051,4.176904986,0.0,3.816803861,3.557,11.74505906,-0.317628192,3.710850374,2.871558706,0.047339167,0.003035124,2.981009503,1.000759069,0.0,-0.676839113,0.888349124,0.143561698,6.68083,3.615625909,-5.497776538,0.796743045,541.7362839,-739.1623482,0.188261671,21.6434662,0.0,215.4720873,1.568839878,7.658507517,0.994583229,0.630175747,5.356988071,2.843481327,-0.159380748,1.678724376,0.0,0.0,137.2560861,0.693281021,0.717094046,58.75,1.719983845,0.110823746,-0.579994625,81.627411
20,1.0,0,4.795055154,3.912175359,1.13604,4.176516654,0.0,3.65174472,2.779,11.72897835,-0.302722018,3.660381505,3.077170353,0.065233684,0.360246336,2.578730778,1.099440778,0.0,-0.626153691,0.994996195,0.219157959,6.80915,3.559917632,-3.268072538,0.823702624,467.4858289,-995.9189994,0.210337896,19.17848617,0.0,200.3811739,1.558229539,7.568541885,0.995920562,0.611880707,5.255243246,2.506323613,-0.201950192,1.65974923,0.0,0.0,191.3396925,0.71200976,0.688683428,48.5,1.764555432,0.123796348,-4.029137927,82.470169
26,1.0,0,-0.944763576,3.946205787,1.02818,4.180859278,0.0,3.834780236,3.139,16.92450061,-0.378635212,3.708851184,3.068970023,0.19731566,-0.147762968,3.512466071,0.964601951,0.0,-2.656032715,0.93777515,-1.012971571,6.61145,3.614536459,-6.042897263,0.73595661,740.9892387,-887.1534715,0.238245226,20.57261536,0.0,222.5448786,1.551265768,8.018661286,1.007244381,0.65557813,5.263942983,3.621073388,-0.337161503,1.662329741,-2.656032715,0.0,105.4289329,0.671911858,0.817171295,57.75,1.719827834,-0.052591235,-0.01698828,79.104825
20,1.0,0,3.9260135,3.921498382,1.00568,4.179530316,0.0,3.652247119,3.136,11.65118511,-0.237048768,3.652888045,2.883614986,0.030270654,0.140434321,2.944504259,1.039780397,0.0,-0.664598409,1.19166891,0.15796696,4.20485,3.463563711,-3.379494545,0.783120089,501.2910989,-1257.461616,0.144803998,14.08919447,0.0,215.0472766,1.465368457,7.862184906,1.062670825,0.640658287,5.091135423,2.864821604,-0.218054389,1.607736279,-0.637606789,0.0,168.774443,0.932133609,0.685949814,48.5,1.719404333,0.13560459,-1.539833107,72.664618
20,1.0,0,4.185406801,3.91797293,1.19152,4.178048802,0.0,3.679102817,2.912,11.76560238,-0.385104574,3.680012615,3.645758507,0.105142033,0.245589115,2.53473633,1.064996559,0.0,-0.647710592,1.075987739,0.182840931,6.38475,3.585477803,-4.047305899,0.778500526,750.0895866,-1467.506627,0.312558657,16.01220638,0.0,191.1023985,1.62054965,7.656504274,1.026148074,0.617393824,5.103739456,2.532135194,-0.423054389,1.719515958,-0.557745678,0.0,200.3248876,0.67603926,0.758940876,49.5,1.724171079,0.085283363,0.69292236,84.236962
26,1.0,0,5.028739155,3.931963648,1.08262,4.178518446,0.0,3.804375521,3.123,11.82403124,-0.300116158,3.706825724,3.347823729,0.272244088,-0.428293262,2.797760531,0.903052501,0.0,-0.981557406,1.187929705,-0.003329719,6.57425,3.613006224,-6.35236057,0.830089731,814.170409,-919.6989339,0.241792387,18.07607485,0.0,201.6444467,1.561825656,7.730953856,0.984105692,0.723762999,5.465945933,2.706441408,-0.391464882,1.660408668,-0.981557406,0.0,184.3234592,0.68720381,0.758656883,57.75,1.701745857,0.101240721,4.453645717,87.225376
26,1.0,0,3.959986979,3.96604032,1.0823,4.180062333,0.0,3.894368573,3.103,15.77331669,-0.411990613,3.709397663,3.553556644,0.218582546,-0.498662482,3.031740588,0.888048285,0.0,-1.215801233,1.114226217,-0.268995517,6.80265,3.615819994,-7.228908494,0.860614821,859.4081003,-1286.474862,0.269350138,20.20262303,0.0,215.9831822,1.557358722,7.861344776,0.952594554,0.727089118,5.439787838,2.958309757,-0.372150753,1.650795954,-1.215801233,0.0,119.7935095,0.671911858,0.720444662,58.25,1.70045091,0.090082322,1.721165834,84.733204
26,1.0,0,-1.16573465,3.946096283,1.03004,4.180165889,0.0,3.834999387,2.874,16.92215493,-0.347848074,3.708009609,3.05007819,0.212413685,-0.100558545,3.522336656,0.975771856,0.0,-2.659312036,0.961497064,-1.014707108,6.61145,3.613676822,-6.189474501,0.731149567,735.6153804,-940.8671655,0.236193595,20.57261536,0.0,223.1721396,1.545138856,8.044584907,1.012060344,0.746270477,5.263942983,3.640392719,-0.335988664,1.648681204,-2.659312036,0.0,101.4529009,0.671911858,0.822785975,57.5,1.700627873,-0.060327675,0.528729015,79.104825
20,1.0,0,3.123118765,3.922549734,1.16426,4.178921396,0.0,3.67442203,2.495,17.02391419,-0.299975361,3.674891401,3.36586622,0.06459918,0.203259904,2.95994478,1.05494586,0.0,-1.545399999,0.995526857,-0.020214625,6.70785,3.560113892,-4.029237984,0.795787948,711.0747981,-1674.884322,0.298870319,16.01220638,0.0,210.901926,1.526247738,7.763317024,1.066226476,0.723096415,5.083465675,2.897982723,-0.414044219,1.617264555,-1.545399999,0.0,161.4193678,0.67603926,0.73392311,48.5,1.698732377,0.076640178,0.462101925,80.231583
26,1.0,0,0.909368089,3.933755752,1.00805,4.179469896,0.0,3.800979806,3.034,16.83882159,-0.290118938,3.698000591,2.900939736,0.072743949,0.164477161,3.427592145,1.041976396,0.0,-2.385585184,1.049914658,-0.767021923,6.32725,3.606155741,-4.971624298,0.750043903,702.962282,-1055.233363,0.214075075,18.07607485,0.0,220.5079321,1.544271985,8.007979489,1.037287993,0.743458264,5.322217428,3.483430667,-0.304738664,1.645038545,-2.385585184,0.0,114.8153184,0.68720381,0.782910055,56.75,1.700029054,0.015305626,-0.345202977,77.887825
26,1.0,0,2.545491667,3.931167838,1.04095,4.178500543,0.0,3.799786567,3.186,15.25788459,-0.27943958,3.698047953,3.180216493,0.127300933,0.153915115,3.115128356,1.038253809,0.0,-1.343918517,1.151305797,-0.499105256,6.00415,3.606221886,-5.530671241,0.819418214,771.9234449,-1079.654603,0.218885736,18.07607485,0.0,212.9559284,1.560301545,7.870376594,1.004584678,0.734326032,5.380051087,3.031006479,-0.312437105,1.652674491,-1.343918517,0.0,148.6217829,0.68720381,0.767246761,57.5,1.700344858,0.073457483,1.227259584,81.893204
26,1.0,0,4.856434689,3.942214635,1.0556,4.179840356,0.0,3.814305078,3.446,11.83390326,-0.27259499,3.700848077,3.181519478,0.115116989,-0.264968088,2.841191762,0.938861188,0.0,-0.965446295,1.191451349,-0.003050464,5.72325,3.60521326,-6.869384602,0.807797002,586.8581215,-1411.626201,0.191691197,18.07607485,0.0,209.6171845,1.581879613,7.833594345,1.022178731,0.726721579,5.480595359,2.813495349,-0.394937105,1.652926598,-0.965446295,0.0,183.3871713,0.746129375,0.765718214,58.25,1.699813151,0.090686717,2.917687974,84.564997
26,1.0,0,0.738305594,3.943214927,1.06329,4.179144438,0.0,3.834439588,3.026,15.34121792,-0.288493511,3.708013759,3.330154234,0.266709728,-0.300344659,3.269337753,0.930986378,0.0,-1.617645369,1.071516958,-0.746790441,6.28835,3.613871016,-7.011877218,0.835193487,807.1153652,-945.5116568,0.241303989,20.57261536,0.0,213.4399354,1.561108289,7.905913208,0.980751873,0.737138245,5.325502124,3.17711977,-0.323687105,1.657406704,-1.617645369,0.0,133.8306966,0.671911858,0.792990675,58.25,1.701189446,0.043767696,2.101307609,83.110204
20,1.0,0,3.098807484,3.918993975,1.19946,4.179039674,0.0,3.651938694,2.57,16.65746357,-0.338049995,3.659863459,4.602026586,0.042056423,0.123678275,3.055463504,1.033991506,0.0,-1.741773455,0.98333371,0.098151502,6.56375,3.519789002,-3.720528276,0.824846882,1229.954204,-1915.939469,0.944493852,14.08919447,0.0,212.2396125,1.4935364,7.742003806,1.083952864,0.631831127,4.958139495,2.939955313,-0.355217059,1.634906152,-2.451630938,0.0,151.3125833,0.603870477,0.671440494,47.75,1.719644156,0.13054773,1.418917164,78.471583
26,1.0,0,3.220311111,3.945275349,1.02291,4.180922435,0.0,3.815422677,3.294,17.48062715,-0.289515069,3.700827591,2.958542149,0.060557654,-0.062510113,3.231390389,0.984869268,0.0,-2.007112962,1.100596804,-0.069247738,6.04635,3.605157027,-6.098081325,0.776853421,511.2990664,-1388.730762,0.187819875,18.07607485,0.0,221.859224,1.578026829,7.959272121,1.052247617,0.73585381,5.427956541,3.211410183,-0.418488664,1.646905632,-2.007112962,0.0,146.2819502,0.746129375,0.752924528,57.5,1.699621254,0.07514372,1.32617898,80.559618
20,1.0,0,4.030151689,3.91991792,1.15132,4.178633727,0.0,3.658821491,3.097,11.76007813,-0.416422207,3.663854932,3.580746509,0.135477518,0.118184838,2.584339871,1.030767638,0.0,-0.660511709,1.166114073,0.164871538,5.23105,3.526814868,-4.088733611,0.74315365,664.589714,-1886.60824,0.310328784,16.01220638,0.0,191.3683644,1.500791317,7.73360177,1.048946162,0.624790519,5.300949056,2.68076301,-0.405554389,1.625352509,-0.625454011,0.0,200.4359083,0.67603926,0.741000768,50.0,1.719593997,0.1085019,2.45603798,81.945376
20,1.0,0,3.141111444,3.921955425,1.1175,4.179549156,0.0,3.661207704,2.945,16.94625986,-0.404958508,3.663009282,3.323753819,0.110409067,0.11962791,3.012862748,1.031981798,0.0,-1.667120678,1.071990667,0.098674264,5.55415,3.524528326,-3.837015301,0.770873398,616.1178647,-1646.723848,0.300921949,16.01220638,0.0,211.0455837,1.496750278,7.827929107,1.061015899,0.635963358,5.237585086,2.989904256,-0.375217059,1.625306312,-1.667120678,0.0,164.5971163,0.67603926,0.706766374,49.25,1.719593262,0.133524243,1.300545166,77.939997
26,1.0,0,0.959276669,3.943344256,1.06143,4.179847095,0.0,3.834224195,3.291,15.34253794,-0.319143887,3.708855233,3.349046067,0.227454035,-0.349411374,3.261952172,0.920173367,0.0,-1.614366048,1.054472616,-0.745054904,6.28835,3.614728813,-6.844483511,0.839011418,811.1584646,-897.3950712,0.24335562,20.57261536,0.0,212.9413507,1.569414613,7.884714148,0.97631302,0.64440529,5.325502124,3.162207793,-0.324859944,1.66962574,-1.614366048,0.0,137.8067286,0.671911858,0.788028137,58.5,1.719860106,0.048705899,1.562046753,83.110204
26,1.0,0,1.128603626,3.933942948,1.00616,4.180172131,0.0,3.800733698,3.299,16.84116727,-0.320940169,3.69833127,2.919831569,0.076798427,0.114833811,3.418073629,1.029124512,0.0,-2.382305863,1.030516358,-0.765286386,6.32725,3.606906531,-4.853309884,0.75494151,707.8358662,-1005.922164,0.216126705,18.07607485,0.0,219.8849004,1.550140573,7.98168333,1.032167667,0.652313667,5.322217428,3.464405801,-0.305911503,1.658377128,-2.382305863,0.0,118.7913504,0.68720381,0.777031829,57.0,1.719770528,0.021810495,-0.891234278,77.887825
26,1.0,0,4.295227619,3.962500674,1.00688,4.187470515,0.0,3.824146731,3.243,15.25503794,-0.40125061,3.707406591,3.215643952,0.096283027,0.023386801,2.866549089,1.005863826,0.0,-0.681697058,0.907533874,-0.216675275,6.66035,3.623121991,-5.266286033,0.74492889,471.5344967,-779.4439791,0.254155771,18.07607485,0.0,217.9081824,1.465758131,7.714749847,0.982172696,0.628795148,5.27870281,2.905698261,-0.183580011,1.643162193,-0.521194752,0.0,146.2115727,1.067595145,0.763195701,56.75,1.719752391,0.088605269,-0.171189418,81.084411
25,1.0,0,6.308665819,3.967863382,1.03248,4.18852701,0.0,3.825118155,3.155,11.76200532,-0.327380691,3.699352022,3.246387903,0.083432403,0.048219294,2.678862419,1.012440671,0.0,-0.644393456,0.897206361,0.192309022,6.58297,3.602744338,-4.314179276,0.730450543,694.9891188,-684.3210669,0.241592917,18.07607485,0.0,211.2812099,1.476678942,7.678815076,0.979059626,0.621520412,5.267435832,2.750560075,-0.184413344,1.609655188,-0.305430863,0.0,175.6200578,1.161038507,0.756351883,55.0,1.705366763,0.127744424,-4.790661953,80.236204
26,1.0,0,5.92890921,3.959955042,0.99549,4.191977176,0.0,3.799346542,3.192,11.79574065,-0.361521685,3.705666616,3.11095504,0.085243628,0.031596267,2.667555886,1.008134514,0.0,-0.580833626,0.930028495,0.328772308,6.09425,3.62043198,-4.341590282,0.791445822,386.842716,-988.574577,0.230529891,16.01220638,0.0,214.3018288,1.477698722,7.599973306,1.005661283,0.657648741,5.311655672,2.644898795,-0.20156187,1.647813532,-0.2240304,0.0,157.630522,1.016233769,0.720807981,55.5,1.775880233,0.127201073,-2.358344981,81.860997
26,1.0,0,3.108310636,3.923459163,0.98143,4.176154916,0.0,3.802771966,3.053,15.07517625,-0.313941518,3.706607745,2.586748164,0.155887695,0.186872125,3.165273491,1.047826513,0.0,-0.776029185,1.108796957,-0.376420071,6.19115,3.610863652,-4.916746257,0.84250109,457.3803182,-1209.333024,0.138599882,21.6434662,0.0,219.7575629,1.503041646,7.895712351,1.03256799,0.735193801,5.356988071,3.035745157,-0.232575993,1.63371743,0.0,0.0,139.7612396,0.693281021,0.718780411,56.5,1.699924412,0.154068459,2.841027444,80.126411
26,1.0,0,3.075769146,3.939073946,1.0061,4.180368765,0.0,3.822147868,3.55,17.17922283,-0.442879454,3.710968155,3.087352754,0.119258534,-0.17490935,3.384503203,0.958236352,0.0,-2.117444752,0.9511726,0.046304045,6.20493,3.616662745,-6.540670277,0.79375734,664.4825773,-1136.281469,0.2421174,18.07607485,0.0,219.818195,1.552537701,7.844375655,1.040285028,0.642521426,5.356988071,3.252910122,-0.391050392,1.66594519,-2.117444752,0.0,121.7151191,0.68720381,0.748860572,59.5,1.719877475,0.193039254,-0.588831757,81.517618
26,1.0,0,6.446897504,3.932742232,0.99816,4.177611276,0.0,3.820358642,3.393,11.77167193,-0.34098874,3.709994466,2.770263985,0.082127675,0.12909901,2.891750941,1.032801231,0.0,-0.657876232,1.077542302,0.167994483,5.97835,3.612299813,-5.131289961,0.813383921,355.6454343,-1232.191111,0.156487379,21.6434662,0.0,221.4091755,1.54945539,7.783143688,1.040357405,0.629916973,5.370479202,2.802010278,-0.364859944,1.646704963,0.0,0.0,171.5352701,0.761322403,0.692328507,56.5,1.719774635,0.129761521,0.568423087,81.996204
20,1.0,0,2.685120714,3.913436088,1.04992,4.177163796,0.0,3.651674308,2.569,16.02359011,-0.201612433,3.639008971,2.6026214,0.002615339,0.186282392,3.153452218,1.053107281,0.0,-1.854427776,1.160546635,-0.058265036,5.16405,3.377968695,-3.31518839,0.743950344,738.7110339,-858.0569473,0.156501479,14.08919447,0.0,204.2116549,1.447501421,7.920019793,1.044060481,0.73962534,5.179428138,3.201469347,-0.164044219,1.586015485,-1.854427776,0.0,139.5349826,0.603870477,0.768092099,47.5,1.694876823,0.051661104,-4.636989733,73.086411
20,1.0,0,3.789315279,3.912106009,1.08092,4.177099112,0.0,3.651460055,2.986,11.67663868,-0.272337667,3.640559533,2.959712446,0.032414167,0.152171884,2.812378437,1.041984988,0.0,-0.809481789,1.236321991,0.146821126,4.84095,3.388412982,-3.359347898,0.788150428,784.2789498,-1099.011962,0.161137995,14.08919447,0.0,199.6381076,1.465388944,7.78160643,1.023670118,0.636526056,5.155349638,2.745736826,-0.258054389,1.604105824,-0.809481789,0.0,177.8442772,0.603870477,0.73161293,48.5,1.719272166,0.10297069,-2.134410362,77.09179
20,1.0,0,2.900275035,3.913609162,1.04788,4.177892435,0.0,3.651467815,2.834,16.02593579,-0.232433241,3.639756252,2.621513233,0.007295645,0.136354035,3.145237933,1.038602564,0.0,-1.851148455,1.147680986,0.080623853,5.16405,3.375394177,-3.241063307,0.748738663,741.4591206,-826.7486402,0.158553109,14.08919447,0.0,203.6648891,1.465388605,7.893808019,1.038613854,0.647698895,5.179428138,3.183009469,-0.165217059,1.600852166,-1.851148455,0.0,143.5110146,0.603870477,0.762072591,47.75,1.719159011,0.055905915,-5.160360446,73.086411
26,1.0,0,4.77709674,3.926027288,0.96961,4.176923519,0.0,3.816923089,3.742,11.76738459,-0.394494659,3.710704975,2.678593367,0.107647696,0.003645465,3.118354536,1.000889533,0.0,-0.694593934,1.075619413,0.116008972,5.92373,3.614331532,-6.012467645,0.828375329,436.498976,-1238.192444,0.146522949,21.6434662,0.0,222.152455,1.50497809,7.803949464,1.038047621,0.637521426,5.388789679,2.952779599,-0.273748833,1.651109661,0.0,0.0,145.0118584,0.693281021,0.729835842,59.75,1.719799498,0.116073308,2.011376626,82.429411
26,1.0,0,4.711892724,3.936355604,1.03907,4.179393702,0.0,3.821374415,3.702,11.80954023,-0.472759006,3.710983169,3.368600028,0.149280205,-0.406671514,3.02943581,0.907713434,0.0,-1.075778085,1.069251472,0.112501319,5.88183,3.616900314,-7.458097113,0.816513732,726.2770059,-1190.382233,0.247667005,18.07607485,0.0,211.2854298,1.570621341,7.73294113,1.012352926,0.631348587,5.413625112,2.88476325,-0.384859944,1.674340057,-1.075778085,0.0,154.8975936,0.68720381,0.733315577,60.25,1.719929582,0.130487612,1.219914695,85.522997
26,1.0,0,3.979144629,3.923476318,0.99111,4.176869985,0.0,3.80240034,3.133,14.96982961,-0.386173698,3.707370204,2.798605336,0.071029818,0.090207178,2.930314771,1.02339962,0.0,-0.689392532,0.903471565,-0.267601201,6.94825,3.612650854,-4.464061254,0.761131617,567.2362775,-639.4802419,0.182390234,21.6434662,0.0,215.5213917,1.568084685,7.724680811,0.981956743,0.634967988,5.324549044,2.95553106,-0.136705011,1.675646577,0.0,0.0,136.123253,0.693281021,0.732075871,55.75,1.719930685,0.115101668,-0.032680244,79.324411
26,1.0,0,1.794736548,3.932138491,1.00232,4.177269878,0.0,3.830995491,3.146,14.99066294,-0.418292131,3.708819473,2.866911196,0.125330644,0.015955408,3.096094913,1.003996818,0.0,-0.730619192,0.879339321,-0.626397497,7.08735,3.613701113,-5.12552327,0.735027713,626.1111305,-434.0350017,0.190120174,24.53721596,0.0,218.0600652,1.567512265,7.828699137,0.958903677,0.643232451,5.263942983,3.20579561,-0.115871677,1.673183276,0.0,0.0,120.4045886,0.677989069,0.776174242,57.0,1.719891139,0.060206793,0.008549983,79.214618
26,1.0,0,3.759909092,3.923293489,0.99302,4.176136221,0.0,3.802599536,2.868,14.96850959,-0.356162588,3.706613629,2.779713503,0.069028876,0.141078672,2.937072248,1.036836259,0.0,-0.689392532,0.933976648,-0.269336738,6.94825,3.611800483,-4.574417249,0.756161801,564.0365322,-710.3558949,0.180338603,21.6434662,0.0,216.1110941,1.559279554,7.745112693,0.989835979,0.729326032,5.324549044,2.972064702,-0.133020203,1.663010899,0.0,0.0,132.147221,0.693281021,0.737881544,55.5,1.702159257,0.111444307,0.515062277,79.324411
0,8.0,1,0.0,3.776369677,1.05797,3.986419772,0.814325285,3.617209557,2.574,13.27249064,-0.123299444,3.515876182,1.913190524,0.125747101,-7.682954885,2.885717744,0.070701055,0.587251178,-1.00827354,0.995145637,-1.00827354,4.2057,3.212460009,-3.892405753,0.78761963,-43.49875024,247.0266876,0.125823579,12.70469421,0.0,196.5296475,1.37257479,7.690017392,1.193458623,0.587251178,4.99856294,2.803607145,-0.432888567,1.372874417,0.0,0.0,29.07221252,0.348110351,0.69584629,30.5,1.568508634,0.332485978,-0.203129371,61.390653
12,4.0,1,4.20003959,3.950278028,1.24444,4.725096669,1.830934239,3.782748022,3.839,14.04007163,-0.090144397,3.680487038,4.558679512,-0.074906299,1.162462143,3.281556664,1.369134732,0.524914636,-5.398778457,0.963781978,-1.11580775,5.8684,3.518850359,-7.298872188,0.819297316,514.4422248,1718.254541,0.883169589,15.92409933,0.0,199.5202408,1.384900109,7.686632248,0.93203304,0.524914636,5.035273503,3.002762982,-0.533482624,1.613446525,-0.821949858,0.0,419.2761792,0.382064264,0.748275511,42.0,1.744608416,0.188929474,-9.980487012,81.362583
0,10.0,1,0.0,3.929090278,1.33627,4.725096174,1.830934239,3.782284915,3.839,14.04007163,-0.073272056,3.677712607,4.558679512,0.005528106,1.159268815,3.281556664,1.367953594,0.524914636,-5.398778457,0.96628764,-1.11580775,5.8684,3.515876349,-8.229116636,0.819297316,514.4422248,1718.254541,0.883169589,15.92409933,0.0,199.5202408,1.388558203,7.686632248,0.93203304,0.524914636,5.094097032,3.002762982,-0.533482624,1.613336348,-0.821949858,0.0,419.2761792,0.382064264,0.748275511,38.0,1.739491968,0.188929474,-9.980487012,81.362583
0,14.0,0,0.0,3.817888069,0.94124,4.735157897,0.5,3.639178593,4.902,13.28927913,0.146094341,3.626565372,2.384297272,0.101954551,0.107415672,2.743146333,1.030287291,0.0,-5.510601468,1.357045442,0.385595554,6.24037,3.351851342,-13.61394713,0.997735855,515.2435085,802.5299087,0.22002933,12.66981565,0.301439739,192.7026864,1.440255282,7.729493804,0.92254646,0.301439739,5.004295456,2.566826956,-0.028220498,1.47123071,0.0,0.0,551.7103707,0.579945496,1.056785854,43.25,1.698373224,-0.231775657,4.010426649,75.726618
23,1.0,0,10.40931769,3.964289353,1.11313,4.125346459,0.0,3.74325359,3.484,14.55513507,9.1e-05,3.65930883,3.238416742,0.031318528,-4.406878818,2.930100425,0.341349468,0.0,-0.32757856,1.540791402,-0.107172374,8.58869,3.340747792,-2.695051561,0.832609837,965.9429835,-422.6868528,0.299655145,26.07241756,0.0,213.7732504,1.438213023,7.573988411,1.00237939,0.0,5.358362524,2.920539141,-0.342073652,1.741987874,0.0,0.0,161.0473377,0.621481844,0.813497668,53.0,1.801470215,0.014992575,-4.391436354,90.156962
23,1.0,0,6.452736497,3.952802963,0.93445,4.124678009,0.0,3.743876376,3.107,15.42289876,0.051907546,3.653192671,2.765170501,0.134689233,-5.450283136,3.342920698,0.210720271,0.0,-0.468040368,1.334217351,-0.315685538,8.75937,3.296002532,-10.43706766,0.82775105,578.1262397,897.0542503,0.282339011,22.81890464,0.0,217.5157989,1.419825566,7.585070128,0.917387472,0.0,5.100005146,3.235650291,-0.083428847,1.429063055,0.0,0.0,84.05682713,0.636773795,0.707390674,49.0,1.798910058,0.106700118,-1.287959811,72.010446
17,1.0,0,6.764618906,3.933469624,1.10697,4.090032841,0.0,3.586737763,2.507,15.45322442,0.072636625,3.499559244,3.075116565,0.164092731,-4.313776005,3.016782094,0.28118073,0.0,-0.389213129,1.284440547,-0.281098754,7.6161,3.2926136,-6.262222398,0.79270012,646.8757485,589.983105,0.32902101,23.9751583,0.0,202.9627653,1.392563226,7.649950776,0.921380272,0.0,5.089898095,2.910147816,-0.146096081,1.438182457,0.0,0.0,107.7172338,0.640210583,0.829534197,42.0,1.791659737,0.14955922,0.303998054,72.917618
23,1.0,0,9.364714657,3.945856229,0.97064,4.122239909,0.0,3.743253588,3.291,14.09781309,-0.086612156,3.639300884,2.794119474,0.224968613,-5.408277078,3.075181216,0.213264517,0.0,-0.33915148,1.329062869,-0.085838652,8.5579,3.295927545,-11.76584527,0.984889303,765.9586675,545.5480226,0.271628673,22.49975838,0.0,209.5412276,1.419826325,7.50286075,0.888517526,0.0,5.242398346,3.035325859,-0.100152203,1.427783757,0.0,0.0,104.965908,0.636773795,0.646690361,48.75,1.789066652,0.048081609,-0.516627916,73.887032
23,2.0,0,7.249430721,3.954319558,0.97833,4.138025015,0.458566063,3.749590837,3.68,14.19069945,-0.129579448,3.66019094,2.9418247,0.19603747,-5.893119005,3.135991332,0.212073834,0.509990501,-0.409541691,1.20915963,-0.212600274,5.73854,3.313504657,-6.223786415,0.942102168,552.1914432,930.641936,0.290608071,21.48822075,0.0,213.5538729,1.428989251,7.625239963,0.879862857,0.509990501,5.433364648,3.295187628,-0.106985277,1.552427263,0.0,0.0,79.178679,0.624287969,0.853479078,53.0,1.798912381,0.032770176,-1.61727168,78.584618
23,2.0,0,8.744215146,3.968397232,1.05818,4.139632775,0.142857143,3.749605267,3.586,14.38286372,-0.039847999,3.667610747,3.217285448,0.051601119,-5.381226042,3.045357736,0.260459862,0.0,-0.383339273,1.398685228,-0.173578926,5.45997,3.315046224,-4.430968403,0.91368622,842.694635,72.19175982,0.335837919,24.97192471,0.0,214.4791073,1.43807974,7.617905522,0.992726106,0.0,5.521721231,3.255416729,-0.144995481,1.590713918,0.0,0.0,140.1549246,0.608996017,0.960761365,54.25,1.801488548,-0.007885678,-1.306032325,84.77179
23,2.0,0,8.934186661,3.968393571,1.04568,4.13938334,0.142857143,3.749560336,3.401,14.28184134,0.04628143,3.667473955,3.244022818,0.113455287,-6.478284416,2.978489448,0.181806619,0.0,-0.351458736,1.292627209,-0.151021948,5.83347,3.312749749,-7.358373546,0.952969847,988.8520037,711.857678,0.335837919,24.97192471,0.0,212.9025645,1.437745743,7.536830854,0.873305422,0.0,5.430313437,3.258151314,-0.129409061,1.590466909,0.0,0.0,123.083941,0.608996017,0.987855591,52.75,1.801490155,-0.074746341,-2.042813084,80.876204
23,3.0,0,8.426101357,3.972273753,1.05647,4.140786365,0.312822796,3.796161755,4.288,14.35088653,-0.135665196,3.696805987,3.4897838,-0.152681383,-7.767977029,3.19800332,0.150374182,0.0,-0.441176601,1.212296588,-0.230770415,5.76366,3.315669915,-16.21761176,0.767632344,1141.46728,-214.9817277,0.360566678,29.22731992,0.45460197,212.3408084,1.443342647,7.66786049,0.925105149,0.45460197,5.539508552,3.406660693,-0.140054069,1.551888676,0.0,0.0,108.7666264,0.593704066,0.995671454,56.5,1.805260133,-0.040737997,-2.668841148,85.204997
23,2.0,0,9.595932186,3.970735871,1.05961,4.139906328,0.142857143,3.776087695,3.627,14.29662183,-0.02691593,3.689471832,3.409368981,0.089702571,-7.045520514,3.097203851,0.16422075,0.0,-0.380465439,1.234502328,-0.177507812,5.52326,3.312129176,-12.10712634,0.80773169,1031.833795,310.0140667,0.343556333,27.05984013,0.0,213.3609975,1.442893824,7.52739932,0.882006336,0.433768637,5.462031591,3.281969212,-0.140420336,1.492674727,0.0,0.0,95.03189466,0.593704066,0.982404196,53.5,1.808250493,-0.021002221,-4.102577893,82.642997
23,3.0,0,9.228367493,3.970973495,1.0873,4.140008865,0.279845086,3.781133791,4.288,14.39042119,-0.027977034,3.692229085,3.472421948,0.248233273,-17.58496372,3.141322578,0.01519337,0.0,-0.417621851,1.186432302,-0.20582125,5.70066,3.329943931,-6.886182042,0.826207775,1163.072612,621.597891,0.343556333,28.07432903,0.399046415,214.0914026,1.444881715,7.58838448,0.865895554,0.399046415,5.569492881,3.264225912,-0.151319256,1.626973353,0.0,0.0,116.7237557,0.593704066,0.961319157,57.0,1.809554467,0.009434032,-3.938821336,88.298583
23,2.0,0,7.902647592,3.968331845,1.01823,4.138013158,0.142857143,3.754534787,3.766,14.2426998,0.093636041,3.598192371,3.249271275,-0.004186633,-5.804395713,3.227941034,0.225754626,0.0,-0.420765814,1.174234789,-0.219683187,5.20266,3.306627067,-8.947138247,0.824775381,1197.479457,803.1232242,0.34012693,26.61888221,0.0,210.7051492,1.438663847,7.63151709,0.869639782,0.0,5.29491839,3.561617671,-0.10708339,1.444934015,0.0,0.0,130.5565962,0.593704066,1.00992362,55.25,1.748028145,-0.027694632,1.916764461,79.024618
23,1.0,0,7.297130617,3.932635704,0.97282,4.088394284,0.0,3.741550613,2.81,15.45555751,0.083995795,3.679492976,2.899040289,0.115361736,-8.75444324,3.23638473,0.081980858,0.0,-0.431905742,1.242551451,-0.300491089,7.57501,3.298782369,-5.804058499,0.763450772,658.9996349,-24.58932457,0.303899244,23.19673584,0.0,211.4770689,1.438149893,7.58578625,0.96664587,0.0,5.25419565,3.353059581,-0.088522385,1.463964519,0.0,0.0,84.32743109,0.650405217,0.847745168,48.5,1.81508304,0.13747769,-3.913101799,72.975239
23,1.0,0,7.47532721,3.93297967,0.97361,4.08848335,0.0,3.742711704,2.81,15.45687753,0.078582266,3.680637418,2.926256842,0.19114371,-8.090687225,3.201624317,0.099100091,0.0,-0.427122578,1.235711731,-0.298755551,7.57501,3.298251057,-6.141872586,0.760365877,637.0376469,219.9892785,0.303899244,23.19673584,0.0,211.8014443,1.43806164,7.622444654,0.957220663,0.0,5.25419565,3.282954998,-0.094633496,1.444164805,0.0,0.0,84.32743109,0.650405217,0.85811587,48.5,1.81267465,0.138411232,-6.818033527,72.975239
23,1.0,0,7.407544939,3.966550781,0.94945,4.124750761,0.0,3.765282079,3.397,15.48632468,0.007554645,3.684051064,3.019309488,0.02480443,-6.495961116,3.395581784,0.164567634,0.0,-0.483156529,1.104102931,-0.324929314,8.14968,3.300138816,-21.63863566,0.819576141,692.8022704,680.5573859,0.314587253,25.0019871,0.0,224.1087242,1.395683137,7.614152747,0.942587762,0.0,5.100005146,3.301804368,-0.089097427,1.438188727,0.0,0.0,66.52271232,0.621481844,0.872782306,51.75,1.804457167,0.073916442,0.812130232,73.401653
17,2.0,0,9.026954801,3.934581728,1.14792,4.08895661,0.166666667,3.65480716,3.263,14.1926529,-0.090096534,3.54002802,3.488109468,0.089293836,-4.959908629,3.404052815,0.261710631,0.0,-0.315464415,1.249101747,-0.128891198,6.42373,3.299551572,-2.596819783,1.04051782,1034.523317,492.3301447,0.32160128,23.63984062,0.0,210.6742644,1.438333129,7.490474457,0.878109281,0.0,5.002544643,2.872053872,-0.125347318,1.448197074,0.0,0.0,142.9850701,0.621481844,0.780883493,45.5,1.8183158,-0.019584843,-8.56802021,81.414583
22,1.0,0,7.47252188,3.928785323,0.99291,4.087070217,0.0,3.791919817,2.84,15.44425662,0.051808778,3.670952825,2.930348762,0.181121608,-4.194610917,3.139011493,0.301658329,0.0,-0.416488078,1.144607347,-0.295818309,6.7485,3.30084196,-3.940492315,0.753603725,674.0261245,-623.8166323,0.303899244,22.5888003,0.0,203.247501,1.438178907,7.671460439,1.006532147,0.469754834,5.322989659,3.163273221,-0.095360537,1.487582675,0.0,0.0,79.3840172,0.650405217,0.853591461,48.0,1.726175243,0.1551084,0.354255138,72.982032
17,1.0,0,6.812973328,3.925624473,1.13874,4.08658565,0.0,3.517268711,2.172,15.38590855,0.07301891,3.463289963,3.056126,0.161229149,-3.043052025,3.048448392,0.397668324,0.0,-0.371426612,1.206988472,-0.276118661,8.3107,3.295953641,-4.995028275,0.797435314,1006.658038,-554.6655867,0.303899244,22.5888003,0.0,200.4076117,1.438169579,7.514763935,0.970720685,0.0,5.102387747,2.941772618,-0.117832192,1.504908831,0.0,0.0,92.0392018,0.548343145,0.836790198,40.5,1.809175977,0.165565511,-3.176729292,73.449204
17,2.0,0,6.645587794,3.926846851,1.09114,4.087009665,0.0,3.546371867,2.287,15.37815373,0.077394517,3.509393549,2.96239984,0.159401858,-7.22551802,3.171963926,0.11196702,0.0,-0.392118222,1.235292402,-0.285624833,8.15699,3.295922123,-6.625700326,0.789508644,1046.679029,-672.1714833,0.303899244,22.5888003,0.0,204.498148,1.438143498,7.536754723,0.991616785,0.0,5.060112117,3.087017125,-0.092207192,1.457243447,0.0,0.0,84.14048477,0.548343145,0.825213702,41.5,1.794451977,0.166895294,-4.503767344,72.115618
23,1.0,0,7.529530045,3.927634381,1.00368,4.086924115,0.0,3.759570325,2.81,15.47782744,0.073861715,3.707528731,2.937409843,0.210224069,-4.098299352,3.090431582,0.320325861,0.0,-0.416981905,1.207251407,-0.294318473,7.9023,3.302864522,-3.936356952,0.760665853,668.8263731,-675.271896,0.303899244,22.5888003,0.0,201.6801916,1.438176205,7.639513562,1.009859309,0.0,5.323859469,3.138699924,-0.108275078,1.594244735,0.0,0.0,92.12620484,0.650405217,0.858769475,49.0,1.826723527,0.156057872,1.920734951,76.068825
26,1.0,0,7.840880302,3.975752524,1.01663,4.089955211,0.0,3.920993116,3.1,15.57888238,0.006576911,3.755344482,3.373807107,0.072542734,-4.61469783,2.999461559,0.306279911,0.0,-0.418612946,1.175301482,-0.290444478,8.91189,3.33312693,-5.1377842,0.764932164,666.2785102,-497.8311446,0.35419536,25.70538457,0.0,199.0400372,1.443057072,7.604270324,0.989587847,0.345171501,5.411448096,3.045061728,-0.141251347,1.726211838,0.0,0.0,92.35484494,0.835800623,0.878699955,54.0,1.846557448,0.130858419,3.10191774,82.682411
23,3.0,0,6.457892515,3.958658215,1.02629,4.08722095,0.436790232,3.916963898,3.243,15.58637137,0.071214637,3.756083115,3.53781141,-0.108218446,-5.172842479,3.326731418,0.283181032,0.0,-0.547116153,1.034482666,-0.358695893,7.5608,3.329125141,-3.888720561,0.790854225,765.4996971,-104.5552704,0.383359753,27.48766083,0.0,203.7694521,1.438180097,7.731148419,0.971546961,0.0,5.290235975,3.265548567,-0.111913982,1.684500468,0.0,0.0,93.08524092,0.896059301,0.945306963,55.75,1.846589347,-0.036441537,5.279467437,82.952825
17,1.0,0,3.062976068,3.779273677,1.04687,4.075656722,0.0,3.487644329,2.114,15.21881262,0.030099689,3.462443946,2.635186659,0.206775542,-2.541208668,3.286951777,0.451975317,0.0,-0.551639232,1.17612376,-0.36072731,7.76838,3.294429467,-5.078445873,0.905890758,748.4682577,-445.3523398,0.258669396,19.18587757,0.0,197.8612381,1.432972733,7.550358911,1.009619223,0.0,5.047299098,3.115338775,-0.08370272,1.50488545,0.0,0.0,95.86226668,0.563635096,0.81262879,40.0,1.807837194,0.15580417,-5.627621127,68.732618
17,1.0,0,0.38692141,3.81780289,1.05513,4.077461253,0.0,3.491378903,2.122,15.22402095,0.020490849,3.462938405,2.718011989,0.255946394,-2.528488149,3.513471114,0.464771901,0.0,-1.009181495,1.177546917,-1.009181495,7.90748,3.295489461,-5.14708464,0.868393314,823.7004439,-88.06699584,0.270574158,21.95430436,0.0,201.3770438,1.427413007,7.719274681,0.983325642,0.0,5.116264616,3.730700038,-0.07198397,1.504843436,0.0,0.0,85.396398,0.548343145,0.818749075,41.25,1.80580317,0.087463438,-5.724894522,68.622825
17,2.0,0,5.087706448,3.92010115,1.06295,4.082716975,0.111111111,3.73202251,2.599,15.42534481,-0.08639752,3.588197605,3.147721488,-0.022176852,-2.939964377,3.10096495,0.451768695,0.0,-0.454804813,1.158940831,-0.317263744,6.99408,3.302212897,-2.098261215,0.766493917,728.9322973,260.0024159,0.299494225,18.71906593,0.0,191.2962535,1.497630282,7.65693162,0.940635312,0.0,5.183455121,2.995088612,-0.106763716,1.70559385,0.0,0.0,122.1270793,0.795942905,0.731770656,46.25,1.736091107,0.079518766,4.313489419,78.211204
17,2.0,0,9.709981427,3.934636855,1.28964,4.087873418,0.111111111,3.695259445,2.345,14.34195481,0.078510792,3.573745537,3.761515132,-0.119694503,-3.638702154,2.761833247,0.402654849,0.0,-0.54174616,0.936489635,-0.292140793,8.39013,3.437403189,-1.702699024,0.983073833,1469.649652,1244.515693,0.34179448,24.70196125,0.0,194.889819,1.580653527,7.474173805,0.844277589,0.0,5.086035901,2.463086833,-0.213153113,1.69986945,-0.54174616,0.0,156.8862495,0.674231274,0.933353385,46.75,1.819166113,-0.161642922,5.024658755,89.730548
22,1.0,0,5.952635652,3.928874442,0.89293,4.085399077,0.0,3.771760622,2.864,15.3153696,0.066631135,3.633946807,2.603987889,0.089795918,-8.926686887,3.366046933,0.066866537,0.0,-0.429249741,1.187361109,-0.305632812,6.39319,3.29741535,-5.814636502,0.794404635,453.5654339,819.3664522,0.258669396,19.75758014,0.0,210.3630697,1.428823537,7.613467786,0.943935697,0.437548246,5.156889087,3.393170258,-0.053012181,1.494293357,0.0,0.0,60.88344661,0.665697169,0.683332934,47.0,1.635392677,0.147578084,-1.45709389,66.79486
22,1.0,2,5.50422716,3.927218323,0.89072,4.085115007,0.0,3.742800438,3.112,15.30148071,0.065260172,3.498016188,2.583411474,0.136145858,-9.674390486,3.448145639,0.053309886,0.0,-0.460499741,1.202101024,-0.322161738,5.18319,3.294753361,-5.30281034,0.782740065,527.349775,829.1815412,0.258669396,19.75758014,0.0,209.2838476,1.324666231,7.807201595,0.98294372,0.618103802,5.079000587,3.567529537,-0.025234403,1.428847774,0.0,0.0,67.88038011,0.665697169,0.689782885,46.5,1.615968421,0.142428635,-1.388029429,64.141274
17,2.0,0,9.228446388,3.926055318,1.18177,4.084071397,0.388067491,3.682107968,3.374,14.18278934,0.235699782,3.603106806,3.445881499,0.166882687,-2.832138648,3.170991296,0.47459207,0.404442657,-0.335877244,1.055805761,-0.103203615,6.19153,3.306316939,-2.218292512,0.933828152,855.1466322,-641.7361334,0.330313676,23.20081592,0.0,195.5042744,1.438339254,7.450507298,0.939476676,0.404442657,5.114718017,3.265517833,-0.132064012,1.564844032,0.0,0.0,99.72799804,0.631676478,0.775679676,45.5,1.832625625,-0.026129163,0.307428943,83.543376
17,2.0,0,9.327075982,3.926116578,1.23358,4.084076558,0.333485889,3.700348332,3.374,14.25168576,0.194767524,3.652544621,3.696320015,0.227148575,-1.244948427,2.962091163,0.732540165,0.506223534,-0.283946399,1.069986709,-0.090497151,6.82923,3.321645789,-1.759594513,0.930737293,791.5206889,-741.9578855,0.330313676,23.20081592,0.0,185.7962595,1.499710156,7.474634675,0.961099038,0.506223534,5.260828171,3.192698181,-0.149843575,1.62329592,0.0,0.0,113.0062855,0.631676478,0.782957251,46.5,1.836641697,-0.046499183,0.099557266,89.730548
17,3.0,0,9.141538762,3.925150372,1.20408,4.083846559,0.333485889,3.707903823,3.963,14.23805652,0.212442108,3.632974431,3.655233066,0.159660386,-1.793460247,3.019989423,0.645694157,0.0,-0.307427052,1.044716634,-0.117658256,6.33533,3.328937376,-1.45232729,0.927890349,1032.274703,-170.8296333,0.343682361,24.31993055,0.265531371,183.5845358,1.53466741,7.491956203,0.934233475,0.265531371,5.250895441,3.240334633,-0.139951577,1.607923019,0.0,0.0,126.0576128,0.631676478,0.80408578,49.0,1.836957003,-0.079816296,3.534919625,90.163755
17,3.0,0,9.147078738,3.926126349,1.17319,4.084076144,0.35809271,3.709545697,3.81,14.23695809,0.060576209,3.590388584,3.707967586,0.119068208,-2.58284108,2.938794582,0.524290022,0.0,-0.307201138,1.16662556,-0.113409462,5.89893,3.313735326,-1.678685144,0.899777584,1077.338373,-990.1341702,0.375957222,22.84200875,0.0,188.7771585,1.494732422,7.500374353,0.974814466,0.0,4.987435004,3.486833163,-0.137758716,1.586593649,0.0,0.0,141.4023738,0.631676478,0.784509783,48.75,1.828285177,-0.046485592,-1.99357053,87.070169
17,3.0,0,8.983610846,3.926228296,1.11382,4.084095946,0.425695024,3.699890881,3.523,14.16453635,-0.022617456,3.56454205,3.323457969,0.058302359,-3.926538557,3.133735503,0.355830915,0.0,-0.324189115,1.115956006,-0.165273996,5.16663,3.303133805,-2.549452854,0.952641222,910.5355593,-482.0964087,0.330313676,23.6178176,0.429716561,197.7822268,1.438338962,7.481575701,0.929759774,0.429716561,5.185200384,3.360800992,-0.120917822,1.542944846,0.0,0.0,104.9327501,0.631676478,0.787270496,47.5,1.808226606,0.113278826,-0.355524957,80.882997
17,3.0,0,9.001201197,3.926376471,1.14095,4.084110045,0.425695024,3.723571895,3.71,14.20339081,-0.026228688,3.589637454,3.667369374,0.058789336,-3.547027775,3.143147133,0.402727832,0.0,-0.324698757,1.219810914,-0.154533256,5.50883,3.305601361,-2.317374208,0.953865586,1063.32363,-204.6031243,0.375957222,23.6178176,0.0,199.0394435,1.438339732,7.476340749,0.915550831,0.0,5.132505338,3.393367786,-0.129598377,1.56391887,0.0,0.0,134.3720419,0.616384526,0.759533462,48.25,1.819931018,0.116920464,-1.425640965,83.976583
17,2.0,0,10.10069132,3.92507041,1.22348,4.08359607,0.090909091,3.687882348,3.052,14.24836502,0.047446899,3.622493305,3.690430327,0.101200309,-1.71949783,2.664287287,0.636036435,0.0,-0.181880087,1.101623307,0.005921554,7.46673,3.302304639,-2.178790151,0.931123972,1004.870354,487.0507112,0.343682361,23.20081592,0.0,190.5055323,1.438352096,7.403392693,0.874317867,0.0,5.117502258,2.646288548,-0.194445398,1.590113967,0.0,0.0,139.1436832,0.631676478,0.790200437,45.25,1.821411087,-0.025873893,-7.632092196,85.834962
17,2.0,0,10.03929871,3.922218086,1.0426,4.082815522,0.0,3.506924093,2.262,13.86078275,0.051550936,3.340172151,2.865807826,0.078086904,-18.21406657,2.900513343,0.002807375,0.0,-0.158495773,1.17438906,-0.000872,7.32042,3.276562727,-11.09305299,0.943481568,899.8662514,266.4796113,0.298038814,21.16725477,0.0,194.2922075,1.392949176,7.367760916,0.920977285,0.0,4.860577243,2.870781893,-0.08115277,1.438340617,0.0,0.0,88.42934987,0.548343145,0.808829613,39.75,1.701750845,0.014340419,-3.629533843,69.131825
17,1.0,0,9.196761978,3.922958392,1.11475,4.083082585,0.543690187,3.518875831,2.812,13.92579637,0.003399878,3.350048329,2.98127788,0.16414512,-4.88406314,3.015725333,0.227633333,0.380850281,-0.926860717,1.014684862,-0.107884665,5.56143,3.281813869,-4.874824939,0.927927185,762.3229193,281.8880936,0.298038814,22.87230521,0.0,195.3609712,1.393412105,7.515673239,0.907324365,0.511959583,5.023231429,3.218482029,-0.089833326,1.43834082,0.0,0.0,30.67950977,0.548343145,0.787753109,40.25,1.699831865,0.03726848,-3.986543144,72.069411
17,2.0,0,9.415829672,3.927248287,1.25126,4.08428461,0.388067491,3.710705143,3.334,14.2656907,0.145084709,3.633612212,4.050283317,0.047714618,-1.969365871,2.983938955,0.603526332,0.088599715,-0.974815268,1.006772848,-0.080199005,6.58163,3.30298754,-2.636795139,0.91154727,1132.637517,1049.246066,0.343682361,21.00094689,0.0,193.8342602,1.438351666,7.41927053,0.838273127,0.088599715,5.151818566,3.058340861,-0.184445398,1.583539313,-0.974815268,0.0,106.5738547,0.620511928,0.766542071,46.0,1.820894388,-0.028592462,-8.965051485,86.636962
17,2.0,0,9.370260392,3.92729602,1.31247,4.084287777,0.388067491,3.721504051,3.182,14.34676946,0.212507679,3.633698356,4.100521776,0.13208641,-1.869390559,2.905451918,0.640764688,0.058487438,-1.013842337,0.916633489,-0.090086764,7.15313,3.392330887,-1.669494406,0.954768526,1225.225886,1632.810784,0.320860588,21.19142982,0.324620545,192.8243107,1.483791382,7.401045235,0.812457966,0.324620545,5.246895373,2.773226616,-0.198169252,1.777135765,-1.013842337,0.0,114.9283483,0.620511928,0.856779346,48.0,1.822220812,-0.120015188,-5.781896519,94.590927
23,1.0,0,7.90262318,3.927958447,1.01363,4.086961997,0.0,3.773944637,2.637,15.48477189,0.050515054,3.739897427,2.986866962,0.130672861,-3.848747287,3.059681019,0.343318576,0.0,-0.401356905,1.225218949,-0.28605401,8.5073,3.303020671,-4.210381749,0.769321863,645.2679475,-658.7568416,0.303899244,22.5888003,0.0,202.2068681,1.438176209,7.564585408,0.997673772,0.0,5.028646665,3.074632421,-0.122163966,1.598226608,0.0,0.0,91.15038865,0.650405217,0.852910721,48.5,1.832149904,0.154818057,1.919012229,77.395618
17,1.0,0,6.704706102,3.925434209,1.07066,4.086530678,0.0,3.508651542,2.459,15.3803989,0.118276691,3.346562528,2.991057663,0.152793281,-4.585926988,3.099287831,0.249156306,0.0,-0.385032054,1.479235766,-0.282785327,6.8262,3.284935189,-3.797066198,0.790268277,953.6081207,-740.0545364,0.303899244,21.52254612,0.0,199.4709094,1.43816732,7.548624263,0.989309605,0.0,5.064735179,3.036092215,-0.097832192,1.483139868,0.0,0.0,102.3942758,0.548343145,0.826276342,41.25,1.745817571,0.167461487,-0.457324129,72.122411
23,1.0,0,3.681791899,3.856022763,0.88759,4.071275571,0.0,3.79103653,3.097,14.22860559,0.054599045,3.717225325,2.656193529,0.100148199,-7.716558164,3.661712302,0.117245133,0.0,-1.012203078,1.086176165,-1.012203078,7.50937,3.299949774,-9.658761823,0.826466421,400.864272,997.1135717,0.259791386,20.33367586,0.0,212.3040692,1.428323856,7.582459686,0.894808036,0.0,5.056316988,3.791660754,-0.077282227,1.463512204,0.0,0.0,76.42947585,0.64696843,0.736582579,51.75,1.818486682,-0.10960704,-7.095690263,71.778653
22,1.0,0,8.992259943,3.97566809,1.02756,4.201605405,0.0,3.917734243,2.686,15.46726019,0.090638789,3.689123655,3.246122501,0.120809604,-5.746146942,3.153909465,0.19363966,0.0,-1.080013187,1.191430484,-0.286563938,8.06972,3.298345016,-5.287421121,0.690628069,951.8061118,-840.3966893,0.303899244,24.41309212,0.0,209.9484907,1.438175174,7.629274367,1.101238327,0.0,5.241180348,3.315832316,-0.104684096,1.51100037,0.0,0.0,129.5290211,0.749527608,0.769007443,47.5,1.636755192,0.129660053,-1.529921975,74.115239
17,1.0,0,6.502135888,3.924973027,1.03192,4.086390641,0.0,3.495271496,2.396,15.32633554,0.108451361,3.308100178,2.767450866,0.126097383,-6.63249388,3.189289229,0.125851286,0.0,-0.405227632,1.384384142,-0.295030506,6.911,3.213430729,-5.199889739,0.772602696,758.1508769,-392.8177175,0.303899244,21.52254612,0.0,198.6095129,1.399916065,7.608455167,0.993476002,0.0,5.132811395,3.250407,-0.056998859,1.438182429,0.0,0.0,89.77355667,0.548343145,0.833268536,40.5,1.661057462,0.152401144,2.019702588,68.064032
23,1.0,0,7.550065604,3.933071104,0.97416,4.088503777,0.0,3.743085778,2.81,15.45790481,0.039406697,3.681008127,2.941593596,0.039779979,-8.11580067,3.222200333,0.098391566,0.0,-0.423843257,1.226927543,-0.297435533,7.57501,3.297953733,-6.123136307,0.769334019,637.0376469,342.9506881,0.303899244,23.19673584,0.0,213.8848879,1.425861673,7.584988763,0.942295738,0.0,5.185230133,3.247573777,-0.098318303,1.438234921,0.0,0.0,84.32743109,0.650405217,0.850133722,48.5,1.811834648,0.129020084,-7.435169352,72.975239
22,1.0,0,7.666895345,3.975601638,0.98049,4.176802954,0.0,3.916782561,2.71,15.42944241,0.090315461,3.655643788,2.95813906,0.126596028,-6.961086605,3.227246891,0.129072836,0.0,-1.013140759,1.21897091,-0.287003944,7.63651,3.297545988,-6.401681225,0.704341592,470.6241097,-615.4269684,0.303899244,23.19673584,0.0,214.9170594,1.391623248,7.642718631,1.107382957,0.0,5.217367895,3.337962963,-0.089377974,1.438176449,0.0,0.0,116.3858029,0.650405217,0.764765398,47.0,1.62437311,0.127708131,-2.422702609,71.021653
17,1.0,0,10.03031917,3.92158851,1.08533,4.082548197,0.0,3.502880309,2.407,13.92490273,0.126738883,3.308246712,2.874982997,0.122185432,-7.071462531,2.870625025,0.109719075,0.0,-0.165227632,1.374547892,-0.002395247,6.85463,3.213428498,-4.799259855,0.943682912,879.13459,-544.0687734,0.298038814,21.16725477,0.0,192.3469567,1.401572249,7.407319727,0.960186883,0.0,4.903415295,2.858629248,-0.087611104,1.438341006,0.0,0.0,108.0098678,0.548343145,0.784314252,39.75,1.661119712,0.033791099,1.461561392,71.267411
23,1.0,0,10.8853139,3.929606359,1.02212,4.084741055,0.0,3.741368973,2.821,14.11916726,0.102285443,3.680459744,3.00657242,0.107747262,-9.397154644,2.91979304,0.068227926,0.0,-0.191905742,1.198915549,-0.012947076,7.51864,3.298879813,-5.477600804,0.936707393,809.9564085,-197.3280368,0.298038814,22.87230521,0.0,204.2117661,1.438334929,7.404975349,0.935837085,0.0,5.061564387,2.958994709,-0.11913463,1.46475219,0.0,0.0,104.0991706,0.650405217,0.793520121,47.75,1.815118847,0.027356722,-4.526048576,76.178618
17,2.0,0,5.760648278,3.927870803,1.01276,4.08748614,0.142857143,3.536879462,3.122,15.3411978,0.111693266,3.343980963,2.85724985,0.108524632,-7.571129349,3.441979831,0.100833804,0.0,-0.505095357,1.160504129,-0.340421453,6.0106,3.279411334,-5.283734717,0.76899959,877.0132739,145.5676672,0.303899244,23.19673584,0.45338158,204.8313599,1.43202077,7.620455647,0.955802643,0.45338158,5.168525681,3.791692823,-0.041373859,1.438243634,0.0,0.0,59.86332304,0.548343145,0.824866287,42.75,1.652683268,0.119346124,-2.13903592,68.497239
17,1.0,0,7.135494901,3.940372597,1.08083,4.095147721,0.0,3.591398157,2.322,15.39825423,0.075907787,3.525739962,2.881595142,0.165274435,-2.901429965,3.088805228,0.41510607,0.0,-0.331426612,1.209877681,-0.260493661,8.0647,3.459740723,-5.014903124,0.805623188,684.6003431,-340.3258324,0.271624383,22.5888003,0.0,210.0606449,1.396205992,7.559155036,0.982286653,0.0,5.153498134,2.910675381,-0.117832192,1.481383545,0.0,0.0,98.32867925,0.795537019,0.8197868,41.0,1.634187642,0.188207085,-2.838896668,72.115618
17,1.0,0,6.334565026,3.925181344,1.04658,4.086459584,0.125,3.498519217,2.533,15.31508669,0.096103731,3.329394492,2.767450866,0.241030195,-5.129204796,3.169332714,0.201316597,0.52237625,-0.426911306,1.086157486,-0.308088358,6.647,3.271369234,-6.209287249,0.76545512,682.8492537,59.28549439,0.303899244,21.52254612,0.0,198.8315853,1.392680846,7.687598621,0.972558606,0.52237625,5.182005815,3.198426922,-0.069221081,1.438182228,0.0,0.0,45.89359267,0.548343145,0.853405927,40.25,1.72694454,0.164865367,-2.29568288,68.064032
17,1.0,0,10.17719871,3.924637309,1.14589,4.083547255,0.0,3.607162147,2.518,14.08831566,0.129082995,3.539649206,3.08517912,0.109714432,-3.974873949,2.814969377,0.310652432,0.0,-0.15879103,1.292978988,0.01605241,7.38723,3.297280847,-4.004423666,0.94866176,798.3067068,-189.9100823,0.298038814,22.87230521,0.0,198.7489787,1.438340076,7.395147167,0.915498194,0.0,5.072207701,2.788609364,-0.18026083,1.582641022,0.0,0.0,128.4519898,0.650405217,0.787940306,41.25,1.74562872,0.024869258,-3.518482514,76.120997
17,2.0,0,9.48441602,3.926228346,1.14047,4.084114644,0.142857143,3.674194972,3.091,14.12901294,0.186129889,3.590272327,3.263307313,0.144531234,-4.1749628,2.982312078,0.313576513,0.0,-0.253798168,1.182705418,-0.070724276,6.83063,3.302817144,-2.880152664,0.926409841,906.4256594,-756.6034089,0.330313676,22.87230521,0.0,196.3434644,1.443532003,7.42062156,0.949381947,0.0,4.968340331,3.216648688,-0.123431682,1.669408023,0.0,0.0,126.146893,0.631676478,0.816779349,44.25,1.724171079,-0.036517762,-1.112539457,79.64779
17,1.0,0,10.34040236,3.92254982,1.18853,4.082799497,0.0,3.639839562,2.868,14.20845884,0.154875604,3.551034597,3.526620959,0.094690116,-2.139934243,2.70129133,0.560817013,0.0,-0.145698589,1.619695598,0.036660736,6.45563,3.302351153,-1.617566412,0.962042533,885.2326638,-744.793234,0.298038814,21.16725477,0.0,189.2433213,1.43834032,7.397426032,0.95684002,0.0,4.878345578,2.614090177,-0.172222191,1.618590677,0.0,0.0,166.0161883,0.631676478,0.744960209,43.75,1.828840719,0.056109764,1.727649679,85.039755
17,1.0,0,6.085523569,3.927723346,1.1358,4.087395175,0.142857143,3.537802817,2.454,15.36568127,0.100397997,3.434922829,3.052341444,-0.012684606,-5.231620187,3.202785126,0.204878235,0.282135865,-0.98516249,1.060863474,-0.320855932,7.0355,3.292017944,-6.872790466,0.777958788,1133.004749,1864.67134,0.303899244,21.52254612,0.0,202.6301442,1.395188131,7.52711992,0.829383125,0.282135865,5.060112117,3.427294289,-0.096165525,1.438187679,-0.98516249,0.0,52.82414324,0.548343145,0.871302099,40.75,1.771159848,0.084082811,-8.643446803,71.157618
17,1.0,0,9.409410661,3.920772377,1.13533,4.082355339,0.0,3.509015401,2.612,14.11652687,-0.052497265,3.341003576,2.985947037,0.036448056,-6.339115375,2.808934572,0.163461822,0.0,-0.21939073,1.505375628,-0.039068633,7.0858,3.303542132,-1.848525444,0.811109382,1024.937496,-903.7283343,0.27598553,21.16725477,0.0,194.8937209,1.438206546,7.582808693,1.080100702,0.0,5.181250198,2.724224966,-0.3156106,1.671971654,0.0,0.0,137.4392417,0.548343145,0.825045122,42.5,1.741993714,0.03752594,1.377935828,79.221376
17,2.0,0,9.850637731,3.92320692,1.13977,4.082924119,0.111111111,3.700304136,2.991,14.13035669,0.007801799,3.607483734,3.294728007,0.02991771,-3.362857604,2.8566095,0.392928699,0.0,-0.206085295,1.130363484,-0.025698897,6.83063,3.301921436,-2.418074641,0.918607313,906.4256594,-820.3408718,0.330313676,21.7805428,0.0,192.845185,1.438341616,7.4496394,0.957580184,0.0,5.150158513,2.807859503,-0.141908156,1.679522263,0.0,0.0,126.146893,0.749527608,0.796248999,44.25,1.722588401,0.018488192,2.041120353,79.64779
23,1.0,0,11.29771474,3.93057962,1.03255,4.084927187,0.0,3.754998331,2.648,14.13479226,0.077484503,3.7170058,3.049125727,0.118574524,-8.290108047,2.861933172,0.093611476,0.0,-0.171497578,1.188218601,0.007461087,8.12364,3.298968565,-5.963518829,0.942392069,783.7681129,-19.47297596,0.298038814,22.87230521,0.0,205.0221541,1.438334952,7.379346044,0.920525908,0.0,4.804450947,2.837295006,-0.13913463,1.46514219,0.0,0.0,102.7038143,0.650405217,0.799391793,47.25,1.821692261,0.027435633,-7.431699229,77.505411
23,2.0,0,9.533594728,3.937347318,1.04937,4.089400705,0.166666667,3.786518275,3.438,14.21989056,-0.062870682,3.74182005,3.344239176,0.159556867,-15.55883211,3.45071167,0.016665251,0.0,-0.35292531,1.009432784,-0.278798606,8.83982,3.306716892,-4.012532423,1.022838803,1020.322842,470.0328719,0.35886908,25.29223702,0.0,208.1803655,1.438340531,7.483175551,0.888909382,0.0,4.964330293,2.967269595,-0.125702113,1.533410199,0.0,0.0,111.1319709,0.640210583,0.809894857,51.75,1.827428985,-0.007063346,-6.024224482,81.834204
23,1.0,0,7.709531457,3.933548596,0.9831,4.088563419,0.0,3.755221672,2.637,15.46382197,0.059184181,3.71488882,2.941593596,0.120761306,-7.807662634,3.168099455,0.107446659,0.0,-0.411497578,1.237925769,-0.290491089,8.18001,3.298870541,-6.343546993,0.768572753,638.152908,198.9501658,0.303899244,23.19673584,0.0,212.2497137,1.438150023,7.549350105,0.945624185,0.0,4.990622872,3.213207917,-0.108522385,1.464349173,0.0,0.0,83.92338618,0.650405217,0.850919496,48.0,1.821640299,0.13964183,-6.850604448,74.302032
17,1.0,0,6.137164835,3.924743704,1.01251,4.086316132,0.142857143,3.491577916,2.533,15.26400772,0.06332215,3.305692794,2.767450866,0.04294594,-10.68471626,3.304283997,0.031851122,0.504358087,-0.445831374,1.112047728,-0.317275685,6.2569,3.181686631,-16.66316645,0.761794259,678.4599094,188.4106654,0.303899244,21.52254612,0.0,196.7005682,1.391656087,7.634444255,0.97771989,0.504358087,5.104910077,3.54763434,-0.036165525,1.43817685,0.0,0.0,38.44624657,0.548343145,0.853455673,39.75,1.640950548,0.121062793,2.878346533,64.970446
17,1.0,0,6.518619319,3.940077999,0.98501,4.119647786,0.142857143,3.590716836,2.652,15.27423149,0.137660322,3.305549209,2.810587146,0.013282317,-9.345837032,3.399012851,0.049056326,0.504111173,-0.404936312,1.093904101,-0.303922196,6.88228,3.181685796,-16.27255197,0.74229733,554.4369391,-479.2118078,0.310341195,21.52254612,0.0,207.0176912,1.325807118,7.837213426,1.279498429,0.504111173,5.13366069,3.549674764,-0.036669431,1.428130583,0.0,0.0,9.658458645,0.548343145,0.720115099,40.5,1.640903592,0.110958376,4.798596042,63.390067
23,1.0,0,5.376153433,3.967282698,0.96838,4.128371697,0.0,3.74704905,2.973,15.44459473,0.089770563,3.65778128,2.972748757,0.114041074,-5.162371293,3.594820726,0.22878714,0.0,-0.554090066,1.19475947,-0.412635107,8.4171,3.296132455,-8.463735357,0.808143088,712.7048299,769.2753411,0.326440248,26.38908875,0.0,224.7575122,1.39369679,7.646445187,0.9280218,0.0,5.04790269,3.80003838,-0.061123008,1.438185877,0.0,0.0,65.28875877,0.621481844,0.852028176,48.75,1.80042552,0.052980282,-0.17922023,71.098653
23,1.0,0,8.796640384,3.971625297,0.98381,4.133925034,0.0,3.870923651,3.055,15.4829509,-0.020179529,3.666816418,3.104034533,0.022375298,-6.873190002,3.318282064,0.140328585,0.0,-0.422238986,1.154893804,-0.29127217,8.9314,3.297096081,-10.03877388,0.712528395,756.7518773,816.1882509,0.314587253,25.0019871,0.0,224.3763443,1.392752261,7.648522749,0.905152818,0.0,4.940759833,3.163031195,-0.103711664,1.438183208,0.0,0.0,55.97730626,0.621481844,0.730957276,48.75,1.795867793,0.127788453,1.645703003,72.721653
23,2.0,0,7.005083683,3.966803559,0.98284,4.125001953,0.1,3.774048376,3.794,15.50656177,0.004088342,3.686138978,3.132216283,-0.026335231,-8.751146016,3.340954123,0.093932898,0.0,-0.50953513,0.96298783,-0.507671552,7.3769,3.301098671,-9.18998815,0.799619018,793.3350933,570.6515345,0.334229108,26.41372219,0.0,218.8944653,1.413540641,7.652708802,0.935621154,0.590564066,5.21064997,3.35324772,-0.094199468,1.438200159,0.0,0.0,40.04049421,0.621481844,0.864040735,51.0,1.805654153,0.047633198,0.638265463,75.537239
17,1.0,0,2.986443566,3.932707482,0.95291,4.087223598,0.142857143,3.486531573,2.565,15.16866333,0.01577745,3.30686738,2.637803622,0.121646379,-8.04282578,3.653689818,0.074686201,0.518490318,-0.687035077,1.115332005,-0.412273838,6.36798,3.18204046,-18.35405265,0.769351739,509.881538,1131.657268,0.294383682,20.84709164,0.0,199.7780748,1.321012889,7.86378383,0.946867354,0.518490318,5.09366069,4.263228461,-0.009140653,1.423535768,0.0,0.0,19.22990798,0.548343145,0.718313539,40.5,1.640895548,0.027419999,3.523616074,61.767067
23,1.0,0,0.959662655,3.859778841,0.92393,4.122479846,0.0,3.713275485,3.033,15.36156389,0.038254187,3.654090132,2.702517237,0.196588475,-6.75164833,3.732399066,0.153284766,0.0,-1.046291834,1.28768723,-1.046291834,8.38417,3.295694775,-10.80135796,0.882309655,582.1750467,642.7506832,0.294243773,25.70441425,0.0,218.8919546,1.41982508,7.807729234,0.954756586,0.0,5.218511944,4.052929955,-0.052886747,1.42782728,0.0,0.0,83.0224719,0.621481844,0.847560582,50.25,1.798054693,-0.010890864,-4.473857101,70.277653
23,1.0,0,6.192386556,3.82846744,0.95479,4.12131869,0.0,3.694851839,2.95,15.41635555,0.057204818,3.657330579,2.7394027,0.132141255,-5.75256912,3.327094825,0.193284675,0.0,-0.486215951,1.361529887,-0.323763575,8.13399,3.299609744,-10.3836011,0.928627776,689.8174072,-337.4445663,0.282339011,22.81890464,0.0,215.4604439,1.419829043,7.49039324,1.007161392,0.0,5.077316637,3.182124358,-0.083124016,1.508352169,0.0,0.0,116.8155937,0.636773795,0.83238293,48.25,1.804739567,0.124301115,-2.028420367,73.590825
18,3.0,0,7.242595938,3.903342915,1.29296,4.048973145,0.2,3.758460514,2.997,14.81894158,-0.042169171,3.588764946,5.460251208,-0.369193945,-10.71555513,2.806031983,0.082745176,0.0,-0.910453755,1.002400473,-0.236459249,6.95299,3.490695523,-12.67109999,0.774691679,1246.039819,-849.5829786,0.932281679,9.638471769,0.392411883,199.7230975,1.625806698,7.547692504,0.974743467,0.392411883,5.155733916,2.698866124,-0.445977222,1.734278552,-1.832944544,1.0,131.1629574,0.571975275,0.628618451,51.5,1.815729771,0.097273196,-10.08977092,96.344134
0,12.0,0,0.0,3.88331258,1.41364,4.032431222,0.2,3.751241532,2.997,14.81894158,-0.076221614,3.583704635,5.460251208,-0.357758033,-14.04626092,2.806031983,0.038136925,0.0,-0.910453755,0.973794469,-0.236459249,6.95299,3.488969488,-9.25889377,0.774691679,1246.039819,-849.5829786,0.932281679,9.638471769,0.392411883,199.7230975,1.623160242,7.547692504,0.974743467,0.392411883,5.239127589,2.698866124,-0.445977222,1.729010102,-1.832944544,1.0,131.1629574,0.571975275,0.628618451,45.5,1.81453884,0.097273196,-10.08977092,96.344134
23,1.0,0,11.19822535,3.963899881,1.08431,4.125255054,0.111111111,3.772579951,3.297,14.32000051,0.190112675,3.671147637,3.303200605,-0.002275428,-6.362957464,3.127196278,0.187408886,0.465073928,-0.302288316,1.141645688,-0.085855633,8.04332,3.290714116,-14.4816896,0.975776335,927.1037394,-294.6945741,0.320096911,27.7105493,0.0,209.4393162,1.433122968,7.440005822,0.913121547,0.465073928,5.192517175,2.994955809,-0.179800729,1.456826818,0.0,0.0,81.86538698,0.606189892,0.780217789,50.5,1.796190359,0.006922769,-6.036384521,82.202997
0,9.0,0,0.0,3.882148592,1.06014,4.143517878,0.0,3.64897312,3.059,13.25892134,0.209832231,3.555962231,2.358677895,0.159214447,-3.336674763,3.230074949,0.303713773,0.0,-1.643524161,0.653552808,0.045696875,7.20938,3.038022784,-2.11450578,0.834707596,398.0936061,706.8698217,0.18271458,14.14875493,0.249497267,230.3677932,1.18548942,7.466353287,0.857271288,0.381954926,4.543295834,2.662735371,0.014389676,1.512109668,0.0,0.0,46.32051802,0.483378923,0.876962988,30.5,1.724171079,-0.076652528,-1.459414954,62.31786
0,9.0,0,0.0,3.882064187,1.10961,4.143473783,0.142857143,3.662561855,3.342,13.3901926,0.172745536,3.562135989,2.541252081,0.074364376,-2.319062873,3.294153182,0.461616436,0.409419551,-1.705501756,0.65532023,-0.03347924,6.57028,3.083148561,-1.836404067,0.835102103,345.2381731,698.6985895,0.18271458,14.93561427,0.243386156,226.5622442,1.326087054,7.525345928,0.871021969,0.409419551,4.738901257,2.992351646,-0.015026778,1.372874417,0.0,0.0,20.2522127,0.464650184,0.800220064,31.75,1.562712424,-0.038823826,-0.98822131,66.213446
0,9.0,0,0.0,3.883473712,1.04881,4.144587386,0.0,3.642718519,3.154,13.58318438,0.176283179,3.481019844,2.684672161,0.154252237,-3.884330739,3.113504164,0.261996432,0.0,-1.663008186,1.198293949,0.134770949,5.92458,3.02139707,-1.925176546,0.968106512,519.8330374,1582.388362,0.204189481,12.45338106,0.0,230.9447983,1.372874417,7.462252618,0.680067917,0.377518198,4.54875844,2.710617983,-0.044308209,1.373689326,0.0,0.0,83.33387072,0.464650184,0.734483884,32.0,1.535417302,0.005544628,-1.139857612,64.084653
0,9.0,0,0.0,3.883567247,1.07341,4.14462215,0.0,3.647125782,2.928,13.61281023,0.108859857,3.492615912,2.589561836,0.057593737,-4.171233408,3.067561789,0.237317506,0.0,-1.671852482,0.993498385,0.121113541,5.97088,3.03606443,-2.424573961,0.941226948,502.0772284,461.3337217,0.204189481,13.56941511,0.225136236,219.052467,1.197349422,7.485707732,0.85516553,0.375878537,4.82875844,2.650625699,-0.049846435,1.473837717,0.0,0.0,61.37188272,0.464650184,0.766928772,31.75,1.548831301,0.051474846,-1.117263874,64.084653
0,9.0,0,0.0,3.881358762,1.03256,4.143174042,0.0,3.472943725,2.948,12.97776772,0.210455449,3.395672266,2.089006575,0.199080164,-2.881690092,3.230787518,0.343938428,0.0,-1.634148403,0.706783781,0.000836,7.06688,3.055348385,-1.411400596,0.843673166,573.5592461,1147.425509,0.18271458,12.45338106,0.316302823,218.9237085,1.184932735,7.48752931,0.802633873,0.393798668,4.687463586,2.80033562,0.073601694,1.399077384,0.0,0.0,39.7660356,0.38131685,0.847420476,29.5,1.576446387,-0.019927258,1.547607215,60.55786
0,9.0,0,0.0,3.881980174,1.10534,4.143552772,0.0,3.553799115,2.869,13.11857412,0.340442749,3.451159933,2.453437701,0.232939318,-6.141912296,3.175068081,0.102819286,0.0,-1.662585953,0.600165609,-0.041710533,7.06528,2.984958841,-2.502150738,0.767175422,980.6812491,2039.808683,0.18271458,12.45338106,0.256441712,233.4224572,1.249629723,7.384143109,0.621196226,0.387375844,4.208116245,2.710025065,0.03383412,1.249629723,-0.288432616,0.0,39.7660356,0.38131685,0.940055584,29.5,1.527667124,-0.254417639,-8.207254229,60.55786
0,10.0,0,0.0,3.88762371,1.10243,4.150138672,0.166666667,3.626136261,3.405,13.80522142,0.200623507,3.515852131,2.455662214,0.099106147,-8.140323092,3.463870831,0.072373818,0.0,-1.843645046,0.803477568,-0.07963913,7.57349,3.235771865,-2.851510041,0.919087131,583.5489703,-397.6211419,0.198268584,14.31423313,0.341156315,239.9327199,1.372874417,7.584829522,0.808957849,0.341156315,4.69480937,2.98631046,-0.082301084,1.47003437,0.0,0.0,92.77830242,0.460367058,0.909507012,34.25,1.636196617,-0.023240527,-3.701984932,67.973446
0,9.0,0,0.0,3.731772199,0.93836,4.138798847,0.0,3.661978472,2.977,13.37673694,0.252732436,3.546038134,2.009075156,0.21941825,-4.585490345,3.322286148,0.171418022,0.0,-1.75270626,0.662127702,-0.251611421,5.91488,2.992981532,-2.750723353,0.952884648,277.9851226,1696.986307,0.18271458,14.14875493,0.327244181,229.1232187,1.190995154,7.521680835,0.64893834,0.416403276,4.582793613,2.992629329,0.099081034,1.338476005,0.0,0.0,36.11853353,0.567209362,1.06627345,29.5,1.372874417,-0.166482885,-3.457500901,54.507688
0,12.0,0,0.0,3.757578223,0.91282,4.138119212,0.0,3.709646511,3.292,13.48796031,0.151950971,3.579008794,2.13853631,0.179667146,-4.341751228,3.517063999,0.235216148,0.0,-1.832495465,0.724920093,-0.266307992,6.61318,3.128927784,-2.386073593,1.003567775,197.8025984,910.8945356,0.18271458,13.56941511,0.35238307,223.9891684,1.191688442,7.617424017,0.879424711,0.415224059,4.803508855,3.252656607,0.047084152,1.372427629,0.0,0.0,41.01722305,0.483378923,0.985906218,36.0,1.589393794,0.061922121,3.818775371,62.881274
0,9.0,0,0.0,3.907991817,1.1617,6.879516291,0.0,3.654770769,3.138,13.37397488,0.217177114,3.560167557,2.518424478,0.179199901,-2.762043107,3.216047966,0.385802902,0.0,-1.648308928,0.66243426,0.053793963,7.70858,3.075374204,-2.011040324,0.543508679,525.7809724,1445.462973,0.18271458,14.14875493,0.229281218,228.8717601,1.350622023,7.450183854,0.767667967,0.375515359,4.662429754,2.698365587,-0.011336578,1.372874417,0.0,0.0,18.92710928,0.483378923,0.482975049,30.75,1.566834352,-0.038221097,0.010534388,66.281446
0,9.0,0,0.0,3.908451375,1.08255,6.879516291,0.0,3.66114224,2.985,13.34506332,0.226179208,3.49109132,2.528190977,0.169435847,-6.500460533,3.04519443,0.090033093,0.0,-1.61946405,0.833062683,0.160831,6.88208,2.984538807,-2.827177877,0.584090477,478.1284355,2777.777934,0.204189481,12.45338106,0.0,231.7051132,1.178265114,7.391672942,0.671233832,0.383424309,4.514075319,2.577992719,-0.013218782,1.4205343,0.0,0.0,14.27247035,0.464650184,0.497820371,30.0,1.650554706,-0.081811559,0.522754395,60.094274
0,9.0,0,0.0,3.908315058,1.07238,6.879516291,0.0,3.643331878,3.17,13.44228554,0.146182109,3.428562577,2.528190977,0.135668872,-5.411331842,3.092854924,0.144768623,0.0,-1.664024235,1.132806338,0.087497667,6.11848,2.976753328,-2.298946813,0.585484328,333.7258828,2767.141098,0.204189481,12.45338106,0.0,232.9192053,1.179009962,7.487590587,0.668068693,0.391236809,4.567040217,2.707575177,-0.001451374,1.372874417,0.0,0.0,15.99116394,0.483378923,0.460482903,31.0,1.501338607,0.033504898,-0.72058456,60.896274
0,9.0,0,0.0,3.920233541,1.00792,4.177427541,0.0,3.778726524,3.132,6.707393266,0.138943168,3.554524377,2.366572424,0.246043496,-5.576010665,2.618979761,0.117112591,0.0,-1.388755643,0.737651406,1.251280864,6.96448,3.054572245,-2.549372716,0.864545901,358.0453421,2408.926258,0.208230098,14.14875493,0.168993152,241.9381616,1.183507099,7.386233408,0.650692222,0.346098444,4.43993647,2.237010462,0.134221694,1.337191711,0.0,0.0,3.211439673,0.567209362,1.133100863,29.25,1.372874417,0.064472084,-3.412696689,58.228688
0,9.0,0,0.0,3.917208605,1.13475,4.17630488,0.0,3.761856175,3.132,6.816382464,0.108750171,3.563861857,2.570696569,0.216684653,-2.639194464,2.490781364,0.402497233,0.0,-1.425892703,0.737190354,1.260687752,8.13478,3.11647754,-2.039636585,1.048986036,492.2027471,943.6345161,0.208230098,14.14875493,0.086493152,238.3085511,1.351047389,7.413521861,0.835440918,0.324300605,4.544782695,2.229740487,0.086493152,1.372874417,0.0,0.0,43.50044844,0.483378923,1.04929392,30.75,1.534950744,0.069295897,-6.218844836,67.509446
0,9.0,0,0.0,3.794178079,0.88999,4.018286922,0.0,3.387583817,2.787,12.51776394,0.403164858,3.18061461,1.518888157,0.15904958,-8.42917047,3.412749288,0.034332317,0.0,-0.393562385,0.750286664,-0.393562385,6.44598,2.938497024,-3.402948475,0.731232306,327.7466677,1698.734615,0.101375529,12.45338106,0.370232033,210.5659905,1.097729457,7.554039684,0.865110762,0.499800468,4.461091334,2.8708577,0.01104591,1.328271212,0.0,0.0,-15.31995941,0.38131685,0.615160735,29.0,1.527802502,-0.203800947,1.864718747,52.272688
0,9.0,0,0.0,3.811130191,0.9065,4.019720195,0.0,3.652164901,3.378,12.87929171,0.407059939,3.544425771,1.606155792,0.20865516,-3.647588377,3.173941799,0.245878294,0.0,-0.0833772,0.658443215,-0.0833772,6.16148,3.002533742,-2.790465501,0.691722224,115.9756745,1880.292986,0.103716622,14.14875493,0.340027951,211.9149546,1.319285674,7.450114648,0.815538874,0.469596387,4.496032197,2.707885305,0.109760046,1.35503936,0.0,0.0,-24.08317908,0.567209362,0.63246876,30.0,1.372874417,-0.21207651,0.560785555,54.997481
0,7.0,0,0.0,3.773011178,1.12373,3.986142104,0.166666667,3.609637169,2.515,13.42456547,-0.142247272,3.521166801,1.893181623,0.090684441,-9.011310762,2.815056556,0.04471937,0.518617984,-0.471058658,1.194091973,0.089732773,4.5035,3.250388383,-3.086547385,0.802187151,-145.3984677,74.38521381,0.125823579,10.96794601,0.0,190.3040379,1.372874417,7.43434493,1.125953981,0.518617984,5.083319678,2.301529109,-0.498513567,1.430541934,0.0,0.0,50.82094511,0.348110351,0.746080209,28.75,1.634201728,-0.012996856,-1.050477691,65.015825
0,7.0,0,0.0,3.845356025,1.01706,6.879516838,0.0,3.62657379,2.279,12.09755856,0.00129896,3.022243508,2.039522206,0.000742,-10.52312125,2.76796169,0.008368866,0.0,-0.088264886,1.459535869,0.048321355,3.8004,2.869224924,-9.502351667,0.620484813,245.2434598,-1233.7422,0.137275775,6.549229679,0.0,188.5331401,1.098689177,7.571390255,2.071119931,0.0,4.270132082,2.469486532,-0.209535265,1.237539049,0.0,0.0,4.703182146,0.222222222,0.253388638,24.0,1.352186281,0.006627491,2.50137331,48.725895
0,10.0,0,0.0,6.87951562,1.19489,6.879516839,0.0,3.866097679,2.878,13.31162704,-0.011086233,3.492810322,2.770846395,0.071675617,-5.64703637,2.796574074,0.152232632,0.0,-0.449472064,1.433342539,0.072725291,6.1742,3.129547242,-4.529612545,0.573216916,308.7652277,1682.494858,0.145651522,11.18773565,0.0,199.5162727,1.281807701,7.403712122,0.985096388,0.0,4.387976439,2.548298298,-0.500842545,1.424493773,0.0,0.0,1.072166737,0.295360921,0.239730499,33.0,1.652561288,0.048116848,-0.901530929,67.42986
0,10.0,0,0.0,3.872835,1.10335,6.879516838,0.0,3.774777931,2.717,13.28978774,-0.01106291,3.488735952,2.465621218,0.124485501,-7.517832988,2.9506893,0.081598506,0.0,-0.591006456,1.367546562,-0.277913435,5.5508,3.117795736,-4.087812463,0.572629973,219.396926,955.1054469,0.145651522,11.18773565,0.0,196.7206278,1.283594812,7.460909939,1.170637275,0.0,4.55326969,2.837264348,-0.476681666,1.434188147,0.0,0.0,16.18091558,0.295360921,0.269320937,33.25,1.658560208,0.041914153,0.15265585,64.93686
0,10.0,0,0.0,3.872058117,1.12172,6.879516838,0.0,3.770532381,2.827,13.33156303,-0.0350385,3.490135188,2.539490724,0.206923818,-7.440027379,2.760021219,0.090717152,0.0,-0.509586388,1.452834107,0.030560296,5.4203,3.130566053,-3.661024766,0.571583575,356.3094808,1335.613515,0.145651522,11.18773565,0.0,190.6680396,1.37744911,7.415492238,1.144944463,0.0,4.847118058,2.619037598,-0.496839845,1.467540702,0.0,0.0,33.88260934,0.295360921,0.272095444,34.0,1.662790735,0.042014703,-1.182641906,68.942239
0,10.0,0,0.0,3.872514334,1.12774,6.879516838,0.0,3.771424028,2.827,13.35636343,0.015000548,3.489159791,2.525111888,-0.078210112,-7.834783333,2.794260774,0.07987044,0.0,-0.524668588,1.453509592,0.023154594,5.4203,3.121367619,-4.013419749,0.564860685,356.3094808,725.7300722,0.145651522,11.57523739,0.0,191.3220986,1.395694873,7.493980601,1.159967428,0.0,4.956379808,2.634107779,-0.500119166,1.46125776,0.0,0.0,33.88260934,0.295360921,0.279821499,34.0,1.663217746,0.011304112,1.840896992,68.942239
0,7.0,0,0.0,3.756252183,0.98596,3.983626394,0.0,3.583866966,2.232,12.66911101,-0.066963573,3.415866243,1.718311408,0.08647645,-6.415207438,2.663982823,0.076835925,0.0,-0.072458743,1.375202826,0.132834625,4.3624,2.998937425,-4.736430912,0.815337506,-99.17370662,214.9098418,0.115444803,8.442719659,0.0,187.6783058,1.259926796,7.50776814,1.295897964,0.0,4.726143834,2.312235121,-0.284902456,1.372874417,0.0,0.0,63.50404669,0.358304986,0.70786772,26.5,1.460419329,-0.008496294,2.776901631,54.933067
0,8.0,0,0.0,3.773552804,1.06147,3.986197002,0.0,3.610518639,2.233,13.34249064,-0.043055708,3.52853923,1.88236858,0.068881348,-6.957513603,2.628547301,0.083340031,0.0,-0.433697547,1.408561205,0.118853143,5.23329,3.25787518,-4.410206581,0.808481338,-59.32600967,198.3162985,0.125823579,10.96794601,0.0,193.490943,1.372874417,7.368922594,1.164830531,0.0,5.000569214,2.305471227,-0.472888567,1.418231336,0.0,0.0,75.11068685,0.348110351,0.738352657,29.0,1.624133519,0.01828376,-0.405063093,62.880239
0,7.0,0,0.0,3.772204211,1.0883,3.986089651,0.2,3.607353325,2.515,13.2791573,-0.062132929,3.50242944,1.893181623,0.086035694,-7.526250403,2.651754884,0.068020471,0.4969734,-0.565641991,1.195959586,0.030103143,4.1134,3.17420426,-3.725108401,0.792238575,-146.4144035,168.9289596,0.125823579,10.96794601,0.0,190.6346272,1.372874417,7.497774299,1.164531657,0.4969734,5.000569214,2.417031727,-0.458513567,1.391683179,0.0,0.0,43.85164811,0.348110351,0.736480366,28.25,1.597348921,0.106648499,-0.549604606,61.922239
0,8.0,1,0.0,3.776369677,1.05797,3.986419772,0.814325285,3.617209557,2.574,13.27249064,-0.123299444,3.515876182,1.913190524,0.125747101,-7.682954885,2.885717744,0.070701055,0.587251178,-1.00827354,0.995145637,-1.00827354,4.2057,3.212460009,-3.892405753,0.78761963,-43.49875024,247.0266876,0.125823579,12.70469421,0.0,196.5296475,1.37257479,7.690017392,1.193458623,0.587251178,4.99856294,2.803607145,-0.432888567,1.372874417,0.0,0.0,29.07221252,0.348110351,0.69584629,30.5,1.568508634,0.332485978,-0.203129371,61.390653
0,7.0,0,0.0,3.772868013,1.113,3.986131938,0.0,3.609277273,2.458,13.47842034,-0.057503132,3.511825979,1.893181623,0.094525897,-10.15223194,2.587752777,0.030174151,0.0,-0.373558658,1.444886655,0.160843884,4.3405,3.225332795,-2.799980505,0.80952971,-30.88163643,-41.99434934,0.125823579,10.96794601,0.291949358,187.9622531,1.372874417,7.401620581,1.135637989,0.291949358,5.07191335,2.294311061,-0.506291345,1.470750678,0.0,0.0,78.70787256,0.348110351,0.730640478,29.0,1.632423675,0.013734683,-0.038971856,65.980618
0,8.0,1,0.0,3.774624493,1.09323,3.986227489,0.721124785,3.615861695,2.574,13.41993584,-0.235583243,3.530871636,1.93882517,0.088986573,-6.263748834,3.154103795,0.123945134,0.608895762,-0.89825871,0.995676214,-0.89825871,4.5958,3.285772923,-3.117169359,0.766674404,-34.21738478,29.86211312,0.125823579,12.19890875,0.0,194.482135,1.372874417,7.565455124,1.153580388,0.608895762,5.081417388,2.50035182,-0.481569123,1.408822231,0.0,0.0,36.47232116,0.348110351,0.733380249,31.0,1.618183068,0.025190569,-0.40786642,64.484239
0,8.0,1,0.0,3.776369677,1.05797,3.986419772,0.814325285,3.617209557,2.574,13.27249064,-0.123299444,3.515876182,1.913190524,0.125747101,-7.682954885,2.885717744,0.070701055,0.587251178,-1.00827354,0.995145637,-1.00827354,4.2057,3.212460009,-3.892405753,0.78761963,-43.49875024,247.0266876,0.125823579,12.70469421,0.0,196.5296475,1.37257479,7.690017392,1.193458623,0.587251178,4.99856294,2.803607145,-0.432888567,1.372874417,0.0,0.0,29.07221252,0.348110351,0.69584629,30.5,1.568508634,0.332485978,-0.203129371,61.390653
0,8.0,1,0.0,3.776369677,1.05797,3.986419772,0.814325285,3.617209557,2.574,13.27249064,-0.123299444,3.515876182,1.913190524,0.125747101,-7.682954885,2.885717744,0.070701055,0.587251178,-1.00827354,0.995145637,-1.00827354,4.2057,3.212460009,-3.892405753,0.78761963,-43.49875024,247.0266876,0.125823579,12.70469421,0.0,196.5296475,1.37257479,7.690017392,1.193458623,0.587251178,4.99856294,2.803607145,-0.432888567,1.372874417,0.0,0.0,29.07221252,0.348110351,0.69584629,30.5,1.568508634,0.332485978,-0.203129371,61.390653
23,1.0,0,5.972300238,3.952746984,0.94161,4.124228725,0.0,3.772463472,3.964,15.5050021,0.18566632,3.642629712,2.876859495,0.081338372,-7.427514157,3.555100094,0.141619841,0.0,-0.556740477,1.222526082,-0.353123858,8.78514,3.297242773,-12.02625729,0.859074623,638.2300553,691.0477017,0.280727493,24.42287801,0.0,223.8742094,1.42384025,7.618781592,0.922456677,0.0,5.323231429,3.439421448,-0.126291305,1.511302434,0.0,0.0,77.49999321,0.621481844,0.697975896,54.75,1.784937574,0.079797908,-4.375846135,75.970446
23,1.0,0,6.962119191,3.839911263,0.9725,4.117698183,0.0,3.719017189,4.017,14.29714751,0.445366345,3.590602197,2.776163767,-0.359697553,-6.291878147,3.189930386,0.207428301,0.0,-0.494360898,1.204211678,-0.207682342,6.41028,3.32559919,-9.075626423,1.097004123,742.8196327,-25.79392214,0.252126698,23.68574879,0.0,204.2547251,1.441199731,7.602058974,0.940426193,0.0,5.371621653,3.467987045,-0.114764031,1.465166367,0.0,0.0,148.9154924,0.621481844,0.778323412,56.25,1.739043906,-0.015346292,-2.347892926,81.031411
23,2.0,0,7.354530749,3.892777674,0.99324,4.134942378,0.125,3.790308581,3.223,14.22781986,-0.214194834,3.678743875,3.001539605,0.100049522,-6.417478752,3.23454928,0.184739196,0.0,-0.430907572,1.315895175,-0.213919333,5.82255,3.295403674,-8.431389812,0.893365168,965.3449707,-513.7057614,0.28324281,24.12980151,0.0,209.0637987,1.465172879,7.631470254,1.000320552,0.0,5.181250198,3.157344929,-0.134160888,1.488261023,0.0,0.0,154.7931582,0.608996017,0.747782055,53.5,1.796535021,0.115847476,-2.601802703,80.164997
23,2.0,0,2.881852209,3.871399747,0.96063,4.133300579,0.2,3.742030096,4.421,15.00036706,0.301429909,3.608075597,3.135132989,-0.25118336,-8.939160022,3.621928277,0.113009552,0.0,-0.89307027,1.171121274,-0.720465588,5.15411,3.301194174,-7.850133419,0.916079618,1132.343988,107.9183868,0.332372381,26.60758695,0.0,211.9597447,1.449677153,7.780155855,0.962729128,0.0,5.371621653,3.99847793,-0.097712939,1.601184572,0.0,0.0,134.3858304,0.593704066,1.031014858,60.25,1.764827618,-0.043606568,-3.149233822,80.559618
23,1.0,0,3.733651192,3.840772604,0.90464,4.118652281,0.0,3.717954298,3.821,15.46931544,0.490104299,3.588241983,2.688626917,-0.23726733,-5.604518057,3.617511371,0.228807744,0.0,-0.68057027,1.110851893,-0.418947932,6.93575,3.293143005,-9.397429596,0.967966312,732.620465,79.4810767,0.276893304,23.9734319,0.0,213.6157395,1.440494377,7.662787558,0.986452452,0.0,5.189898095,3.658606793,-0.075790108,1.448340406,0.0,0.0,107.8062221,0.621481844,0.858737508,55.5,1.747216643,0.03504061,-0.817048107,73.932446
23,1.0,0,3.733651192,3.840772604,0.90464,4.118652281,0.0,3.717954298,3.821,15.46931544,0.490104299,3.588241983,2.688626917,-0.23726733,-5.604518057,3.617511371,0.228807744,0.0,-0.68057027,1.110851893,-0.418947932,6.93575,3.293143005,-9.397429596,0.967966312,732.620465,79.4810767,0.276893304,23.9734319,0.0,213.6157395,1.440494377,7.662787558,0.986452452,0.0,5.189898095,3.658606793,-0.075790108,1.448340406,0.0,0.0,107.8062221,0.621481844,0.858737508,55.5,1.747216643,0.03504061,-0.817048107,73.932446
23,2.0,0,6.135125025,3.951924215,0.94604,4.134759535,0.2,3.752120712,3.797,14.13793034,0.283245336,3.583924149,2.879041151,-0.266676281,-5.995007031,3.484547117,0.20646313,0.0,-0.531786222,1.13539943,-0.316672983,5.33414,3.287518483,-9.639269054,0.848390009,974.2316013,183.6473678,0.271902502,23.68574879,0.0,212.6143641,1.426480988,7.723220343,0.950350339,0.0,5.215898931,3.458687142,-0.096486529,1.443576589,0.0,0.0,116.46181,0.608996017,0.831536814,55.25,1.745883001,0.086220069,-0.471307079,75.931032
0,12.0,0,0.0,3.898553824,1.11276,4.043689283,0.2,3.729921191,4.099,14.13793034,0.175583402,3.551100397,2.879041151,-0.239742632,-8.04086689,3.484547117,0.120510595,0.0,-0.531786222,1.064159476,-0.316672983,5.33776,3.285685002,-6.505697703,0.848390009,974.2316013,183.6473678,0.271902502,23.68574879,0.0,212.6143641,1.43087942,7.723220343,0.950350339,0.0,5.248156996,3.458687142,-0.096486529,1.443508549,0.0,3.0,116.46181,0.608996017,0.831536814,44.75,1.7226618,0.086220069,-0.471307079,75.931032
23,2.0,0,6.439451499,3.947468661,1.00205,4.124079834,0.2,3.753719686,3.871,14.18089916,0.225275882,3.599640681,3.110719358,-0.323596709,-7.959441387,3.309602799,0.129914023,0.0,-0.538109953,1.235984842,-0.319663381,5.62033,3.294314337,-8.160610285,0.891546639,1221.347075,-64.078764,0.316623861,23.68574879,0.0,197.0554978,1.48997781,7.615376702,0.957615855,0.0,5.278318478,3.350301961,-0.118023558,1.601282461,0.0,0.0,171.7541844,0.608996017,0.799533629,55.25,1.763771316,0.096390003,-3.507425472,81.56979
23,1.0,0,6.374881847,3.841847634,0.97444,4.115519382,0.0,3.711998059,3.883,14.17361313,0.345224469,3.567418314,2.634575385,-0.276722214,-6.535757193,3.418404316,0.17907759,0.0,-0.477739582,1.193390323,-0.262626344,6.21149,3.278593104,-14.14969203,0.914220079,1068.463724,363.8255906,0.245550188,23.68574879,0.0,205.7819635,1.43994809,7.659100074,0.927356917,0.0,5.050093945,3.345790738,-0.088288226,1.461233164,0.0,0.0,165.6943515,0.621481844,0.763778251,53.0,1.74583381,0.01876255,-3.428938294,76.184618
23,1.0,0,7.207397156,3.949747009,0.95789,4.119808781,0.0,3.750940935,3.805,14.20737478,0.248386215,3.574849948,2.697237079,-0.272472199,-6.08434951,3.30795945,0.201665558,0.0,-0.431786222,1.166859046,-0.216672983,6.98197,3.281811577,-12.71852287,0.85805763,917.4016342,183.6473678,0.245550188,23.68574879,0.0,209.7419565,1.423187028,7.723220343,0.950350339,0.0,5.050339858,3.320037987,-0.096486529,1.440476641,0.0,0.0,122.5427434,0.621481844,0.669551214,53.75,1.745790034,0.030308656,-2.020935826,75.931032
23,2.0,0,6.40105272,3.952230115,0.94377,4.135074621,0.142857143,3.756720022,3.797,14.13139973,0.42028179,3.588425115,2.952074304,0.011956387,-5.759063311,3.295994929,0.219688867,0.0,-0.432339888,1.144801825,-0.223757261,5.33414,3.297323096,-12.33094096,0.862856022,974.2316013,601.0412972,0.292880778,22.73664397,0.0,211.1750535,1.427055159,7.686318525,0.91555082,0.0,5.215898931,3.577928335,-0.100517771,1.443976488,0.0,0.0,116.46181,0.608996017,0.879618584,55.25,1.745887753,-0.03132209,-0.518337599,75.931032
23,1.0,0,5.680729056,3.951544798,0.95424,4.121205336,0.0,3.753979682,3.707,14.25011764,0.431770986,3.583599887,2.751066971,-0.009919335,-5.940053726,3.261331711,0.218036958,0.0,-0.48802016,1.222733412,-0.263640576,7.24837,3.321191853,-13.84505285,0.822059493,657.5557894,1019.867069,0.253455859,22.73664397,0.0,209.6538838,1.440281273,7.752279019,0.864721915,0.0,5.357921987,3.810378086,-0.09917632,1.451465292,0.0,0.0,110.0849842,0.621481844,0.67533797,54.0,1.737534338,-0.010711099,-1.568986378,77.148032
23,1.0,0,5.956180932,3.949351568,0.92873,4.119506347,0.2,3.750940276,3.942,14.03588952,0.234012553,3.574250978,2.661087396,-0.160824924,-5.35257251,3.506768464,0.235359483,0.405826227,-0.513267703,1.00794468,-0.307413724,6.67897,3.281754154,-9.490303342,0.916313538,817.1749544,663.4891927,0.246675019,23.68574879,0.0,211.6338141,1.42317594,7.71144557,0.932189728,0.405826227,5.187396439,3.479109812,-0.084767779,1.440380425,0.0,0.0,67.45186688,0.621481844,0.641118086,53.0,1.745775472,0.10080036,-0.424987697,72.837446
23,1.0,0,11.01792063,3.963500906,1.03622,4.122964378,0.0,3.745744415,2.999,14.23689095,0.257113681,3.649844515,3.129111305,0.049266248,-5.550298071,2.969060294,0.214006377,0.0,-0.248873702,1.261756613,-0.041764578,8.89052,3.288398563,-10.88333786,0.980257259,945.0285646,100.895783,0.320096911,25.52871506,0.0,208.6613119,1.419844445,7.382914548,0.905244859,0.0,5.091971392,2.920540911,-0.164069437,1.43330918,0.0,0.0,108.6223232,0.621481844,0.801146888,49.25,1.791580179,0.009515167,-3.61015555,78.307411
23,1.0,0,4.129202172,3.849165395,1.02972,4.119435252,0.083333333,3.750040074,4.418,15.60562711,0.343908143,3.645356636,3.107874353,-0.330560443,-8.014423096,3.475491854,0.1550792,0.386563205,-0.693660644,1.08112561,-0.4185657,7.29344,3.507746019,-4.227419142,0.97161691,604.9452857,-150.0948057,0.299253984,24.74637522,0.0,210.5537511,1.44831438,7.641340899,0.980170608,0.386563205,5.610693578,3.541851852,-0.121231458,1.735586753,0.0,0.0,117.3481502,0.704815177,0.862086819,58.5,1.866149377,0.049092139,-1.560803026,86.739997
23,1.0,0,4.325845713,3.951403216,0.93608,4.122723005,0.142857143,3.752235568,3.801,15.49050257,0.331612059,3.582117694,2.760470741,-0.530825244,-5.506842067,3.730692552,0.234765305,0.390717096,-0.662897333,1.097345,-0.421960209,6.68987,3.302783242,-10.02218176,0.85620961,550.5523731,496.330362,0.257987128,23.9734319,0.0,216.1690079,1.420513136,7.829843649,0.942540824,0.390717096,5.356564762,4.026518015,-0.077823334,1.440666995,0.0,0.0,55.52011645,0.621481844,0.672757583,53.25,1.731196613,0.113302287,-0.837070775,74.054446
23,1.0,0,4.325845713,3.951403216,0.93608,4.122723005,0.142857143,3.752235568,3.801,15.49050257,0.331612059,3.582117694,2.760470741,-0.530825244,-5.506842067,3.730692552,0.234765305,0.390717096,-0.662897333,1.097345,-0.421960209,6.68987,3.302783242,-10.02218176,0.85620961,550.5523731,496.330362,0.257987128,23.9734319,0.0,216.1690079,1.420513136,7.829843649,0.942540824,0.390717096,5.356564762,4.026518015,-0.077823334,1.440666995,0.0,0.0,55.52011645,0.621481844,0.672757583,53.25,1.731196613,0.113302287,-0.837070775,74.054446
23,1.0,0,5.680729056,3.951544798,0.95424,4.121205336,0.0,3.753979682,3.707,14.25011764,0.431770986,3.583599887,2.751066971,-0.009919335,-5.940053726,3.261331711,0.218036958,0.0,-0.48802016,1.222733412,-0.263640576,7.24837,3.321191853,-13.84505285,0.822059493,657.5557894,1019.867069,0.253455859,22.73664397,0.0,209.6538838,1.440281273,7.752279019,0.864721915,0.0,5.357921987,3.810378086,-0.09917632,1.451465292,0.0,0.0,110.0849842,0.621481844,0.67533797,54.0,1.737534338,-0.010711099,-1.568986378,77.148032
23,2.0,0,5.82897154,3.952069964,0.969,4.135370984,0.2,3.75277081,3.982,14.26455032,0.212685013,3.585237195,2.85904587,-0.503903912,-6.959971067,3.399494605,0.17552167,0.0,-0.585576849,1.245093747,-0.345407393,4.86504,3.32112924,-10.11331829,0.798617787,830.36107,65.78233956,0.252996326,23.68574879,0.0,210.151022,1.442024622,7.812287786,0.926465663,0.0,5.441751127,3.602156342,-0.104848207,1.453174814,0.0,0.0,133.4490204,0.608996017,0.814146892,56.75,1.737549996,0.090074087,-1.861730617,79.826618
23,2.0,0,10.36244755,3.964166698,1.12693,4.126989006,0.36840315,3.820788031,3.993,14.494121,0.039386832,3.698512148,3.747965804,-0.471996951,-8.913947348,3.142272698,0.125806406,0.460047052,-0.483180406,1.122341852,-0.149915736,7.70722,3.552281659,-5.784508159,0.936518712,936.513226,-779.4780393,0.3581332,30.9855708,0.0,208.253802,1.433315204,7.594051133,0.952132558,0.460047052,5.35182619,3.073112278,-0.203053044,1.782995075,0.0,0.0,108.7629014,0.854195537,0.810039369,56.0,1.850076141,0.074539755,-5.994470626,91.385376
23,1.0,0,6.369701394,3.952976595,0.97312,4.124647287,0.111111111,3.773315213,3.31,15.4810324,0.131864712,3.662605542,2.920207726,-0.022535897,-6.41260132,3.52282175,0.176729407,0.480894112,-0.537658686,1.184918441,-0.343523925,8.07167,3.290486276,-10.12794254,0.836875418,559.6402179,378.1308907,0.280727493,24.42287801,0.0,217.3638465,1.424114754,7.606946907,0.927000523,0.480894112,5.278697378,3.280879108,-0.133882362,1.456601697,0.0,0.0,52.44544742,0.621481844,0.687307556,50.75,1.793901049,0.094725947,-5.583169428,75.906032
23,1.0,0,9.991518594,3.951402711,1.01558,4.12245118,0.1,3.774311059,3.321,14.19297056,0.172263513,3.666809985,3.028764224,-0.081875528,-7.46356366,3.061213992,0.133030166,0.505621824,-0.287760019,1.150065583,-0.081906039,8.0153,3.292080361,-30.21517675,1.013910201,723.4916589,769.7986183,0.274867063,23.68574879,0.0,209.5414715,1.423643333,7.433899727,0.880295989,0.505621824,5.147979297,2.977515223,-0.160163187,1.462594805,0.0,0.0,73.95725309,0.621481844,0.663498431,50.0,1.794639343,0.031738666,0.396500421,79.109411
23,2.0,0,9.394875374,3.95238681,1.08743,4.124639929,0.111111111,3.80722211,4.053,14.43465086,0.079446638,3.680335955,3.386049441,-0.468079698,-7.839443395,3.096294644,0.161519989,0.0,-0.341973435,1.316801364,-0.115638106,8.3349,3.474688977,-5.893404328,0.958545625,723.028737,-214.5106632,0.312903352,26.31334828,0.0,208.0501577,1.424405921,7.632246951,0.943836081,0.0,5.30502919,2.931544174,-0.197006181,1.770554039,0.0,0.0,152.6428654,0.723543916,0.676969108,56.25,1.812179915,-0.0076546,-4.807142486,91.385376
23,2.0,0,6.674205275,3.953022716,1.00116,4.135886208,0.142857143,3.769722293,4.213,14.31434202,0.302675687,3.60402918,3.184894842,-0.10045503,-7.658683908,3.132413725,0.15443659,0.0,-0.474278663,1.336286317,-0.237306486,4.92244,3.331297824,-10.31341535,0.819373573,1005.077492,747.7274972,0.318695962,22.73664397,0.0,205.6618164,1.451178669,7.723808909,0.876050968,0.0,5.464578374,3.622045479,-0.130802281,1.601117069,0.0,0.0,151.5210833,0.608996017,0.871552303,57.5,1.755172061,-0.017669394,-3.658856821,83.884997
23,2.0,0,6.094899235,3.952391115,0.96676,4.135618644,0.142857143,3.757271835,3.982,14.2580197,0.349303157,3.58957817,2.932079024,-0.121335547,-6.617279163,3.227451594,0.191222083,0.0,-0.486130515,1.252671425,-0.252491672,4.86504,3.329034964,-13.00092487,0.811980052,830.36107,479.2191286,0.273974602,22.73664397,0.0,208.8377339,1.442203239,7.779669214,0.895325836,0.0,5.441751127,3.7110253,-0.108879449,1.453412036,0.0,0.0,133.4490204,0.608996017,0.859177803,56.75,1.737552849,-0.018799691,-1.910691367,79.826618
23,2.0,0,6.094899235,3.952391115,0.96676,4.135618644,0.142857143,3.757271835,3.982,14.2580197,0.349303157,3.58957817,2.932079024,-0.121335547,-6.617279163,3.227451594,0.191222083,0.0,-0.486130515,1.252671425,-0.252491672,4.86504,3.329034964,-13.00092487,0.811980052,830.36107,479.2191286,0.273974602,22.73664397,0.0,208.8377339,1.442203239,7.779669214,0.895325836,0.0,5.441751127,3.7110253,-0.108879449,1.453412036,0.0,0.0,133.4490204,0.608996017,0.859177803,56.75,1.737552849,-0.018799691,-1.910691367,79.826618
23,1.0,0,10.60316105,3.963660703,1.05723,4.123503318,0.0,3.759873859,3.333,14.30170349,0.402188436,3.626176189,3.190415149,-0.130879778,-5.99380625,3.074629448,0.206528382,0.0,-0.29748917,1.183363429,-0.082931486,8.29412,3.288104082,-10.1519767,0.994574189,1138.066679,284.8634485,0.316262723,27.23747772,0.0,206.5241972,1.432894962,7.466565538,0.892660184,0.0,5.036374043,3.043976969,-0.150686146,1.448555962,0.0,0.0,126.3815301,0.606189892,0.797172353,51.75,1.77464732,0.011215479,-2.764164963,80.876204
0,12.0,0,0.0,3.906044792,1.21502,4.051325031,0.0,3.738073674,3.333,14.30170349,0.339412895,3.598497873,3.190415149,-0.130326357,-9.049000083,3.074629448,0.092428878,0.0,-0.29748917,1.107316148,-0.082931486,8.09541,3.287400995,-5.713971334,0.994574189,1138.066679,284.8634485,0.316262723,27.23747772,0.0,206.5241972,1.431673723,7.466565538,0.892660184,0.0,5.146148475,3.043976969,-0.150686146,1.448951659,0.0,2.0,126.3815301,0.606189892,0.797172353,43.25,1.759462031,0.011215479,-2.764164963,80.876204
23,1.0,0,10.5924813,3.963627155,1.08125,4.123112086,0.0,3.763632415,3.697,14.3424008,0.487552154,3.600655661,3.409160659,-0.149473607,-6.590266734,3.060227132,0.18455422,0.0,-0.306045481,1.198695833,-0.088154464,8.15171,3.290087737,-6.831215737,1.002011567,1332.454937,276.7321381,0.360984082,27.23747772,0.0,202.8648934,1.433046913,7.460781211,0.891710068,0.0,5.075419928,3.119884916,-0.152608978,1.601101232,0.0,0.0,141.9827921,0.606189892,0.810332836,53.0,1.7648347,0.015775003,-2.505537417,83.60779
23,1.0,0,8.596638962,3.950316405,0.96353,4.120172257,0.0,3.747546811,3.959,14.1284561,0.596013935,3.583119894,2.858277471,0.016799888,-4.81189609,3.242386831,0.262727527,0.0,-0.312773876,0.965766872,-0.11025323,7.63989,3.285604083,-18.84399721,1.022106521,927.236706,199.5739614,0.271032874,23.68574879,0.0,207.9436727,1.410656876,7.491212,0.932674972,0.59667558,5.085487054,3.156040784,-0.113865355,1.423587759,0.0,0.0,71.46741547,0.621481844,0.645976732,51.0,1.749477017,0.009838634,4.254628486,74.327032
23,2.0,0,6.674205275,3.953022716,1.00116,4.135886208,0.142857143,3.769722293,4.213,14.31434202,0.302675687,3.60402918,3.184894842,-0.10045503,-7.658683908,3.132413725,0.15443659,0.0,-0.474278663,1.336286317,-0.237306486,4.92244,3.331297824,-10.31341535,0.819373573,1005.077492,747.7274972,0.318695962,22.73664397,0.0,205.6618164,1.451178669,7.723808909,0.876050968,0.0,5.464578374,3.622045479,-0.130802281,1.601117069,0.0,0.0,151.5210833,0.608996017,0.871552303,57.5,1.755172061,-0.017669394,-3.658856821,83.884997
23,2.0,0,6.674205275,3.953022716,1.00116,4.135886208,0.142857143,3.769722293,4.213,14.31434202,0.302675687,3.60402918,3.184894842,-0.10045503,-7.658683908,3.132413725,0.15443659,0.0,-0.474278663,1.336286317,-0.237306486,4.92244,3.331297824,-10.31341535,0.819373573,1005.077492,747.7274972,0.318695962,22.73664397,0.0,205.6618164,1.451178669,7.723808909,0.876050968,0.0,5.464578374,3.622045479,-0.130802281,1.601117069,0.0,0.0,151.5210833,0.608996017,0.871552303,57.5,1.755172061,-0.017669394,-3.658856821,83.884997
23,1.0,0,9.85365237,3.963449482,1.02856,4.122546839,0.0,3.747547615,3.935,14.23975617,0.628351107,3.586370943,3.133738218,-0.01220689,-5.022332393,3.184649249,0.257332274,0.0,-0.317403506,0.959451609,-0.106179156,7.66791,3.285718918,-13.19586891,0.993223961,1139.978668,-381.1733094,0.316262723,27.23747772,0.0,207.7460236,1.411707345,7.465446046,0.93671596,0.593203358,5.091971392,3.159939493,-0.129171478,1.433111828,0.0,0.0,80.91690686,0.606189892,0.791628518,51.5,1.750350148,0.008142836,3.79098429,77.420618
23,1.0,0,11.88243389,3.964074639,1.08024,4.126894228,0.0,3.788037335,3.289,14.33890484,0.012695241,3.684358806,3.386658782,-0.060314079,-6.854209595,3.017125811,0.164681929,0.0,-0.27709699,1.05996986,-0.060664306,8.7605,3.292628788,-8.784866565,0.976338641,1055.929471,83.30945028,0.332549348,27.7105493,0.0,213.819613,1.433394399,7.390906876,0.904638034,0.0,5.127283134,2.906041429,-0.205911841,1.607907282,0.0,0.0,94.72814466,0.606189892,0.797365668,52.5,1.799446267,0.009439202,-8.887115234,82.792204
23,1.0,0,9.081144693,3.951392135,1.0378,4.121424835,0.083333333,3.800829426,4.02,14.2846342,0.372164786,3.648817828,3.252072244,-0.20871914,-18.22248818,3.170586373,0.010507962,0.481388289,-0.368230446,1.078385521,-0.10956631,7.23859,3.472291601,-4.404430589,1.027070047,786.6431213,677.5634352,0.293393554,24.48880437,0.0,206.2671459,1.423467728,7.51878125,0.894591848,0.481388289,5.245047951,3.193697503,-0.144062115,1.715891082,0.0,0.0,107.502825,0.853789652,0.665705043,53.75,1.833994225,0.059664512,-0.90412241,83.076204
23,1.0,0,10.50215571,3.951422276,1.02053,4.122479364,0.0,3.775116386,3.249,14.20949949,0.191009572,3.668360658,3.044100978,-0.087836738,-7.703382123,3.013073021,0.124681204,0.0,-0.267760019,1.185744692,-0.061906039,7.9817,3.292804341,-20.71719376,1.021406569,809.5989968,778.1285125,0.274867063,23.68574879,0.0,207.8473847,1.423736384,7.415029102,0.879844967,0.442525268,5.15268589,2.895504623,-0.167975687,1.507884264,0.0,0.0,80.78196068,0.621481844,0.66346861,50.0,1.796755542,0.027031845,-0.629165448,80.074204
23,1.0,0,7.384362252,3.965261562,0.98754,4.12464689,0.0,3.746333526,2.988,15.5218571,0.231839385,3.648123727,3.021579174,0.007579461,-5.801003464,3.281090535,0.199609993,0.0,-0.488873702,1.289281109,-0.315685538,8.94689,3.288338778,-9.640166559,0.816222156,795.8409853,260.6204422,0.325957341,25.83878252,0.0,216.0723079,1.419840605,7.568050085,0.937301644,0.0,5.264735179,3.249333725,-0.133457192,1.433220889,0.0,0.0,88.47545076,0.621481844,0.852019081,50.0,1.791555888,0.103838933,-4.484100261,75.104032
23,1.0,0,7.237397813,3.946496817,0.91286,4.118181004,0.0,3.750938362,3.687,13.99477841,0.488388605,3.573191966,2.57733416,-0.137336292,-4.751669396,3.314893094,0.267159835,0.0,-0.34743437,1.137320877,-0.154913724,6.97337,3.281700137,-10.01520226,0.885688681,745.5283928,783.2443168,0.236647749,20.77982828,0.0,211.7771036,1.423176461,7.624990556,0.925024352,0.0,5.116264616,3.282125315,-0.08986982,1.440392661,0.0,0.0,105.5661452,0.636773795,0.699307379,51.75,1.745805835,-0.009601524,-0.127015363,72.035446
23,1.0,0,9.994649103,3.963492,1.04694,4.122674586,0.0,3.751156226,3.466,14.28607849,0.534051407,3.585505692,3.156344841,-0.144040414,-5.243823083,3.149547696,0.251590266,0.0,-0.317897333,1.08733068,-0.10333965,7.68912,3.285852346,-7.908869411,0.996024865,1177.576711,80.04208001,0.316262723,27.23747772,0.0,205.8306949,1.432787454,7.494896167,0.907334837,0.0,5.029608967,3.184970071,-0.130686146,1.44087392,0.0,0.0,126.4017844,0.606189892,0.792553575,52.25,1.746682571,0.014816817,-0.765142301,79.549411
0,12.0,0,0.0,3.902353865,1.20181,4.050681572,0.0,3.729277506,3.466,14.28607849,0.458040527,3.55989634,3.156344841,-0.127426621,-9.448366622,3.149547696,0.083207959,0.0,-0.317897333,1.016815967,-0.10333965,7.49041,3.285772821,-5.306807647,0.996024865,1177.576711,80.04208001,0.316262723,27.23747772,0.0,205.8306949,1.430904564,7.494896167,0.907334837,0.0,5.110303005,3.184970071,-0.130686146,1.443778868,0.0,3.0,126.4017844,0.606189892,0.792553575,43.75,1.72320484,0.014816817,-0.765142301,79.549411
17,2.0,0,5.276189706,3.787417578,1.05428,4.111553458,0.142857143,3.669188197,3.751,14.08146838,0.351786998,3.554609206,3.017462674,0.045737285,-1.988217612,3.078039656,0.584291012,0.0,-0.325793248,1.111675699,-0.126469881,4.81408,3.287605827,-7.108369854,0.930784053,862.9483091,581.7538683,0.302577349,20.22946466,0.0,192.3048559,1.440286685,7.534481357,0.920317081,0.0,5.259932945,3.299093928,-0.117404148,1.463631266,0.0,0.0,171.0384165,0.621481844,0.757620432,47.5,1.745873386,-0.058847373,-3.376421712,77.084997
23,1.0,0,6.369396786,3.952323578,0.92329,4.126896694,0.0,3.759249375,3.672,14.2326358,0.473269597,3.630435565,2.786724641,0.003117483,-5.898186484,3.234417081,0.211791212,0.0,-0.398859162,1.086039531,-0.231348846,7.86157,3.513566122,-16.36062501,0.874718541,459.0877477,807.0534531,0.240087174,22.73664397,0.0,219.5866703,1.440132123,7.716824845,0.908764459,0.0,5.248394346,3.573326333,-0.111647975,1.454782307,0.0,0.0,99.20729641,0.757564607,0.664261075,53.5,1.826167105,-0.013070364,-1.692333927,75.012446
23,1.0,0,11.19822535,3.963899881,1.08431,4.125255054,0.111111111,3.772579951,3.297,14.32000051,0.190112675,3.671147637,3.303200605,-0.002275428,-6.362957464,3.127196278,0.187408886,0.465073928,-0.302288316,1.141645688,-0.085855633,8.04332,3.290714116,-14.4816896,0.975776335,927.1037394,-294.6945741,0.320096911,27.7105493,0.0,209.4393162,1.433122968,7.440005822,0.913121547,0.465073928,5.192517175,2.994955809,-0.179800729,1.456826818,0.0,0.0,81.86538698,0.606189892,0.780217789,50.5,1.796190359,0.006922769,-6.036384521,82.202997
22,1.0,0,6.796378205,3.881586812,0.96322,4.118752452,0.0,3.722175115,3.515,14.01827299,0.423804279,3.571587951,2.688389661,-0.215019138,-4.958162516,3.166408223,0.252266965,0.0,-0.373758101,1.118611877,-0.177163381,6.55158,3.277188327,-11.22846302,0.904191051,1101.029418,259.431368,0.257617731,20.77982828,0.0,192.5425498,1.440203652,7.5874817,0.93402308,0.0,5.139207197,3.2370794,-0.090033195,1.617999175,0.0,0.0,168.9398982,0.801446107,0.741289934,50.25,1.677789759,0.024284345,-2.042573797,73.622618
17,2.0,0,5.475388174,3.783537201,1.12959,4.111412017,0.111111111,3.660084376,4.004,14.1862753,0.492091043,3.571394302,2.962756204,-0.024350732,-0.859411914,2.914313324,0.802228315,0.0,-0.26957637,1.005283874,-0.066073476,5.64058,3.315726584,-2.960194464,0.973899758,833.9058041,789.383718,0.256933802,21.28171863,0.298621244,179.8123609,1.442322063,7.476514204,0.897010955,0.298621244,5.145280036,2.902830268,-0.136121105,1.602742958,0.0,0.0,165.3302537,0.636773795,0.801655588,48.25,1.745905853,-0.114143514,-1.263972792,83.272169
17,2.0,0,5.425890519,3.787038259,1.12273,4.111454847,0.125,3.683405025,4.004,14.18900807,0.455810652,3.580360485,3.105015103,-0.175545369,-0.668373475,2.857633162,0.842503204,0.0,-0.284173219,1.046642669,-0.079577218,5.34777,3.316129509,-3.774474394,0.943333442,789.9818281,865.6093853,0.286396585,21.79953198,0.38485136,179.412586,1.441811689,7.520253371,0.894484256,0.38485136,5.256391147,2.868816662,-0.135839756,1.576744776,0.0,0.0,165.3302537,0.636773795,0.814168806,48.25,1.745909075,-0.124406285,-1.180016197,83.272169
23,1.0,0,8.466372097,3.950792712,1.01657,4.121458986,0.142857143,3.764135639,4.043,14.25692981,0.310707401,3.598027643,3.12081869,-0.418771457,-6.486147344,3.256279428,0.189547675,0.362452633,-0.411045481,1.146063532,-0.166775024,7.09609,3.305412923,-7.759569788,1.015083324,911.9963409,776.2778398,0.296848058,23.68574879,0.0,205.2586885,1.420714781,7.598708035,0.88632935,0.362452633,5.259535459,3.571678223,-0.130358411,1.599387019,0.0,0.0,98.14368975,0.621481844,0.640969209,53.25,1.749544032,0.043537758,-2.862117302,81.316204
23,1.0,0,7.053674566,3.868478609,0.92707,4.115906561,0.0,3.726182975,4.339,14.09326343,0.50749636,3.586838691,2.775552785,-0.003093684,-5.568060285,3.314280239,0.22204368,0.0,-0.413231205,0.944119615,-0.207958764,6.85817,3.297853755,-10.42256325,0.954429533,851.946991,435.243168,0.271032874,23.25037649,0.0,201.197058,1.423579849,7.472729827,0.905490803,0.601305702,5.245910493,3.294350179,-0.102347223,1.425238054,0.0,0.0,86.182844,0.621481844,0.751154558,54.0,1.749484332,-0.02003589,3.478474665,75.007032
23,1.0,0,7.192665521,3.868890207,0.94659,4.116057988,0.0,3.729736772,3.87,14.13958575,0.412932829,3.586002238,2.798159407,-0.135577758,-5.703133441,3.273048193,0.222946245,0.0,-0.413725032,1.067162341,-0.205119258,6.87938,3.29801643,-13.40209562,0.959666259,888.5284255,885.2677271,0.271032874,23.25037649,0.0,199.3991423,1.425165026,7.504439024,0.873118193,0.0,5.175227146,3.320685064,-0.103861891,1.441104168,0.0,0.0,131.5753584,0.621481844,0.749782432,54.75,1.745887982,-0.01246523,-1.087996275,77.135825
23,1.0,0,5.972300238,3.952746984,0.94161,4.124228725,0.0,3.772463472,3.964,15.5050021,0.18566632,3.642629712,2.876859495,0.081338372,-7.427514157,3.555100094,0.141619841,0.0,-0.556740477,1.222526082,-0.353123858,8.78514,3.297242773,-12.02625729,0.859074623,638.2300553,691.0477017,0.280727493,24.42287801,0.0,223.8742094,1.42384025,7.618781592,0.922456677,0.0,5.323231429,3.439421448,-0.126291305,1.511302434,0.0,0.0,77.49999321,0.621481844,0.697975896,54.75,1.784937574,0.079797908,-4.375846135,75.970446
23,2.0,0,7.669127537,3.848116344,1.03413,4.119117498,0.1,3.738714796,3.945,14.32886376,0.262616394,3.661556096,2.960376856,-0.155444994,-9.808611201,3.135564033,0.096773351,0.0,-0.476211848,1.077999819,-0.35283142,7.48578,3.331058194,-5.884712924,1.106292933,904.6032189,-62.77194505,0.271032874,25.65777777,0.0,208.5228102,1.487849954,7.472908743,0.933515036,0.0,5.468128821,3.305902778,-0.155863568,1.661501545,0.0,0.0,138.5952591,0.621481844,0.834984172,57.5,1.793605137,-0.083523086,-2.139740552,87.21179
17,2.0,0,5.169975375,3.791037722,1.05866,4.111634265,0.142857143,3.683311494,3.346,14.16962031,0.184063885,3.539415286,3.15291325,-0.061819203,-2.615341094,2.990121713,0.502455773,0.0,-0.364311767,1.12394117,-0.15572914,4.55908,3.285535661,-5.615955851,0.856157834,991.3106799,191.0817295,0.314668829,20.22946466,0.0,185.9099198,1.452176657,7.603832807,0.952896488,0.0,5.050266885,3.329261153,-0.118918817,1.476449415,0.0,0.0,188.0525139,0.608996017,0.814158902,48.75,1.745851397,-0.07542314,-3.663695456,78.85179
23,2.0,0,5.71636705,3.952815593,0.99464,4.124100721,0.1,3.77813515,4.072,15.5582389,0.194872219,3.65325648,2.974693497,-0.087683725,-13.666504,3.444158938,0.032822993,0.0,-0.578411883,1.139905191,-0.361621165,7.50677,3.327078475,-9.229444733,0.844196102,801.8622089,178.6524918,0.276893304,25.92764378,0.458656142,216.3699919,1.433646462,7.651191604,0.924971755,0.458656142,5.441751127,3.448731914,-0.134541494,1.606140185,0.0,0.0,82.21511461,0.621481844,0.704636491,54.75,1.792219938,0.091745409,0.01118318,81.199618
23,1.0,0,7.878621776,3.950472859,0.98169,4.120998965,0.142857143,3.751636472,3.812,14.20060749,0.357333892,3.583106505,2.868002872,-0.436813294,-5.23111837,3.360477249,0.252432827,0.375717096,-0.422897333,1.059570757,-0.181960209,6.6335,3.302864106,-9.134435198,1.01290771,735.3206907,558.092692,0.252126698,23.68574879,0.0,208.5039002,1.420513565,7.647108472,0.906619812,0.375717096,5.226736868,3.664411206,-0.108435579,1.440787367,0.0,0.0,80.61967279,0.621481844,0.620304521,52.5,1.731202256,0.043249404,-1.067183009,77.257825
23,2.0,0,6.408532005,3.953485437,1.03379,4.125096961,0.1,3.787743598,3.882,15.59572105,0.188865603,3.673874841,3.337203945,0.051353927,-7.841685832,3.356799476,0.147694947,0.0,-0.558513361,1.278093854,-0.350363265,8.54957,3.382041312,-7.755018222,0.869459813,937.588543,775.0845597,0.345277215,25.92764378,0.0,217.1630793,1.451965396,7.58743382,0.879388443,0.0,5.339508552,3.206610082,-0.163800753,1.680725585,0.0,0.0,112.0396969,0.621481844,0.677424476,55.0,1.79978278,0.10253083,-3.034520338,85.619997
23,1.0,0,6.543931253,3.949542999,0.96443,4.119979001,0.2,3.76337869,4.173,14.09221184,0.187513313,3.58908323,2.913903214,-0.16769048,-6.750228642,3.383678316,0.169250408,0.397765606,-0.501415851,1.085630337,-0.292228539,7.14156,3.285449736,-7.904729392,0.917437034,1007.864492,907.4062891,0.291396379,23.68574879,0.0,207.8782616,1.423419768,7.651199647,0.902461259,0.397765606,5.218955519,3.388213255,-0.10669061,1.600839124,0.0,0.0,87.03737944,0.621481844,0.659728843,53.75,1.763734616,0.104861153,-2.314059018,76.895825
23,2.0,0,5.997445545,3.951758943,0.92646,4.134671901,0.2,3.748488,4.266,14.09160802,0.377544952,3.584766963,2.856434528,-0.137371877,-5.819898789,3.536336802,0.207433262,0.0,-0.531292395,1.033461338,-0.319512489,5.31293,3.287380252,-16.87508681,0.841812706,928.1081298,-322.1484949,0.271902502,23.68574879,0.0,215.0189785,1.423526641,7.703750796,0.988054967,0.603000299,5.289898095,3.433157831,-0.09497186,1.428740727,0.0,0.0,70.12035825,0.608996017,0.831704981,54.5,1.749480186,0.077722751,4.159917593,73.802239
23,2.0,1,5.752410026,3.953373681,0.98365,4.125025049,0.512992784,3.783262705,3.369,15.52197955,0.263007642,3.67072734,2.958703525,-0.210279671,-12.33200378,3.504064795,0.042338762,0.594572914,-0.945870912,1.034641811,-0.945870912,8.54597,3.300130142,-20.88443544,0.843770506,668.5399426,652.2864896,0.280727493,25.92764378,0.0,218.1183843,1.424135826,7.630234637,0.901794826,0.594572914,5.377685677,3.552048919,-0.137469735,1.514319019,0.0,0.0,45.50015483,0.621481844,0.714810412,53.5,1.796706299,0.016118987,-4.023781929,78.468032
23,2.0,0,6.174028821,3.953410399,1.00095,4.125050075,0.1,3.784612674,3.419,15.56140132,0.214654571,3.671357234,3.014817011,-0.014710464,-15.39788172,3.43648834,0.021291009,0.0,-0.568003719,1.203879278,-0.357907949,8.63437,3.309247914,-9.379481906,0.858395001,764.3627165,811.6153625,0.280727493,25.92764378,0.0,218.9020782,1.424185265,7.611853345,0.88274941,0.0,5.309101316,3.36297668,-0.146728994,1.548156336,0.0,0.0,97.80795988,0.621481844,0.69378702,54.25,1.796994847,0.06966537,-3.327970366,81.561618
23,1.0,0,5.719452458,3.951825051,0.97769,4.122402753,0.0,3.763272281,3.608,15.51978734,-0.222935681,3.599840044,3.017599772,0.202085673,-5.325871705,3.511883766,0.24621622,0.0,-0.547721701,1.348533024,-0.342803335,8.18006,3.288620301,-11.04024329,0.834523412,979.2836924,-458.1308284,0.318361247,24.42287801,0.0,218.4177884,1.423713333,7.679836382,0.973292998,0.0,5.175227146,3.374676302,-0.11056887,1.593870602,0.0,0.0,110.9480744,0.621481844,0.717551236,53.25,1.764913861,0.088091777,-2.011770186,77.310825
23,2.0,0,6.196710046,3.954157974,0.95355,4.124234629,0.111111111,3.792663277,3.927,14.20243612,0.127077842,3.670063187,2.978200225,0.061622338,-6.1326919,3.459933989,0.199116283,0.0,-0.565811831,1.049945784,-0.565811831,8.01777,3.295185819,-8.093660799,0.820071833,701.2485349,448.4883199,0.295838078,25.3485695,0.0,218.4987812,1.424090959,7.638648774,0.917813605,0.58341463,5.291072583,3.582134724,-0.132984781,1.439816515,0.0,0.0,43.39543748,0.621481844,0.670311285,53.0,1.791991824,-0.038320486,-3.462924486,76.339239
23,1.0,0,9.072723355,3.951263414,0.9325,4.132607433,0.0,3.760210983,3.64,14.19518657,0.492610173,3.634265099,2.713972297,-0.128128851,-5.191857696,3.178516408,0.245807939,0.0,-0.273267703,1.096524066,-0.079635946,7.4151,3.501397593,-8.618263123,1.030690234,612.8002771,801.8400329,0.238758013,23.68574879,0.0,212.6346716,1.412977806,7.565570447,0.910758188,0.0,5.064735179,3.136366653,-0.115380024,1.44058537,0.0,0.0,114.546104,0.856189892,0.625801515,52.25,1.54797473,0.025557912,-0.660881221,75.122239
23,1.0,0,5.770792536,3.951788999,0.97193,4.122495339,0.0,3.764281491,3.71,15.50381771,0.429305639,3.596190107,3.026167781,-0.143347095,-6.593694856,3.438868313,0.176367947,0.0,-0.541415851,1.235433536,-0.341646843,8.18006,3.289875641,-7.83854222,0.866330314,987.2437404,901.3887134,0.321614664,23.9734319,0.0,209.585776,1.423426916,7.641819647,0.904951504,0.0,5.175227146,3.432989374,-0.10669061,1.601041298,0.0,0.0,110.9480744,0.621481844,0.71918702,53.25,1.763763127,0.105152988,-2.049894742,77.310825
23,2.0,0,8.910329527,3.873968514,1.07965,4.122834856,0.111111111,3.764522997,4.211,14.43633665,0.117893068,3.689648541,3.555125848,-0.555231349,-10.69733606,3.128887932,0.078317455,0.0,-0.466104515,1.217370996,-0.183121579,7.8106,3.323208245,-10.243991,1.052983835,1172.941446,-1770.57092,0.380954973,29.94238155,0.0,202.6818021,1.449469054,7.567290167,1.070223744,0.0,5.317033095,3.135738419,-0.187316114,1.642072942,0.0,0.0,143.1565564,0.606189892,0.813191568,57.25,1.799065214,-0.040626371,-6.70942557,89.503376
23,1.0,0,8.299779685,3.861240148,1.01224,4.118408258,0.0,3.724092942,3.808,14.28182761,0.520409641,3.591029577,3.079791766,-0.287762476,-5.760920652,3.232683273,0.228285294,0.0,-0.4451999,1.06179327,-0.174873857,6.9074,3.293513067,-7.937136803,1.149853929,1089.299784,-535.7419944,0.316262723,27.23747772,0.0,204.417053,1.440719894,7.467028474,0.974472418,0.0,5.176451505,3.303917769,-0.121708475,1.449469834,0.0,0.0,140.2926267,0.606189892,0.781359644,55.25,1.747601304,-0.013278043,-1.355685852,80.229411
23,2.0,0,9.359404742,3.952265939,1.05212,4.124511916,0.111111111,3.798743276,3.893,14.32928745,0.099439355,3.675321602,3.356218174,-0.397685003,-8.974324631,3.094744908,0.106077942,0.0,-0.334172318,1.265257864,-0.115661446,8.5643,3.315225343,-11.81989151,0.940513415,1074.513672,-633.0403843,0.335725125,26.31334828,0.0,203.8134088,1.424203526,7.624331306,0.975303463,0.0,5.175083195,3.017550743,-0.180987663,1.642061808,0.0,0.0,124.1239256,0.621481844,0.681058676,53.75,1.794590138,-0.015402199,-5.971356295,85.72979
23,1.0,0,9.351990356,3.860806856,1.00011,4.11872322,0.0,3.718420237,3.341,14.23264007,0.243991734,3.656143656,3.05255823,-0.093210257,-6.08974985,3.056945835,0.192843107,0.0,-0.376176269,1.209108795,-0.113298786,8.1088,3.297038663,-11.46499079,1.140939483,857.5015092,-559.6144649,0.320096911,25.52871506,0.0,207.1711969,1.4214562,7.357199256,0.983972754,0.0,5.241729297,3.041957019,-0.155091766,1.449469248,0.0,0.0,121.0828593,0.621481844,0.800787383,52.25,1.793687904,-0.01820871,-4.175569125,78.987411
23,1.0,0,5.860599853,3.951283895,0.91119,4.120238416,0.0,3.749758479,3.991,14.15357273,0.59713868,3.583074861,2.748455629,0.210495463,-4.965166575,3.385203274,0.251776639,0.0,-0.433735705,0.979704672,-0.243795796,7.69626,3.287519838,-9.767883165,0.870813798,748.4896374,647.7897465,0.272362035,22.73664397,0.0,214.6915437,1.410091021,7.623151356,0.920526493,0.604078604,5.196667865,3.649781174,-0.089299974,1.423585121,0.0,0.0,47.076475,0.621481844,0.682785766,51.75,1.749457965,-0.03089488,4.654374321,71.123653
23,2.0,0,6.654586849,3.954741993,1.03957,4.124664877,0.111111111,3.809493649,4.085,14.32097785,0.080573519,3.679470247,3.276227599,-0.280279373,-7.702298053,3.197432883,0.166754584,0.0,-0.462935265,1.295750953,-0.250131431,8.39127,3.474805899,-6.921132691,0.81707754,567.1201673,224.6720869,0.314232512,25.3485695,0.0,213.3749597,1.424390618,7.736312571,0.923877563,0.0,5.416249133,3.302949808,-0.172440799,1.770552416,0.0,0.0,129.7042261,0.723543916,0.702088893,57.0,1.812176818,-0.049676154,-4.62515021,88.181997
23,2.0,0,6.714431066,3.952513317,0.98117,4.135059502,0.2,3.764683454,4.028,14.19425265,0.236746,3.59882733,3.131856969,-0.274547312,-7.546061031,3.367338098,0.144440526,0.0,-0.51993437,1.226680325,-0.301487798,5.79673,3.291914012,-8.076494304,0.854011869,1150.866467,441.2799894,0.316623861,23.68574879,0.0,208.9509569,1.427780976,7.665340185,0.92338114,0.0,5.248495256,3.37514289,-0.11840936,1.601184129,0.0,0.0,134.342523,0.608996017,0.844765304,56.0,1.763768188,0.091548451,-2.333138284,79.989411
23,2.0,0,5.997445545,3.951758943,0.92646,4.134671901,0.2,3.748488,4.266,14.09160802,0.377544952,3.584766963,2.856434528,-0.137371877,-5.819898789,3.536336802,0.207433262,0.0,-0.531292395,1.033461338,-0.319512489,5.31293,3.287380252,-16.87508681,0.841812706,928.1081298,-322.1484949,0.271902502,23.68574879,0.0,215.0189785,1.423526641,7.703750796,0.988054967,0.603000299,5.289898095,3.433157831,-0.09497186,1.428740727,0.0,0.0,70.12035825,0.608996017,0.831704981,54.5,1.749480186,0.077722751,4.159917593,73.802239
23,1.0,0,8.596638962,3.950316405,0.96353,4.120172257,0.0,3.747546811,3.959,14.1284561,0.596013935,3.583119894,2.858277471,0.016799888,-4.81189609,3.242386831,0.262727527,0.0,-0.312773876,0.965766872,-0.11025323,7.63989,3.285604083,-18.84399721,1.022106521,927.236706,199.5739614,0.271032874,23.68574879,0.0,207.9436727,1.410656876,7.491212,0.932674972,0.59667558,5.085487054,3.156040784,-0.113865355,1.423587759,0.0,0.0,71.46741547,0.621481844,0.645976732,51.0,1.749477017,0.009838634,4.254628486,74.327032
23,1.0,0,5.183042215,3.951312007,0.93633,4.122055353,0.0,3.751759311,3.479,15.46432973,0.475804868,3.581279825,2.773351962,-0.136873297,-5.23455745,3.565821848,0.242987505,0.0,-0.553267703,1.134030464,-0.350091124,7.71747,3.28568795,-9.374396526,0.863286182,799.4312846,655.0258775,0.276893304,23.9734319,0.0,213.4605784,1.423193451,7.701157828,0.935018755,0.0,5.140703431,3.526478233,-0.084767779,1.440705798,0.0,0.0,93.60988547,0.621481844,0.702980634,52.5,1.745862708,0.09889717,-0.153244509,73.252446
23,2.0,0,9.512839527,3.957142561,1.09143,4.125275831,0.111111111,3.807251462,4.053,14.39372872,0.167533639,3.683984432,3.39225359,-0.468773872,-7.937096633,3.084671618,0.1578932,0.0,-0.340769732,1.314801924,-0.119064032,8.28019,3.474746582,-5.475285762,0.819283912,723.028737,-199.6128772,0.323748074,26.77866246,0.0,211.5776252,1.433250859,7.622669792,0.93419586,0.0,5.458492857,2.964054597,-0.197006181,1.771322047,0.0,0.0,152.6428654,0.723543916,0.847494512,56.25,1.813767449,-0.041329238,-5.879339745,91.385376
23,2.0,0,10.95362793,3.963937635,1.11035,4.12544132,0.40852897,3.779069796,3.944,14.44318925,0.032775475,3.675738367,3.39272744,0.185662346,-9.131941792,3.122242798,0.113690907,0.597616496,-0.571943835,1.126978989,-0.449308991,7.15952,3.342072539,-4.528864254,0.977594433,920.917599,59.52754874,0.320096911,28.7379037,0.423233828,209.0435826,1.433409889,7.484871993,0.886664858,0.597616496,5.391489514,3.026171257,-0.198403731,1.595949685,0.0,0.0,75.37846015,0.606189892,0.776913604,54.75,1.799099111,0.01438722,-5.758648131,89.625376
23,1.0,0,5.785491287,3.949810612,0.88461,4.119475826,0.0,3.733312497,3.556,15.36270245,-0.162539809,3.610270047,2.660826108,0.20879313,-6.614162342,3.485596708,0.142938349,0.0,-0.489357923,1.025745916,-0.325384025,7.79187,3.286350533,-7.726442307,0.838288146,548.6697619,287.8428615,0.265950057,21.55530173,0.0,220.2617912,1.35484573,7.711184452,0.999279302,0.529898364,5.194430789,3.220210848,-0.100373292,1.42332027,0.0,0.0,32.87728572,0.636773795,0.698009405,49.25,1.776144589,0.151459835,-2.454268775,68.55486
23,2.0,0,4.605004718,3.953093929,0.99234,4.124330094,0.111111111,3.785432376,4.252,15.55547638,0.143689951,3.626005509,3.14744918,-0.364610727,-8.270997752,3.641985346,0.12647009,0.0,-0.610205481,1.306301474,-0.391694609,7.81586,3.310843287,-10.4138797,0.814201889,1015.769245,-989.1180339,0.334321964,26.59010951,0.0,217.0653288,1.423443441,7.896131144,1.034834711,0.0,5.244993582,3.553057025,-0.116486529,1.634780108,0.0,0.0,107.4493929,0.621481844,0.731280162,55.0,1.770748375,0.034344518,-4.676890144,79.872825
23,2.0,0,8.075348494,3.967762454,1.01341,4.138144503,0.2,3.772971906,4.258,14.31407123,0.026056975,3.651856542,3.258009431,-0.072441574,-8.948109198,3.394142471,0.106775444,0.0,-0.539888625,1.207326069,-0.310863349,6.42983,3.299569656,-16.46948769,0.824005229,1028.932067,-175.0525087,0.320966538,27.7105493,0.0,221.3615904,1.438151851,7.643478939,0.93762275,0.0,5.460616468,3.392283517,-0.153316177,1.51198271,0.0,0.0,107.6367207,0.593704066,0.95316392,58.0,1.78682815,0.069811708,-6.368136973,81.742618
23,2.0,0,4.510251477,3.959258157,0.93549,4.136928561,0.125,3.846019629,2.866,15.45824214,-0.061998085,3.658393897,2.941131688,0.251410964,-4.814845802,3.620545486,0.272175098,0.0,-0.594621634,1.192874506,-0.386892654,5.89354,3.291292057,-13.27036138,0.833774098,860.6793785,-349.3415378,0.30046353,24.42287801,0.0,219.1899648,1.423405642,7.815384364,1.012462257,0.0,5.242398346,3.545257304,-0.092623859,1.481434067,0.0,0.0,91.9806279,0.608996017,0.704099577,53.5,1.787769176,0.175443823,3.510368349,73.252446
0,9.0,0,0.0,3.928295433,1.18261,4.137035153,0.0,3.572779398,3.053,12.25009853,-0.044327598,3.36494754,3.577352609,0.045148314,-17.07743123,2.549223496,0.002770384,0.0,-1.78203297,0.784373878,-0.235533151,4.96519,3.16081716,-7.882646839,0.884098189,1004.322542,2076.612559,0.414278856,12.53197781,0.0,191.4094888,1.249629723,7.480211707,0.776888757,0.507469925,4.59856294,2.399033703,-0.313051789,1.415304605,-0.358079771,1.0,77.17980352,0.59231002,0.927005707,31.75,1.559652024,0.086831078,-7.576971943,64.084653
0,8.0,1,0.0,3.783422343,1.1128,3.989485293,0.814325285,3.625251387,2.389,13.39749064,-0.340872871,3.565809051,2.231338229,0.119927734,-4.741354062,2.617691187,0.194962182,0.547251178,-0.88327354,0.66332925,-0.88327354,5.2104,3.218163987,-4.751459068,0.829035459,-16.86059619,224.936311,0.164702425,12.70469421,0.0,184.6068454,1.372874417,7.65943369,1.255173866,0.547251178,5.041503901,2.634651059,-0.158115237,1.427242589,0.0,0.0,26.61798269,0.348110351,0.708023463,30.0,1.578406539,0.272730832,-0.519026255,63.682239
0,9.0,0,0.0,3.928345969,1.2383,4.139110087,0.0,3.590222527,3.051,13.09732075,-0.069677338,3.37861008,3.828899072,0.155780259,-9.456790012,2.457542369,0.047331586,0.0,-1.765181118,1.152283477,0.190392775,5.56809,3.261943334,-5.71511983,0.89964249,1232.904507,4232.576919,0.451788861,12.53197781,0.0,196.4704647,1.288984461,7.318636765,0.615157473,0.0,4.597097109,2.338017687,-0.343664034,1.558726393,-0.340700944,1.0,143.8352092,0.59231002,1.142413238,33.25,1.65802413,0.084698011,-15.67740499,70.271825
0,8.0,1,0.0,3.783422343,1.1128,3.989485293,0.814325285,3.625251387,2.389,13.39749064,-0.340872871,3.565809051,2.231338229,0.119927734,-4.741354062,2.617691187,0.194962182,0.547251178,-0.88327354,0.66332925,-0.88327354,5.2104,3.218163987,-4.751459068,0.829035459,-16.86059619,224.936311,0.164702425,12.70469421,0.0,184.6068454,1.372874417,7.65943369,1.255173866,0.547251178,5.041503901,2.634651059,-0.158115237,1.427242589,0.0,0.0,26.61798269,0.348110351,0.708023463,30.0,1.578406539,0.272730832,-0.519026255,63.682239
0,10.0,0,0.0,3.928419534,1.34688,4.141039089,0.2,3.746809807,3.881,14.16654127,-0.197943733,3.61618747,4.490272438,0.255969581,-7.619544056,2.397110768,0.134641017,0.0,-1.993595549,1.160376286,0.033523402,5.55909,3.358650046,-3.885439685,0.994553928,1262.922197,1332.599213,0.52642537,16.07326895,0.0,192.8119369,1.560119331,7.467283667,0.889616016,0.0,5.075362481,2.413791445,-0.386827615,1.671296142,-0.411185344,1.0,190.001449,0.728392784,1.09488663,39.75,1.765370094,0.08840665,-6.517016195,85.641376
0,9.0,0,0.0,3.92831878,1.20205,4.13797748,0.0,3.579180215,3.068,12.7292652,-0.06404002,3.369038751,3.602925804,0.100143914,-11.09074921,2.473038874,0.024799882,0.0,-1.742357044,0.981357296,0.102429812,5.22589,3.203167306,-6.257923918,0.891571378,1062.780342,3206.00269,0.409444464,12.53197781,0.382469925,194.0686456,1.286617805,7.387100723,0.683511164,0.382469925,4.689815737,2.343722496,-0.328357912,1.555868165,-0.339186276,1.0,110.9956787,0.59231002,1.035928184,32.5,1.574540545,0.081907414,-11.6836492,67.178239
18,3.0,0,0.200125502,3.882256469,1.34153,4.05690602,2.738243028,3.774510615,5.374,16.26447094,-0.675380668,3.640633613,4.96891345,-0.693502569,-9.130270295,4.595177989,0.212778526,0.433587772,-1.827185294,0.918840428,-1.456595242,5.19737,3.625087752,-1.334727397,0.87084087,724.6094974,-3180.397916,0.453698782,0.0,0.378556918,191.9666401,1.622261815,8.07708032,1.234531152,0.566162972,6.088612842,4.081582082,-0.218810709,1.738012731,-2.140602168,0.0,-15.8678243,0.676251637,0.825922868,66.5,1.863297472,-0.007757259,2.25475505,117.470099
0,10.0,0,0.0,3.928443209,1.43808,4.141589383,0.2,3.774863254,3.842,14.53584683,-0.235777977,3.64043287,4.837400832,0.227072798,-7.796445146,2.453741808,0.142400569,0.0,-2.038180247,1.140841568,0.041347476,6.23538,3.358661691,-5.031050881,1.037611827,1402.820896,630.079434,0.554351237,18.57273803,0.0,190.1780339,1.571589642,7.433937453,0.893352759,0.0,5.214646921,2.453300472,-0.407805624,1.750811209,-0.419167598,1.0,208.1531413,0.771462513,1.025534276,40.75,1.809568319,0.089614252,-12.07685155,91.828548
0,10.0,0,0.0,3.928437857,1.40572,4.141492809,0.2,3.767706938,3.842,14.37695794,-0.191087022,3.633646302,4.825555737,0.229312856,-7.445361108,2.443236005,0.148218617,0.0,-2.024480322,1.136720198,0.030606735,5.84528,3.358654876,-4.563803768,1.083138237,1406.093329,1487.587423,0.569788065,18.57273803,0.0,194.4594262,1.561322415,7.422380365,0.861476298,0.0,5.141477641,2.430931996,-0.398546365,1.732610277,-0.417840437,1.0,199.3745107,0.799646176,1.039548461,40.25,1.780767186,0.076817805,-11.49459376,88.734962
0,10.0,0,0.0,3.92844222,1.45526,4.14151867,0.2,3.787645367,4.065,14.6809695,-0.186496737,3.647649411,5.158830461,0.211732582,-5.623315474,2.416159828,0.270428434,0.0,-2.054579549,1.284898819,0.118612678,5.53108,3.508628794,-3.523656059,1.098058244,1244.656712,1570.512074,0.543435752,18.57273803,0.0,197.9557416,1.659316083,7.453579769,0.855740841,0.0,5.335912523,2.426525772,-0.41711704,1.767733445,-0.421312597,1.0,247.692643,0.882979509,1.001601354,43.5,1.824691051,0.06616689,-14.08331955,98.448927
0,11.0,0,0.0,3.928442745,1.45656,4.141519776,0.425695024,3.79298654,4.536,14.72562515,-0.267379708,3.650994965,5.287262968,0.321878926,-5.172307202,2.386075858,0.316826301,0.0,-2.105322671,1.085260942,0.033571588,5.44778,3.539432349,-2.976328932,1.056767581,1334.088984,1498.482628,0.589079298,19.09687018,0.0,191.8178382,1.662150433,7.500765398,0.867961288,0.0,5.252145548,2.599071294,-0.41691326,1.767708732,-0.448500806,1.0,236.0081467,0.882979509,1.010769879,46.25,1.824646167,0.013018144,-14.67050004,101.010927
18,5.0,0,0.600827817,3.978003265,1.27424,4.713759945,1.251412548,3.882218564,5.6,16.23448509,-0.114392801,3.790948464,4.890902765,-0.420232364,-3.02245965,4.389245262,0.577216355,0.0,-4.760007431,0.899360287,-0.866371785,8.19207,3.625110685,-1.017032519,0.777009123,557.9205264,-3021.34941,0.392969459,23.82333962,0.369003118,198.2755611,1.61791399,8.023271408,1.179064078,0.369003118,5.753551661,3.74340371,-0.215930694,1.812130131,-2.075653797,0.0,443.8296512,0.490369104,0.75685371,66.75,1.863297823,-0.198376489,0.635210237,112.74172
18,3.0,0,0.559208616,3.882196743,1.26821,4.056906015,1.24476717,3.774157983,4.68,16.19720958,-0.420649046,3.625114223,4.28775341,-0.650967468,-8.122969513,4.24863208,0.215965683,0.53261555,-1.692113524,0.877343051,-0.988437645,6.32367,3.460684591,-0.365554344,0.850816168,826.8822031,-3220.042501,0.374335559,24.45471385,0.551497498,195.7895971,1.619150837,8.033322242,1.25124342,0.621057445,5.898848327,3.936576094,-0.204392442,1.731860862,-2.074362527,0.0,2.774036436,0.41820032,0.803162403,62.0,1.863297554,-0.037531625,-0.039716042,108.08172
18,3.0,0,0.651682984,3.882170505,1.28902,4.056906006,0.360562393,3.774138615,4.732,16.25200013,-0.251352713,3.625111796,4.155647733,-0.679605014,-5.412730459,4.006180517,0.393281598,0.0,-1.688004051,1.120733566,-1.069507502,7.57628,3.460290251,1.024192327,0.865655095,767.1499574,-2618.317064,0.374335559,23.82333962,0.374633889,193.3084285,1.636158201,8.048982988,1.22964455,0.374633889,5.740169985,3.76467907,-0.213400748,1.712928665,-2.067056935,0.0,142.2359447,0.41820032,0.827157752,65.5,1.863297463,-0.072208875,-0.759151993,120.293271
18,3.0,0,0.616240856,3.882170506,1.3203,4.056906006,0.360562393,3.774138616,5.102,16.29021777,-0.253283081,3.625111796,4.155647733,-0.86413791,-2.528034628,3.900193077,0.673676394,0.0,-1.694556873,1.228697145,-1.080383566,7.60948,3.460290519,1.59624831,0.888462691,540.8196004,-2273.368631,0.374335559,23.82333962,0.372931729,188.2406703,1.684719065,8.021366688,1.206878365,0.372931729,5.50814636,3.622524269,-0.22133988,1.728886423,-2.079342044,0.0,187.8768333,0.41820032,0.834904782,69.5,1.863297463,-0.053123643,-2.913702326,134.271615
18,3.0,0,0.603332504,3.882170506,1.33408,4.056906006,0.360562393,3.774138616,5.287,16.30460284,-0.254248266,3.625111796,4.155647733,-0.956474844,-1.75550194,3.85347493,0.769499316,0.0,-1.696995627,1.271996494,-1.083717867,7.62608,3.460290526,1.730450423,0.898797571,425.3218208,-2121.322002,0.374335559,23.82333962,0.372332949,186.0068558,1.698880972,8.009541068,1.197045219,0.372332949,5.385611482,3.559344358,-0.224209618,1.732629548,-2.083953362,0.0,210.7744477,0.41820032,0.838595381,71.5,1.863297463,-0.046765162,-3.971182276,141.260787
18,3.0,0,0.667593114,3.883041038,1.35355,4.056906623,0.360562393,3.774513949,4.693,16.30183809,-0.435115091,3.625188247,4.498254882,-0.541261563,-6.807114541,4.072310201,0.321576734,0.0,-1.691712339,1.123158975,-1.054507502,8.21238,3.482163183,0.714296384,0.929171416,868.2096222,-1912.985698,0.429891115,25.73968842,0.364633889,191.5756833,1.711918918,7.935880545,1.157450812,0.364633889,5.758084168,3.700634975,-0.230761859,1.810706715,-2.073661635,0.0,153.332148,0.41820032,0.807591483,66.5,1.863304056,0.019232854,-5.226262166,126.480443
24,4.0,0,1.313276695,3.88220505,1.21765,4.056906017,0.702312192,3.785124303,5.014,16.26519335,-0.60022814,3.784710021,4.420793395,-0.824986855,-7.901901946,4.073811433,0.262027606,0.0,-1.699020782,0.907796803,-1.026251431,8.37437,3.625113941,-0.328342666,0.860042404,859.7541843,-3240.699692,0.374335559,24.89247171,0.58935283,197.4356821,1.647132391,8.041307117,1.28193954,0.58935283,5.842333978,4.00254425,-0.217752886,1.863297524,-2.086989652,0.0,85.25278387,0.520262393,0.811213456,73.25,1.908935225,0.081024716,0.77967702,119.975306
18,4.0,1,0.477238239,3.882200445,1.22518,4.056906016,1.342746403,3.774161583,4.471,16.17800108,-0.591629181,3.625113939,4.197743522,-0.902468966,-10.86230524,4.116624502,0.123822666,0.734004439,-1.69708434,0.81818052,-1.291725316,7.05507,3.460467508,-0.523020173,0.835962789,997.1719899,-3464.850113,0.374335559,24.45471385,0.637400276,197.8221411,1.588475578,8.06051736,1.274758363,0.734004439,5.80546713,4.063918192,-0.197533467,1.646058452,-2.08323573,0.0,17.77005543,0.41820032,0.794446027,63.0,1.863297525,0.104083637,0.318200848,103.654548
18,4.0,1,0.488143567,3.881052683,1.1832,4.056904865,1.342746403,3.773792589,4.51,16.15048407,-0.708869826,3.625072568,4.112331519,-0.832749413,-9.779355739,4.197718718,0.146970891,0.749629439,-1.693803878,0.82861002,-1.289552224,6.66657,3.459780384,-0.179927515,0.826118488,781.3761593,-3099.021759,0.374335559,22.35094228,0.657400276,197.7778836,1.588331958,8.035412211,1.26083887,0.749629439,5.764755789,4.193362835,-0.187202888,1.606419953,-2.077472274,0.0,11.07915114,0.41820032,0.755079564,62.5,1.863296043,0.227489422,0.804471822,100.560962
18,3.0,0,0.662588312,3.881031343,1.24697,4.056904856,0.360562393,3.773777946,4.771,16.22448312,-0.377605306,3.625071336,4.069243615,-0.653696151,-4.869907678,4.04401304,0.425551303,0.0,-1.684723588,1.129195817,-1.067192687,7.18778,3.459725443,1.164260652,0.847685411,565.1014112,-2846.416534,0.374335559,22.03274543,0.380806728,191.609637,1.622357923,8.064194075,1.250230887,0.380806728,5.696709229,3.88530324,-0.20307017,1.71247002,-2.061293479,0.0,136.2847756,0.41820032,0.790145064,65.0,1.863296005,0.01745542,0.450652602,117.199685
18,3.0,0,0.627146183,3.881031343,1.27989,4.056904856,0.360562393,3.773777946,5.141,16.26270076,-0.379535675,3.625071336,4.069243615,-0.838229055,-2.330229665,3.932158009,0.690818796,0.0,-1.69127641,1.236016611,-1.078068751,7.22098,3.459725532,1.592248171,0.87161453,342.8427976,-2471.21896,0.374335559,22.03274543,0.379104569,186.5569179,1.68374263,8.033591344,1.223286573,0.379104569,5.45919643,3.725251486,-0.211009302,1.728761781,-2.073578588,0.0,182.1954619,0.41820032,0.800652385,69.0,1.863296005,0.024508332,-1.661906841,131.178029
18,3.0,0,0.583423889,3.882170506,1.3591,4.056906006,0.360562393,3.774138616,5.657,16.32726732,-0.256178635,3.625111796,4.155647733,-1.141148711,-0.89789506,3.770293837,0.884264261,0.0,-1.700807079,1.343448603,-1.088318646,7.65928,3.460290528,1.813321825,0.917592947,190.8754819,-1848.531801,0.374335559,23.82333962,0.371431637,182.0295763,1.715514904,7.988988956,1.179759527,0.371431637,5.14879958,3.446056241,-0.228606903,1.736930096,-2.091204073,0.0,256.6493404,0.41820032,0.845538731,75.5,1.863297463,-0.038187926,-6.065869646,155.239131
18,3.0,0,0.592557705,3.882170506,1.34696,4.056906006,0.360562393,3.774138616,5.472,16.31679775,-0.25521345,3.625111796,4.155647733,-1.048811778,-1.238947457,3.810304996,0.837786073,0.0,-1.699051139,1.309934809,-1.086284089,7.64268,3.460290528,1.797725408,0.908490859,308.6105753,-1980.222243,0.374335559,23.82333962,0.371841802,183.9426981,1.708596049,7.998795673,1.188043179,0.371841802,5.265216887,3.500677298,-0.226594131,1.735151379,-2.087856955,0.0,233.7020139,0.41820032,0.842141853,73.5,1.863297463,-0.04189564,-5.021027157,148.249959
18,3.0,2,0.454370223,3.97800306,1.20124,4.402940597,1.828867548,3.879881452,5.602,16.1054809,-0.049906128,3.625083945,4.130626366,-0.672482275,-5.058194105,4.453351648,0.348613842,0.647965575,-6.108942217,0.719336571,-0.963260526,6.96507,3.460274482,-1.148526968,0.747365088,613.0553683,-3231.71986,0.374335559,21.54943249,0.387748863,201.0507174,1.540048919,8.048067482,1.175561165,0.647965575,5.612003251,4.126779415,-0.178318902,1.589324937,-2.067478446,0.0,445.049967,0.41820032,0.693506202,59.0,1.863295852,-0.042792066,-0.487443902,96.477376
18,3.0,0,0.855081454,3.882294873,1.34075,4.056906047,0.360562393,3.77424592,4.203,16.22512495,-0.032892901,3.625121056,4.841405587,-0.493198188,-11.67974837,3.826783468,0.110391062,0.0,-1.669123946,0.907635287,-0.793712309,8.61038,3.504909348,-0.93598406,0.818631357,1398.036182,-1710.259827,0.480837168,24.77252217,0.363818537,188.8069514,1.622145642,7.903304387,1.172502287,0.363818537,5.777092868,3.693211326,-0.215156678,1.829244802,-2.032630918,0.0,101.5037964,0.41820032,0.867360916,61.75,1.863297986,-0.188472023,1.223047912,112.664892
18,3.0,0,0.732376708,3.978003071,1.44443,4.433836462,0.360562393,3.879981236,5.17,16.26417159,0.261541696,3.6251717,5.076998218,-0.445931482,-2.383029518,3.956072941,0.653416201,0.0,-5.70054887,0.83475867,-0.838614835,9.63067,3.602485602,-1.66769845,0.804275425,2215.615436,1121.843115,0.374335559,21.54943249,0.363052939,198.403622,1.800734249,7.755305028,0.948791833,0.363052939,5.283493444,3.491682553,-0.317867759,1.816814584,-3.742993083,0.0,640.0067271,0.41820032,0.931734367,63.5,1.863295898,-0.390062943,-0.835485176,121.226064
18,3.0,0,0.742491834,3.882279796,1.3118,4.056906043,0.360562393,3.774229863,4.612,16.26047101,-0.411535802,3.625118473,4.435571794,-0.863311264,-10.5045422,3.940404822,0.15323063,0.0,-1.681763637,1.102195187,-0.828214492,7.47488,3.473685632,-0.74263188,0.867916287,971.1249836,-2586.367562,0.392969459,23.82333962,0.367434713,193.2264556,1.616116215,7.978905017,1.20742851,0.367434713,5.740477793,3.717537669,-0.220204766,1.766037389,-2.055588729,0.0,130.3151292,0.41820032,0.817240581,64.25,1.86329765,-0.02877369,3.630569871,117.362478
18,3.0,0,0.882165938,3.882324095,1.2904,4.056906051,0.360562393,3.774311124,4.465,16.23936557,-0.218962925,3.625127612,4.75179956,-0.633784201,-8.955946541,4.004386896,0.190422761,0.0,-1.668112001,1.023558795,-0.783728896,7.62827,3.561283469,-0.706378613,0.864577037,1060.130384,-2656.032726,0.392969459,23.82333962,0.364554895,197.3508824,1.621417384,7.969767065,1.234187571,0.364554895,5.772039002,3.765336567,-0.216856069,1.863294577,-2.030861412,0.0,125.8923974,0.501533654,0.804406062,63.5,1.868836382,-0.079331229,2.69664612,113.098099
18,3.0,0,0.873382344,3.882152861,1.23494,4.056906,0.360562393,3.774124583,4.407,16.13462559,-0.180052005,3.625114726,4.160062139,-0.51173898,-13.58146631,4.060485833,0.059044012,0.0,-1.660036395,0.932033375,-0.78829139,7.80737,3.460387218,-1.39946035,0.805826159,1130.182766,-3090.66536,0.374335559,23.82333962,0.37550649,196.2623067,1.58680194,7.985290582,1.257908507,0.37550649,5.648488076,3.960896945,-0.188693489,1.652474171,-2.016281874,0.0,64.54301644,0.41820032,0.803021212,58.5,1.863297627,-0.106350929,0.27460422,98.523755
18,3.0,0,0.880923889,3.882262556,1.28896,4.056906042,0.360562393,3.774202286,4.368,16.17396943,-0.284222203,3.625126436,4.4716547,-0.536330805,-10.46622636,3.963246376,0.123286388,0.0,-1.662932807,0.946784482,-0.783378314,8.44347,3.490252978,-1.197204477,0.849294879,1242.168811,-3333.208772,0.422448082,25.18095369,0.368562045,192.9303329,1.609698255,8.003475259,1.27904453,0.368562045,5.654849723,3.802124641,-0.201448591,1.801381919,-2.021501111,0.0,75.26961187,0.41820032,0.810231353,59.5,1.863298166,-0.065475639,3.241338496,104.710927
18,3.0,0,0.884287671,3.881018746,1.19376,4.056904852,0.360562393,3.773768965,4.446,16.10710858,-0.267208706,3.625073018,4.080056658,-0.513552905,-13.08859398,4.185996148,0.06174099,0.0,-1.656755933,0.944897948,-0.785976576,7.41887,3.45975599,-1.130832786,0.817887194,921.0202816,-3149.155731,0.374335559,22.03274543,0.381679329,200.5003668,1.580854135,7.989026319,1.262704016,0.381679329,5.602567157,4.046319042,-0.17836291,1.594270524,-2.010518419,0.0,58.74580825,0.41820032,0.754839363,58.0,1.863296106,0.001727539,0.670456882,95.430169
18,3.0,0,0.827556507,3.882203834,1.3168,4.056906013,0.360562393,3.774179805,4.288,16.23326172,-0.083922706,3.625667359,4.376825558,-0.601329339,-8.859404177,4.138230779,0.193857795,0.0,-1.670994417,0.838747624,-0.914919127,9.73017,3.624557161,-0.566132118,0.885379768,992.2405201,-2586.616294,0.374335559,24.77252217,0.367057307,199.1654014,1.623131588,7.953200415,1.222637906,0.367057307,5.7436381,3.8008505,-0.214355876,1.863297405,-2.035889344,0.0,110.307462,0.520262393,0.839028502,62.5,1.908925675,-0.149360686,-0.530612034,113.460099
18,3.0,0,0.83549423,3.882308102,1.26828,4.056906049,0.360562393,3.774271981,4.402,16.22201013,-0.283093591,3.62512147,4.435571794,-0.682674515,-10.07924494,3.991758116,0.14930795,0.0,-1.670664068,1.001453791,-0.798914081,7.71307,3.514231264,-0.795869624,0.85487776,883.379239,-2696.482926,0.392969459,23.82333962,0.369328137,197.4105798,1.617383457,7.990763238,1.230939972,0.369328137,5.726805316,3.770994553,-0.210577685,1.80633823,-2.035462799,0.0,113.7165725,0.520262393,0.821088871,62.75,1.863297795,-0.091702591,1.562657973,109.03972
18,6.655355955,0,2.291144502,3.860145828,1.216637285,4.297230519,0.649781812,3.69349701,3.404365935,14.30613356,-0.283093591,3.580552228,3.566922379,-0.682674515,-5.101985366,3.991758116,0.434520763,0.252949684,-1.794483307,0.940441746,-0.515468416,5.942159242,3.364552556,-4.538224905,0.831968918,883.379239,-2696.482926,0.334041355,15.82662485,0.133697624,197.4105798,1.471630517,7.990763238,1.083677074,0.375877275,5.266549148,3.770994553,-0.244007423,1.596111072,-1.022059029,0.26746507,113.7165725,0.499485791,0.767659449,42.08516301,1.760544181,0.017952082,1.562657973,109.03972
