Smiles,naAromAtom,nBondsD,nAcid,SaasC,SpMax3_Bhm,ETA_EtaP,SpMax1_Bhm,MDEO-11,SpMax4_Bhm,MLFER_S,maxHBa,ATSC4c,SpMax4_Bhv,VPC-4,ATSC8c,VE3_Dzs,AATS6s,VE1_Dzs,minHsOH,gmin,GATS2c,minwHBa,CrippenLogP,SpMax5_Bhv,VE3_Dzv,GATS6m,ATSC2m,ATSC8m,VC-5,MDEC-33,maxHssNH,AATS6v,SpMin6_Bhm,AATS8e,GATS8m,maxHBd,IC3,AATS7s,hmin,SpMin5_Bhm,SssssC,ndsN,ATSC1m,SCH-6,GATS5m,ETA_Beta,SpMin4_Bhm,AATSC5s,ATSC7p,apol,pIC50,Predicted_pIC50
CC(C)(C)C[C@H]1N[C@@H](C(=O)NCCN2CCOCC2)[C@H](c2cccc(Cl)c2F)[C@@]12C(=O)Nc1cc(Cl)ccc12,0.5281675340791524,-1.1226649682267935,-0.7808828289898957,0.472077033123233,-0.5236490519176819,0.4130875550544586,-0.3369825768284506,-0.6967167318502979,-0.630021124429517,0.0434500618718077,1.0651877157955214,0.7107218673552528,-0.475783035254207,0.5597955373782932,-1.7732219533837903,0.5070686323009512,0.9692331093219516,0.1564430548533252,-1.083273594061667,0.3902906270453125,1.3033572557597983,0.4762555943692117,-0.6605564716885466,0.5366512005889337,1.1246850004662416,-0.660349872688556,-0.0509258712123562,-1.8964694091608796,0.3821896201734997,0.4711586442079127,0.9213136596265764,-0.4867374975090842,0.796923997777229,0.5689026112064134,1.084005446546009,-0.4038278662103747,0.2263790155913458,0.2422222090232952,0.3237673059165782,0.3989719084701867,-0.1571107641238458,-0.4453480022077192,-0.2777016129362835,0.92987946018581,0.1768327588588333,-0.0087401028903569,0.8276205789233433,-0.7720916444071527,-0.482768129509287,0.2467119974541981,7.548213564,7.478832363368227
CC(C)[C@@H](CN(C)S(=O)(=O)C1CC1)N1C(=O)[C@@](C)(CC(=O)O)C[C@H](c2cccc(Cl)c2)[C@H]1c1ccc(Cl)cc1,0.5281675340791524,-0.6403538499632889,1.147602843917827,0.8030022446139758,0.6286387330406052,0.7699661010405547,0.6881444562876817,1.5175572886501276,0.8504752197442388,-0.3523296725364988,0.1373252745873167,-1.081925027558826,0.6979759661794499,1.2368970943192164,1.0786707826597617,1.3197424296639149,-0.9267540847151456,2.200349184787981,0.8170228354273279,-1.9451031963688512,-0.7827996907263747,-0.9744960285449358,0.5082177498456448,0.7854396227067172,0.1944292360459291,0.3792566559327182,0.8236998922584645,-0.0159066297821711,1.466104298391886,-0.3953331808583161,-0.7668755972571919,-0.7721460995460208,-0.0591609418137521,-0.6100028834092657,0.0822789224407586,0.3359632840191494,0.2430224314669745,-0.1776674031350381,-0.4285897688653121,-0.082483949555349,-0.0603951627431544,-0.4453480022077192,2.2827981986805197,-0.753286562895249,-0.1715868562292325,0.0169168788366103,0.4887738968228401,0.6642657985037178,1.444678160538592,0.3801413858305081,9.698970004,9.440395570038953
C1CC(CCC1CO)COC2(C3=CC=CC=C3C(=O)N2CC4=CC=C(C=C4)[N+](=O)[O-])C5=CC=C(C=C5)Cl,-0.8394605369481851,1.0477350639589769,-0.7808828289898957,-0.7703660157459702,-0.3347660590250811,-0.6222389383727472,-0.4485283740834125,0.0491288940707168,-0.1466805557467018,-0.3853857677353866,-0.2673857388017724,0.3247320671692004,0.8770962419561127,-0.6782824344129064,-0.9215240564330808,0.6556680734597636,-0.6658107031757969,0.3569100374800476,0.8678915296935081,0.3956259101490695,0.3076987105784057,0.810190063201972,-0.7030244421558407,-0.6101819084186694,-0.3763591857331189,-0.125715769648518,-1.4321402115596549,-0.2455205279843919,-0.8587199192536048,-1.5239380674489444,-0.7668755972571919,0.4402546154627217,0.0677162546950158,-1.4401219675919794,0.069243630747878,0.39477726955843,-0.736285669798681,-0.5923649075438804,-3.016066872009985,-0.2043635906896878,-0.0552163153092341,-0.4453480022077192,-0.1735365359587828,0.391455877369487,-0.096304252355762,-0.0857110480712586,0.786163393137034,-0.9161182730415236,0.509493624194191,-0.1586826840449491,6.236572006,6.259138775233455
CC[C@@H](CC(O)C(F)(F)F)N1C(=O)[C@@](C)(CC(=O)O)C[C@H](c2cccc(Cl)c2)[C@H]1c1ccc(Cl)cc1,0.5281675340791524,-1.1226649682267935,1.147602843917827,0.5954153248792778,-0.4072065036886349,0.3224756021332071,-0.4455879200285456,0.6706922058931694,-0.4891752862166089,-0.9401921222896944,-0.1779278736593442,-0.721121177280556,-0.562432096829838,-0.0515971038434632,0.2690049956879322,0.2614912582920341,0.1465102428842277,-0.2313278587132672,0.6304187198432281,-1.7116085937180892,-0.8112863355637385,-1.2545124406047932,0.2223316584555661,-0.7265866925233517,0.4382640737880178,-0.1631510695391774,0.4873673233177407,0.6721062927968489,-0.2700387575662137,-0.705763145648572,-0.7668755972571919,-0.6218259547064694,-0.095285288866747,1.396123145194471,0.0334044537369958,0.5849942219182849,0.0239869449573111,1.3468752890295388,0.3545912211009647,-0.3186965983447376,-3.807864736387486,-0.4453480022077192,-0.9696196426355044,-1.4616695904183243,-0.2959192182414334,-0.4192518105218328,0.3759120482813892,-0.0248635260153884,0.3030137582519175,-0.3796722530946124,7.853871964,8.094308158965429
CC(C)N1[C@@H]([C@H](C[C@](S1(=O)=O)(C)CC(=O)O)C2=CC(=CC=C2)Cl)C3=CC=C(C=C3)Cl,-0.8394605369481851,0.5654239456954723,1.147602843917827,-0.7703660157459702,0.4790822405929653,0.2755266922914035,0.6914897860377157,1.411659825412544,-1.453199056292572,-0.969674585575189,-0.235777555078379,-0.3812593747436353,-1.926468560000673,0.5923467750669321,0.2077015850405856,0.2920505451849128,-0.6951756341762348,-0.3612052640203637,1.0513590429079105,-2.2638544198128017,-1.459762377417143,-1.0749023767675303,0.1915539786739139,-1.1617219845580993,-1.797998352055138,0.2602920987647179,1.2016760847742003,-0.0063133725734142,1.4920711025485518,-1.4522730683988228,-0.7668755972571919,-0.9486046336726168,-1.2472335861493158,1.0274554961809506,1.1381623488782515,0.6069009700933106,-1.235418946908708,-0.5767786745957401,-0.1167725971642939,-1.0601418741036663,-0.1380059517222394,-0.4453480022077192,1.7605921159764144,-1.487876972772231,0.3663567273635835,-1.1633042806038827,-0.2124448183995871,1.3226375922313047,2.6250197433023867,-0.8114688165719084,6.920818754,7.3225443165360895
C[C@@]1(C[C@@H]([C@H](N(C1=O)[C@H](CS(=O)(=O)N2CCCC2)C3CC3)C4=CC=C(C=C4)Cl)C5=CC(=CC=C5)Cl)CC(=O)O,-0.8394605369481851,0.8065795048272245,1.147602843917827,-0.7703660157459702,0.4811206638824335,0.9600451393443232,0.6574227808852423,1.703379963207191,0.927930324082626,-0.1834755646286659,0.1508643813943078,0.0225542716397619,0.7877950103919742,0.6475385567380249,-0.7784058801085864,1.1830749409003998,-0.2643296947725552,1.703429106108417,0.8194283353435633,-2.057294198377895,-0.9554185993849106,-0.9740586923145484,-0.3891051774614546,1.5223855088887082,0.0408851879961421,-0.1208418913961285,-0.8289718178543256,0.1240605328907257,0.4106458741703971,-0.5887717548160264,-0.7668755972571919,-0.2298893130221269,0.4227623816655196,0.3389584845675583,-0.0642589150223735,0.3387445041650392,0.3260028550998874,-0.5985916439308299,-0.4316637646906458,0.6648085056896319,-0.0649410747243867,-0.4453480022077192,2.262995382015794,-0.2555992535215833,0.6019779570199688,-0.342280865340931,-0.3371075963133759,-0.5936635413515946,-1.9502117712475464,0.3064235631641853,10.0,9.292047475572048
CC[C@@H](CNS(=O)(=O)C)N1[C@@H]([C@H](C[C@](C1=O)(C)CC(=O)O)C2=CC(=CC=C2)Cl)C3=CC=C(C=C3)Cl,-0.8394605369481851,0.8065795048272245,1.147602843917827,-0.7703660157459702,0.4807952661951411,0.5602832474766265,0.6260119918152668,1.5175572886501276,0.8058390611797324,-0.4407770623929825,-0.1203609551083111,-0.8070283272502969,0.5152679157205008,-0.14901482734213,1.1441200055002418,0.9173604972965672,-0.7163216075764137,0.8964571947788152,0.9721997465835852,-1.8342390849617076,-1.2948761251662384,-0.9974468739305168,-0.2241734072514985,0.1525746802882863,0.4329860876764989,0.1807914180950807,-1.163764421548258,0.3100644343397958,-0.5153497527854671,-1.011252821616036,0.6415934406199628,-0.6121858755274531,-0.0768330314550235,0.2438790302593824,0.6036784745489863,0.5153776122308744,0.378713942027163,0.1307119959604019,0.1645216474215495,-0.6448581426765334,-0.0519191249424254,-0.4453480022077192,1.8295208538708647,-1.4616695904183243,-0.2597919562407338,-0.6758216277915052,0.1967038235601082,0.6423190694930294,0.9961654332776764,-0.2301684407166952,9.15490196,8.836469142389227
C1CC1[C@@H](CO)N2[C@@H]([C@H](C[C@@H](C2=O)CC(=O)O)C3=CC(=CC=C3)Cl)C4=CC=C(C=C4)Cl,-0.8394605369481851,0.32426838656372,1.147602843917827,-0.7703660157459702,-0.3756123915142355,-0.2036529284427381,-0.4784347715679599,0.7866613246664154,-0.4397580495113504,-0.714159903767569,-0.4111106384901089,-0.8829733650711984,-0.119778314485213,-0.9437445245101984,1.0627575713698674,-0.0338081301941919,-0.6984640455081078,-0.6211603545320687,0.3200409622720824,0.4822676335335665,-1.1726063888592684,-0.8673327331018037,-0.8957933494931509,-0.8639877215895952,-0.022369474604932,-0.1000271403420693,-1.6637825873821637,0.7754721339190044,-0.5956065542506652,0.0179755323378541,-0.7668755972571919,-0.5484623060080647,-0.7522732919105698,0.4697800311124064,0.2405757680508382,0.7711858134540233,-0.2650932256188044,-0.3187111883086814,0.4348717000296161,-1.1631660003293676,0.7639290296439762,-0.4453480022077192,-0.8353445655744347,-0.2912826344113648,-0.4517763314452571,-1.1119903171499483,-0.9603284810364208,1.7415110391048452,0.0221633159212686,-0.7771965236315805,7.397940009,7.112321638187277
CC[C@@H](C)OC1=C(C=C2CC(=O)N([C@H](C2=C1)C3=CC=C(C=C3)Cl)C4=CC=C(C=C4)N(C)CC5CCC(CC5)NC(=O)CC)OC,-0.8394605369481851,1.0477350639589769,-0.7808828289898957,-0.7703660157459702,-0.4852220132022283,0.6045589097829547,-0.4776033682167315,-0.8409301224995684,-0.0338927846667427,0.5455453457035645,-0.2337999215152672,-0.1903160106782706,0.7603857998671352,-0.2384970104575768,0.4977699688202643,0.8557049987396184,-1.09886261042226,0.8690984006554233,-1.083273594061667,0.8608947802383443,0.8842501368160962,1.1769659082224877,1.6033934560123742,0.3402038664451088,0.6091828689775681,0.9200260584772458,0.0857467034762468,1.0102305832891765,-0.8589529904882627,0.1020830361959088,0.6985393365785612,-1.2368003558998664,1.9375067913572035,-1.1950771052622324,-0.9299418042089612,-0.5961361258290282,1.7390987849398638,-1.4905583771113742,-0.8219826934698327,1.418427666120127,0.7639290296439762,-0.4453480022077192,0.301019682359927,-0.7398059583366748,0.0771358989280256,0.2734866961062827,0.818956595957427,-0.2420936225617123,0.3894919012572101,1.2627043374833549,7.698970004,7.6227167785387735
CC[C@@H](C)Oc1cc2c(cc1OC)CC(=O)N(c1ccc(N(C)CC3CCN(C(=O)N(C)C)CC3)cc1)C2c1ccc(Cl)cc1,1.211981569592821,-1.1226649682267935,-0.7808828289898957,1.8549974977504808,-0.3104552102501312,-0.1935725575277121,-0.4405708039475474,-0.8340628192817052,0.1104871590131116,0.2927108878309898,-0.2343671600845957,-0.451490729488146,0.4998510828128429,-0.0419048096847349,0.0902010556091474,0.756074616772851,-1.2585412941668817,0.6771843045095153,-1.083273594061667,0.8565300465864252,1.6792081112432853,1.1621381831095736,1.1515954135275734,0.3320493073978595,0.6820868043496074,0.3872535884739498,0.5149994068002385,0.8997428140203876,-0.4749805370670383,-0.0601094752449714,-0.7668755972571919,-1.5386482993515356,1.422983206393998,-0.9952577603440472,-0.8689063674596528,-1.8611445508996245,0.7246636296805657,-1.3963910916157194,-0.8101999136797428,1.4430237594441713,0.7639290296439762,-0.4453480022077192,0.5288752018518689,-0.7398059583366748,0.4228309064732475,1.0431961479153,1.0335299990633229,-0.4304807392868184,1.1847379309208932,1.1893620175362962,7.910094889,8.123147533398498
CC[C@@H](CN(C1CC1)S(=O)(=O)C)N2C([C@H](C[C@](C2=O)(C)CC(=O)O)C3=CC(=CC=C3)Cl)C4=CC=C(C=C4)Cl,-0.8394605369481851,0.8065795048272245,1.147602843917827,-0.7703660157459702,0.4808240822374456,1.04302719825807,0.6446645672963409,1.5175572886501276,0.8156150973951797,-0.3174867613809141,0.0701428637013296,-0.6770270768055432,0.5360039009058475,0.5813626662121057,0.9109379034594496,0.896855189622297,-1.0050804582998272,0.8818318333737325,0.8585878831008212,-1.910204336779748,-1.0617387722949834,-0.9664832253472802,0.3474680847440237,0.8803705531954413,0.2331954656665573,-0.0377072899671491,-0.580149340562424,0.1105875653016863,0.5237497306004916,-0.7896773591857215,-0.7668755972571919,-0.791680558597296,-0.0697765039338015,-0.0775648711964926,0.3158363012710443,0.3840204663013695,0.648348314442886,-0.1686111771498392,-0.241300708931733,-0.451214113922269,-0.0486485397452233,-0.4453480022077192,2.2012009827117685,0.1220282978529586,-0.0479340542169829,-0.4449087922488,0.2166033757982134,-0.1190171907482887,1.2125848001355326,0.2091344735271267,8.0,8.18750664280553
CN1C2=C(C(N3C1=NC=N3)C4=CC=C(C=C4)Br)C(OC5=C2C(=CC=C5)OC)C6=CC=C(C=C6)Br,-0.8394605369481851,1.288890623090729,-0.7808828289898957,-0.7703660157459702,1.0066551474380845,-0.4531560317538666,4.043942696074444,-0.9370723834131268,0.5010622910100198,-0.0539314077681592,-4.75063700908838,0.9574390628385044,-0.2142070568811913,-0.659373281514541,-0.0204731630285031,-0.8001304095993163,-0.5487492759093872,-0.8915586238407531,-1.083273594061667,0.8747987499286178,1.324869796997621,2.652139579253317,0.6149725172751244,-0.6896780085859069,-1.351640763898153,-3.0168597012474163,-0.3999679448542655,2.149150748848118,-0.7453707395323433,0.8282090213337278,-0.7668755972571919,1.2234374643717427,-0.5013807353884228,-0.8896781151412751,-1.016127119370641,-1.8611445508996245,-0.9076932064889454,-0.6671693622202781,-1.599655812191446,-1.246258475263875,0.7639290296439762,2.8847915366888084,-0.5997337030987647,-0.2305375922407487,-3.728961428798985,-0.1626819932521603,-1.142641427166694,-0.0725869402960145,0.0569059065282911,-0.576978064663646,6.522878745,6.329227502950534
CC[C@@H](c1ccccn1)N1C(=O)[C@@](C)(CC(=O)O)C[C@H](c2cccc(Cl)c2)[C@H]1c1ccc(Cl)cc1,1.211981569592821,-1.1226649682267935,1.147602843917827,1.1632891993520096,-0.1638158945561059,-0.585704555387904,-0.4431147496171725,0.2372937209997085,0.2039281214252953,-0.5417321639463428,-0.0026927314475463,-0.6393501585894802,0.4457191125381574,-0.2558910277516595,0.5343806478951882,-0.8170111167914483,-0.8142956290934756,-0.8818549584938429,0.9480931767673704,0.4484106685370014,-1.0106826479234308,-0.8646760113692236,0.5968914472208074,-0.3506492991122437,-0.468338746666826,-0.2635530040791942,-0.4418405508444241,0.339198012489983,-0.4360014469536811,-0.5887717548160264,-0.7668755972571919,-0.1836866375572733,-0.072634234603765,-0.668435695008925,0.2934174719712775,0.4875057851862562,0.1777322933779009,-0.5282435536278712,0.1110364996642561,0.6585051809460594,0.0144461188939829,-0.4453480022077192,-0.5798237698045465,-0.9534480269514252,-0.0414073300599331,0.1452017874714465,0.6108746530542712,0.909640812630788,0.1735222834237001,-0.2609906193157686,8.0,7.990264247376597
CC(C)(C)S(=O)(=O)C[C@H](C1CC1)N1C(=O)[C@@](C)(CC(=O)O)C[C@H](c2cccc(Cl)c2)[C@H]1c1ccc(Cl)cc1,0.5281675340791524,-0.6403538499632889,1.147602843917827,0.7920321295654337,0.6287309137280268,0.8453182659467955,0.6700576694401272,1.703379963207191,0.9396308232177066,0.1872887463858876,0.1142082692926345,-0.4140587656723759,0.9107060284946732,2.066484351425472,-0.6475202728274718,1.3394473790413268,-0.2751233048818894,2.3059953846881696,0.8221024805941883,-2.0362453418690216,-1.0782708920935111,-0.9879140539337165,0.8632392663078845,1.5509900416100415,-0.5597119759357164,-0.049212319231554,0.7210516781353012,0.8248868894631673,4.05479469905908,-0.5887717548160264,-0.7668755972571919,-0.1010805761042773,-0.217805214327372,-0.1205958830217552,-0.3854702118795092,0.3418363299405784,-0.557240979145508,-0.571332834083147,-0.4236926860593206,0.3470291422317605,-0.66781422922301,-0.4453480022077192,1.9249209965859344,-0.6149661713124048,0.1154553479262985,-0.0087401028903569,0.5844638069940693,0.4002556690421456,-2.91739279614185,0.2824767934741847,10.0,9.717639705445288
O=C(O)C[C@@H]1C[C@H](c2cccc(Cl)c2)[C@@H](c2ccc(Cl)cc2)N(CC2CC2)C1=O,0.5281675340791524,-1.1226649682267935,1.147602843917827,0.9608080719775588,-0.5304593337999209,-1.1453043728142922,-0.4507236552168669,0.2372937209997085,-0.5613354071411429,-0.9071360270908068,-0.5743003214368079,-0.6164296539643025,-0.0807397696538217,-1.3513345775684793,0.4242932887368306,0.1748355806422356,-0.9222859594082298,-0.5092121947969049,1.2603654256905017,0.5160660540917252,-1.359082400240754,-0.7462514794383444,-0.3253346090985801,-0.9168725437205564,0.0167625213478812,-0.0283617372355832,-1.4591886476223226,0.3033977149378284,-1.0617963889883912,-0.5757236383527493,-0.7668755972571919,-0.5584666549907249,-0.7522732919105698,-0.0189690107357479,0.9941568066038218,0.848552511417918,-1.1264586801336804,-0.6916971639836723,0.6064965785209514,-1.245687547974316,0.7639290296439762,-0.4453480022077192,-0.6659192854828364,-0.7537791583223181,-0.4446542271019452,-0.8297635181533086,-1.6846744290779023,1.943412828450467,0.3252033651670249,-0.9925363051900308,7.119186408,7.242582514412653
COc1nc(N)ncc1-c1nc2c(n1C(C)C)C(c1ccc(Cl)cc1)N(c1ccc(F)c(Cl)c1)C2=O,1.781826599187545,-1.3638205273585458,-0.7808828289898957,1.200180562117637,0.6348171098326981,-1.7011170895654228,-0.2771753287453289,-0.9370723834131268,0.4586172483264693,0.5241035542232051,-0.096424823619049,1.9436451667799848,0.0210631355204785,-0.8281188570264644,0.8568816080358326,0.0291302751462641,0.477370458532161,-0.4517176930437026,-1.083273594061667,0.7706629922317858,0.1893809975025298,0.5512051940834786,1.1462240222790554,-0.4743739263369174,-1.4562193308578364,0.3755662816197286,0.6150100559138753,0.6031703414863897,-0.3867443800169852,1.2742952411978294,-0.7668755972571919,1.1711378560539571,-0.4687762995216828,-0.2450214844168459,-0.9457743170975514,1.129931730836003,-0.2606842216500161,1.4777301740335125,1.0924106484002147,-1.2613298897706229,0.7639290296439762,-0.4453480022077192,-0.5382846401590667,0.607483501324062,-0.6328300137632741,0.9918821844613654,-0.1027475628470533,-0.3725970582726375,1.4345993977768523,-0.5811906269670386,9.30980392,8.919196313547987
C[C@@]1(C[C@@H]([C@H](N(C1=O)C2=NC=CC=N2)C3=CC=C(C=C3)Cl)C4=CC(=CC=C4)Cl)CC(=O)O,-0.8394605369481851,1.0477350639589769,1.147602843917827,-0.7703660157459702,-0.2807483433661212,-0.78569688663573,-0.4718295876701986,0.2372937209997085,-0.4770076634587409,-0.2379734513079135,-0.2715908710194337,-0.2214291522821165,-0.269502961711029,-0.677616297277354,0.4213829688321306,-0.0674763669013691,0.0462427285056667,-0.6195198559195355,1.1386865192535185,0.4152616618932191,-1.749842936385317,-0.943399568120804,-0.1502743030793753,-0.8885059100881186,-0.238225691097217,0.3873875629375416,-0.7165990086765475,0.3792619210874287,-0.6989355206035818,-1.011252821616036,-0.7668755972571919,0.655813981040461,-1.2405658399230652,0.3561693541337539,0.9713411071197764,0.7078683136641314,-0.1806683215686777,0.6520221184520298,0.975965859114056,-0.975679208766813,-0.0293021251967287,2.8847915366888084,-0.6873538995826958,-0.9534480269514252,-0.3013130192991908,-0.5218797374297017,-0.1741441160615683,0.9817035668257162,-0.0616083263049665,-0.8473536761729699,6.638272164,6.724120101501357
CC[C@@H](C)Oc1cc2c(cc1OC)CC(=O)N(c1ccc(N(C)C[C@H]3CC[C@H](N(C)C)CC3)cc1)[C@H]2c1ccc(Cl)cc1,1.211981569592821,-1.3638205273585458,-0.7808828289898957,1.940989471416947,-0.3137163406341657,0.0114321128491328,-0.440570974645055,-0.9370723834131268,-0.0760672045921911,-0.0467841439413726,-0.2435925562102168,-0.0904830975785055,0.8016428248848931,0.1821994690459069,-0.2522181900841382,0.8772532427167999,-1.317914439068619,0.8932329687376718,-1.083273594061667,0.8758389182783196,2.6531979429754906,1.2252996591467609,1.6265257248928509,0.3331376871082455,0.5797251398279549,0.2593662662858925,0.2114299629581982,1.0187488022781437,-0.0494679876692524,-0.0152672623096114,-0.7668755972571919,-1.4924947098478183,1.3967688212695908,-1.1845600425175786,-0.8808019457429005,-1.8611445508996245,0.9677242365943128,-1.4016727414196644,-0.8169019363416826,1.4443720535289384,0.7639290296439762,-0.4453480022077192,0.4984793731854932,-0.7398059583366748,-0.232111105868447,0.6839984037377586,1.0335906213550088,0.1406945488611848,-0.1433065986293205,1.1210823785912265,8.721246399,8.604156329568637
CC1(CC(C1)NC(=O)[C@H]2[C@@H]([C@@]3([C@H](N2)CC(C)(C)C)C4=C(C(=C(C=C4)Cl)F)NC3=O)C5=C(C(=CC=C5)F)F)O,-0.8394605369481851,0.32426838656372,-0.7808828289898957,-0.7703660157459702,-0.7095442245224481,1.1578654569695752,-0.3514448871242124,-0.3289009606720583,0.1223755591451181,-0.1745414848451825,0.762715913101267,1.038723018057038,0.2096726102973551,1.0049113686898656,-1.0526595280432725,0.4061194219972228,2.255930117422709,-0.0076561002106686,0.3297757689951007,0.1292610007216248,-0.2119480389225593,-1.261084470989156,-0.9180761282734974,0.4985027035052173,0.7937659823417782,-0.7131410805998568,0.9063775048573948,-1.0145153791400712,0.5033939231379444,1.417549817456902,1.4226354576949365,-0.1153166316605368,0.6611224964361835,1.5430302064150083,0.3701696277099197,0.0289344071807159,0.2193465498849047,2.098407571368814,0.5881399286628345,-0.0159725579762557,-1.3078042076299328,-0.4453480022077192,-0.7072014203634747,2.344119746172154,0.683342832037717,-0.5988506826106035,0.6080926079497155,-1.811059801675172,-0.0859291532271849,-0.1177446512392955,6.395773947,6.632897408118114
CC[C@@H](CN1CC2CCC(C1)O2)N1C(=O)[C@@](C)(CC(=O)O)C[C@H](c2cccc(Cl)c2)[C@H]1c1ccc(Cl)cc1,0.5281675340791524,-1.1226649682267935,1.147602843917827,0.9351361098744853,-0.3650911230052163,0.5820590763593616,-0.445614871442329,0.2372937209997085,0.4020723760086658,-0.4917013171588367,0.119881919069553,-0.4833204740458475,0.5746848046580282,0.3189162208450291,0.7118787891139415,0.3065202023762212,-1.3000999273829943,-0.1311778272446385,0.8326657153544307,0.4772096474414284,0.4820944796896944,-0.79531966103457,-0.0717879523665468,0.2786531611043288,0.5513628139599743,-0.1108371112108894,-0.5213601995234302,-0.1185940162055794,-0.5153497527854671,-0.5962833983469016,-0.7668755972571919,-0.832914260721623,1.7623925067181414,-0.5773820772015478,0.1233232424639099,0.354049459162768,0.302487730811088,-1.164282660933655,-0.3364295395381513,1.0153130233764724,0.0524534345343281,-0.4453480022077192,-0.1685423308121925,-0.2929328719160392,-0.0787564445344051,-0.1883389749791276,0.5092794032044511,0.8253109198745597,1.0618515918410132,0.2727917198787073,7.522878745,7.761078011227047
CCN(CC)C(=O)CCCNC(=O)N1[C@H]([C@H](N=C1C2=C(C=C(C=C2)OC)OC(C)C)C3=CC=C(C=C3)Cl)C4=CC=C(C=C4)Cl,-0.8394605369481851,1.288890623090729,-0.7808828289898957,-0.7703660157459702,0.0417564835384236,0.3307738080245817,-0.4595743867489311,-0.7310532537081498,-0.1538880600837206,0.3248735750515291,-0.0380222825820176,1.1492624181874334,-0.3259196333426543,-0.839623587971879,0.1072048849287221,0.8431194542370509,-0.4923289948149136,0.8327101678972718,-1.083273594061667,0.805850279360877,0.3796686469087418,0.5297985179001344,0.6309298620791141,0.5137697814690582,0.9302558531561772,-0.5822662641975804,0.5158598346224946,0.5348631166970458,-0.9889523450617916,0.3399042943178726,0.9676661883012918,-0.4457822136239089,1.910721475591742,-0.4904905666129463,-1.5291574072723029,-0.3638143942967512,0.1456770525935983,-0.1682671372530319,-0.7532824950151531,0.964617937826322,0.7639290296439762,1.2197217672405445,-0.0052268878221221,-0.4149647793580294,-0.6177991674589481,0.4017716047411189,0.7775309122609253,-0.7796870177286169,0.7572196514614675,0.930995085805912,5.378823718,5.8230877901922495
CN(C[C@H](C1CC1)N1C(=O)[C@@](C)(CC(=O)O)C[C@H](c2cccc(Cl)c2)[C@H]1c1ccc(Cl)cc1)S(=O)(=O)C1CC1,0.5281675340791524,-0.6403538499632889,1.147602843917827,0.8275062400667418,0.6293020453182647,0.438650484612452,0.6881889253374082,1.5175572886501276,1.039842522654584,-0.2183184757842502,0.1548819931253418,-1.0725607667991706,1.237904431518258,0.9797660716553408,1.0047854135145655,1.3172769871972851,-1.0559837709414526,2.190641364246219,0.8170228354273279,-1.9293711785574157,-0.7758401875741674,-0.9427939705546604,0.3474680847440237,1.5750281089560274,0.1921482089900796,-0.0994085393368353,-0.0849353802648591,-0.4110281030849164,1.1356334280860148,-0.3953331808583161,-0.7668755972571919,-0.5703888691681741,-0.3956801600011876,-0.1914073367414018,0.4437925830276856,0.3359632840191494,0.3896295875554741,-0.2250307817235491,-0.4285897688653121,-0.8262442180594591,-0.0396329069491873,-0.4453480022077192,2.262995382015794,0.1388093774208817,-0.1782986566781691,0.0682308422905447,-0.3705992113084405,0.5569064422700607,1.6753895124428555,0.3064235631641853,9.698970004,8.948728615899334
CC[C@@H](CC(C)(C)O)N1C([C@H](C[C@](C1=O)(C)CC(=O)O)C2=CC(=CC=C2)Cl)C3=CC=C(C=C3)Cl,-0.8394605369481851,0.32426838656372,1.147602843917827,-0.7703660157459702,-0.4279834274262172,1.1881622623716417,-0.4758253031120076,0.6706922058931694,-1.0760742723529302,-0.8597854042383453,-0.0920178994105359,0.1291893529647487,-0.3653902147430832,0.0270069456068717,-0.6941969473813794,-0.1772985792517576,-0.7831095977900989,-0.6425945329164888,-0.2469124082943894,0.4432518105094494,-1.4824752519625022,-0.8935094946933433,0.1228106259556596,-0.6583691657307262,0.1215160376226828,-0.0984642596272578,0.7032294243830519,-0.7342416727776776,-0.5153497527854671,-1.011252821616036,-0.7668755972571919,-0.966018622896124,-0.0614770006097354,-0.486906532091077,0.5239402100845528,0.4740976932726674,-0.0954884207825295,-0.8530694189817755,-0.1476721865648337,0.5794487420073345,-0.7001682785595537,-0.4453480022077192,-0.7998061368487501,-1.4616695904183243,0.0022552033359803,-1.0093623902420794,0.4723225675984858,0.4766744567142746,1.0259334931858848,-0.1904579640551145,7.15490196,7.477419298553761
CC(C)(C)C[C@H]1N[C@@H](C(=O)N[C@H]2C[C@@](C)(O)C2)[C@H](c2cccc(Cl)c2)[C@@]12C(=O)Nc1cc(Cl)ccc12,0.5281675340791524,-1.1226649682267935,-0.7808828289898957,1.0658648650369735,-0.4221041537698833,0.5678017561701536,-0.3479739036503138,-0.3289009606720583,0.2996641317695727,-0.0771600152052154,-0.0784260423935136,1.473509436527462,0.2439061249487718,0.8699512239562803,-1.7152968182782955,0.4395375180867465,0.0803640164894046,-0.0109613809778109,0.2540645246171278,0.5161792934696664,-0.6427241710851178,0.8754538290054933,-0.3716644922518523,0.5038590724328522,0.841164291108913,-0.5253924946209658,0.7203203804238488,-1.7657438150738578,0.1128420025066323,0.1666317334352231,0.8104349221438043,-0.2888835496458256,0.7246987655308045,-0.5412693525365788,0.845864832142761,-0.3149247017812217,-0.1050349210571638,-0.3611493905964142,0.334858404870847,0.020914636600228,-0.4668139420379903,-0.4453480022077192,-0.6199487660664856,2.526403507793138,0.6343665839772112,-0.342280865340931,0.9871768658029358,-1.1452309961076257,-0.0993483335762685,-0.0158903816268012,7.318758763,7.500693606126372
C[C@]1(CC(=O)O)C[C@H](c2cccc(Cl)c2)[C@@H](c2ccc(Cl)cc2)N([C@H](CS(=O)(=O)C2CCCC2)C2CC2)C1=O,0.5281675340791524,-0.6403538499632889,1.147602843917827,0.8144730683448811,0.6287335814931241,0.6001034972238266,0.6630824681574489,1.703379963207191,0.9414367057806388,0.3570362622720687,0.1594635947307653,-0.1111517730694556,1.0091184949021244,0.8775538541173149,-0.5405449483981519,1.3094677465268243,-0.3748436999034343,2.1600815943867286,0.7980155077977433,-1.9629020926419856,-1.1049230946676565,-0.9573596672527768,0.9574019766377366,1.563356268041162,-0.197174144001302,-0.1318803159418053,-1.309207213069394,0.0762970895067459,0.5964183331037847,-0.3186856222765499,-0.7668755972571919,-0.2190863714412636,1.0528127192064445,-0.0228453432063337,-0.1045763797838335,0.3139871608165929,0.2397208189635391,-0.6934963888881158,-0.5037161960531727,0.9362412606709224,-0.0547718067939574,-0.4453480022077192,1.9933215682259,-0.2555992535215833,0.6260292034750666,0.093887824017512,-0.1752930572411488,-0.5130861898551231,-1.5053033894640775,0.3797658831112441,9.698970004,9.62263379864061
CC1(CC(C1)NC(=O)[C@H]2[C@@H]([C@@]3(C4=C(C=C(C=C4)Cl)NC3=O)C5(N2)CCCCC5)C6=C(C(=CC=C6)Cl)F)O,-0.8394605369481851,0.32426838656372,-0.7808828289898957,-0.7703660157459702,-0.2851316973479114,0.9866662293851088,-0.3447069412825302,-0.3289009606720583,0.3965809977000636,0.0988413565294039,1.0795809449524916,1.222152849181352,0.5230033433314132,1.307572526073443,-1.4879765761923207,0.4133772103154867,1.3822853719882076,-0.0219640230207868,0.2530223965609969,0.3987397815097416,-0.5324413007483942,0.4757136585933759,-0.7394871710691351,0.1862636101713306,0.8979119748901317,-0.512544211105989,-0.1630373051449922,-1.7721772867533003,1.3134552616919308,0.1442185705443296,0.8501699825953984,-0.2848943638246919,0.0168272451550642,0.3240108540624653,1.9815597210204536,-0.3161296020702411,0.2953419881758978,0.0321288076707501,0.1329114603964349,-0.0310857034281537,-1.1135867602559133,-0.4453480022077192,-0.6693359616304534,2.934735812275514,0.3322111655455363,-0.6245076643375707,0.6929164565917947,-1.476310860201832,0.5854918137328116,-0.0956773298718285,7.698970004,7.463365908060819
CC[C@@H](CO)N1C(=O)[C@@](C)(CC(=O)O)C[C@H](c2cccc(Cl)c2)[C@H]1c1ccc(Cl)cc1,0.5281675340791524,-1.1226649682267935,1.147602843917827,0.8391401441330271,-0.4536144368243535,-0.32361491159724,-0.4461270438321718,0.7866613246664154,-1.717431917009711,-0.8490645084981654,-0.3172992440318514,-0.7620541019466295,-1.37106713532518,-0.3711467463100398,0.900862402132667,-0.4453488197611224,-0.7332549878750627,-0.8312883975452757,0.4039442876694455,0.4407635832429925,-1.1244504959957191,-0.9188515720392072,-0.6408809740616771,-1.0833324797127866,-0.3495004388605457,-0.156560100231045,-0.4336623931524898,0.6393037759168569,-0.5153497527854671,-1.011252821616036,-0.7668755972571919,-0.8498875916236129,-0.6525564657508905,0.0234165095265034,0.5959021794515584,0.6342563094409934,-0.3519034994623992,-0.3958251159106539,0.4348717000296161,-0.9448941267628322,0.0043539143938657,-0.4453480022077192,-0.8804243606190928,-1.4616695904183243,-0.1522761262671429,-0.7527925729724069,0.1402247008139344,0.9868664813809844,0.2580988662144723,-0.7034787009652586,8.698970004,8.374142881885376
CC[C@@H](COCC1(CC1)C#N)N2[C@@H]([C@H](C[C@@H](C2=O)CC(=O)O)C3=CC(=CC=C3)Cl)C4=CC=C(C=C4)Cl,-0.8394605369481851,0.32426838656372,1.147602843917827,-0.7703660157459702,-0.3482955356768614,0.1738875932863114,-0.4817191184589508,0.2372937209997085,0.5616532747605816,-0.0950281747721819,-0.2217775949806631,-0.6536643798581206,0.2535472961499219,-0.5925386035167898,0.5439967268265689,0.1501613803427558,-0.979681292371268,-0.345260627013726,1.0937526642258544,0.4807067254558367,-0.2903751062903852,-0.8729246129525121,-0.0279542631998121,0.2042645201222022,0.7437401611778528,-0.0198397257347504,-1.1492052121322471,0.3802934529649996,-0.8831966751989879,-0.4480494635917241,-0.7668755972571919,-0.7113694814192777,-0.1443596378315984,0.0813780868652394,0.019239987473474,0.6559161427278672,0.4701541221608766,-0.6200102640656954,-0.7461707427585039,-0.0201139302470466,0.487836245086183,-0.4453480022077192,-0.5101043010309149,-0.9912751271300124,-0.0459871965736897,-0.4962227557027345,-0.0872997498857787,1.4714693971155746,0.8709096965346191,-0.1429399273943773,7.397940009,7.168590630784776
COc1ccccc1-c1nc2c(n1C(C)C)C(c1ccc(C#N)cc1C)N(c1cc(Cl)ccc1C)C2=O,1.781826599187545,-1.3638205273585458,-0.7808828289898957,2.3741128864940144,0.0046043509557313,-1.2058979836184234,-0.2795481744372851,-0.9370723834131268,0.2031625212547021,-0.0566116317032039,-0.0464509583954647,0.9811749474522938,0.631162888054826,-0.5204300004903746,-0.2577826197687682,-0.2103062823025095,-0.1212489495723872,-0.5973930700800006,-1.083273594061667,0.8032619305762496,1.2958900216897733,0.8159747159124416,1.415799903746629,-0.4157562054095237,-1.92878576006785,2.9872386313506225,0.9104464107144712,-0.2527922719642755,-0.0874350666932518,1.7891885922533837,-0.7668755972571919,0.7387843180462175,-0.3822021976917215,-1.902002264255393,-0.577980076572076,-1.8611445508996245,-0.0925876458127716,0.1787535019009995,0.627845724549383,-1.072092138519564,0.7639290296439762,-0.4453480022077192,-0.0765801084322563,0.607483501324062,0.2470064905851155,1.0431961479153,0.3071775653104207,-0.2758289191347701,-0.4589141786907953,-0.1464986627930958,9.568636236,9.23506774578409
CC(C)C1=C(SC2=NC(C(N12)C3=CC=C(C=C3)Cl)(C)C4=CC=C(C=C4)Cl)C(=O)NC,-0.8394605369481851,0.5654239456954723,-0.7808828289898957,-0.7703660157459702,0.4748548846975816,-0.0812404683807149,-0.2493953837139814,-0.9370723834131268,-0.9318571718562576,-0.3005120097922959,-0.9966467425701132,0.1416621237104362,-1.7660660725691684,0.0364280104629808,0.451868083255573,-1.275075870452325,-1.1860779461269642,-1.0127722155259322,-1.083273594061667,0.0295218464722833,0.1973522725854472,1.2536733094456771,-0.4680489459205073,-0.9938238773860402,-0.4788570919559525,0.5762580363979789,1.466778753960714,2.416759043767422,0.4727958792420825,-0.6075747349443662,1.426931924483409,-0.014496689085384,-1.40933190144021,-1.7157049719686417,-2.3197382284216683,0.0326432998362779,-2.1514387625314773,-1.3134385236932644,-0.5956104464334212,-0.2942141830981591,0.5104072316040063,1.2197217672405445,-0.1395111249846589,0.4622214102069898,2.00024907862118,-0.983705408515112,-1.7238903324645871,0.4878413625322721,-2.0689643043978787,-0.7992847953200543,5.958607315,6.230627367645722
CS(=O)(=O)NC(=O)[C@@H]1NC2(CCCCC2)[C@@]2(C(=O)Nc3cc(Cl)ccc32)[C@H]1c1cccc(Cl)c1F,0.5281675340791524,-0.6403538499632889,-0.7808828289898957,0.2775205891675133,0.8637611510448849,-0.2025390753029564,0.6295500954283149,0.86418858168459,0.9344500264840384,0.2730559123073265,0.9660824022838828,0.8886720163806648,0.5800415888630616,0.6353449911066388,0.2610758744218432,0.9240904332097118,1.7256446308047,0.914333999863661,-1.083273594061667,-2.091429192680039,-0.7712200889684514,-0.3671721661439223,-1.0019861465486977,0.0816583302143738,0.3806099776408141,-0.7625618208916316,-1.7423304828969155,-1.8704098841794785,1.3134552616919308,-0.1627540471916332,1.4175014755968034,0.0004787834075689,-0.2779486553456565,2.970282985023271,2.7212929628135325,0.0245025357302864,-0.2475410352677866,0.6845101936830562,0.3768155669423398,-0.738426817541078,-0.7520502391071728,-0.4453480022077192,1.4900173816129942,0.9061369920059964,0.0531936761430577,-0.0857110480712586,-1.3648082055873354,-1.5780094705725187,0.0548505722979091,-0.5013484008301718,7.187086643,7.627575420725949
COC(=O)C(C1=CC=C(C=C1)Cl)N2C(C(=S)NC3=C(C2=O)C=CC(=C3)NCC4=CC=C(C=C4)F)C5=CC=C(C=C5)Cl,-0.8394605369481851,2.012357300485986,-0.7808828289898957,-0.7703660157459702,0.3061372286529061,-0.910838286890218,-0.3922659776459944,-0.6486456021145858,0.8601057021788909,0.7849786839009153,0.1239282571011608,-0.1721807754863877,1.3593021902501097,-0.8682060973010193,-1.6063626799472663,-0.3030417450445366,0.7680706723444123,-0.5707737300820637,-1.083273594061667,0.496866396709583,0.543669249626328,0.0734782207185427,0.804748605644282,0.3420343075556362,0.3857260547171124,0.4252622994555161,-1.1175838517810088,-0.9032623986946656,-0.9670574811619228,0.7040124107906192,0.896557655101843,2.027930185905253,-0.3433379091682642,0.2758444386110437,0.616554814115828,-0.4251983010079114,-0.5395351416186619,0.4147304404075427,0.407320099792974,-0.367253236150325,0.7639290296439762,-0.4453480022077192,-0.6669969888251814,-0.9035086135210888,0.043637269043969,0.6583414220107913,1.0720394919512697,0.6963438313202763,0.2962811744993898,0.1353423573741726,5.008330993,5.878483052324537
C1=CC2=C(C(=C(C=C2)C(C3=C(C(=CC(=C3F)F)F)F)NC4=NC=C(C=C4)F)O)N=C1,-0.8394605369481851,1.0477350639589769,-0.7808828289898957,-0.7703660157459702,-0.7084768886243187,-1.9785222140280865,-0.5159349138946867,-0.9370723834131268,-2.313617244142645,-0.4917013171588367,0.1802709359347129,-0.0110244584557044,-1.77791591310365,-2.034157413656649,-0.6615335440784151,-0.4344502347933668,5.239032415370724,-0.845493149907596,0.6135741306214265,0.0849903636754283,-0.1769095651347475,-2.290559886679788,-0.0275556563066739,-2.2010761069089093,0.398799430823363,0.0871280113724942,-1.642647952838712,-0.1783179617722796,-1.2383802946185398,0.7876564634195705,1.9603878553454768,2.067685611820542,-3.3016058771842487,5.342961637922422,0.8203349120662398,0.493145121786476,-0.241385561140308,8.106012586028282,2.817171818785454,-2.358250132684468,0.7639290296439762,2.8847915366888084,-1.0072820743339184,-1.154767133085207,0.943594568162106,-0.6245076643375707,-1.85268809563244,1.922317466110224,0.1995204929858125,-1.6466795652395354,5.096910013,5.4640695561281785
C1CC1C[C@@H]2[C@]3([C@H]([C@@H](N2)C(=O)NCC[C@@H](CO)O)C4=CC(=CC=C4)Cl)C5=CC(=C(C=C5NC3=O)Cl)F,-0.8394605369481851,0.32426838656372,-0.7808828289898957,-0.7703660157459702,-0.4051073974500301,0.2638869269806826,-0.3556396076710711,0.3726253968529113,-0.4208760249762682,0.3105790473979559,0.4569698746588149,0.580355142154442,-0.4215462433207913,-0.1389895642772273,-0.7862141339693788,0.5472222813311881,1.183805238095424,0.1493989193762185,0.7723154895720095,0.3878823931243182,-0.2217381380828785,0.4558154424141482,-1.8531686923402464,0.3918322793942713,0.9948946507898312,-0.5292642280295793,-1.5789912488419475,-1.043718476468171,0.3367792788745047,0.913331294766216,1.0836179639925074,-0.1681731511951477,-0.4174753667616426,0.8313238778822699,0.9614926374426966,0.8613907041420318,1.5703095471317765,0.5641602036757358,0.6477249464151933,0.0103742318418239,-0.0654357851280361,-0.4453480022077192,-1.0100604196747165,1.1440141192480953,0.1466248289883669,-0.7014786095184724,-0.403152566355324,-1.1151116718564085,-0.2170102280874226,-0.3196404625571999,5.0,5.750687369371943
Cc1cccc(-c2nc(C(=O)O)c(-c3cccc(Cl)c3)n2-c2cc(Cl)ccc2C)c1,1.781826599187545,-1.3638205273585458,1.147602843917827,2.214115354402961,0.2286244291720049,-2.2648381636090047,-0.1501890681000413,-0.2160054301667742,0.0430516831634448,-0.1968766843038905,-1.2872574841993225,0.4289525605999619,-0.4552628721363208,-1.5886198124220938,0.3257639541194843,-0.8215832516144052,0.8362260989605093,-0.9493883591013186,1.0816922445636086,0.4420543388476148,-0.5057998688379093,-1.0113949719314168,0.8568550214784417,-1.9331024952926492,-1.4960922016071665,1.5234494982577769,-0.0255786894720229,-0.2445930493637041,-1.2299329531126737,0.1466885462181108,-0.7668755972571919,3.2513520329840864,-0.7349527416709533,0.1992368190580379,1.0188907834741534,0.6419719800587546,-1.41645386985286,1.082112301444234,1.3296027478350203,-0.8855837650822258,0.7639290296439762,-0.4453480022077192,-0.7678160714567354,-0.4149647793580294,-0.8133428650107895,0.2221727326523482,-2.5110191484426347,0.3903156563346369,-1.2237863984225477,-1.0630689604506842,8.096910013,7.792879236579549
CN1[C@@H]([C@@H](O[C@H](C1=O)CC2=CC=C(C=C2)F)C3=CC=C(C=C3)Br)C4=CC=C(C=C4)Br,-0.8394605369481851,0.8065795048272245,-0.7808828289898957,-0.7703660157459702,0.0883857157991292,-0.6309269928630455,4.043943468128307,-0.9370723834131268,0.6625641475221932,-0.6140982101925568,-0.642373058028037,0.2860464692600286,-0.7666348829737452,-1.1142887096468586,0.5412068559230536,-0.5143614091345907,-0.315021326164103,-0.8723740298827753,-1.083273594061667,0.681592287730155,2.060099560145087,0.4819828343990445,-0.2557352317409634,-1.5195491497167712,0.1254191520312829,-2.507382264681954,-0.8189000258647563,0.8210350363293828,-1.1812501966221862,-0.8554700528220197,-0.7668755972571919,0.1379688710006941,-1.4323595109317324,-1.255846026365455,0.504103164459996,-1.8611445508996245,-2.6608083481409985,-0.2586937472717397,-1.6429449449720763,-1.1838116177927225,0.7639290296439762,-0.4453480022077192,-0.7310331432696145,-1.016446741502363,-3.7156814107773055,-0.9067344633342104,-0.9451921949197292,0.1827789642651006,0.4692404354683094,-0.9231835012527944,5.744727495,5.778959441343185
CC[C@@H](CN(C)S(=O)(=O)C1CC1)N1C(=O)[C@@](CC)(CC(=O)O)C[C@H](c2cccc(Cl)c2)[C@H]1c1ccc(Cl)cc1,0.5281675340791524,-0.6403538499632889,1.147602843917827,0.8142493387092602,0.6285148665479012,0.6379745039764095,0.6881253240725631,1.5175572886501276,0.8899645001056498,-0.3174867613809141,0.1914877504554714,-0.9740084884297118,0.7853022521533819,1.003627640242729,0.8342533667649948,1.325123204822824,-0.9503968818349696,2.221636655873364,0.7509338605159236,-1.929806641436233,-0.7498482416349259,-0.9344781098851398,0.602380460175497,0.4987509912812897,0.309350622579813,-0.0161430573194433,0.4955952574271586,0.0226770129030576,0.7294969730875601,-0.8559307894962702,-0.7668755972571919,-0.9655435561092292,0.4855849309041074,-0.3623732200077737,0.1736714385288102,0.2595517293131062,0.2805693986368177,-0.2956622719129299,-0.5364682679519444,-0.2891775036664978,-0.0186630291802846,-0.4453480022077192,2.2827981986805197,-0.753286562895249,-0.1101213435536903,0.0169168788366103,0.3909240498954819,0.6288549008346416,1.5852708087263196,0.3801413858305081,8.698970004,8.827912311175869
CC1=CC(=NO1)C[C@@H]2C[C@@H]([C@H](N(C2=O)CC3CC3)C4=CC=C(C=C4)Cl)C5=CC(=CC=C5)Cl,-0.8394605369481851,0.5654239456954723,-0.7808828289898957,-0.7703660157459702,-0.3840019972988552,-0.3320245028025935,-0.4810552695885419,-0.9370723834131268,0.1376954287867461,-0.7811655021436933,-0.2705288069117276,-0.2004811849502395,0.6849075258516729,-1.1388799539411545,0.2424856805939172,0.0859518498819542,-1.0887444137128963,-0.5047151863487204,-1.083273594061667,0.9841156431339656,-0.0182294387416673,1.6359583449887345,0.2863766774661758,0.6685650076073318,0.0655275005118807,-0.0437906800471591,-0.9905947367083422,0.1870217612060523,-1.0617963889883912,-0.3266172989118947,-0.7668755972571919,-0.5382243933972602,-0.3796429810972973,-0.6767581400205563,0.6848658583594224,-1.8611445508996245,-0.3033513873216286,-1.411141926409861,0.3421792515465247,-0.2513513555131392,0.7639290296439762,1.2197217672405445,-0.1554530029388527,0.248025731934368,-0.2710511218918346,-0.8554204998802759,-0.9385405550705728,0.3145362880301745,0.186938175728659,-0.5736194905112779,6.508638306,6.49301850195934
Cc1cc(Cl)ccc1C1c2c(nn(-c3ccc(Cl)cc3)c2C(C)C)C(=O)N1c1cccc(Cl)c1F,1.781826599187545,-1.3638205273585458,-0.7808828289898957,2.187384050830364,0.7765040086915956,-1.2966770145106428,-0.2557416445495312,-0.9370723834131268,1.4462991975520776,-0.312126313510824,0.7437977701694245,0.26119994463949,0.7202768450464256,-0.4683466419242458,0.1664408140521068,-0.3771095925882901,0.3553310761441192,-0.7272015599602775,-1.083273594061667,0.7771741893506148,1.034389155867366,0.4548788733336543,1.9533311009522945,-0.4154026205605318,-1.53164993761956,-1.1547939667258211,0.6374018009434662,0.7225527509284373,-0.1219819659588665,1.6920532702372617,-0.7668755972571919,1.7279283759152857,-0.6008540761977256,-0.0869482428115741,-1.0348946061672333,-1.8611445508996245,-1.2153201930156876,0.4375002610219267,0.9906477162184648,-1.1546038967924803,0.7639290296439762,-0.4453480022077192,-0.4827549156934214,0.607483501324062,-0.2736565206781449,0.6839984037377586,0.327380877770202,0.8378148191186116,0.7894129339447928,-0.4928565558079361,7.832682665,8.196927316949619
CC[C@@H](CS(=O)(=O)CC(C)(C)O)N1C(=O)[C@@](C)(CC(=O)O)C[C@H](c2cccc(Cl)c2)[C@H]1c1ccc(Cl)cc1,0.5281675340791524,-0.6403538499632889,1.147602843917827,0.7257163998725532,0.6281104876897861,0.7232399618267078,0.6487220783678931,2.729095272762361,0.7630206701138907,0.3757978298173838,-0.0040873064346551,0.817735426367423,0.5660598374394653,0.4160725172908184,-0.223525687704594,1.283794773915468,-0.2486486945479327,2.081308611699053,0.0509661465175726,-2.123664376318426,-1.216612016540798,-1.0773089778855274,0.1917500148508673,0.1203589857135696,0.0521659634854101,-0.3013482376734392,-0.2452409224941008,-0.3249624717620355,-0.5153497527854671,-1.011252821616036,-0.7668755972571919,-0.7404068227209526,-0.0297614035811646,0.5581742142100259,0.1923857094057442,0.4160376332074397,0.3124782851516909,-0.3381403737246762,-0.1424185727779702,1.1754342505105806,-1.1166019649750984,-0.4453480022077192,1.619318053128706,-1.4616695904183243,0.9808165554600148,-0.0343970846173241,0.4721586436613153,-1.863341303420737,-0.1775744701191281,0.2295205730921947,9.698970004,9.47121542812572
CC(C)(C)C[C@@H]1N[C@@H](C(=O)NC2CCC(O)CC2)[C@H](c2cccc(Cl)c2)[C@]12C(=O)Nc1cc(Cl)ccc12,0.5281675340791524,-1.1226649682267935,-0.7808828289898957,1.0853472479204798,-0.5074189959624967,0.6703319376870708,-0.3481622597365527,-0.3774270966344741,-0.234948090411433,-0.0414236960712825,-0.0425958319746957,0.789617120623774,0.2067936885336265,0.5077415005707857,-0.8130588610260984,0.4449043209374845,-0.089723398882941,0.0209959606146729,0.4917027913858545,0.5227262891723075,-0.5943635198503087,0.9710574584822468,-0.1167521168203784,0.5077718510670134,0.8383314169281242,-0.1013057712748497,0.0321834290664495,-1.6872199595988309,0.1128420025066323,0.3118385411977844,0.7779697019900382,-0.3179791754958706,0.7433024357290815,-0.8270348237069628,0.6582606578740313,-0.0401692006437025,-0.0124942581346464,-0.4191094053046021,0.2489243834201937,0.0639855559672835,0.083390851832607,-0.4453480022077192,-0.5799724123629454,0.9127658572926188,0.3071669104467588,-0.2909669018869966,0.98717906232994,-0.6726121419763932,0.0125928475111134,0.15511653067658,7.696803943,7.641766438684396
CC[C@]1(CC(=O)O)C[C@H](c2cccc(Cl)c2)[C@@H](c2ccc(Cl)cc2)N([C@H](CS(=O)(=O)C(C)C)C2CC2)C1=O,0.5281675340791524,-0.6403538499632889,1.147602843917827,0.8040781100816311,0.6287366602194242,0.7002945871472015,0.6573027993299256,1.703379963207191,0.9901055665054216,0.2230250655198205,0.2099147716139838,-0.2693965454950586,0.862345469948454,1.245313741220805,-0.470266420886519,1.3335296365289535,-0.1992506189236623,2.281362690067281,0.738535430805736,-1.951633165245823,-1.073415097796019,-0.9468866342141292,0.8632392663078845,1.622439983477126,-0.29316875006025,0.1263623126642478,-0.5330099793972418,0.359510457222855,1.3020499639945808,-0.3186856222765499,-0.7668755972571919,-0.1626553498963296,0.3433396145983883,-0.2340747128472417,-0.1426980328050208,0.2452167620763009,0.0444467928419254,-0.7172029058588697,-0.6388367350856797,0.341554872752602,-0.0306933576880467,-0.4453480022077192,1.9249209965859344,-0.6149661713124048,0.0190660314279594,-0.0087401028903569,0.1925805160445446,0.4040042133110923,-1.9901847507644632,0.2824767934741847,10.0,9.701700897128443
CC[C@@H]([C@H](C)C(C)(C)O)N1C(=O)[C@@](C)(CC(=O)O)C[C@H](c2cccc(Cl)c2)[C@H]1c1ccc(Cl)cc1,0.5281675340791524,-1.1226649682267935,1.147602843917827,0.8587136547950146,-0.3752676716849676,1.0256510892774733,-0.4448747333143694,0.6706922058931694,-0.7189213159062483,-0.89462831539393,-2.070514240145321e-05,-0.152919605286816,-0.0095372073354993,1.1509561722343924,-0.5829605367559637,0.0979091491620588,-0.8430327032610441,-0.4179145550675563,-0.5145727526171394,0.4352284818673722,-1.4609358443580946,-0.8971757195146464,0.2835602910572813,-0.6519300209488595,-0.0742301687680555,-0.2624848920155955,0.9873152442868892,-0.2233442546273455,1.7519937787185187,-0.5887717548160264,-0.7668755972571919,-1.088743029025553,-0.0111210475661112,-0.9607022488732324,0.0283571730258326,0.4129684455466579,0.0187729496072103,-0.8760599029840841,-0.3683327496687918,0.590419579385888,-0.7419004121224234,-0.4453480022077192,-0.7766596756115929,-1.4616695904183243,-0.4175521446373648,-0.547536719156669,0.59013000327068,0.7640530234598022,-0.1206320953788342,-0.0194510517517339,8.22184875,8.329786612293129
CC[C@@H](c1cnccn1)N1C(=O)[C@@](C)(CC(=O)O)C[C@H](c2cccc(Cl)c2)[C@H]1c1ccc(Cl)cc1,1.211981569592821,-1.1226649682267935,1.147602843917827,1.1070892223186697,-0.1933479566545978,-0.6451843130522535,-0.4432628962612095,0.2372937209997085,0.1345700085994808,-0.4783001974836118,-0.0155915419716056,-0.448681235135236,0.2848201124464329,-0.2657052318266899,0.1315120277505972,-0.6494049658752333,-0.663710306972944,-0.8333736008813688,0.9695060043131902,0.4368524516121383,-0.6139007705716512,-0.8897245509908123,0.2015518236985275,-0.498370543621623,-0.3048170575586014,-0.2262567352043723,-0.4349872077293185,0.3916452091871351,-0.4360014469536811,-0.5887717548160264,-0.7668755972571919,-0.1710959447980669,-0.0761882416612586,-0.2037270083810685,0.3652386626227162,0.5122631285347026,0.1720602811236485,-0.3915168221542932,0.183088923965645,0.3570380550051165,-0.0008077830016609,-0.4453480022077192,-0.5633164409930567,-0.9534480269514252,-0.0582239366599375,0.1965157509253809,0.5031588316836626,0.825898790265325,-0.2303402589732714,-0.3343329392628266,7.301029996,7.687025914814257
C1=CC=C2C(=C1)C(=O)N(C2(C3=CC=C(C=C3)Br)O)CC4=CC=C(C=C4)[N+](=O)[O-],-0.8394605369481851,1.0477350639589769,-0.7808828289898957,-0.7703660157459702,-0.2974014107424312,-1.920601850759432,4.043942555131548,0.4770277638162862,-0.6055975407460789,-0.5444123878813879,-0.7614526437065652,0.5139185583602502,-2.737294566545568,-1.3385843163937747,-0.3834720186749565,-0.3172261229398178,0.3780968906303298,-0.839337183004429,-0.4720974327969764,0.1203364424913817,-0.5135070239026069,0.5063216313897446,-1.822979121089454,-2.02725522258809,0.5483636083373254,-2.1126906911163648,-1.181413693685742,-0.0550463140927636,-0.803417478208888,-1.9031002795213097,-0.7668755972571919,0.7224009442856955,-2.6066504228163505,-0.5565004774733532,2.932618782527557,-1.1545074643944802,-1.6914057334729682,0.3703805016866699,2.1461263326726256,-2.93162741181754,-0.4185282828776375,-0.4453480022077192,-0.811966729929572,0.0575209139505915,-2.942690161050517,-0.6758216277915052,-2.492956902996452,-2.293823201551295,1.1822646603990892,-1.449261263160609,5.508638306,5.594129613437696
CC[C@@H](CS(=O)(=O)C1COC1)N2[C@@H]([C@H](C[C@](C2=O)(C)CC(=O)O)C3=CC(=CC=C3)Cl)C4=CC=C(C=C4)Cl,-0.8394605369481851,0.8065795048272245,1.147602843917827,-0.7703660157459702,0.4804417908026197,0.644991778757034,0.6671634665796053,1.703379963207191,0.7593967755062925,0.4231484526698448,-0.0086127132021473,0.1755945466145146,0.5045969055384588,0.6061275888071017,-0.4646793496671121,1.301345163139454,-0.1661947089195842,2.17375454360442,0.9103667638623608,-1.982658884705294,-0.4037853856934256,-1.021726233366732,-0.0514001899634142,0.0791334358486731,-0.0570990254511173,-0.1001086252795848,-1.186424668787616,-0.0101523873052799,0.3088282121554621,-0.7896773591857215,-0.7668755972571919,-0.380671111958561,-0.0413481419549816,0.8576398768362969,0.173013885698439,0.4438868023314252,0.4414854571721487,-0.3953879137240585,-0.0623950698452562,1.0665523585324317,-0.0810937328094536,-0.4453480022077192,1.7837621908265453,-0.0858595407141711,0.2697632617688031,-0.4192518105218328,0.4380809174101468,0.0731374940913382,-0.7481201164907477,-0.0152041618775086,9.698970004,9.361258841736385
CN(C[C@@H](C1CC1)N1C(=O)[C@@](C)(CC(=O)O)C[C@H](c2cccc(Cl)c2)[C@H]1c1ccc(Cl)cc1)S(=O)(=O)C1CC1,0.5281675340791524,-0.6403538499632889,1.147602843917827,0.8275062400667418,0.6293020453182647,0.438650484612452,0.6881889253374082,1.5175572886501276,1.039842522654584,-0.2183184757842502,0.1548819931253418,-1.0725607667991706,1.237904431518258,0.9797660716553408,1.0047854135145655,1.3172769871972851,-1.0559837709414526,2.190641364246219,0.8170228354273279,-1.9293711785574157,-0.7758401875741674,-0.9427939705546604,0.3474680847440237,1.5750281089560274,0.1921482089900796,-0.0994085393368353,-0.0849353802648591,-0.4110281030849164,1.1356334280860148,-0.3953331808583161,-0.7668755972571919,-0.5703888691681741,-0.3956801600011876,-0.1914073367414018,0.4437925830276856,0.3359632840191494,0.3896295875554741,-0.2250307817235491,-0.4285897688653121,-0.8262442180594591,-0.0396329069491873,-0.4453480022077192,2.262995382015794,0.1388093774208817,-0.1782986566781691,0.0682308422905447,-0.3705992113084405,0.5569064422700607,1.6753895124428555,0.3064235631641853,8.15490196,8.948728615899334
CC(C)[C@@H]([C@H](C)O)N1C(=O)[C@@](C)(CC(=O)O)C[C@H](c2cccc(Cl)c2)[C@H]1c1ccc(Cl)cc1,0.5281675340791524,-1.1226649682267935,1.147602843917827,0.8339030592199037,-0.3967333594330094,0.417041733700684,-0.4449143805510201,0.7866613246664154,-1.2485502040992185,-0.9187503308093348,-0.1333048491751625,-0.8003464122906588,-0.5545188798626005,0.1736065597245194,1.3436344426149005,-0.8190734916476481,-0.9035706959235804,-0.9099032751924117,-0.2431989443506072,0.4247169253924852,-1.217560896091991,-0.9261840216818138,-0.2262644598056657,-0.9829451299108092,-0.1366173390774941,-0.6312841722727461,0.2932436635916183,1.714658339782519,0.1877559793375185,-0.084105658829175,-0.7668755972571919,-1.2227228839875477,-0.0899392451701641,-1.167869901295309,-0.5800989571064883,0.5119978189404433,-0.3697371810788529,-0.5123893954828314,-0.0064494261783002,-0.0585068823099579,-0.0168235860974137,-0.4453480022077192,-0.8246862102932806,-1.4616695904183243,0.0788025026601462,-0.6501646460645379,0.5026889324617196,0.8642705961783618,-2.121272623875196,-0.3614648763584958,9.0,8.7581962423544
CC(c1nc2nc(-c3noc(=O)[nH]3)nc(-c3cccc(Cl)c3)c2n1C[C@H]1CC[C@H](C)CC1)C1CCOCC1,1.4399195814307106,-1.3638205273585458,-0.7808828289898957,0.8419057245853775,0.3624087878914903,-0.4488676971657069,-0.1890417971169906,-0.9370723834131268,-0.3403451840468293,-0.558706915534961,-1.6288698605708414,-0.5088441812899513,0.6665474954809941,-0.495527628863518,0.3237401554528599,1.1629711944886691,-0.993335246352466,1.643588474062893,-1.083273594061667,0.6616865585158627,0.2631382080172982,1.4905067485043264,0.5665385124892207,1.203074484567794,0.3536790240226861,-0.0799215054789361,-0.1465468231445458,-0.5621007587865668,-0.77565085698334,0.6181257762482608,-0.7668755972571919,0.3484179499414998,0.6596669165747429,-0.5852588574029988,-0.5087193368524536,1.168563599398191,-0.0421753874331628,-0.9659448347567172,0.2969719111949779,0.4652558634738208,0.7639290296439762,-0.4453480022077192,0.3617320531472228,1.0582703421685251,-0.5888562238286125,0.6583414220107913,0.0371764622534173,0.8073636607238418,-0.4275131325655196,0.0460208572331456,7.846490011,7.8737741127958145
CC[C@]1(CC(=O)O)C[C@H](c2cccc(Cl)c2)[C@@H](c2ccc(Cl)cc2)N([C@H](CS(=O)(=O)c2cccc(F)c2)C2CC2)C1=O,1.211981569592821,-0.6403538499632889,1.147602843917827,0.5390529988245721,0.6287959709760648,0.0470754133221509,0.6762176178614299,1.703379963207191,1.0088434963841924,0.6500740791703181,0.3115276857521261,-0.4065777714013568,1.2057792566596846,0.7557640285278066,-0.5872545337386285,1.118858845104821,0.0669339274159567,1.4895279681954212,0.7159931836710117,-2.3175336766878125,-1.0465422389072994,-1.054757513504809,1.0088876112448777,1.69160369366978,-0.4996730108266556,0.2696881880136542,-1.066948210857279,0.1950085278000096,0.1295334042123036,-0.0898921603359906,-0.7668755972571919,0.1351183093040429,0.3659960620420753,0.2933310644856773,0.0068106558348256,0.2191535926529408,0.7057728011799803,-0.3909645866694056,-0.7749530075571202,0.5600246612483964,-0.1026016957424341,-0.4453480022077192,1.662897845317474,-0.2000050015434066,0.3875842965517911,0.8635972758265292,0.8881906637030482,1.66763514613966,-1.2587733625676485,0.4945571141403347,8.853871964,8.97859335640238
CC[C@@H](c1cccc(C(F)(F)F)n1)N1C(=O)[C@@](C)(CC(=O)O)C[C@H](c2cccc(Cl)c2)[C@H]1c1ccc(Cl)cc1,1.211981569592821,-1.1226649682267935,1.147602843917827,0.3675283513251914,0.1243606952917712,-0.1990304379126429,-0.4420251185220196,0.2372937209997085,0.5638340218910238,-0.6793169926119843,0.0349829273088161,-0.7455743734548018,0.5159026403384205,-0.0062366731018989,0.8797474587995309,-1.0978445495504052,-0.1832565674476012,-0.8959670260339241,0.9573101313864548,-1.606638308614876,-0.8672605340398479,-1.1664651980214942,1.039737170958079,-0.1410224650574316,0.0216929378185312,-0.2303642992484711,0.573348450896676,0.3687792128630848,-0.2625403735774123,-0.2857120185265137,-0.7668755972571919,-0.0416337459921227,-0.0720413960704675,1.1743398290008251,0.1907580326787705,0.4981623558630361,0.2717780778871584,0.3605118021427638,0.0385045534799748,0.6793863574586073,-3.628953586537413,-0.4453480022077192,-0.7091544944446109,-1.0467084206493258,-0.0984132362939054,0.4274285864680861,0.6150330771977501,0.1825306855363118,-0.2221391308817347,-0.1081910837485031,9.0,8.542975011238454
C=CC[C@H]1N(C(=O)c2cnccc2C(F)(F)F)CCC[C@@]1(Oc1ccc(C(F)(F)F)cc1)C(=O)N1CCN(c2ccccc2OCCOC)CC1,1.211981569592821,-0.8815094090950412,-0.7808828289898957,-1.254376647241489,-0.0869202264583816,-0.0467110210474784,-0.5838908115298692,-0.6967167318502979,0.4986825323425967,0.2087305378662473,0.31562654645871,-0.7904500724614334,0.9058748555224808,-0.1988692212976725,-1.840728006794444,-0.2499708415703039,0.0857056577133887,-0.3519993939829973,-1.083273594061667,-1.7399375220218238,1.414131481553918,-1.361413924728821,0.5367540826707983,0.6210502007174474,0.2549140491906804,0.9365727023705174,0.4032516641963589,1.1202499780284447,0.0480377718562213,-1.623170554592886,-0.7668755972571919,-0.9287467752906088,1.57589475634244,0.9029266388143312,-1.1695295264196357,-1.8611445508996245,1.282492399762674,-0.3368144101749417,-2.5655708773000705,1.3269488357549888,-7.739187295205346,-0.4453480022077192,0.1833028270413698,-0.5339399649623021,1.9930215593792016,1.5050218190007103,0.939616013412524,0.1131517962528422,-0.4880591547735019,1.0399154177764327,7.397940009,7.619400037052986
CCC(CC)S(=O)(=O)C[C@H](C1CC1)N1C(=O)[C@@](C)(CC(=O)O)C[C@H](c2cccc(Cl)c2)[C@H]1c1ccc(Cl)cc1,0.5281675340791524,-0.6403538499632889,1.147602843917827,0.8022896902327896,0.6287223044391025,0.8356834362876826,0.6600472143446885,1.703379963207191,0.9382317184756322,0.2230250655198205,0.1516606087138655,-0.1076274745332924,0.8826241441374074,0.9822630177132948,-0.5117436132368376,1.324054804746767,-0.5086230057180687,2.2173988589113143,0.7980155077977433,-1.99829913243454,-1.0298085104210628,-0.9741276962820522,1.1181516417393578,1.5490644888970095,-0.3176320973970905,-0.390518013071442,-0.5362068133580962,-0.0490491101623381,0.5964183331037847,-0.3186856222765499,-0.7668755972571919,-0.6137327961937361,0.6962064471322067,-0.1260225005117242,-0.1104867032948737,0.3139871608165929,0.1008888448838099,-0.6943093689378351,-0.5037161960531727,0.4311246512852341,-0.0639994759526716,-0.4453480022077192,1.9998681121984876,-0.6149661713124048,0.5189617558997066,0.0425738605635775,0.6617052536883736,-0.7824574586814822,-1.4299619550554885,0.4534837057775661,10.0,9.768254528445183
CC[C@H](N1C(=O)[C@@](C)(CC(=O)O)C[C@H](c2cccc(Cl)c2)[C@H]1c1ccc(Cl)cc1)C(C)(O)C(F)(F)F,0.5281675340791524,-1.1226649682267935,1.147602843917827,0.4915390111689029,-0.2743034547512874,0.6225476379904303,-0.443569030495492,0.7866613246664154,-0.2189956780792677,-1.0357867759729646,-0.1053351911419206,-0.7158769651551349,-0.2494552475270199,0.6373332603011361,-0.199809225052189,-0.3135837151900452,1.109634775611404,-0.6761002049177819,-0.1462464191534149,-1.8129514117047607,-0.5685975745585286,-1.3817802945822002,0.2223316584555661,-0.910535740131442,-0.0424728962060695,-0.2463810203338148,1.2624970041143386,0.4355293348660334,0.948151311920262,-1.011252821616036,-0.7668755972571919,-0.6805355180516967,-0.0938605902970847,1.957959982297778,0.2642314616967899,0.5862698489857824,-0.0200134087686044,1.1246034395225306,0.3018653575148895,-0.2856608015335165,-6.433257012486615,-0.4453480022077192,-0.9696196426355044,-1.4616695904183243,-0.0983154713942515,-0.4192518105218328,0.3554478588507545,-0.4249515890067866,-2.3039201296952925,-0.3796722530946124,8.0,8.094954594749625
CCOC1=C(C=CC(=C1)C(C)(C)C)C2=N[C@@]([C@@](N2C(=O)N3CCCCC3)(C)C4=CC=C(C=C4)Cl)(C)C5=CC=C(C=C5)Cl,-0.8394605369481851,1.0477350639589769,-0.7808828289898957,-0.7703660157459702,0.1590382911634847,1.450196213505316,-0.4149779481353309,-0.9370723834131268,0.415687857830007,-0.7498962229015018,0.3458864396172391,0.8406850629001279,0.1780770294604715,1.8547966850385211,-0.9763108450632552,-1.872708471512864,-0.7075714709501864,-0.9837188261574408,-1.083273594061667,0.5813124354858688,0.2920435774775787,1.1012212858196395,2.0027910283975854,0.8593838286312565,-0.6788706562224771,-0.2667288476132697,1.8725174449424304,-0.71216715879929,3.7511127183126014,-1.3725615537653566,-0.7668755972571919,0.2018057268710066,1.157286627830226,-1.409408172639428,-0.5734420339522355,-1.8611445508996245,-0.5013020630373858,-1.0369904614892718,-1.5724931253146328,0.9845754479740334,-0.3822251840052295,1.2197217672405445,0.129542046119987,0.454224253613543,-0.9200059586910054,0.0682308422905447,0.9853235252906916,-0.2477782817189391,-1.788655206055052,0.915671667242832,5.13667714,5.8561768342078295
C1CC1NC(=O)C2=C(NC(=C2C3=CC=C(C=C3)Cl)C4=CC=C(C=C4)Cl)N,-0.8394605369481851,0.5654239456954723,-0.7808828289898957,-0.7703660157459702,-0.3414156829387985,-1.727236945693307,-0.4345900973052089,-0.9370723834131268,-0.3369200645817446,-0.0235555365043161,-0.9018237146207132,1.4256026646092272,-0.3016437086895289,-1.983889736697079,0.8501273067917813,0.3096576446277982,0.0921081488490776,-0.4662975697727126,-1.083273594061667,0.969089455322104,-1.3601931629149888,0.8766835706025544,0.1433160100649643,-2.229342154402445,0.4866706202631808,-1.3559555167815762,-1.0991850723240326,1.4769263579123826,-1.4441922460222818,-0.3094205109318436,1.183489196800392,1.0115084994691337,-1.1604848381978403,-1.3231047158052658,-1.5543813647954925,0.4640472467301502,-2.8743263424827727,-0.5351887785029835,2.498000923750141,-1.7624650321469717,0.7639290296439762,-0.4453480022077192,-0.9822292413662388,0.3372318288392131,-1.0080006240805628,-1.2402752257847844,-3.5929413697138477,-1.7546224592459498,0.556760717121678,-1.4726114185639887,5.335358024,5.577273109358524
CC(C)(C)C[C@@H]1[C@]2([C@H]([C@@H](N1)C(=O)NC3CCC(CC3)NS(=O)(=O)C)C4=C(C(=CC=C4)Cl)F)C5=C(C=C(C=C5)Cl)NC2=O,-0.8394605369481851,0.8065795048272245,-0.7808828289898957,-0.7703660157459702,0.6990698560401998,1.4915758576482097,0.6275625421991415,0.2321523939259478,0.7695147033365564,0.4052802931028783,1.1334703155516028,0.8441607919046191,0.2937237997374898,0.9638913443872424,-1.7191199858481998,1.04382216314171,0.953131733699596,1.283188560659063,-1.083273594061667,-1.719480694312767,-0.4625871993132756,0.3982642506672232,-0.0012802740557137,1.298561877972494,0.930007856164384,-0.7729989314596352,-0.5726739467061929,-1.460486025329866,0.3821896201734997,0.95024884243685,0.8748367079066723,-0.6721453774009459,0.7100875496993969,0.09966827509595,-0.0419307093034378,-0.443948745382381,0.2787022318098239,-0.0270001177687336,0.1476978717714959,0.0505694226488284,-0.2327509550173565,-0.4453480022077192,2.10861465079422,0.8366190615083752,0.6499498258242287,-0.1370250115251931,0.7275973843766783,-1.9080318178557465,0.4817560630932744,0.6223576653464389,6.0,6.780476582208484
CC[C@@H]1CC[C@H](N1C(=O)C2=C(N3[C@@H]([C@](N=C3S2)(C)C4=CC=C(C=C4)Cl)C5=CC=C(C=C5)Cl)C(C)C)C(=O)N6CCN([C@@H](C6)C)C(=O)C,-0.8394605369481851,1.0477350639589769,-0.7808828289898957,-0.7703660157459702,0.4757642443231729,1.7762210275194563,-0.2436912023355343,-0.3231631554775009,0.9073144194793368,0.9761679912674558,0.4062215180337528,-0.5349176391620878,0.6809696331357797,2.0653224539747894,1.3902029119932051,-0.1826334624310131,-1.3577147540178238,-0.3785342408991714,-1.083273594061667,-0.1902945958152715,0.6520026491342441,1.1298391870336986,0.1857251696791723,1.3170237759098988,0.2438494021882898,1.494232072269538,2.5690453553041475,0.744805103244772,1.8545819471101572,0.9244819336989278,-0.7668755972571919,-0.7548290691810935,1.6300800885939817,-1.0625592337551624,-1.1595194090388856,-1.8611445508996245,1.1501209895034226,-0.7879401607747339,-1.3230696519913692,1.5331077322365123,0.4252571213099719,1.2197217672405445,0.7491726282099519,1.693131729487409,1.8221957095121524,0.5300565133759552,0.6843174611674288,-0.0558902358311551,-2.6299647895555425,1.4129286971813966,7.236572006,7.571371091978167
CC(C)OC1=C(C=CC(=C1)OC)C2=N[C@H]([C@H](N2C(=O)N3CCNC(=O)C3)C4=CC=C(C=C4)Cl)C5=CC=C(C=C5)Cl,-0.8394605369481851,1.288890623090729,-0.7808828289898957,-0.7703660157459702,0.0614390036620473,-0.3085778942101858,-0.457272499540993,-0.6486456021145858,0.2012604098397132,-0.1254040460360251,0.0644254450285978,0.4272089195912139,-0.1119706956952876,-0.9959136901979052,-0.0114052558769368,-0.1646509395761078,-0.064845823345109,-0.5050647838282949,-1.083273594061667,0.7928354408337448,0.4968382062737993,0.5477617926295141,-0.1553712436801581,0.2201702098383673,-2.480193089169628,-0.5042772896136287,-0.1580458764228289,-0.0252641293089347,-1.0720549656772151,0.4821956886094821,1.618032913638615,1.225461412273825,-0.2774929011061082,-0.0767230356591512,-1.5222674934597793,0.1976097920828722,0.0067524455462554,0.0636358226343719,-0.6643926529450574,0.9498805170999388,0.7639290296439762,1.2197217672405445,-0.1194646335799374,-3.6095890315521535e-06,-1.2486987315900229,0.2478297143793154,0.4796692367853659,0.7743241380377383,-0.1206259644728457,0.1732496139260645,5.823908741,5.8554645548614275
CC(C)(C)C[C@H]1[C@@]2([C@H]([C@@H](N1)C(=O)NC3CCC(CC3)O)C4=CC(=CC=C4)Cl)C5=CC(=C(C=C5NC2=O)Cl)F,-0.8394605369481851,0.32426838656372,-0.7808828289898957,-0.7703660157459702,-0.4602589620329773,1.3077900895842092,-0.3566079746305531,-0.3774270966344741,-0.2270218979786658,-0.0342764322444959,0.5527555022952092,0.7267437896509253,0.1813789367594587,0.6591387857575395,-0.3139278601132307,0.4343264862987669,0.7132374234473007,0.0301790500001896,0.5026277059336075,0.3816100909102254,-0.4570151727643228,0.4879570217942642,-0.4179878408658923,0.5006231349345273,0.8019662188541018,-0.1370677391068231,0.2003997684201623,-1.4101100895801573,0.3367792788745047,0.8280560639130893,0.937300133823706,-0.1334649958451093,0.7725193751838608,0.0068901648100787,0.501840415440388,-0.0275379000864832,0.4019931753000479,0.0991812827738668,0.2849505991014571,0.0520178768507276,-0.176593636770376,-0.4453480022077192,-0.6587731070020347,0.8505922614940181,0.0850935606195634,-0.6245076643375707,0.6045082187978438,-0.8156639015009873,0.0083997006733125,0.1490474050978747,7.494850022,7.012461772357148
CCOc1cc(C(C)(C)C)ccc1C1=N[C@@](C)(c2ccc(Cl)cc2)[C@@](C)(c2ccc(Cl)cc2)N1C(=O)N1CCN(CCNC(C)=O)CC1,1.211981569592821,-0.8815094090950412,-0.7808828289898957,1.7567568199605876,0.2998663716592916,0.9378794618626656,-0.3889449354890084,-0.7928589927638563,0.5054894621756916,0.1944360102126742,0.5573074042556614,0.5688200432696326,0.161707767289785,2.267182208516323,-0.1359922113319743,0.7672877158958339,-0.8388639447021718,0.735056419791344,-1.083273594061667,0.5369788234245892,0.9563055487087764,0.9355458032402152,0.8708781426698272,0.9022503230555424,1.2090423046432603,-0.4798069510056184,2.0841385281895466,-0.4725695200506442,3.7511127183126014,-1.3370228526143506,1.3149528128078931,-0.2681553151904737,1.5677617636639083,-1.0109071676017192,-0.5802577816998225,-0.0640218264912293,0.0642430832343262,-0.7848276217732958,-1.6852198653155768,1.027032678261376,-0.5162154202925319,1.2197217672405445,0.2330551836006117,0.3609638549361083,-0.8476578079473122,1.2997659651849722,1.1223826211474006,-0.236252043375955,-1.957350940001619,1.5946366354543686,7.48148606,7.622470306364347
CC(C)[C@@H](C1=CC=CC=N1)N2[C@@H]([C@H](C[C@](C2=O)(C)CC(=O)O)C3=CC(=CC=C3)Cl)C4=CC=C(C=C4)Cl,-0.8394605369481851,1.0477350639589769,1.147602843917827,-0.7703660157459702,-0.2037823521446082,0.4196035959221816,-0.4721078950787093,0.2372937209997085,0.0832649175111929,-0.5765750751019275,0.0893044691410068,-0.6882439922486758,0.3469343764433933,0.0668393547065496,0.7953158359892329,-0.616026678461911,-0.814965639084124,-0.8058561010557186,0.89522199769476,0.4403873393285715,-0.945887869188756,-0.8683422361905266,0.7576411123224291,0.0863931021749012,-0.5626574466166918,-0.2067030476730951,-0.1193636391071629,1.0379288675779377,-0.0260864991112499,-0.084105658829175,-0.7668755972571919,-0.1878364709553587,-0.0397206963547355,-1.2055767042713956,-0.2975140529355383,0.4263765424117156,0.2717780778871584,-0.6506744095986201,-0.1341419022154446,1.0212988844144868,0.0038573682746226,1.2197217672405445,-0.5468253643387523,-0.9534480269514252,0.0395712722006861,-0.3679378470678983,0.4993102939405491,0.9294341704702582,-1.0287509252795752,-0.0899837070123873,6.537602002,7.000166977295189
CC[C@@H](C)Oc1cc2c(cc1OC)CC(=O)N(c1ccc(C(C)N3CCOCC3)cc1)C2c1ccc(Cl)cc1,1.211981569592821,-1.3638205273585458,-0.7808828289898957,1.9431599650118647,-0.2601959507195936,-0.5677715198374166,-0.4401985142499391,-0.9370723834131268,-0.8318927491857538,-0.0432105120279794,-0.3055272186975387,0.1335461279864758,-0.7450609507432188,-0.5410436996617277,-0.2279766853248259,0.4221720749566259,-0.8960150118326891,0.0368510940815074,-1.083273594061667,0.8742948682531734,2.5623495848307973,1.206928774065497,0.6434042974725693,0.2874004972870428,0.1783738469031737,0.624998771930585,-0.3164522716788034,0.7617910553428634,-0.5148530240665841,0.053940457511874,-0.7668755972571919,-0.8743159003032863,0.5181397616963379,-0.542330871025462,-0.7171049132389797,-1.8611445508996245,0.3342779238754257,-1.1793392923475696,-0.7171922206897784,1.3733212738442582,0.7639290296439762,-0.4453480022077192,0.3352081021493279,-0.6465455646387742,-0.3824962254807528,0.4017716047411189,0.3674070493838981,0.0575054918675022,0.0359647849568043,0.3837230062764475,7.326979093,7.694203228739267
CCC(CC)N1[C@@H]([C@H](C[C@](C1=O)(C)CC2C(=O)NC(=O)O2)C3=CC(=CC=C3)Cl)C4=CC=C(C=C4)Cl,-0.8394605369481851,0.5654239456954723,-0.7808828289898957,-0.7703660157459702,-0.303901667672541,0.5964834745195355,-0.4755605810326411,-0.1529983301130674,-0.0307257427498198,-1.003624088752425,0.0257207842719658,-0.0575889305168938,-0.5382844146377943,0.0142103979417736,0.4950892977196696,0.0498827876034085,-0.5602111325612377,-0.4588691442760237,-1.083273594061667,0.485958811923618,-1.0687480336945328,-0.4354667947743972,-0.008272231033711,0.1219478205688199,0.157624040811944,0.1156439785108734,0.2468215779247617,1.2955834331402474,-0.4086907414297067,-0.4128431145013692,2.584521324951487,-0.8682735438182446,0.3678924811037696,-1.1090667376341496,-0.2521503625062035,1.031923647370028,-0.3099728688420137,-0.9388805452397933,-0.1184033952344095,-0.2418811067740937,0.1398968401889838,-0.4453480022077192,-0.3594477018590739,-0.1645434389777349,-0.4395138005728675,-0.6758216277915052,0.4699946475008523,-0.0297071389765338,0.0705334012956668,-0.2402290170314359,6.30980392,6.599168107637959
COc1cc(C(=O)O)ccc1NC(=O)[C@@H]1N[C@@H](CC(C)(C)C)[C@](C#N)(c2ccc(Cl)cc2F)[C@H]1c1cccc(Cl)c1F,1.211981569592821,-1.1226649682267935,1.147602843917827,-0.4760629456186854,0.1207452466964787,-0.2852426709317571,-0.3763652871531699,-0.0786055540249227,0.6470603385288811,0.5008749467861485,1.0643949647059576,-0.7952175722215052,0.3710745439394961,0.4376865842096615,-1.335459212085358,-2.3586647471710878,1.7640479209896085,-1.021600343498008,1.526920589745129,0.0923894890243983,-0.2302969328513081,-1.3026470721709118,0.978554280130986,0.5828579689234064,0.4448996320899701,-0.1347724994638061,0.6605595059774493,-1.6703219745440068,0.2609664876667319,1.0553583740320212,1.4342907858793994,0.3128111903535414,0.5209519854997265,1.874597479576826,0.9465413871399851,1.1567415025112533,0.6259204897555687,2.32217881164962,0.6315984298999963,-0.0549883451266546,-0.7044293421933564,-0.4453480022077192,-0.8410845841389107,-0.4047637706225027,-0.1654694219316017,1.1201670930962015,0.9522936165645288,-0.0002652970398221,0.398933214702291,0.2344536827157119,8.22184875,7.992656137215861
C1CCC2(CC1)[C@@]3([C@H]([C@@H](N2)C(=O)NC4CC(C4)C(=O)O)C5=C(C(=CC=C5)Cl)F)C6=C(C=C(C=C6)Cl)NC3=O,-0.8394605369481851,0.5654239456954723,1.147602843917827,-0.7703660157459702,-0.2831475348680999,0.6607528006849474,-0.3447210073835525,0.4071250298241231,0.4506417146618954,0.1872887463858876,1.083515967779323,0.4276880957272062,0.5248183511429821,1.091714489093765,-0.1155268844246623,0.5146888694257091,1.3202337736801073,0.1454941683263841,1.3545820296295985,0.3740780233414367,-0.8799321981303089,-0.6780838578751381,-0.7722905580126369,0.1937610093181977,0.9668881760635296,-0.3152983178180218,-0.79586595588179,-1.7390869027246407,1.4786906968448663,0.6594524193536342,0.8881097192272445,-0.2045369890072941,-0.0064058003399085,0.5134529458058356,2.0031840447554328,0.9574850103068908,0.3294040801248394,0.5135892046865947,0.1498307944273039,-0.0573457194922031,-0.6020913752230614,-0.4453480022077192,-0.7799050801314849,2.542077522410874,0.2341832431184778,-0.3935948287948655,0.6928712285252253,-1.3865883250807272,0.6368160629695665,-0.125062283283082,8.15490196,7.76876582383622
C[C@@]1(C[C@@H]([C@H](N(C1=O)[C@@H](CC2CC2)C3=CC=CC=N3)C4=CC=C(C=C4)Cl)C5=CC(=CC=C5)Cl)CC(=O)O,-0.8394605369481851,1.0477350639589769,1.147602843917827,-0.7703660157459702,-0.1380464957142898,0.2726306741279704,-0.4715949709934216,0.2372937209997085,0.1668197327944528,-0.4425638783496793,0.1508986886241244,-0.6108746279058545,0.4711828100318917,-0.1756875542766255,0.2991512394830795,-3.4057058832144933,-0.8402322582695787,-1.0658208466483834,0.8624418665840902,0.4531195718544684,-0.9506367527114972,-0.835191792835177,0.8518038226522813,1.5708205182235564,-0.521892018259263,-0.2061899381430907,-1.0211695249813946,-0.6023786597722284,-0.4360014469536811,-0.2210622797281259,-0.7668755972571919,0.3303896618150536,-0.1176390326171152,-0.867180705560988,0.3652586098971768,0.3884764117924709,0.6987311363394298,-0.6288177196174515,-0.2492256430261021,0.2243451934239911,0.0206606716842321,1.2197217672405445,-0.4604134545553942,-0.2758192690228483,-0.1562853744335445,-0.2653099201600293,0.4967109776393665,0.8878728497968763,0.5251107403445373,0.0073053826246719,7.096910013,7.227936159402777
CCOC(=O)Cc1cnc(OC)c(-c2nc3c(n2C(C)C)C(c2ccc(C#N)cc2)N(c2cc(Cl)ccc2C)C3=O)c1,1.781826599187545,-1.1226649682267935,-0.7808828289898957,1.8082732707255305,-0.0837907011754633,-1.0164315645415354,-0.2789307224022133,-0.7928589927638563,0.3685942972422276,0.4830067872191821,0.0143664374518721,1.031934782127754,0.6763549335046946,-0.6136984614200647,-0.4861972675426969,-1.0020941199019402,0.0221213859069137,-0.8348639538390998,-1.083273594061667,0.7466065166477021,0.6634983139960597,0.3299793588800312,1.008685040528693,-0.2062610866066379,-0.3749349928630914,2.652263315513593,1.038098171838014,0.0994332857643199,-0.3950785436211118,1.8129893942767343,-0.7668755972571919,0.8164901483509204,0.1235513517833382,-1.1810890020402154,-0.8704804978413234,-1.8611445508996245,0.7519701737341564,0.7428301033801072,0.6223959241037905,0.4780669638861881,0.7639290296439762,-0.4453480022077192,0.0326747136422181,0.607483501324062,0.5019825159873731,1.581992764181612,0.3064104769117176,-0.7740368593145868,-0.022346372123186,0.3081276700138053,8.790484985,8.739778760002096
CC(C)(C)C[C@H]1[C@@]2([C@H]([C@@H](N1)C(=O)NC3=C(C=C(C=C3)C(=O)O)OC)C4=C(C(=CC=C4)Cl)F)C5=C(C=C(C=N5)Cl)NC2=O,-0.8394605369481851,1.288890623090729,1.147602843917827,-0.7703660157459702,-0.0504081067427885,0.5453019227465618,-0.3656141395543791,0.3118522155793163,0.6347153873129354,0.6143377600363852,1.1241714066422706,0.0784249368750727,0.0965939038619288,0.6098414354020771,-1.3327976077335342,-2.40773751399748,1.9099049554067256,-1.0244023686192416,1.5148958267233126,0.2447934102275961,-0.1448861247204864,-1.2525599083170078,0.1837713424488724,0.5042866589734796,0.4227940242189235,-0.5344849780312861,0.7946062364271738,-1.3035093354925174,0.4619144604195451,1.7190718616932466,1.392629129903641,0.2186242627971723,0.6819187154983039,1.1239022619146104,0.5776686199186011,1.1428385657702844,1.0859080603192572,0.9123159383404692,0.4094173072126803,-0.0366074575759814,-0.44289377556579,1.2197217672405445,-0.7803818359038617,0.7604722707036654,0.4223398003963254,0.3248006595602172,0.1488371997819436,-0.8401952037640159,1.2321569392926364,0.2115133576024285,7.337242168,7.1413057005920715
CC(C)(C)C[C@@H]1[C@]2([C@H]([C@@H](N1)C(=O)N)C3=C(C(=CC=C3)Cl)F)C4=C(C=C(C=C4)Cl)NC2=O,-0.8394605369481851,0.32426838656372,-0.7808828289898957,-0.7703660157459702,-0.5524720039434527,0.4085764498383423,-0.3622273584986263,-0.6967167318502979,-1.558615102243177,-0.3996802953889598,0.751211671243899,0.7333907893830087,-1.0758149989491106,0.1947304554722851,-1.3647996866359722,-0.0031441330673588,2.007507420043629,-0.5996220688653184,-1.083273594061667,0.3866280902408032,-0.5215291280288054,-0.1035057217342109,-1.0285751866827828,-0.9795088761083144,-1.3338217508984027,-0.7974105541177724,0.5734897283526045,-1.6453460381626102,0.3986898233330349,0.4711586442079127,1.071798698178756,-0.1999565065004259,-1.6910881304941434,0.3378414409946084,2.008237806446789,0.5936711459062363,-1.0153184908935695,0.6978515195556223,0.9025328199237144,-0.2302490225375842,-0.1583577920365042,-0.4453480022077192,-0.8751789088137611,0.421657891739377,0.1323621365321993,-1.086333335422981,-1.4315988363046463,-1.32358611594167,-0.0522306286758294,-0.847609115311159,6.0,6.263423902884474
C[C@@H](C(=O)O)NC(=O)N1[C@H]([C@H](N=C1C2=C(C=C(C=C2)OC)OC(C)C)C3=CC=C(C=C3)Cl)C4=CC=C(C=C4)Cl,-0.8394605369481851,1.288890623090729,1.147602843917827,-0.7703660157459702,0.0454996574824606,-0.2886956156650798,-0.4591369454146224,0.2372937209997085,-0.1036348347167681,-0.3192735773376106,-0.25545794044129,0.1552043153619803,-0.7097359432055371,-1.0586357355655116,0.4038328578916668,-0.0357100258786722,0.2347598144757779,-0.4340417512150753,1.3031495570269649,0.382850929326156,-0.3068136954399982,-1.223488404927031,-0.1372052246158285,0.0577961870030865,-1.5932440321939674,-0.5284929249475637,0.2744951486208249,0.2566583030373277,-1.026088159046048,0.9813201665497744,1.58024292403059,1.2204692182496468,-0.2661116368231742,0.2109413659726352,-1.6215663126441904,0.8980191886745893,-0.0656887584401211,0.4875542865586523,-0.518756681296445,0.9160955591673678,0.7639290296439762,1.2197217672405445,-0.5014153563417099,-0.4149647793580294,-1.322434529522918,0.093887824017512,-0.2879738452275819,1.6179576228842625,0.1508498259529665,0.0226288011877518,5.469800302,5.88148398192537
CC[C@@H]([C@H](O)C1CC1)N1C(=O)[C@@](C)(CC(=O)O)C[C@H](c2cccc(Cl)c2)[C@H]1c1ccc(Cl)cc1,0.5281675340791524,-1.1226649682267935,1.147602843917827,0.8591377271484217,-0.298918909362848,0.2622161472710101,-0.444468880415123,0.7866613246664154,0.0282594215226021,-0.7847391340570865,-0.0717106296920449,-0.8886979252589131,0.48818239654854,0.0165763795486469,0.8286574833677635,0.1000447478553535,-0.9256446624756252,-0.4411537169729338,-0.6072170126295471,0.4374491579183822,-1.1573365927710335,-0.893033578326464,-0.1321017494758136,-0.1664664844894069,-0.0015137721739845,-0.3312598035630686,-0.593482546744978,0.1938598083145676,-0.1177477455206327,-0.1666372215972352,-0.7668755972571919,-0.7937751688966991,-0.1594000609608062,-0.7161145401614484,0.1442008448199121,0.4740976932726674,0.0776939593892238,-0.6455425828279124,-0.0682343838474084,-0.7825156195816884,-2.0282687804086807e-05,-0.4453480022077192,-0.7240429410781629,-0.8462144332678816,-0.1146846574380062,-0.547536719156669,0.2153629590003893,1.0912318321509746,0.4778760290654548,-0.2641757867214372,8.886056648,8.596422496740495
COc1cc2c(cc1OC(C)C)[C@H](c1ccc(Cl)cc1)N(c1ccc(N(C)C[C@H]3CC[C@H](N4CCN(C)C(=O)C4)CC3)cc1)C(=O)C2,1.211981569592821,-1.1226649682267935,-0.7808828289898957,1.8776064531508485,-0.3029331853572973,0.0367165791221801,-0.440684051564498,-0.8469390142573326,0.4820167874721469,0.6402465914084873,-0.2226258519825794,-0.0449673360325561,1.0168376657208125,0.3771783963726562,-0.4614476366813059,0.8556876967106471,-1.2065103831869444,0.8890654862745935,-1.083273594061667,0.8622725162809082,2.330481395258313,1.1841416756426146,0.8569530395669187,0.9120083731972122,0.5977742680596716,0.666790586465259,0.1290619556216594,1.2219566805036386,-0.1680143217193849,0.0568707881256285,-0.7668755972571919,-1.5717247748030334,2.017552805965225,-1.2491959941445214,-1.0453179584970982,-1.8611445508996245,1.083450981298322,-1.3678905325002138,-0.4302355647925807,1.525185761512452,0.7639290296439762,-0.4453480022077192,0.69360824058597,-0.4009915843519203,-0.0060901179546121,1.1971380382771033,1.0064705195058143,-0.0569621616414482,-0.2199529044890272,1.4576580194767368,9.096910013,8.739950684317352
CC[C@@H](C(=O)OC(C)(C)C)N1[C@@H]([C@H](C[C@@](C1=O)(C)CC(=O)O)C2=CC(=CC=C2)Cl)C3=CC=C(C=C3)Cl,-0.8394605369481851,0.5654239456954723,1.147602843917827,-0.7703660157459702,-0.3845320327688117,1.0764427924515243,-0.4745961307196355,0.7866613246664154,-0.7406738540269373,-0.7624039345983782,-0.0553180942580669,-0.7185734149519204,-0.5295703732233287,-0.0589135352257295,0.9375351848564742,-1.6669310617981088,-0.5784581157681319,-1.005991352799174,0.955960497996504,0.3659480068887195,-0.9309209974130284,-1.0254276236324569,0.2408897498738023,-0.0059548262704731,0.5147640027146705,-0.0605171651035452,1.339713613234487,0.7362184314473403,-0.4883937925783259,-0.5887717548160264,-0.7668755972571919,-0.3790083753298672,-0.0569003383221946,-0.0073741121553621,-0.0442951076859234,0.4966019203176582,-0.4845369097155107,-0.0231133185663208,-0.7186507128699461,1.074322890083773,-0.6238905636718122,-0.4453480022077192,-0.560322697563318,-1.4616695904183243,0.6084902013543279,-0.7014786095184724,0.4994855156263159,0.0903955621853869,-0.2236506398121857,-0.0488360051629866,6.508638306,7.2201445976551195
CC[C@@H](CC(C)(C)C#N)N1[C@@H]([C@H](C[C@](C1=O)(C)CC(=O)O)C2=CC(=CC=C2)Cl)C3=CC=C(C=C3)Cl,-0.8394605369481851,0.32426838656372,1.147602843917827,-0.7703660157459702,-0.4066729576348414,0.954531566302404,-0.4755945983836114,0.2372937209997085,-0.5414687914900653,-0.4300561666528026,-0.0369964028683244,-0.4733548134131836,0.1206734945590772,0.3219114344409509,0.3349258223558007,-0.1299135522803205,-0.8982613566197238,-0.5907537904887293,0.915083581514154,0.4416715858423405,-1.4321695529613911,-0.8937599805156347,0.6317728176400128,-0.3717775918622503,0.0201148720961076,-0.1183874332017347,0.6116405836846375,-0.4326274909873936,-0.5153497527854671,-1.011252821616036,-0.7668755972571919,-0.7071742070002488,-0.060653969240655,-0.939777597267695,0.3645689883884225,0.4493403499242211,-0.0954884207825295,-0.6250913904449885,-0.1908235918483969,0.702866637833988,-0.4427255773770859,-0.4453480022077192,-0.6582247150921843,-1.4616695904183243,-0.016504659591992,-0.6501646460645379,0.5069820491239369,0.5206355279542444,1.5403935969926157,-0.1135549739831238,8.920818754,8.157413065457664
COc1cc(C(=O)OC(C)OC(=O)C(C)C)ccc1NC(=O)[C@@H]1N[C@@H](CC(C)(C)C)[C@](C#N)(c2ccc(Cl)cc2F)[C@H]1c1cccc(Cl)c1F,1.211981569592821,-0.8815094090950412,-0.7808828289898957,-0.4741674015480304,0.1540528302614771,0.4027844135114772,-0.3763558643375556,-0.4170931310616788,0.6578717580650805,0.8609183620605226,1.1805503773169432,-0.458424600426376,0.3721795799777818,0.9154017508095816,-1.884128753324539,-1.1421078594776848,1.531505958499175,-0.7693274667106462,-1.083273594061667,0.0745039725135997,0.030593584109098,-0.5435708875917097,1.6344913282163829,0.7740737153892946,0.930320546655545,0.1675136273584396,1.9529448430253336,-2.219070846563923,0.5543317352125503,1.725056981203691,1.3471577781751325,-0.0799396182870191,1.0517291850213164,2.124538287377324,1.1325336407677575,-0.0362211322455198,1.448511381378021,1.803302312220072,0.3005137850866102,1.5007264269585572,-0.7470241918257421,-0.4453480022077192,-0.3623957735484975,-0.4047637706225027,0.317422047280166,1.78724861799735,0.9523287053883068,-0.6363737299083684,1.1315847142700493,1.2754430723798151,7.838631998,7.88972370498112
O=C(O)C[C@H]1C[C@H](c2cccc(Cl)c2)[C@@H](c2ccc(Cl)cc2)N(CC2CC2)C1=O,0.5281675340791524,-1.1226649682267935,1.147602843917827,0.9608080719775588,-0.5304593337999209,-1.1453043728142922,-0.4507236552168669,0.2372937209997085,-0.5613354071411429,-0.9071360270908068,-0.5743003214368079,-0.6164296539643025,-0.0807397696538217,-1.3513345775684793,0.4242932887368306,0.1748355806422356,-0.9222859594082298,-0.5092121947969049,1.2603654256905017,0.5160660540917252,-1.359082400240754,-0.7462514794383444,-0.3253346090985801,-0.9168725437205564,0.0167625213478812,-0.0283617372355832,-1.4591886476223226,0.3033977149378284,-1.0617963889883912,-0.5757236383527493,-0.7668755972571919,-0.5584666549907249,-0.7522732919105698,-0.0189690107357479,0.9941568066038218,0.848552511417918,-1.1264586801336804,-0.6916971639836723,0.6064965785209514,-1.245687547974316,0.7639290296439762,-0.4453480022077192,-0.6659192854828364,-0.7537791583223181,-0.4446542271019452,-0.8297635181533086,-1.6846744290779023,1.943412828450467,0.3252033651670249,-0.9925363051900308,7.522878745,7.242582514412653
Cc1cc(Cl)ccc1C1c2c(nn(CC(O)CO)c2C(C)C)C(=O)N1c1cc(Cl)ccc1C,1.0980125636738765,-1.3638205273585458,-0.7808828289898957,2.321919466583484,0.4375174016469803,-0.5674373638954824,-0.3353625556911289,-0.1529983301130674,-1.4234303735678,-0.5292244522494665,-0.2403890080188102,0.325463496353475,-1.924629680504992,-0.5925509534610868,0.6867660458772622,0.0463981180044732,-0.1964198050575922,-0.5113965394507485,0.5477426835043503,0.4913803414722994,0.358104625467945,0.8269595976985772,-0.2487890165375885,-0.5095117609396518,-0.0937276304404838,0.927759064129026,0.6525000495446888,0.3437724264177938,-0.2257447140525182,1.29931289591376,-0.7668755972571919,0.0598006219665443,-0.5958277231901858,-0.9146502413329948,-1.0223062760270163,0.6738072844720556,-0.90766923129231,0.5560038433882651,1.0886445763153307,-1.1534516021661183,0.7639290296439762,-0.4453480022077192,-0.6405805869866966,0.243286858758204,0.1498211268211672,-0.1883389749791276,-0.5626845616852295,0.1473424904315453,-0.418379008390157,-0.5289111185369445,8.657577319,8.364519605236564
CC[C@@H](CN(CC(F)(F)F)S(=O)(=O)C)N1[C@@H]([C@H](C[C@](C1=O)(C)CC(=O)O)C2=CC(=CC=C2)Cl)C3=CC=C(C=C3)Cl,-0.8394605369481851,0.8065795048272245,1.147602843917827,-0.7703660157459702,0.4808116489197011,1.0847966909998874,0.6405259937011608,1.5175572886501276,0.8104194730222195,-0.5327980841628598,-0.007263076388213,-1.464331123446869,0.5238604862498915,0.4831218380489399,1.0448955511748272,0.7394569720018804,-0.0321277185169209,0.5709297702405309,0.9385910461110304,-2.3918924987022443,-0.9425775324828076,-1.2875597898820246,0.6087843086226349,0.1621988906391605,0.3975380163219858,0.4548762732264073,0.3073978955569605,-0.3880068656436662,0.328255816608133,-1.011252821616036,-0.7668755972571919,-0.5994453665277655,-0.0618328286564988,1.697567449674147,0.4942989660223954,0.4765194962107619,0.7052450633445806,0.7238192603060679,-0.0380069512360668,-0.0464809202405732,-3.7751027403695314,-0.4453480022077192,1.7245751327640484,-1.4616695904183243,-0.3305410856997192,-0.3166238836139638,0.2581009980710875,4.978145927464928,1.3528356549249112,0.0936380071539508,8.0,8.131376490829995
C1CCC2(CC1)[C@@]3([C@H]([C@@H](N2)C(=O)NC4CN(C4)C(=O)O)C5=C(C(=CC=C5)Cl)F)C6=C(C=C(C=C6)Cl)NC3=O,-0.8394605369481851,0.5654239456954723,1.147602843917827,-0.7703660157459702,-0.2963839404587262,0.4494548600683347,-0.344749668904474,0.4071250298241231,0.3099825547158999,-0.2638822826800148,1.0793023598808975,0.0803387688368981,0.3185499587771617,0.9705353331405224,-0.4975122837097231,0.2888929840870373,1.3386387104133275,-0.1514987223909907,1.5925023333150623,0.3681785165205602,-0.9812292190550234,-1.016239143781053,-1.0996709735244758,0.1454891707267352,1.0796612236126275,-0.3902440600927392,-0.7602460796656995,-1.7340096598718435,1.441446081589087,0.2865449405474499,0.916789196727869,-0.2097465054040287,-0.0259563393913447,0.8226726934703238,2.0684680944473786,1.23256660031659,0.3224453604371148,0.58766688109156,0.1851364845239373,-0.1110217821459241,-0.6176630674422575,-0.4453480022077192,-0.7417701811826457,2.542077522410874,0.2191714099695905,-0.3166238836139638,0.691752213867561,-1.3394277313476963,0.5650586374008086,-0.19840460323014,7.0,7.185207168119996
CC[C@@H](CNS(C)(=O)=O)N1C(=O)[C@@](C)(CC(=O)O)C[C@H](c2cccc(Cl)c2)[C@H]1c1ccc(Cl)cc1,0.5281675340791524,-0.6403538499632889,1.147602843917827,0.7856128693272294,0.6284705663233277,0.024018653328667,0.6260120998714876,1.5175572886501276,0.814100338696906,-0.4407770623929825,-0.1203609551083111,-0.8072952757093179,0.5932843617870335,-0.14901482734213,1.0246483302564362,0.9790913532753756,-0.7163216075764137,1.066646078342372,0.9721997465835852,-1.8342390849617076,-1.3112768168217286,-0.9974468739305168,-0.2241734072514985,0.1535156662656844,0.4313280878311968,0.1807914180950807,-1.163764421548258,0.3100644343397958,-0.5153497527854671,-1.011252821616036,0.6415934406199628,-0.6121858755274531,-0.0827493735412487,0.2438790302593824,0.6036784745489863,0.5153776122308744,0.1491516729808987,0.1307119959604019,0.1645216474215495,-0.6447272034285186,-0.0519191249424254,-0.4453480022077192,1.8295208538708647,-1.4616695904183243,-0.2597919562407338,-0.2653099201600293,0.2154481786872929,0.6423190694930294,0.9961654332776764,-0.2301684407166952,9.15490196,8.93826109535907
O=C(N[C@H]1CC[C@H](O)CC1)[C@@H]1NC2(CCCCCC2)[C@@]2(C(=O)Nc3cc(Cl)ccc32)[C@H]1c1cccc(Cl)c1F,0.5281675340791524,-1.1226649682267935,-0.7808828289898957,0.5161409663861107,-0.324226568914258,0.7180048520697335,-0.3237796774403853,-0.3774270966344741,-0.1997041612626977,0.1345776756633369,1.1716166748101955,0.5061301841728083,0.4617572605063086,0.9453628036997412,-0.4681945864917118,0.458611942386825,1.014044405293173,0.0866893020230504,0.4667802943411369,0.3996232508455738,-0.5524710018400966,0.5076950761331275,0.3153050826452359,0.3485451139573361,0.9176049087738216,-0.1379107234093824,-0.8279944563197456,-1.7884033484627413,1.3134552616919308,0.2865449405474499,0.7591752144149267,-0.2877822660364029,0.9998951576775164,-0.0846137282834892,1.4913434398960244,-0.0689843963536759,0.0329202815364318,-0.0809937009197257,-0.1331536323993975,1.533213112377266,-0.5388693458759607,-0.4453480022077192,-0.5694949108037141,0.8809653726541123,-0.1445793474366479,-0.0600540663442914,0.7453089084099325,-0.7368976979072127,0.6214978659063447,0.2463364947349341,7.795880017,7.700312933964878
CC1=C(C=C(C=C1)NS(=O)(=O)C2=CC3=C(C=C2)NC(C4C3C=CC4)C5=CC=C(C=C5)C(=O)O)C,-0.8394605369481851,1.5300461822224811,1.147602843917827,-0.7703660157459702,-0.5168104555051158,-1.158225069235762,0.6696076606975895,0.3051078225500355,0.5059420190082526,-0.0173016806558781,-0.6364518121898022,0.1370592032842447,0.7604874737032347,-0.5683146086843553,-0.8060807759759274,0.6581346652219289,-0.2608489235276875,0.294185630994933,1.5988833302283236,-2.126578900046276,-1.354072420974811,-0.8675469051043252,-0.1143212682261585,0.0550155227896359,-2.478013676944588,3.571809465383701,-0.5650404278702789,-0.2516999922618542,-0.1500902966642551,-0.3256302705389933,1.0234387494763844,-0.2477291105978839,-0.3205904251389698,0.5311805002038968,-0.4498385535613273,1.2399442589256149,0.5070730078179694,0.7575840583298485,1.3030730284313974,-0.1582200879221582,0.7639290296439762,-0.4453480022077192,2.132662494980818,-0.491111575142273,1.440009058434344,-0.3166238836139638,-0.8089954259068175,-1.0523281301516256,-0.4049795020519134,-0.468370384449368,5.124938737,6.111724853610868
COC1=C(C=CC(=C1)C(=O)O)NC(=O)[C@H]2[C@@H]([C@@]3(C4=C(C=C(C=C4)Cl)NC3=O)C5(N2)CCCCC5)C6=C(C(=CC=C6)Cl)F,-0.8394605369481851,1.288890623090729,1.147602843917827,-0.7703660157459702,-0.0350931360082549,0.3979391523534255,-0.3444724545864243,0.3118522155793163,0.8548952990758325,0.6286322876899584,1.1943640620504097,-0.3374368913549796,0.5427670020088055,0.9970650299934476,-0.5605222876539154,-1.639764857913691,1.5795287542976475,-0.9568313957561112,1.4908444977195998,0.3313981677754969,-0.4792681163367217,-1.221152374111819,0.447636036627875,0.2478077017302332,0.6294690527565293,-0.2900937542883391,-0.4062679517638405,-0.922099749782878,1.5155129986359372,1.0281946885126625,1.2855281908587433,-0.0556341969836956,0.0101919037179689,0.8545552877042323,1.6333890247773746,1.1150306077200365,1.072577276509981,0.6106717562773023,0.0302213866704713,-0.0280903310493567,-0.7147444478614726,-0.4453480022077192,-0.7790543844913527,1.244951365990751,0.2011006881806826,0.3248006595602172,0.6926826330484637,-0.5274266453537595,1.5277377097213691,0.2111378548831645,8.327902142,7.9628498612341945
CC(C)CC(C)(C)C[C@@H]1[C@]2([C@H]([C@@H](N1)C(=O)NCC[C@@H](CO)O)C3=C(C(=CC=C3)Cl)F)C4=CC(=C(C=C4NC2=O)Cl)F,-0.8394605369481851,0.32426838656372,-0.7808828289898957,-0.7703660157459702,-0.4545299260407662,1.7405777270464369,-0.3483305800071079,0.3726253968529113,-0.8304121291094555,0.1131358841829771,1.0927964842717868,0.5905656290931288,-0.4444093383395078,1.1067655966947705,-0.4338271590399555,0.5078303320687888,1.1297867295897386,0.20014465301894,0.6912317282197006,0.2027499889063053,-0.1994504129360726,0.1564384810785781,-0.6760367951286169,0.4082738578688237,0.8212183700590572,-1.7174567612319744,0.4772312933854726,-1.4239433138104214,0.6061268965413721,1.3614982762490209,1.026522303802401,-1.2659231118331395,0.9545688864831946,0.9552798836045412,0.3006160381178223,0.7800090236323521,1.4563329843214337,0.7586252927213915,0.1477708839386159,0.9173166937691236,-0.4968501156625238,-0.4453480022077192,-0.9494058000846618,0.3594842959407764,0.3530650926767377,-0.4705657739757672,0.3456658251040018,-1.2971654803641013,0.0140270969473201,0.4320358837439414,6.0,6.288366661735107
COc1cc(C(=O)OCOP(=O)(OC(C)(C)C)OC(C)(C)C)ccc1NC(=O)[C@@H]1N[C@@H](CC(C)(C)C)[C@](C#N)(c2ccc(Cl)cc2F)[C@H]1c1cccc(Cl)c1F,1.211981569592821,-0.8815094090950412,-0.7808828289898957,-0.5241143603087441,0.8209280370689347,1.268638151720879,0.2139293022441145,-0.4170931310616788,1.5201324044085536,1.5774315606958764,1.237561914403131,1.0290057894478313,0.372557519085698,1.527884032291133,-1.5523441179681363,0.5788965943981559,1.518424282644827,0.5410786427849997,-1.083273594061667,-2.2122105306714896,-0.5097522924116286,-0.6556420166747858,2.410271825812501,1.465211606103879,0.7993096116328221,-0.2677506579011492,4.591111840199514,0.939240032469042,0.2526544831044199,1.0553583740320212,1.3155581218600216,0.2347261770356387,2.5069433613879064,0.5783451838256242,-0.7819218048353338,-0.0634992980025169,0.0632087812396001,1.139858737227386,-0.5215380282565679,1.613553984187392,-2.033738221649324,-0.4453480022077192,3.160836550287879,-0.4047637706225027,1.2233654557128948,2.197760325628826,0.952307685459008,-3.1122753925738738,0.2573411793022613,2.188365029176014,7.966576245,7.917949851784932
CCOC1=C(C=CC(=C1)C(C)(C)C)C2=N[C@@]([C@@](N2C(=O)N3CCN(CC3)C(=O)C)(C)C4=CC=C(C=C4)Cl)(C)C5=CC=C(C=C5)Cl,-0.8394605369481851,1.288890623090729,-0.7808828289898957,-0.7703660157459702,0.1606154697090798,1.417337545881752,-0.4148409923572373,-0.7310532537081498,0.476711524974648,-0.1075358864690586,0.4552800160553126,0.4931486911212808,0.1620123128673307,2.3047007979809675,-1.528746738998236,0.0470691999285364,-0.7626435312089168,-0.2385335326429597,-1.083273594061667,0.5263980841433686,0.3941170315732069,0.826004289404797,1.1390556327418009,0.8868701210944171,0.5434544560074023,-0.6573128377980385,2.368724972539522,-0.5090185744582768,4.037308882536853,-1.2375631952182202,-0.7668755972571919,-0.0750492526235371,1.157655794096503,-0.9675580329317112,-0.5998683292401854,-1.8611445508996245,-0.4959740073772873,-0.5515755301122778,-1.5785680977370422,0.9816647145496904,-0.5421917392126799,1.2197217672405445,0.1923186520502501,0.3609638549361083,-0.8783477175800907,0.4787425499220206,0.9096218810979758,-0.438786440423607,-1.8394575249818452,1.1549582184912832,6.522878745,6.5052605624456135
C[C@]1(CC(=O)O)C[C@H](c2cccc(Cl)c2)[C@@H](c2ccc(Cl)cc2)N([C@H](CN(c2ccccn2)S(C)(=O)=O)C2CC2)C1=O,1.211981569592821,-0.6403538499632889,1.147602843917827,0.908882214479153,0.6293071927814681,0.0393898266576567,0.6434693198590407,1.5175572886501276,1.0516334875075888,0.3052185995278662,0.2652778109131599,-0.6751712224907217,1.0995136992021934,0.6052182884925447,1.1922621771572046,0.547657604161408,-0.6293105418981982,0.2793645478001952,0.7882006984684482,-2.111131336244729,-1.144325877063627,-1.0032508278683567,0.9775871683246836,1.5714817794076723,-0.0614199400580087,0.5245874494130737,-1.1890271005106925,0.43753819561932,0.525417803575553,-0.3186856222765499,-0.7668755972571919,0.0087023721381868,-0.063475318793317,-0.0697710047987593,0.1387844844602927,0.302639355210587,0.9149782668190948,0.0452316126073112,-0.5850830875552013,0.5602280813286182,-0.0863645192485002,-0.4453480022077192,2.131641166638192,-0.0613520866352946,0.2256898428996411,0.940568221007431,0.6797913736221526,0.3404419296486606,0.8822982365444784,0.5249485121283046,7.869666232,8.301621777639191
CCC[C@@H](C(=O)OCC)N1[C@@H]([C@H](C[C@@H](C1=O)CC(=O)O)C2=CC(=CC=C2)Cl)C3=CC=C(C=C3)Cl,-0.8394605369481851,0.5654239456954723,1.147602843917827,-0.7703660157459702,-0.5427311020004546,0.1641970709702092,-0.4802168895639606,0.7866613246664154,-1.2045893511695829,-0.6560883851749281,-0.2873922134992271,-1.0549310352039134,-0.97342492048288,-1.126813241846244,0.8520071524227403,-1.670145997824158,-0.3136976750663984,-1.0192028974144098,1.1552236673799827,0.4488139376665394,-0.7514716551002134,-0.9871790267558408,-0.2678894747120617,-0.9802029721946374,0.3194013154917361,0.1988462487910229,-0.47415613047899,0.262279048919207,-0.8562407087216029,0.0179755323378541,-0.7668755972571919,-0.2740972001064344,0.0656459741129544,0.3961511217329131,-0.0087638467975359,0.72698843468948,0.414582253741847,0.1596707542000201,0.7984531989692035,0.4276914475973434,0.7639290296439762,-0.4453480022077192,-0.6122109741897301,-1.4314079112713611,-0.1041537180086417,-0.8041065364263414,0.0590874308036409,1.7453376162287335,0.2832544257441508,-0.3908498297697493,6.568636236,6.789013624950555
CN1C(=O)N(C[C@H](C2CC2)N2C(=O)[C@@](C)(CC(=O)O)C[C@H](c3cccc(Cl)c3)[C@H]2c2ccc(Cl)cc2)C(=O)C1(C)C,0.5281675340791524,-0.6403538499632889,1.147602843917827,0.7885063070058865,0.0814685700732742,0.6395338983721032,-0.4416741002394853,1.353178082429921,0.7810552775374159,-0.8472776925414689,0.2232769256735244,-0.9609018854319742,0.7169494629281968,1.7334687085128675,1.7181402187773636,-0.4947293599690022,-0.8216616540642215,-0.6700001959569514,0.8068604273859159,0.377633043195046,-0.997774545336803,-0.9955041434118288,-0.1963362701241444,1.5574123871396166,0.2196889557348642,-0.466459238689941,0.8820235898631605,0.1678913930257559,2.0361669365435597,0.0434664416616919,-0.7668755972571919,-0.2139608726406889,-0.0111836328382504,-0.1803111296756877,-0.0820758136140026,0.3242135875070994,0.4565082213786035,0.0067667596464174,-0.4948810600846982,0.782600890260262,-0.8022800010573501,-0.4453480022077192,-0.2751058152463027,1.0092448226236963,0.0022537344765211,0.3504576412871844,0.3368805604825267,-0.3781571547200691,0.9667791883528308,0.4383604484608366,8.744727495,8.466107957091406
CC(C)(C)C[C@@H]1[C@]2([C@H]([C@@H](N1)C(=O)NCCC3CCN(CC3)C)C4=C(C(=CC=C4)Cl)F)C5=C(C=C(C=C5)Cl)NC2=O,-0.8394605369481851,0.32426838656372,-0.7808828289898957,-0.7703660157459702,-0.5249973668659796,1.416502156026915,-0.3616030519407119,-0.6967167318502979,-0.2146491663368156,-0.0655457114866873,1.0943593846355482,0.8888428777846032,0.2069610157632698,0.9785060727873944,-1.4978407394001985,0.7228532650474403,0.7905109966136126,0.5391693295144091,-1.083273594061667,0.4002612805056004,0.8700627707203509,0.5100874889316667,-0.1380481801767273,0.5832552515342232,1.022456873857301,-0.4715332809980247,0.4218628135130068,-1.80373638211875,0.3821896201734997,0.5955788274803789,0.8610316865425685,-0.5950153269151343,0.7597237797308992,0.1204615717477895,1.0564695587545865,-0.4558658262928096,0.3018506963697678,0.0240770473941445,0.2225379062624306,0.5805256679732947,-0.1351951131241114,-0.4453480022077192,-0.2737821229136742,0.8366190615083752,0.0648393829723053,-0.4705657739757672,0.7289839953388567,-0.5310857760229378,-0.3888637180802638,0.5443929528058915,7.48945499,7.059432465924862
C1CCC2(CC1)[C@@]3([C@H]([C@@H](N2)C(=O)O)C4=C(C(=CC=C4)Cl)F)C5=C(C=C(C=C5)Cl)NC3=O,-0.8394605369481851,0.32426838656372,1.147602843917827,-0.7703660157459702,-0.3587291301408003,0.097532960554268,-0.346000486993611,0.1028861198476352,-1.6436872032000704,-0.7507896308798501,0.7827078887594447,0.5781793383322618,-1.5420768832681528,0.435430505572591,-0.9767457541160124,-1.244092331907171,2.7630512247458747,-1.0016884050514472,0.643845577682483,0.3649965656084906,-0.7592562113470649,-1.05026671663348,-0.7035472052943825,-1.1083988854532334,-1.2153769913381236,-0.4208735597175541,-0.7103419058365534,-1.313888157908764,1.3021949696541737,-0.1627540471916332,1.0530042106036446,-0.4612291999494373,-0.7522732919105698,1.244273099187129,4.372944719530119,0.135737096190515,-0.7853515643974394,0.9141270412071236,0.7366120911305657,-0.9426240525402504,-0.6260617959045188,-0.4453480022077192,-0.9082265296520644,0.9061369920059964,-0.1085723380519958,-1.0350193719690466,-1.6429138167195874,-1.2846227019937897,0.7317685395891211,-0.974658661078736,6.301029996,6.549846548254595
CC[C@@H](C1CCCO1)N1C(=O)[C@@](C)(CC(=O)O)C[C@H](c2cccc(Cl)c2)[C@H]1c1ccc(Cl)cc1,0.5281675340791524,-1.1226649682267935,1.147602843917827,0.916313716538209,-0.368361893563906,0.190261234441104,-0.444825984298701,0.2372937209997085,-0.6208273114887881,-0.8124347813858842,-0.0307449594237369,-0.657451001832529,-0.0778991895387206,-0.1201141314012753,0.6848388581880949,-0.3522087788025478,-1.100444671410099,-0.7352104866942706,0.936496409059974,0.4741571987232624,-0.3467188788911162,-0.8190621103587987,0.1345727965728519,-0.6077602050612688,0.1318662846792346,-0.3312598035630686,-0.4720168895571748,0.1938598083145676,-0.3674330572367665,-0.5887717548160264,-0.7668755972571919,-0.7937751688966991,-0.0291092857650298,-0.7161145401614484,0.1442008448199121,0.4740976932726674,0.3072562284354881,-0.9410418449678336,-0.5715436731543536,0.5392673835318345,0.0484249798348641,-0.4453480022077192,-0.4502884748596411,-1.0467084206493258,-0.0200164490507131,-0.5218797374297017,0.3415657247766919,0.949658928714821,0.4778760290654548,-0.2641757867214372,9.0,8.457516842012279
C1CC1CN2[C@@H]([C@@H](O[C@H](C2=O)CCC(=O)O)C3=CC(=CC=C3)Cl)C4=CC=C(C=C4)Cl,-0.8394605369481851,0.32426838656372,1.147602843917827,-0.7703660157459702,-0.5956940822496931,-0.6872879617360066,-0.4870407526290235,0.1028861198476352,-0.6328468616420312,-0.741855551096367,-0.5601140164502422,-0.3258634922833913,-0.4148161567820009,-1.647297217643313,0.4109182819475252,-0.2473526430787219,0.0559310122436355,-0.767699139531458,1.5243623949556642,0.5075791635511141,0.2664182151517764,-0.7766553660517289,-0.8797837283753067,-0.4851315750964945,0.3956986198373414,-0.6312908627778195,-1.5062278027840832,0.1651041603372974,-1.3055762345478348,-0.6689968975284586,-0.7668755972571919,0.0092753003950344,-0.7522732919105698,-0.6044905297566145,0.4052253945013551,1.1537837377499458,-0.6906130918046351,-0.978707111040068,-1.6774559534126008,-1.3692607504701824,0.7639290296439762,-0.4453480022077192,-0.6044409039647591,-0.7537791583223181,-0.2555904962570517,-1.1376472988769155,-1.3194094030676362,0.0552140567007362,0.3490407383073651,-0.948203435934962,5.886056648,5.838214657201237
COCCOCCNC(=O)[C@@H]1N[C@H](CC(C)(C)C)[C@]2(C(=O)Nc3cc(Cl)ccc32)[C@H]1c1cccc(Cl)c1F,0.5281675340791524,-1.1226649682267935,-0.7808828289898957,0.4288461737824497,-0.5268453758096687,0.2709042017613083,-0.3369928171128613,-0.6967167318502979,-1.3561996642377088,-0.1468458375163844,1.0125729839283613,0.5185739538306489,-0.91789590978492,0.2204298770843366,-1.8009302481758305,0.4530993037691537,1.0895646696982837,0.0561007745568306,-1.083273594061667,0.3772308671260967,1.287091566390549,0.4285047230627101,-0.4443939139014882,-0.1846109147386284,1.3261978165528068,-0.5905367146413163,0.04479568074907,-1.6336652305431454,0.3821896201734997,0.4711586442079127,1.0397731917740292,-0.3557154827673771,0.7944811002073398,0.6656335006394286,0.966777349269042,-0.3015685656283837,0.3628817510093635,0.1665880686421582,0.4482804692548306,0.1770135284728242,-0.1855761041053702,-0.4453480022077192,-0.4060712597214525,0.421657891739377,0.3590281326960633,-0.1370250115251931,-0.3063075332175457,-0.879689180102742,-0.4964773347357442,0.0960911847158847,7.48945499,7.459630207301446
CC(C)OC1=C(C=C2CC(=O)N([C@H](C2=C1)C3=CC=C(C=C3)Cl)C4=CN=C(C=C4)N(C)CC5CCC(CC5)N6CCN(C(=O)C6)C)OC,-0.8394605369481851,1.0477350639589769,-0.7808828289898957,-0.7703660157459702,-0.5013447595253712,0.5234147085498477,-0.4785598991050129,-0.8469390142573326,0.4109120048221805,0.8823601535408824,-0.2401825705206057,-0.4238484520319351,0.7986650180722268,0.2978981171524608,-0.0166711652385623,0.8463875305971824,-1.0885904375189135,0.8709049513349388,-1.083273594061667,0.8396184108136734,1.8981001255125127,1.1029844071875097,0.7263864111768576,0.9057212530272618,0.518251277241233,0.6370672055333655,0.2255167560461825,1.1584224320004315,-0.2425035585011874,0.0568707881256285,-0.7668755972571919,-1.6028819247840171,1.99983811171988,-0.8617913207799913,-0.9613493356576748,-1.8611445508996245,1.5474391418813174,-1.1649993457154284,-0.3866482966424984,1.4555117813356564,0.7639290296439762,1.2197217672405445,0.7153220534016711,-0.4009915843519203,0.0435906234359581,0.5813704768298896,0.7639253552283677,0.0097751515035636,-0.1138292596782635,1.384315699529678,8.602059991,8.432652231685516
COc1cc(C(=O)O)ccc1NC(=O)[C@@H]1N[C@@H](CC(C)(C)C)[C@@]2(C(=O)Nc3nc(Cl)ccc32)[C@H]1c1cccc(Cl)c1F,1.211981569592821,-0.8815094090950412,1.147602843917827,0.2030405532015017,0.1152652880203867,-0.1918460851610501,-0.342322715234738,0.3118522155793163,0.6343065553056552,0.7358412450917571,1.1271945700991604,-0.0381977800634361,0.12077465906578,0.6385476141553958,-1.4969546218853886,-1.8290858076174503,1.7404781747542448,-0.9792017931801076,1.5131504243243976,0.2723244411144326,-0.4898934893871594,-1.250475617203885,0.5110145326368435,0.4984522503255922,0.4472016740702044,-0.5488750362313407,0.9917146705643752,-0.9240543747818376,0.5548029001472007,1.7190718616932466,1.378911265471661,0.2032925232714706,0.6213076674308969,1.140942269731995,0.5415042287128633,1.140820545199266,1.0859080603192572,1.1163652948277492,0.4094173072126803,-0.0413329461035785,-0.401051474401745,-0.4453480022077192,-0.7803818359038617,0.7604722707036654,0.3447811577817254,1.0431961479153,0.4809779498173175,-0.7003656671993751,0.5852637727653105,0.2115133576024285,7.744727495,7.584138762812809
C[C@@]1(C[C@@H]([C@H](N(C1=O)[C@H](CS(=O)(=O)N2CCCCC2)C3CC3)C4=CC=C(C=C4)Cl)C5=CC(=CC=C5)Cl)CC(=O)O,-0.8394605369481851,0.8065795048272245,1.147602843917827,-0.7703660157459702,0.4811164079960795,1.1323582200685725,0.6556900336196854,1.703379963207191,0.927117412412046,-0.1834755646286659,0.1856266813186156,-0.041951836113713,0.7707569402824411,0.6475385567380249,-0.8544907886579207,1.1637341193484871,-0.2107650142939039,1.6331611324660438,0.794087714297924,-2.083933748304501,-0.934087611116258,-0.971710392549278,-0.1341928020299813,1.5220617599551665,0.1514744254175135,0.1159131649881277,-0.8149190005833274,0.0935290420766037,0.4106458741703971,-0.5887717548160264,-0.7668755972571919,-0.3221656020238032,-0.1896405925965193,0.2819543971799232,-0.0639928354240802,0.3094458767629693,0.567667002867045,-0.6649950711046387,-0.5199279899322288,0.5203958868701999,-0.0668096777308949,-0.4453480022077192,2.351239685666627,-0.1067446028659721,0.8236111709390974,-0.2909669018869966,0.5801332103520997,-0.4320830215361406,-1.822236491986729,0.4774304754675667,7.853871964,8.414668427131245
Cc1ocnc1C1(c2nc3nc(-c4noc(=O)[nH]4)nc(-c4cccc(Cl)c4)c3n2C[C@H]2CC[C@H](C)CC2)CC1,2.009764611025435,-1.3638205273585458,-0.7808828289898957,1.3508366174882285,0.7503005999923927,-1.025620852944735,-0.1702331931519279,-0.9370723834131268,1.0729141659645711,-0.2227855156759921,-1.6079954344484582,-0.576049175356755,0.9919381465494216,-0.3243145110074868,0.3905333033104897,1.0965370918052515,-0.8107323970444353,1.4285364831280334,-1.083273594061667,0.6513564195156732,-0.2085417791587502,1.4360320888082465,0.4187403041449743,1.466804924044053,0.0623864044699365,-0.9815161890891448,0.4700166901993213,-0.3412002698448699,-0.5796742533481097,0.4148271350247753,-0.7668755972571919,0.9750737750441044,0.0384563145268434,0.1017842530611238,-0.606461190397908,1.2162942966907384,0.0033076757149674,-0.4439888315074244,0.4208020153469307,0.0990204536739822,0.5356374180910968,-0.4453480022077192,0.2636617765524505,3.2942242804926707,-0.0843107911854625,1.3254229469119396,-0.5113868700472516,0.8374789727285583,-0.590816113026908,-0.0774680184094978,7.522011024,7.939821333888264
COc1cc(C(=O)O)ccc1NC(=O)[C@@H]1N[C@@H](CC(C)(C)C)[C@@]2(C(=O)Nc3cc(Cl)ncc32)[C@H]1c1cccc(Cl)c1F,1.211981569592821,-0.8815094090950412,1.147602843917827,0.2660848648107124,0.1152600291100806,-0.1925700897019081,-0.3412614935293259,0.3118522155793163,0.62869466472693,0.6143377600363852,1.1271945700991604,-0.1632142556118204,0.1262477707639962,0.672738557368188,-1.491737350166633,-1.9026399958533389,1.7415700774009997,-0.986693132430147,1.5131504243243976,0.2723244411144326,-0.3450946261533359,-1.250475617203885,0.5110145326368435,0.4879423043241383,0.4436841861693811,-0.5650664935857538,0.9213976242020754,-0.9240543747818376,0.584247357117506,1.7190718616932466,1.378911265471661,0.2657846204264688,0.6945405332232575,1.140942269731995,0.5415042287128633,1.140820545199266,1.0859080603192572,1.1163652948277492,0.3662659089902549,-0.0176143870028322,-0.401051474401745,-0.4453480022077192,-0.7803818359038617,0.7604722707036654,0.3366594833920727,1.0431961479153,0.4332526915513199,-0.6705125547406778,0.5852637727653105,0.2115133576024285,7.327902142,7.485374304434589
CC[C@@H]([C@H](C)O)N1C(=O)[C@@](C)(CC(=O)O)C[C@H](c2cccc(Cl)c2)[C@H]1c1ccc(Cl)cc1,0.5281675340791524,-1.1226649682267935,1.147602843917827,0.8365216018445836,-0.427610058725302,0.0482449591189221,-0.4455544382605806,0.7866613246664154,-1.505933298675126,-0.8839074196537501,-0.2253020497637157,-0.8230877566384375,-0.9706831836684026,-0.1606874440738163,1.1311134585843885,-0.762447782803789,-0.8092863859888026,-0.9101710022325424,-0.0718963239840472,0.4327402546009151,-1.2197608656429262,-0.9225177968605104,-0.3870141249072874,-1.0319751456074142,-0.2820086309225838,-0.3787906308652984,-0.0059630282664603,1.203398239401011,-0.2626483722577206,-0.5887717548160264,-0.7668755972571919,-1.0068774883397202,-0.09601195140941,-0.664882307691783,-0.0876671952205002,0.5731270666664527,-0.1231544696828969,-0.4584320787979621,0.2142111369256579,-0.356726649101511,-0.0062348354780534,-0.4453480022077192,-0.8514881262143398,-1.4616695904183243,-0.1447136623315814,-0.7014786095184724,0.3268936751055766,1.1057029602632975,-0.9531990065108368,-0.5324717886618772,9.0,8.730044337204722
C1CC1CN2[C@H]([C@@H](C[C@H](C2=O)CC(=O)O)C3=CC(=CC=C3)Cl)C4=CC=C(C=C4)Cl,-0.8394605369481851,0.32426838656372,1.147602843917827,-0.7703660157459702,-0.5344131497394514,-0.5782974320083546,-0.4819389267354529,0.2372937209997085,-0.5563064734751398,-0.9071360270908068,-0.5743003214368079,-0.6128208976975414,-0.1231005448618943,-1.3513345775684793,0.524478887040649,0.0767825022582837,-0.9222859594082298,-0.5921550156292138,1.2603654256905017,0.5160660540917252,-1.3366258366207064,-0.7462514794383444,-0.4781709471905239,-0.9014730607994168,-0.0593759085543405,-0.0283617372355832,-1.4591886476223226,0.3033977149378284,-1.0617963889883912,-0.5757236383527493,-0.7668755972571919,-0.5584666549907249,-0.7522732919105698,-0.0189690107357479,0.9941568066038218,0.848552511417918,-0.8395058410280621,-0.6916971639836723,0.6064965785209514,-1.234590296830412,0.7639290296439762,-0.4453480022077192,-0.6659192854828364,-0.7537791583223181,-0.4446542271019452,-1.2402752257847844,-1.6880601205824055,1.943412828450467,0.3252033651670249,-0.9925363051900308,5.091514981,5.645833517742711
COC[C@@H](C)n1c(-c2cnc(OC)nc2OC)nc2c1[C@@H](c1ccc(Cl)cc1)N(c1cc(Cl)c(=O)n(C)c1)C2=O,1.781826599187545,-1.1226649682267935,-0.7808828289898957,1.2789605261104553,0.6425293888660988,-1.3916329946770434,-0.2530893967925725,-0.7310532537081498,0.5198626208771387,0.5160628824180703,-0.0304099709404115,1.2681917531774698,0.075363568578862,-0.6423300072927365,-0.3610083827199252,-0.3226232671501072,0.1896901013199118,-0.6014000127214988,-1.083273594061667,0.7409890534398924,1.506010234796536,0.5335618555088709,-0.7038477940990443,-0.2187203062594784,-2.3564727688322877,-0.1932595509155621,0.8368922895665837,0.4836659159706203,-0.3766331916804215,1.2742952411978294,-0.7668755972571919,0.8345954803945809,-0.2241619004772056,0.7301431501451641,-1.0918610423981645,-1.8611445508996245,0.6535711694618862,1.6086145594675598,0.9541572730792588,-1.0432665831983563,0.7639290296439762,-0.4453480022077192,0.0005688115418518,0.5453099005459275,0.6823736010225459,1.5050218190007103,-0.2130847306652034,-0.2803368306349184,0.0267714669806217,-0.1001090690163642,7.663240166,8.045818806749578
CC[C@@H](CN(CC(F)(F)F)C(C)=O)N1C(=O)[C@@](C)(CC(=O)O)C[C@H](c2cccc(Cl)c2)[C@H]1c1ccc(Cl)cc1,0.5281675340791524,-0.8815094090950412,1.147602843917827,0.6302594925841509,-0.4042281912320158,0.4536318093425167,-0.445626040383823,0.5758343786591609,-0.2256336592306452,-0.3943198475188696,-0.0245809210419947,-1.2946876970628711,-0.4652974126210559,0.1092129727687498,1.0719273525821895,-0.1321052833510764,-0.1111296003302225,-0.5041920396540451,0.9563105377709612,-1.5854787448906993,-0.8038439902641943,-1.2129800806501956,0.2860434159653551,-0.2768037333721598,0.5897569719357401,0.2678800113389834,1.1255781330734458,0.192994761782706,-0.2291535885612162,-0.7896773591857215,-0.7668755972571919,-0.7015656098962988,-0.0514699918984,1.2767949546110546,0.0479294317699702,0.497006633560844,0.4853317757619957,0.3158780938184009,0.0513914339941808,0.3952806572279717,-3.6192374331602672,-0.4453480022077192,-0.6720642304505832,-1.4616695904183243,-0.2535053943333678,-0.0343970846173241,0.377817753255952,2.526190496090822,0.5613070260175335,-0.0137116587978491,8.096910013,8.167083069991067
CCS(=O)(=O)N(C[C@H](C1CC1)N1C(=O)[C@@](C)(CC(=O)O)C[C@H](c2cccc(Cl)c2)[C@H]1c1ccc(Cl)cc1)C(F)F,0.5281675340791524,-0.6403538499632889,1.147602843917827,0.6399269874111688,0.629295260975698,0.537560643425078,0.6542919302042095,1.5175572886501276,1.039275966627108,-0.3380351448829256,0.0952660392471523,-0.8709917949704384,1.0451309050762816,0.6670825722530007,1.534208703278804,1.1608565833200324,-0.241977893046505,1.624029373702957,0.8821559759776109,-2.411892554514529,-1.40764294785445,-1.19765319978658,-0.0959004021317901,1.5668087114456628,0.1729014224801447,0.2422619610600451,-0.5304699367932129,0.1957410685629438,0.3935815434406882,-0.3186856222765499,-0.7668755972571919,-0.2336815570905487,-0.1713379959493692,0.776830580965662,0.2026772798726893,0.4112697105298671,0.5838378794423,1.143289841978539,-0.2644564471224093,0.2663305014076274,-0.1913803961362461,-0.4453480022077192,1.9074414014754983,-0.5695736501021934,-0.1998973701166866,0.1195448057444792,-0.3635476459878726,-0.303377644345793,1.374532276311366,0.1969962223697154,10.0,9.673236200890267
CCC[C@@H](C1=CC=CC=N1)N2[C@@H]([C@H](C[C@](C2=O)(C)CC(=O)O)C3=CC(=CC=C3)Cl)C4=CC=C(C=C4)Cl,-0.8394605369481851,1.0477350639589769,1.147602843917827,-0.7703660157459702,-0.2354898896109818,0.2643881608935853,-0.4729540629813121,0.2372937209997085,0.07034976653233,-0.5417321639463428,0.0705796930825971,-0.6383695342669471,0.3462313766380103,-0.2829437092316262,0.4228209650403755,-0.8301529948521114,-0.8058391932035586,-0.871230085706606,0.9052675216757302,0.4476080143243076,-0.9336879051797768,-0.8571744949049713,0.8518038226522813,-0.0474658587368969,-0.3828753281960987,-0.1680195335100051,-0.4474682739384689,-0.1893647209483776,-0.4360014469536811,-0.5887717548160264,-0.7668755972571919,0.0083507676393425,0.0527450745214745,-0.8845278769970336,0.2664893296919576,0.4379910984893636,0.7666131957448787,-0.5790175572064947,-0.0690945716809228,1.087704259799529,0.0133868198086526,1.2197217672405445,-0.5468253643387523,-0.9534480269514252,-0.0783681735319205,-0.3679378470678983,0.4989846518612572,0.9002788151382302,0.2267926614949865,-0.0899837070123873,7.096910013,7.1524915284291755
CN1CCC2=C3C1=CC4=C(C3=CC=C2)C(=O)C(=O)C=C4,-0.8394605369481851,0.32426838656372,-0.7808828289898957,-0.7703660157459702,-3.382820080571993,-2.5702010018801915,-0.4323849673953874,-0.456361081729603,-4.456036100825717,-0.9107096590042,-1.3143567637670603,0.4763706964840821,-3.966877538842578,-1.9109734123056143,0.0073110207268347,-0.0962883132357339,0.0484472173862627,-0.9202806382736628,-1.083273594061667,0.7737053825271243,1.3500877069982995,0.1767293097464793,-1.8682765470441065,-3.182759190537128,0.0440026399509076,3.695104306935217,-0.9135894754578056,0.0868133101810553,-1.0348488559890028,-0.5307426272033827,-0.7668755972571919,-1.4947178129126668,-3.035536003676317,0.4742276887859535,1.9300939500641316,-1.8611445508996245,-2.0444784979307284,0.1590518050867914,1.6566193086292982,-2.219649600755306,0.7639290296439762,-0.4453480022077192,-0.4272372102315807,-1.3692343154727606,1.783648878087106,-1.7790718420510965,-3.4452479598289187,-0.1522912696699221,0.2008569170513175,-2.2302044340181437,5.769551079,5.667037535638406
CC1=CC(=NC=C1)NC(C2=C(C3=C(C=CC=N3)C=C2)O)C4=CC=CC=C4Cl,-0.8394605369481851,1.0477350639589769,-0.7808828289898957,-0.7703660157459702,-0.7176302414252986,-2.000186657596843,-0.4752078667372575,-0.9370723834131268,-2.1852606392872604,-0.4774067895052635,-2.092664294684952,0.5519648268653953,-1.806696705931844,-1.9007828425145752,0.1130933392361077,-0.8089324276364162,-0.1863229794430163,-0.9826122095228926,0.295418437528454,0.9015047941855908,-0.2350328944717005,1.4800711938922513,-0.4646379164415214,-2.2114344655223865,0.2303790932275057,0.7179684834963385,-1.221025366351424,-0.0572431173925316,-1.1791345097484265,-0.6716724656939494,0.7884240196952071,1.3694880791968065,-1.4880589177264034,-1.0485279852002056,-0.1915603279323917,-0.2671116318558857,-0.2168772176077565,-0.185320144663481,2.2379781667967924,-1.7002534778414993,0.7639290296439762,2.8847915366888084,-0.7189583577668792,-0.9656822093196892,1.9756331712740969,-0.8810774816072431,-1.7062690884715876,-0.8558865658780923,0.3541782664007563,-1.3616801321662486,5.036212173,5.304855994767425
CC[C@@H](CS(=O)(=O)C(C)C)N1C(=O)[C@@](C)(CC(=O)O)C[C@H](c2cc(F)cc(Cl)c2)[C@H]1c1ccc(Cl)cc1,0.5281675340791524,-0.6403538499632889,1.147602843917827,0.3535980883016922,0.6851285962632095,0.4883283346467204,0.6567093796246581,1.703379963207191,0.7751900128453121,0.1354710836416851,0.2246250835096073,-0.0774372030885956,0.5897771780438925,0.9297494549184608,-1.1916480190839882,1.3474374425642042,0.1055811679457693,2.369453216434821,0.9317795914081808,-1.9743107188449216,-1.180239577006266,-1.1593475594948983,0.6992223315903763,-0.1202820084178703,-0.31219322696112,-0.0012875932772938,0.1932521653413057,-0.2684364769326685,1.1330061770963908,-0.3949571006752927,-0.7668755972571919,-0.4092499899232991,-0.0960066648735215,1.343219739778335,0.2541537693731793,0.4686441456798715,0.3825942307991812,-0.0295266616291067,-0.0188077946340357,0.925789113790913,-0.168053333227606,-0.4453480022077192,1.642401787945382,-1.5378163862025678,0.2050738859131443,-0.0343970846173241,0.3278173193445416,-0.2247646460200057,-0.8878276694339036,0.0081116659550387,10.0,9.84843482670343
C1CCCC2(CC1)[C@@]3([C@H]([C@@H](N2)C(=O)NC4CCC(CC4)O)C5=C(C(=CC=C5)Cl)F)C6=C(C=C(C=C6)Cl)NC3=O,-0.8394605369481851,0.32426838656372,-0.7808828289898957,-0.7703660157459702,-0.3432470862637161,1.3174806119003115,-0.3464483158193561,-0.3774270966344741,-0.1943909184139801,0.1345776756633369,1.1716166748101955,0.5383712775877455,0.4233572894870878,0.9453628036997412,-0.6061065017319668,0.4169738625617889,1.014044405293173,0.0299181650655625,0.4667802943411369,0.3996232508455738,-0.4735177106191761,0.5076950761331275,-0.229662420206188,0.3404724204745871,0.8910170422438561,-0.1379107234093824,-0.8279944563197456,-1.7884033484627413,1.3134552616919308,0.2865449405474499,0.7591752144149267,-0.2877822660364029,0.9665899282535296,-0.0846137282834892,1.4913434398960244,-0.0689843963536759,0.0329202815364318,-0.0809937009197257,-0.1331536323993975,1.4501348938097944,-0.5388693458759607,-0.4453480022077192,-0.5694949108037141,0.8809653726541123,-0.1445793474366479,-0.5218797374297017,0.7453089084099325,-0.7368976979072127,0.6214978659063447,0.2463364947349341,7.806875402,7.494724388229028
C1=CC=C(C=C1)C2=CC(=C(N2C3=CC=C(C=C3)Br)C4=CC=CC=C4)C=C5C(=O)NC(=O)NC5=O,-0.8394605369481851,2.012357300485986,-0.7808828289898957,-0.7703660157459702,-0.5685666168378183,-1.795571835818922,4.043942539471225,0.1445280464564019,0.2283995627614576,-0.4407770623929825,-1.1572936328019494,0.9580293430386988,0.6822214311858179,-1.6118745996933823,1.0288567379067948,-1.6095462779576903,0.0476967525820779,-1.0144117278667546,-1.083273594061667,0.5541085463062057,-1.97811082060553,-0.6099660384697196,-0.2948313799646624,0.4226233628894357,-1.124285565048967,-3.4305928196502697,-1.3996952310424775,0.7159830866718153,-1.23553552259904,-0.1289781209787029,2.812188080066333,2.790472894079052,-1.2169932297158017,-0.006595203385195,-1.0988410870515222,1.2284552621904925,-2.27427003655615,0.1646306625342357,1.5073999930254658,-0.9128858119123044,0.7639290296439762,-0.4453480022077192,-0.8285864113033402,0.1751081141908431,-3.189876004564168,0.1965157509253809,0.0922765089591564,-0.03326451419264,-0.1697744398789986,-0.7384771795706785,6.744727495,6.497987486194365
CCCC(C)(C)C[C@@H]1[C@]2([C@H]([C@@H](N1)C(=O)NCC[C@@H](CO)O)C3=CC(=CC=C3)Cl)C4=CC(=C(C=C4NC2=O)Cl)F,-0.8394605369481851,0.32426838656372,-0.7808828289898957,-0.7703660157459702,-0.4723107754392382,1.3281179093852271,-0.3565991656995519,0.3726253968529113,-1.0326538986953513,0.1408315315117748,0.5731329033736934,0.6590552206363839,-0.5616615900059072,0.8430637308226793,-0.7884292277298769,0.4912582699172622,0.4387920800136348,0.1332350408422575,0.695385003076143,0.3499128471294422,-0.2386351147158084,0.430259276251963,-0.9276819009442042,0.3689748891169351,0.9067979071947856,-1.0727060136013908,-0.018454643114991,-1.5530709197464176,0.3367792788745047,0.4784105074211244,0.9448699729279812,-0.888589641321626,0.9615418273209708,0.3541609622493338,0.4741951393696673,0.7848229504053343,1.7858880729057494,0.3085365087386667,0.2207128492242653,0.5230309752656251,-0.2076907740317979,-0.4453480022077192,-0.9175775432608022,0.4356310867454861,0.0544267948434452,-0.5988506826106035,0.353502681266455,-0.7324154464778391,-0.3668805243378209,0.2670980970192661,6.0,6.183375275876476
CC[C@@H](CCO)N1[C@@H]([C@H](C[C@](C1=O)(C)CC(=O)O)C2=CC(=CC=C2)Cl)C3=CC=C(C=C3)Cl,-0.8394605369481851,0.32426838656372,1.147602843917827,-0.7703660157459702,-0.4516270214821401,0.4648260333973245,-0.4762525119920656,0.6706922058931694,-1.6084046602375133,-0.7892061739488281,-0.225395206407095,-0.1318001224525999,-1.0392693125522547,-0.3371990037125887,-0.3145148296988689,-0.1473420657175645,-0.7045960999279842,-0.6697993821379116,0.7047688150125959,0.4566561320102376,-1.2221573648359652,-0.8847359841291406,-0.3859685986302038,-1.0123943669711348,0.1066004571015174,-0.1247304767561053,-0.4529880742317523,0.4703149629594647,-0.5153497527854671,-1.011252821616036,-0.7668755972571919,-0.9827733493724607,-0.0972016657440463,-0.2362141232452183,0.348438831557035,0.5731270666664527,0.0453175994393985,-0.757712217268939,0.1347733342082329,-0.4405301219594524,0.025328030154387,-0.4453480022077192,-0.8514881262143398,-1.4616695904183243,-0.1772768673364524,-1.1119903171499483,0.3236643077401759,0.5244824714244376,-0.4847627326018419,-0.5324717886618772,8.0,7.77643369003952
CC(C)S(=O)(=O)C[C@H](C1CC1)N1C(=O)[C@@](C)(CC(=O)O)C[C@H](c2cccc(Cl)c2)[C@H]1c1ccc(Cl)cc1,0.5281675340791524,-0.6403538499632889,1.147602843917827,0.7954495586110263,0.6287153389949861,0.4776353445048152,0.6573022794072426,1.703379963207191,0.9366064005295464,0.2230250655198205,0.0637551014776934,-0.3315185054586372,0.8088039543829202,1.0529180335101218,-0.6564212037065992,1.33499876815197,-0.2253433251130331,2.3155080050025103,0.8574955847897504,-1.9425815695883517,-1.1106649291942818,-0.983238328052622,0.6083268908764107,1.538997666281319,-0.4462021025899094,-0.0762331518531723,-0.539632478508837,0.5144018621706015,1.420596298044713,-0.3186856222765499,-0.7668755972571919,-0.1560688739798391,-0.220197173762549,0.0632213283024373,-0.1833771687241607,0.3827575595568845,-0.1139342327773283,-0.5456449071772752,-0.304259460757208,0.2563667484184692,-0.0618367406315562,-0.4453480022077192,1.844259116422623,-0.6149661713124048,0.1741609184144376,-0.0600540663442914,0.1605957093057817,0.319851622185389,-2.1874692553096677,0.1114698811708033,10.0,9.933376571475364
C1CC(CCC1NC(=O)[C@H]2[C@@H]([C@@]3(C4=C(C=C(C=C4)Cl)NC3=O)C5(N2)CCC(CC5)(F)F)C6=C(C(=CC=C6)Cl)F)O,-0.8394605369481851,0.32426838656372,-0.7808828289898957,-0.7703660157459702,-0.2379548349054088,1.204034669613533,-0.3425671337069165,-0.3774270966344741,-0.1402152892854868,0.0782929730273924,1.12284801220457,0.3395031407404947,0.51475138892009,1.288046756220069,0.1943474544143229,0.3865435965480701,1.8190078372536331,0.0128510420900804,0.5139707401997169,-0.6086623796841223,-0.5291726093223555,0.193055413101836,-0.3243478936745819,0.3554478146466315,0.7921200732481883,-0.3365099357106116,-0.4226466083761846,-1.3262528662116215,1.3134552616919308,0.2865449405474499,0.9969514968205346,-0.0209430935147458,-0.2693743435651977,1.5613810597875,1.4337468761632512,-0.014423172788636,0.5537690547631718,1.9429685743412304,0.1021425797217709,0.0176607926315749,-3.3290217306355783,-0.4453480022077192,-0.7892627195582634,1.1921862512257444,-0.2369405591920744,-0.4192518105218328,0.6520541218293694,-1.0260001957750453,0.6553051410213856,0.0631913312741414,7.387216143,7.324310941402949
C[C@@H]([C@H](C1CC1)N2[C@@H]([C@H](C[C@](C2=O)(C)CC(=O)O)C3=CC(=CC=C3)Cl)C4=CC=C(C=C4)Cl)O,-0.8394605369481851,0.32426838656372,1.147602843917827,-0.7703660157459702,-0.2313540108931646,0.6243298030140818,-0.4715949584651645,0.7866613246664154,-0.213311597520551,-0.7847391340570865,-0.1157481369575561,-0.8333328889890886,0.2932905775164277,-0.0501788757408074,1.2479678839824129,-0.22121877762123,-0.8826189990692671,-0.6896233174630365,-0.2431989443506072,0.4404489432039212,-1.199582622966778,-0.8944819636915383,-0.3870141249072874,-0.6955441375228519,-0.244309046966909,-0.548557778668499,-0.5718612637878984,1.443544284053669,-0.0820723528454037,-0.084105658829175,-0.7668755972571919,-0.8117208652080057,-0.7522732919105698,-0.7907089891339556,-0.2701463286096261,0.5119978189404433,0.0517252178785381,-0.541426211039783,-0.0064494261783002,-0.9670384100838844,0.0039386696965534,-0.4453480022077192,-0.7585212989649532,0.0499237483893528,-0.0321302746791511,-1.0093623902420794,-0.1999290353382123,1.0192191242474713,-1.5926497997816007,-0.4351826990248186,7.096910013,7.354190351362248
CC[C@@H](CN1CCOCC1)N1C(=O)[C@@H](CC(=O)O)C[C@H](c2cccc(Cl)c2)[C@H]1c1ccc(Cl)cc1,0.5281675340791524,-1.1226649682267935,1.147602843917827,0.9332668322495828,-0.5920979488309314,-0.1898411495094432,-0.4502688982647663,0.2372937209997085,-0.7626057747921228,-0.5202903724659831,-0.1726081104160731,-0.5042108670914011,-0.5624985434412931,-0.7936712573643793,0.7025869329967378,0.1465974070098551,-1.1646906137570592,-0.3736117044089645,1.0634484084304323,0.5054762078601067,0.6781385495996517,-0.784189106009421,-0.6736843610051788,-0.2589237189201828,0.6160031350155352,-0.0121367210038429,-1.296066141560135,0.3773813492860909,-0.8831966751989879,-0.4480494635917241,-0.7668755972571919,-0.7831694335279312,-0.1483772603750948,-0.1639166196516821,-0.1805272185518483,0.6208785997391615,-0.0807526949268397,-0.971813986352206,0.0283358792297226,0.8749663277468989,0.7639290296439762,-0.4453480022077192,-0.34247954607994,-0.9231863478044624,-0.5059673586568163,-0.3935948287948655,0.2615137522711606,1.4249798096565949,0.5474909772629613,-0.1665111943651139,7.15490196,7.43378985000123
C1=CC=C2C(=C1)C3=C(C(N4C(=NC=N4)N3CCCC(=O)O)C5=CC=C(C=C5)Br)C(O2)C6=CC=C(C=C6)Br,-0.8394605369481851,1.5300461822224811,1.147602843917827,-0.7703660157459702,0.9512910671551796,-0.2903663953747524,4.043942696074444,-0.2160054301667742,0.3935983842268272,0.1765678506457077,-1.8541028476727528,0.1463075469056321,-0.1058164519568798,-0.7951534085196966,-0.7398933341336709,-0.0610326803084195,-0.5764730658504919,-0.4979426414272435,1.443767355696696,0.5637911630098251,-0.5479709577881166,-0.5752785190573962,0.3560152620591827,0.2275015008359318,0.477652757003926,-3.0683008773878315,-0.9667241305970244,1.9225340570864056,-0.902291975537614,0.4220230935298541,-0.7668755972571919,1.6437570368653562,-1.071024501062042,-0.651984114768351,-1.31629674884365,1.0606003851615906,0.022100342814543,-0.2265087032623042,-1.705676285786501,-0.1988089957209751,0.7639290296439762,2.8847915366888084,-0.831953360435423,-0.1543907964565051,-3.611471014148736,0.1452017874714465,0.228515855377358,-0.545685685043373,0.4661028813898722,-0.2643491934681367,6.187086643,6.217803135429648
CC1(C)NC(=O)N(C[C@H](C2CC2)N2C(=O)[C@@](C)(CC(=O)O)C[C@H](c3cccc(Cl)c3)[C@H]2c2ccc(Cl)cc2)C1=O,0.5281675340791524,-0.6403538499632889,1.147602843917827,0.785086241195005,-0.0036981101575612,0.4392074111823428,-0.4418254964002921,1.353178082429921,0.6774663570458413,-0.9232173707010762,0.1793241752156471,-0.9111127491358144,0.5576977008863079,0.924630999965232,1.5969254536535022,-0.3589580692101992,-0.7418176099674967,-0.6211421542348063,0.8366004637406368,0.3784524189693378,-1.3780306215507778,-1.000059458282648,-0.4199482026354244,1.5410992847649725,0.2518205479009622,-0.399044404339324,0.4744612875702149,0.4341104904729144,0.5470039520187925,0.0434664416616919,1.2406002521340211,-0.1076968496942945,-0.1538151861983267,-0.086967345135152,-0.1193552116662386,0.358598784401511,0.3510539363535808,0.09831065464379,-0.3859128861789236,0.7231476651600309,-0.8323420174614636,-0.4453480022077192,-0.4520769234880109,1.0252618026496183,0.1588025835559165,0.2734866961062827,0.1973207139983983,-0.3367616939096257,0.6121571514289595,0.2673535361574553,8.15490196,8.258228703174188
COc1nc(N(C)C)ncc1-c1nc2c(n1C(C)C)C(c1ccc(Cl)cc1)N(c1cccc(Cl)c1F)C2=O,1.781826599187545,-1.3638205273585458,-0.7808828289898957,1.1699840795697158,0.6383353835171396,-1.3628398910136832,-0.2736409147040928,-0.9370723834131268,0.5770020660427935,0.2730559123073265,0.7569864666727608,1.486231317923698,0.1305710087381369,-0.547131669761148,-0.4417954194415382,-0.3176019002105224,0.5752355182851171,-0.6381173413613035,-1.083273594061667,0.7096780576265045,1.4228649125285573,0.3526721018336761,1.462365030312244,-0.4598666943188988,-0.9189866016681812,0.3322183445538371,1.2620647364666224,0.7829537416324072,-0.0779183852583815,1.5023746350583786,-0.7668755972571919,0.8776012960989508,-0.3671902944333626,-0.1287110684455752,-1.0360616115757495,-1.8611445508996245,-0.3406663990337394,1.0144259624566996,0.969612967360344,0.0360446703638477,0.7639290296439762,-0.4453480022077192,-0.1398081145112731,0.607483501324062,-0.3614171900452916,1.145824074823169,0.0298333427283185,0.6651549992856496,-0.0030796279968915,-0.2391768023602766,9.508638306,9.149036492935512
CC1=C2C(=CC=C1)C(=O)N(C2(C3=CC=C(C=C3)Cl)OCC4(CC4)CO)CC5=CC=C(C=C5)[N+](=O)[O-],-0.8394605369481851,1.0477350639589769,-0.7808828289898957,-0.7703660157459702,-0.2979028460988531,-0.816105077351774,-0.433392098349371,0.1774143094253319,0.5683645381974255,-0.4077209671940946,-0.2627478475521438,0.4871380746250105,1.1289092108577714,-0.4805895526960022,-0.1447667217757976,-0.94948579638348,-0.3114647138841626,-0.9131612223330056,0.6149322263608236,0.3568668430927918,0.4590113460961859,0.7499922436577307,-1.3552890791929808,-0.5812151941635202,0.0356113842639032,0.2542301627754,-0.7172046452437217,-0.143852593802239,-0.6869632298346124,-1.5154220312459177,-0.7668755972571919,1.0258734674763823,-0.6603283362292842,-0.9387196051699216,0.1396621181610172,0.1023077060507569,-0.12086708969264,-0.536088148395164,-2.8346948974527035,-0.659750394859895,-0.3144694424122055,-0.4453480022077192,-0.269127599362685,0.1756728481277979,0.0427901472235526,-0.1883389749791276,-1.028383310358688,-0.7615412210267326,-0.6077065057688471,-0.5006965086517118,6.562249437,6.4709497566843375
C[C@@]1(C[C@@H]([C@H](N(C1=O)[C@H](CS(=O)(=O)C(C)(C)C)C2CC2)C3=CC=C(C=C3)Cl)C4=CC(=CC=C4)Cl)CC(=O)O,-0.8394605369481851,0.8065795048272245,1.147602843917827,-0.7703660157459702,0.4811253098336593,1.3696646314990892,0.6700568879900711,1.703379963207191,0.9277024724203948,0.1872887463858876,0.1142082692926345,-0.4040922029290008,0.8636043151133506,2.066484351425472,-0.3861653263137642,1.3197146172655283,-0.2751233048818894,2.224553901754653,0.8221024805941883,-2.0362453418690216,-1.0670414406077433,-0.9879140539337165,0.8632392663078845,1.5235413565639415,-0.5923355005551628,-0.049212319231554,0.7210516781353012,0.8248868894631673,4.05479469905908,-0.5887717548160264,-0.7668755972571919,-0.1010805761042773,-0.2074240879832925,-0.1205958830217552,-0.3854702118795092,0.3418363299405784,-0.3528362192913258,-0.571332834083147,-0.4236926860593206,0.3428512517284826,-0.66781422922301,-0.4453480022077192,1.9249209965859344,-0.6149661713124048,0.1154553479262985,-0.4192518105218328,0.520847250477174,0.4002556690421456,-2.91739279614185,0.2824767934741847,7.742321425,8.509828441656486
COc1cc(C(=O)O)ccc1NC(=O)[C@@H]1N[C@@H](CC(C)(C)C)[C@@]2(C(=O)Nc3ccncc32)[C@H]1c1cccc(Cl)c1F,1.211981569592821,-0.8815094090950412,1.147602843917827,-0.0770014118131206,0.0825092631476603,-0.3428845709154657,-0.3752304165204591,0.3118522155793163,-0.426529447617783,0.5294640020932949,1.0825354813089108,-0.3852529943332183,0.0553893397715074,0.5188188967321957,-0.7477835548280138,-1.934463442045513,1.7391743647275617,-0.9964173216217088,1.530292253570494,0.2662782965342771,-0.2036350689966838,-1.2568206791134229,0.0840477392327811,0.4507649185632054,0.4512380398623365,0.5717601896684633,0.4513529066330015,-0.5691152554927662,0.584247357117506,1.3508067253410767,1.4090070158738035,0.057326236494889,0.7347373791951733,0.6653701801554791,0.3292399711825032,1.1606397937949,1.0859080603192572,1.1195915827346603,0.5499551230890627,0.0156200119676486,-0.4120408736866132,-0.4453480022077192,-0.6271673313889987,0.8366190615083752,0.9004260412813373,0.9149112392804636,0.672222836671835,-0.6082558530383522,0.3706969214473745,0.1278664647260501,7.283996656,7.456358064794869
CC(=O)N[C@@H](CC(C)C)C(=O)N[C@H](C(=O)N[C@@H](Cc1ccccc1)C(=O)N[C@@H](CCC(=O)O)C(=O)N[C@@H](Cc1cnc[nH]1)C(=O)N[C@@H](Cc1ccc(O)cc1)C(=O)N[C@@H](Cc1c[nH]c2ccccc12)C(=O)N[C@@H](C)C(=O)N[C@@H](CCC(N)=O)C(=O)N[C@@H](CC(C)C)C(=O)N[C@H](C(=O)N[C@@H](CO)C(N)=O)[C@@H](C)O)[C@@H](C)O,2.1237336169443792,2.012357300485986,1.147602843917827,-0.3297186568197937,-0.2992858489588449,2.6485908065965806,-0.3984492756070694,-0.9370723834131268,0.952922901102036,9.92275548644755,0.5548848385351915,-8.699679110687853,1.1963121759145254,2.378094003643596,6.144830042889822,-3.7095546695544375,1.4715639547728088,-0.7551350439806419,-0.1127824865253314,-0.0014919354063113,-0.5722994367058543,-1.8213916533416783,-6.740030391361087,1.7679746156318408,-4.55017807179039,2.099159899187286,0.179871829996348,1.325044860983966,0.2821406622773943,-2.9186305218314925,1.765384002286913,-1.3580860684909566,2.861300029621629,1.2433994575956826,-0.8551289861437664,1.127881699020035,3.3620946516274435,1.8085277992232085,-0.9104103134451834,2.191442116759104,0.7639290296439762,-0.4453480022077192,-1.5781167610725175,0.3756021015722874,1.1888775303425738,7.893610269015553,1.3132434957662211,3.3619130436658384,0.9273950099818258,8.23245132593717,7.356547324,7.5105838099188045
CC[C@@H](C(=O)C)N1[C@@H]([C@H](C[C@](C1=O)(C)CC(=O)O)C2=CC(=CC=C2)Cl)C3=CC=C(C=C3)Cl,-0.8394605369481851,0.5654239456954723,1.147602843917827,-0.7703660157459702,-0.4031550949116059,0.2905637096784578,-0.4748227841227872,0.7866613246664154,-1.2380936697221114,-0.6560883851749281,-0.2512859904190103,-0.7615986068981573,-0.8203845556168708,-0.256944163534944,0.7737330287742324,-0.1942229053818365,-0.5810249212065646,-0.6966817180379974,1.0520942823196542,0.4094568684891851,-1.1500740447211912,-0.9680221112113404,-0.250965018101769,-0.996494428905131,-0.2789746731252571,-0.392751887633963,0.2236385594626247,1.090079728556494,-0.3501143239027756,-0.5887717548160264,-0.7668755972571919,-0.6877793077646867,-0.0960775912937856,-0.3985375944648115,0.1688963184071966,0.60775104813746,-0.1378210304349869,-0.0228761247649931,0.5206841357447147,-0.5387681883750434,-0.0369629737242505,-0.4453480022077192,-0.7164030005946567,-1.4616695904183243,-0.1184671047565075,-0.9580484267881448,0.1973968695358965,1.164921399744931,-0.8433487729480351,-0.6061896113281992,7.698970004,7.570874064388927
CC1=CC(=NC=C1)NC(C2=CC(=C(C=C2)Cl)Cl)C3=C(C4=C(C=CC=N4)C=C3)O,-0.8394605369481851,1.0477350639589769,-0.7808828289898957,-0.7703660157459702,-0.6796497364357483,-1.7233941523610592,-0.3247615858801111,-0.9370723834131268,-1.6860256482810545,-0.3970000714539147,-2.068678200290071,0.2815660178577535,-1.706478399641864,-1.5118381578242952,0.3319734968804211,-0.4516983169221895,-0.2684007688819531,-0.8867391045430907,0.262231792451958,0.8998422495963878,-0.1891884882857379,1.4909838517962566,-0.037671123037459,-2.030885542239817,0.2029250088899233,-0.3256181898534777,-1.0184519691269622,-0.0437202680649731,-0.8291839731550842,-0.4798811655003315,0.7637878208197848,1.4695103030395422,-1.6432684501744843,0.1612652688425912,0.5968562632120296,-0.3054817707356632,-0.0510822457260336,-0.2286760830195787,2.1966096776796946,-1.7338505953441845,0.7639290296439762,2.8847915366888084,-0.869979888430489,-1.0418290051039327,0.1107696266016525,-0.8041065364263414,-1.8375029298388872,-0.7201040206481325,0.7927433788919483,-1.2780332392898708,5.443697499,5.484865453686568
CC[C@@H](CNS(=O)(=O)C)N1[C@@H]([C@H](C[C@@H](C1=O)CC(=O)O)C2=CC(=CC=C2)Cl)C3=CC=C(C=C3)Cl,-0.8394605369481851,0.8065795048272245,1.147602843917827,-0.7703660157459702,0.4807212653168584,0.1166355419015253,0.6260114264776511,1.5175572886501276,0.5879012205332189,-0.4050407432590495,-0.3237262623727294,-0.9080699188054564,0.1774224326466144,-0.8901467456773764,1.01482115544011,0.917437698105004,-0.6163823042676178,0.8835727388957857,1.1435023669501452,-1.8203715657271309,-1.3605205225978945,-0.9739638681620854,-0.4790857826829723,0.0485213493719655,0.4133961681334893,0.3044284035679071,-1.850155613008433,0.4913723761397719,-0.8831966751989879,-0.4480494635917241,0.7001229886466683,-0.582635161072164,-0.1652839525529578,0.713714161237042,0.2304813863336866,0.7134363590184448,0.2923953406383749,0.4548402180300671,0.3851822105255077,-0.6486417824881059,0.7639290296439762,-0.4453480022077192,1.7340992456187694,-1.4314079112713611,-0.4664345497275338,-0.7271355912454397,-0.07722518878962,1.4350880239754749,0.6895048447280785,-0.4011753530200758,7.522878745,7.63530256884876
CC[C@@H](CCC(C)(C)O)N1C(=O)[C@@](C)(CC(=O)O)C[C@H](c2cccc(Cl)c2)[C@H]1c1ccc(Cl)cc1,0.5281675340791524,-1.1226649682267935,1.147602843917827,0.8824463658033174,-0.4312039283747276,0.7592731108986497,-0.4458178981180122,0.5758343786591609,-1.0390296368649872,-0.8597854042383453,-0.0554936628339387,-0.4419097877315736,-0.2627196043276723,0.1419929980826835,0.3706936006563909,0.4447593278737242,-1.096716399216903,-0.0289864135549332,-0.0596070226081641,0.456249788152235,-1.5170002308633628,-0.8672020049737764,0.3777230013871335,-0.211113108480518,0.4049951654422029,0.0719505909445754,0.6592106094555832,0.9466971472174198,-0.5153497527854671,-1.011252821616036,-0.7668755972571919,-0.9077661775944504,-0.0220430916529675,-0.9567502111404744,-0.3022203575688879,0.4417699207369478,0.0590018411382758,-0.7702060746869358,-0.2457435487289412,0.9326417253899768,-0.5959826317043352,-0.4453480022077192,-0.7766596756115929,-1.4616695904183243,-0.2893832261031243,-0.547536719156669,0.6068759173507469,0.8280791716358935,-0.6155176035916617,-0.0194510517517339,8.853871964,8.613770618280814
CC[C@@H](CN(C)S(=O)(=O)C1CC1)N1C(=O)[C@@](C)(CC(=O)O)C[C@H](c2cccc(Cl)c2)C1c1ccc(Cl)cc1,0.5281675340791524,-0.6403538499632889,1.147602843917827,0.8056207872386557,0.6284926467811752,0.4175986602705748,0.6881252723935012,1.5175572886501276,0.8193107988606995,-0.3174867613809141,0.045328080319181,-1.035482176919042,0.6571144145601406,0.811231931520253,0.9054127817400428,1.3089116465324937,-1.0148533839008784,2.180801904857423,0.8698940144999382,-1.9225131838968048,-0.7813465965197042,-0.9708298037236328,0.3474680847440237,0.4498071333335156,0.2978557056515069,-0.2213340414026802,0.4965157457975806,-0.4053966409060959,0.8480433071376925,-0.8559307894962702,-0.7668755972571919,-1.0057229966522574,-0.0785875595887538,-0.0556997260973597,0.5758402183077386,0.3970925267936901,0.4411045958603451,-0.153723335468445,-0.1834113669856112,-0.2894089320247298,-0.0498064121237941,-0.4453480022077192,2.2012009827117685,-0.753286562895249,0.0297965940771558,-0.0343970846173241,0.2664265212495035,0.5768920599442144,2.0310023760415308,0.2091344735271267,9.0,8.984977857075911
CC[C@H](C1=NC(=CC=C1)C(C)(C)O)N2[C@@H]([C@H](C[C@](C2=O)(C)CC(=O)O)C3=CC(=CC=C3)Cl)C4=CC=C(C=C4)Cl,-0.8394605369481851,1.0477350639589769,1.147602843917827,-0.7703660157459702,-0.0821202762294985,0.9071928078616756,-0.4723951586252463,0.4962678044102169,0.4495774586097604,-0.3460758166880605,0.1442247189045838,-0.9530367664242444,0.4647287967226947,0.4594310631406546,1.196679056491282,-1.5128964019158542,-0.8528226870770148,-0.96603036436336,0.0085370270141227,0.3755959197681737,-0.9954124997266216,-0.9317127692933906,0.522593736155546,0.1820525093311589,0.0053227266191428,-0.0785984581006238,0.7682770135706203,0.383121389667225,0.3307537500883121,-0.2857120185265137,-0.7668755972571919,-0.3265309008296476,0.9544998491996756,-0.588484358880924,-0.0207844708980994,0.377814161781127,0.7212878085904357,-0.5804244546005739,-0.2666063447540159,1.0533018330222434,-0.8837220092039151,1.2197217672405445,-0.681166916674935,-1.0467084206493258,0.0759205482077994,-0.1883389749791276,0.5573801007631982,0.7332818922205446,0.4694855447579948,0.2963629868494447,7.698970004,7.557940875686624
COc1ccccc1-n1nc2c(c1C(C)C)[C@H](c1ccc(Cl)cc1C)N(c1cc(Cl)ccc1OCCN(C)C)C2=O,1.781826599187545,-1.3638205273585458,-0.7808828289898957,2.7296247473880517,0.7254059007262466,-0.5764595743277149,-0.2691759690407944,-0.9370723834131268,0.4055924282319943,0.0711457092006058,0.1573793673152498,0.3164454471519719,0.6575910216257754,-0.3323796752161779,0.1992643596936869,0.1479960822176679,-0.3525677720377593,-0.230306296272458,-1.083273594061667,0.8307853712050493,2.895729610498956,0.8284047874962059,1.7293859069401936,-0.1465917312542024,0.5132390147824492,0.0061966358050498,1.2043369140825135,-0.1557204582335826,-0.2156099245180514,1.8894542349173329,-0.7668755972571919,1.1183440996298772,-0.254557318473484,-0.5513249689362748,-0.4712778911076103,-1.8611445508996245,0.3424994168342432,-0.0807277803159456,-0.6924591796106209,1.066499090896416,0.7639290296439762,-0.4453480022077192,0.1727467700513643,0.607483501324062,0.3417761472049211,1.1201670930962015,0.3793043849751797,-0.0225746614324069,-0.5052052485402987,0.4709305692777579,9.995678626,9.34101949398123
C[C@H](C(=O)OC1CCC(CC1)NC(=O)[C@H]2[C@@H]([C@@]3([C@H](N2)CC(C)(C)C)C4=C(C=C(C=C4)Cl)NC3=O)C5=C(C(=CC=C5)Cl)F)N,-0.8394605369481851,0.5654239456954723,-0.7808828289898957,-0.7703660157459702,-0.494091475397397,1.5479925191781605,-0.3613777797779414,-0.4502754814272186,0.0296012617423788,0.1604865070354381,1.1510758277178863,0.2247563671139429,0.1764374063025237,0.9630757836507028,-0.8097103325484978,0.4951700211863045,0.8443605697060523,0.2219808842011752,-1.083273594061667,0.3591469340662107,-0.0978081567890325,0.1958281045131754,-0.4845747956376618,0.5424187078156731,1.0664994261051726,-0.022495653213428,0.8161296489980517,-1.0063689864896674,0.556363055955124,1.3035610211963131,0.8811134983524593,-0.5634923203742078,0.9545106507960588,-0.3164200697957309,0.2672886177331857,0.4295316677627283,0.9745924309830236,-0.2684007565056638,0.1353702828163869,0.8493388776547092,-0.2289778120313189,-0.4453480022077192,-0.5255953260961882,0.8366190615083752,0.6256687662409169,-0.1370250115251931,0.727518225992138,-1.6037524483951455,0.3767616657606843,0.7303477809530879,6.0,6.403770053716882
CC(C)(C)C[C@H]1N[C@@H](C(=O)NCC[C@H](O)CO)[C@H](c2cccc(Cl)c2)[C@@]12C(=O)Nc1cc(Cl)c(F)cc12,0.5281675340791524,-1.1226649682267935,-0.7808828289898957,0.432191238045405,-0.4777804740161469,0.3561139669546185,-0.3271107046185367,0.3726253968529113,-1.1898223022216174,0.1408315315117748,0.4968077737521426,0.6396472107966445,-0.7604309587454958,0.3533759599984853,-0.8318719724902289,0.5631208328787386,1.012127374870752,0.1982976775585708,0.7425754489347229,0.3511874616839192,-0.318861630542621,0.4169965960196639,-1.045375487047672,0.2970860359933288,1.019740731775704,-0.5506047735018759,0.0088232098319088,-1.4414970792118826,0.3367792788745047,0.4784105074211244,1.0250884217016978,-0.2762637951000718,0.7268979187557658,0.5899958317835007,0.7332351990031306,0.8320920767399619,0.6926670977253688,0.5671151513113304,0.4675938750700141,0.0182637126709555,-0.2436401956861932,-0.4453480022077192,-0.9920212355385692,0.4356310867454861,0.1711736609055154,-0.2396529384330621,0.3592774805111094,-1.0980467331713804,-0.4370377952379074,-0.0749157275874965,7.346787486,7.3365353871134875
CCC1([C@@]2([C@H]([C@@H](N1)C(=O)NC3CC(C3)(C)O)C4=C(C(=CC=C4)Cl)F)C5=C(C=C(C=C5)Cl)NC2=O)CC,-0.8394605369481851,0.32426838656372,-0.7808828289898957,-0.7703660157459702,-0.3521853322195264,1.0558365093655606,-0.349112606363764,-0.3289009606720583,0.3534345644746891,-0.0351698402228442,1.0189858824550513,1.121989003171914,0.0729556679567823,1.508133461276541,-1.3351969828137191,0.4350111387672599,1.3566502559701283,-0.0172209879819713,0.2827624329157177,0.3690062680839958,-0.4484495191137951,0.4290232125036892,-0.8336498813989872,-0.6219784936347303,0.9055506256268544,-0.6311537170921692,0.6256558651117528,-1.5906985760450685,1.3134552616919308,0.1442185705443296,0.9086995248862082,-0.9724106866713926,0.6962064471322067,0.229054966741756,1.993054626326035,-0.2817444051758295,0.173695044846484,0.1591446062078827,0.3130425317416141,-0.0311933280328463,-1.2301277888286115,-0.4453480022077192,-0.7449016845484039,2.4946030231546312,0.2522338482433167,-0.7271355912454397,0.4372623079413518,-1.212604196928042,0.500657866488089,-0.1929664195088879,6.928117993,6.9010174503896815
CC[C@H](c1nc(C2CC2)no1)N1C(=O)[C@@](C)(CC(=O)O)C[C@H](c2cccc(Cl)c2)[C@H]1c1ccc(Cl)cc1,1.0980125636738765,-1.1226649682267935,1.147602843917827,1.2352330927854418,0.2963773319438052,-0.2803974097737053,-0.4403536751521016,0.2372937209997085,0.6272565222912934,-0.314806537445869,0.0547895946267253,-0.9112217410072638,0.6196687598275965,-0.0672864311899647,0.9377065507018736,-1.2401190141239595,-0.5749103152579675,-0.945101384505963,0.940831037718033,0.4195106664810063,-0.7355507427298011,-0.909812569673776,0.50893654916114,0.6102796076659667,0.112052546863316,-0.0266760200078232,-0.0609079568116308,0.2296599947280846,-0.2982820991624755,0.0547669988938474,-0.7668755972571919,0.0591185409739129,-0.0987737017447867,0.3450689664877677,0.3810828737385247,0.4791093569469742,0.2014030605995253,-0.3428648983752307,0.0846770384205551,-0.911876227175459,-0.0236945215708766,-0.4453480022077192,-0.319687148454249,-0.0302652887359944,0.3432374908758323,0.2734866961062827,-0.0090588370646853,0.7469812197142218,0.446433945756328,-0.1189931577043759,7.397940009,7.787520800812528
CCC(CC)N1[C@@H]([C@H](C[C@](C1=O)(C)CC2=CC(=O)NN2)C3=CC(=CC=C3)Cl)C4=CC=C(C=C4)Cl,-0.8394605369481851,0.5654239456954723,-0.7808828289898957,-0.7703660157459702,-0.2805232132468693,0.6207654729667801,-0.4751910569478591,-0.7310532537081498,-0.0653427374630133,-0.8839074196537501,0.0289980411800483,-0.116678056954007,-0.2998798008103597,-0.1170772177722346,0.3041801375963198,-0.10570936594975,-1.1548984087623655,-0.5977425637415004,-1.083273594061667,0.676350548525046,-0.1837470602541399,0.7386835017628934,-0.1327617379382226,0.1801747864541038,-0.0292073562006897,-0.0589128457980606,-0.0338703688224877,1.0233837790006053,-0.5153497527854671,-0.8031570695852439,2.1463626402768483,-1.1321593776782448,0.6191561082639119,-1.7952536328600754,-0.144785801156338,0.6536864567741573,-0.3099728688420137,-1.156797884219881,-0.2539420171879029,-0.2418811067740937,0.3152686930025478,-0.4453480022077192,-0.4110946199921628,-0.4598647051411719,-0.2906181193646864,-0.8041065364263414,0.4968161050899982,-0.1221224483321245,0.2073541709418162,-0.2312301631852512,6.236572006,6.477226005453292
C1=CC=C2C(=C1)C3=C([C@@H](N4C(=NC=N4)N3)C5=CC=C(C=C5)Br)[C@H](O2)C6=CC=C(C=C6)Br,-0.8394605369481851,1.288890623090729,-0.7808828289898957,-0.7703660157459702,0.8606244304581971,-0.993430497205041,4.043942696074444,-0.9370723834131268,0.368894289975249,-0.0825204630753056,-4.829115534885753,0.4144247462239385,-0.3821388605132363,-1.080565972592793,0.3281403059628958,-1.3080962447099114,-0.4419487478789474,-1.0083781748331138,-1.083273594061667,0.906443115062772,0.1482099547851562,2.5949122131232545,0.1865746597793032,-0.785030971023775,-1.3587599653559312,-2.6445226810755376,-1.6584796543281453,1.1749050157502463,-1.0910795251245713,0.2645975690827442,1.2810716237550706,2.180222444607813,-2.158985588685709,-1.013681035572146,0.3325554852915955,-0.0932695082321567,-1.3065984855489012,-0.7124127297151335,-1.2073703635350146,-2.11833889245158,0.7639290296439762,2.8847915366888084,-0.8728915421366119,-0.036794941786062,-3.8159206377433272,-0.3935948287948655,-1.5919349088065473,0.1295853476910499,1.307051731731684,-0.9633247585254772,5.910094889,5.882569622590807
C[C@H](C(=O)N1CCN(CC1)C)NC(=O)N2[C@H]([C@H](N=C2C3=C(C=C(C=C3)OC)OC(C)C)C4=CC=C(C=C4)Cl)C5=CC=C(C=C5)Cl,-0.8394605369481851,1.288890623090729,-0.7808828289898957,-0.7703660157459702,0.0478107291509358,0.3399074037707931,-0.4590214145227552,-0.6486456021145858,0.25542039617557,0.3981330292760917,0.1359050703045366,0.3726565433508176,0.2090910145797479,-0.3917928572555703,0.7489163761805409,0.5591910833605692,-0.245806607014487,0.3518800245637961,-1.083273594061667,0.6148331971330736,1.258669810822426,0.2849916430058256,-0.340168013154705,0.5670435727978632,0.740432552420486,-0.6032245323864849,0.4233110606941341,-0.0369341993636191,-0.8608527301633566,0.9813201665497744,0.9674182542182986,0.180911699378968,1.7497120191093,0.2097600374111981,-1.319985435241643,-0.3640284215299987,0.5680001487999493,0.123000747240265,-0.8257639116957679,0.9553915972498824,0.7639290296439762,1.2197217672405445,0.1664546638450407,-3.6095890315521535e-06,-0.8998249779641193,0.5813704768298896,0.898428852158892,0.4685816105938261,1.320977728495868,0.9549418554959124,5.22475374,5.69770025808028
C[C@]1(CC(=O)O)C[C@H](c2cccc(Cl)c2)[C@@H](c2ccc(Cl)cc2)N(CC2CC2)C1=O,0.5281675340791524,-1.1226649682267935,1.147602843917827,0.9536287622955744,-0.3853186960963113,-0.6815516180661297,-0.446228120247035,0.2372937209997085,-0.4313387219126459,-0.9428723462247393,-0.3709350204928071,-0.5131564694441917,0.3094771490790974,-0.6124406976026631,0.359816290243289,0.0772728405329565,-1.068795841654288,-0.5647715647130482,1.0890628053239413,0.5095110467646857,-1.2674939339891966,-0.7697344852067756,-0.2232585717590501,-0.8677422374730687,-0.353075640810893,-0.3728114657053661,-0.8062622845955255,0.3119164123113882,-0.6972663064441371,-1.1193365616904414,-0.7668755972571919,-0.7120638022820498,-0.7522732919105698,-0.6070694680473745,1.068759769602833,0.6504937646303472,-0.9973676975106328,-0.8488588630310514,0.3858360154169932,-1.2014748105829325,0.1128367001325305,-0.4453480022077192,-0.6278377592470568,-0.784040837469281,-0.0598713333769942,-0.7784495546993742,-1.5621037180162494,0.9683578509732322,-0.3932048697921351,-0.8215293928866498,7.22184875,7.454157601979335
C1CCN(C1)C(=O)C2=C(SC(=C2C3=CC=C(C=C3)Cl)C4=CC=C(C=C4)Cl)N,-0.8394605369481851,0.5654239456954723,-0.7808828289898957,-0.7703660157459702,0.1646632285933935,-1.1057625863520382,-0.2386933735068393,-0.9370723834131268,-0.4969290411113511,-0.4452441022847239,-0.6092117579482075,0.9251999998540198,-0.7595105671361703,-1.2126115304723206,0.714103326328643,-0.1741385660537191,-0.1323693209673448,-0.7981354029597771,-1.083273594061667,0.0958763285158407,-0.5485000322736443,1.365130094238002,0.5429030840878968,-2.3845143476334587,0.4628291008354525,1.2662429697755848,-0.310017779441351,1.421704587577004,-0.8142029184086036,-0.6220689733376931,-0.7668755972571919,2.05763213088381,-2.190522601352056,-1.5365261113440292,-2.496659503914904,0.0386895976464597,-3.304403439561047,-0.790045205806973,1.6311559975950438,-1.2768979887939749,0.7639290296439762,-0.4453480022077192,-0.4872420207201977,-0.1734650908846974,0.6655150238139269,-1.2146182440578173,-1.0168722576744749,-0.7799951674132649,0.2613706511077475,-1.23896321228314,5.206209615,5.519254120040064
CC(C)(C)C[C@@H]1[C@]2([C@H]([C@@H](N1)C(=O)N[C@H]3CC[C@H](C3)O)C4=C(C(=CC=C4)Cl)F)C5=C(C=C(C=C5)Cl)NC2=O,-0.8394605369481851,0.32426838656372,-0.7808828289898957,-0.7703660157459702,-0.489496587843267,1.1688926030534157,-0.3613269964864724,-0.3289009606720583,-0.1257410271149947,-0.0342764322444959,1.0315022002328342,1.1328167627714696,0.1579155093812524,0.6410735794458894,-1.5594446376039166,0.2725350473187103,1.39198102682995,-0.1942098714040812,0.4799413461869344,0.3773573478286834,-0.4017897066434528,0.4348726652351569,-0.6729002162973662,0.4842295402480431,0.7545196308947762,-0.5430683256075338,0.206084293672956,-1.6042295644328353,0.3821896201734997,1.0447954989253192,0.922516585894967,-0.035431587050332,0.7739260279271238,0.1057737228747896,0.638203676302649,-0.0537676913820469,0.5845399419881417,0.0395389079481219,0.3555660323879467,0.6797826259745716,-0.1851321935430556,-0.4453480022077192,-0.7004714418447449,1.4234627770165291,0.4423357719365798,-0.6758216277915052,-0.1451987836849462,-1.5791012287799622,0.0324505183356162,-0.0219595072055065,6.0,6.350751052567279
CC(C)(C)C[C@H]1[C@@]2([C@H]([C@@H](N1)C(=O)NC3CCC(CC3)O)C4=C(C(=CC=C4)Cl)F)C5=CC(=C(C=C5NC2=O)F)F,-0.8394605369481851,0.32426838656372,-0.7808828289898957,-0.7703660157459702,-0.9778094724420662,1.2541580609037142,-0.3911559709061736,-0.3774270966344741,-0.4641368405186314,-0.100388622642272,1.024837218147929,0.6952494204212023,0.1640799814558008,0.6259834480040192,-0.2621828546936688,0.4933620434717193,2.4097804737896897,0.1362977407901098,0.5465181267226599,0.1358079964242659,-0.370127799737458,-1.1991496302545797,-0.6631637528420241,0.4876815094801017,0.7911281713233054,0.5077048880222893,0.2147567061922595,-0.999995659550053,0.4568353810528719,1.4918433941051754,1.4041780342829944,-0.0190898081514668,0.7839084245383776,1.0952301103471094,0.3800489139260972,0.0232078603628167,0.2983713160087775,1.0836637518005163,0.5406922445627919,0.051965917876096,-0.6361407109000538,-0.4453480022077192,-0.6653686490715022,0.7744454657097746,0.4952651905391507,-0.547536719156669,0.6595999149937539,-1.777158179940627,-0.1964342400310632,0.0532622610640858,7.153662888,6.962809553147963
CC[C@@H](CS(=O)(=O)C1=CC=CC=C1)N2[C@@H]([C@H](C[C@](C2=O)(C)CC(=O)O)C3=CC(=CC=C3)Cl)C4=CC=C(C=C4)Cl,-0.8394605369481851,1.5300461822224811,1.147602843917827,-0.7703660157459702,0.4804548440448923,0.3966025285856872,0.6724446391762955,1.703379963207191,0.7632312079191329,0.5392914898551265,0.0595335235319588,-0.0294210931718413,0.5570320157211073,0.3380994077359693,-0.4532344924276588,1.1366347770838263,-0.0716335139209114,1.552352640694097,0.8751542040635341,-2.136976868269997,-0.9289139833609956,-1.035498962684091,0.6630797950994383,0.898605470326321,-0.4614008585906402,0.0883168909200162,-0.6282670638422186,-0.0172142110500856,-0.0395103826858866,-0.7896773591857215,-0.7668755972571919,-0.2285889489884597,-0.0318567380775471,0.4924775041997064,0.2476620938230429,0.4031743167312959,0.4189781827045361,-0.2799880398913915,-0.194370542698265,1.2594029656289167,-0.0965421929026941,-0.4453480022077192,1.6663916170995998,-0.9534480269514252,0.7030299330038285,0.0169168788366103,0.6381332843934235,-0.3356084552710157,-0.5374736469524168,0.2323302377785993,9.522878745,9.246022430545503
CC(C)C1=C(SC2=NC(C(N12)C3=CC=C(C=C3)Cl)(C)C4=CC=C(C=C4)Cl)C(=O)N5CC(=O)NC5,-0.8394605369481851,0.8065795048272245,-0.7808828289898957,-0.7703660157459702,0.4753967823188674,-0.0191988484948677,-0.2453989651237248,-0.6486456021145858,-0.0005384543291924,0.1390447155550783,-0.4759145116885834,-0.0281763629929208,-0.571282079093894,0.332680922794851,0.6660340303913321,-0.5993776763183664,-1.1165496085776478,-0.833228398944416,-1.083273594061667,-0.0793233225603308,0.0785332630141989,0.8837334509257172,-1.0104810475500028,-0.0793423229556882,0.1147049825650222,0.90812874517692,1.1314380145840983,2.6012322995296806,0.5952074863112646,-0.3859095557385065,1.7705344119897584,0.5918794246754726,0.0562661892706549,-1.2025707175249445,-2.3207944600819537,0.329255564072602,-1.283871524866087,-0.9259999274383772,-0.7428495294299757,-0.2860534291926673,0.4625965571265249,1.2197217672405445,-0.0624360838402817,1.3878795046794326,2.4839398907121644,-0.4705657739757672,-1.647641762316064,1.5659749877359102,-2.905402583943465,-0.4627091544345444,6.026872146,6.281926692185078
O=C(O)c1ccc(NC(=O)[C@@H]2NC3(CCCCC3)[C@@]3(C(=O)Nc4cc(Cl)ccc43)[C@H]2c2cccc(Cl)c2F)cn1,1.211981569592821,-0.8815094090950412,1.147602843917827,0.4216472974997961,-0.0986015687884807,-0.6167810579878165,-0.3221636105343119,0.3118522155793163,0.8306191195712777,0.6777697264991166,1.1256598524800112,0.1442032578419433,0.6347091899651763,0.7836197336183269,-0.4152341171279013,-0.8051762477192739,1.6164104750541672,-0.8058578091102355,1.7120739691327371,0.343851009484077,-0.5914395764826765,-1.3212839116498347,0.0909090054261426,0.2361558314807573,0.7362287477748828,-0.3161280564674729,-0.7619234970739888,-1.2406950019223768,1.3873507941632544,0.5151054357760285,1.4002461008612406,0.1164101593441347,0.0484487433683072,0.9514727892689684,2.127942641028579,1.3708143882997064,0.6667887658717032,0.4557772306761833,0.156125558892841,-0.025310829311328,-0.6818752904508606,-0.4453480022077192,-0.8893913821601976,1.3210981617749946,0.3420256296288402,0.8892542575534965,0.939531961499468,-1.569396420674813,1.1687853793726055,-0.0775442466223441,8.022276395,7.866297826144089
COc1cc(C(=O)OC(C)OC(C)=O)ccc1NC(=O)[C@@H]1N[C@@H](CC(C)(C)C)[C@](C#N)(c2ccc(Cl)cc2F)[C@H]1c1cccc(Cl)c1F,1.211981569592821,-0.8815094090950412,-0.7808828289898957,-0.4767031429506698,0.1532887558692411,0.1019326804564053,-0.3763559301109069,-0.4170931310616788,0.6572383594635354,0.8957612732161069,1.1556834252032349,-0.1745181007324242,0.3720818054339139,0.6001346058263595,-1.793871554270366,-1.8053778420895903,1.7088345405141832,-0.9281255571680044,-1.083273594061667,0.0761443630867138,-0.0405569810978383,-0.553539183288518,1.2188292876832878,0.590157866010348,0.874001587102014,-0.2527576034287933,1.649448091918859,-2.0471250384819406,0.2526544831044199,1.474695713381363,1.3869903890014974,0.1116194546242326,0.8773168060925832,2.011240967008085,1.01000935951793,-0.0018359303996394,1.4247799767172606,2.1426134721668686,0.3905793207591999,0.4120682166438235,-0.7431231190457905,-0.4453480022077192,-0.4293159151940486,-0.4047637706225027,0.2636622309778262,1.684620691089481,0.9523237099112803,-0.9481641087240928,0.4953913271059794,0.9334292477730524,7.982966661,7.898363116478287
CC[C@]1(CC(=O)O)C[C@H](c2cccc(Cl)c2)[C@@H](c2ccc(Cl)cc2)N([C@H](CS(=O)(=O)c2ccccc2F)C2CC2)C1=O,1.211981569592821,-0.6403538499632889,1.147602843917827,0.3889901120831583,0.6288024000809832,0.0640616737038237,0.6792078482490728,1.703379963207191,1.0097494333541894,0.6456070392785765,0.3202878485372334,0.1651368241073619,1.2042834397330855,0.7715288457435513,-0.2821097835944053,1.117298656401889,0.1022009916604259,1.485059067255069,0.7181928934668352,-2.4061704859747244,-0.8546428872634608,-1.070545856625792,1.0088876112448777,1.6907348804331623,-0.6276260510312511,0.156627643843826,-1.066948210857279,-0.1387978506925937,0.1866474503843661,0.0010179811013742,-0.7668755972571919,0.1492154431965769,0.3673886833745195,0.5578155316371287,0.1477768676668629,0.2216968798748461,0.7057728011799803,-0.2976787857356442,-0.7708122149998268,0.5680516173215076,-0.1136191479905183,-0.4453480022077192,1.662897845317474,-0.2000050015434066,0.6153591772215604,0.8635972758265292,0.8887094982101318,-0.6699302755603399,-1.2950223841109347,0.4945571141403347,9.397940009,9.032713293074776
COc1cc(C(N)=O)ccc1NC(=O)[C@@H]1N[C@@H](CC(C)(C)C)[C@@]2(C(=O)Nc3cc(Cl)cnc32)[C@H]1c1cccc(Cl)c1F,1.211981569592821,-0.8815094090950412,-0.7808828289898957,0.3853515484739286,0.1239338946690463,-0.1744142835234653,-0.3416537924200727,-0.4170931310616788,0.6537231900087294,1.0744428688857717,1.131651191755728,0.1260304337952923,0.186414000131883,0.6363316682842216,-1.417108341117267,-1.6690453674389405,1.803499623944278,-0.9606082058598636,-1.083273594061667,0.2541546110491992,0.0595929906758328,-0.2380940526281951,0.1193995964766743,0.5318566336358301,0.4227708426438609,-0.4669067000560009,0.920380197459192,-1.168023482223702,0.4896749618870822,1.7190718616932466,1.3340995818769357,0.1455253264429382,0.729562134789232,0.9178999571472524,0.5035226703681887,1.1052775414343523,1.0882347623178723,0.807361129452269,0.3885263654914607,0.017575824684036,-0.4216939176132585,-0.4453480022077192,-0.7394002830810575,0.7604722707036654,0.4054751166095475,1.0431961479153,0.3976394909762469,-0.7762641137930361,1.081885090358666,0.2648450807036826,7.283996656,7.446860392269102
CCC(CC)N1[C@@H]([C@H](C[C@](C1=O)(CC)CC(=O)O)C2=CC(=CC=C2)Cl)C3=CC=C(C=C3)Cl,-0.8394605369481851,0.32426838656372,1.147602843917827,-0.7703660157459702,-0.399784648847625,0.7660119223943294,-0.4748500487430058,0.2372937209997085,-1.5868442374565346,-1.0768835429769876,-0.1009127060638769,-0.4078266114985626,-1.0197789967649231,-0.1065450252102354,0.4429510438181483,-0.1888527227761285,-1.071751973402661,-0.6936953317907264,0.9031875652592396,0.5134309410035345,-1.285849653036207,-0.7556916482685444,0.5404330282582867,-0.998333756130412,-0.837222995546392,0.1080599912907403,0.055246968733088,0.922488740207094,-0.6338960868355994,-1.011252821616036,-0.7668755972571919,-1.024648354002382,0.4771057615346796,-1.419263675689134,-0.1697026483318499,0.4355862691858689,-1.3037375772239952,-1.1952203479435597,-0.1476721865648337,-0.2418811067740937,0.1185463205132435,-0.4453480022077192,-0.637351079129692,-1.4616695904183243,-0.3286229938421846,-1.1376472988769155,0.5459125615569651,0.895957434961127,-0.9362538162501228,-0.4057977456135652,7.698970004,7.566362386877525
CC(C)OC1=C(C=C2CC(=O)N([C@H](C2=C1)C3=CC=C(C=C3)Cl)C4=CC=C(C=C4)N(C)CC5CCC(CC5)N6CCN(C(=O)C6)C)OC,-0.8394605369481851,1.0477350639589769,-0.7808828289898957,-0.7703660157459702,-0.4548025465579975,0.596539167176525,-0.4777243833532857,-0.8469390142573326,0.4378167114911522,0.6402465914084873,-0.2226258519825794,-0.0850971259771634,0.9743974685262968,0.3771783963726562,-0.1060407419912078,0.8297127502104098,-1.2065103831869444,0.8387635402957706,-1.083273594061667,0.8622725162809082,2.0793824727138173,1.1841416756426146,0.8569530395669187,0.9088416217690825,0.5313135037703365,0.666790586465259,0.1290619556216594,1.2219566805036386,-0.1680143217193849,0.0568707881256285,-0.7668755972571919,-1.5717247748030334,2.0102803836310787,-1.2491959941445214,-1.0453179584970982,-1.8611445508996245,1.321560782849253,-1.3678905325002138,-0.4302355647925807,1.51401410675453,0.7639290296439762,-0.4453480022077192,0.69360824058597,-0.4009915843519203,-0.0060901179546121,0.5300565133759552,0.7707967033861446,-0.0569621616414482,-0.2199529044890272,1.4576580194767368,8.769551079,8.512033590127771
COc1cc2c(cc1OC(C)C)[C@H](c1ccc(Cl)cc1)N(c1ccc([C@H](C)N3CCS(=O)(=O)CC3)cc1)C(=O)C2,1.211981569592821,-0.8815094090950412,-0.7808828289898957,1.7913235335167863,0.3055848898308905,-0.6641198164285437,0.6522229824525856,-0.2819395789358025,0.9883717108918132,1.0270922460333105,-0.3208651481172497,0.3891218217188067,1.436527889911638,-0.2140503402408356,-0.1317288679558027,1.178833550678753,-0.6921986054763157,1.681587666719428,-1.083273594061667,-1.5168927405767867,1.6826131892728369,1.1041303965124567,0.7014963512430331,0.1184572832586488,0.2590606858350798,0.4406145334993837,-0.9315508868022212,0.8097117909215277,-0.5148530240665841,0.053940457511874,-0.7668755972571919,-0.796269181853868,0.5330714985228554,-0.0889240249237738,-1.079887048892126,-1.8611445508996245,-0.2787455426665542,-0.6465333027551203,-0.3050859175344043,1.0216671519633989,0.7639290296439762,-0.4453480022077192,2.6245951194865023,-0.7954002152943854,-0.6078055919952687,0.7609693489186603,0.3297862416637868,-0.1037769699023153,-0.0451759551288331,0.4173548495619256,7.477555766,7.868734517414673
CN(C)S(=O)(=O)C[C@H](C1CC1)N1C(=O)[C@@](C)(CC(=O)O)C[C@H](c2cccc(Cl)c2)[C@H]1c1ccc(Cl)cc1,0.5281675340791524,-0.6403538499632889,1.147602843917827,0.7828893019403714,0.6287089307863988,0.2255146863151997,0.6517612284687133,1.703379963207191,0.93545006475587,-0.3174867613809141,0.0551558881412359,-0.1995335244616986,0.6078308843589871,0.7833750659032614,-1.18654089041251,1.2245665983876988,-0.107727710108056,1.8721481135935747,0.8789084123355704,-2.036973675890614,-0.7822061562546627,-0.9999373531143936,-0.0005614747402186,1.4955780404643302,-0.1434952790676073,-0.0621071655679683,-0.1702766550710941,0.5743490698549412,1.0490513801779389,-0.5887717548160264,-0.7668755972571919,-0.1662367048541432,-0.2230846659537193,0.4482161120864784,-0.1396030981032197,0.4075149029053309,-0.2396653939396784,-0.4432793765108543,-0.2137274098179576,-0.0960105953066884,-0.0720060085619853,-0.4453480022077192,2.113294275741311,-0.6149661713124048,0.1490152896445427,-0.0857110480712586,-0.5647920598346665,0.2672412230166185,-2.632702518926638,0.0381275612237454,9.698970004,9.634715840721354
COc1cc2c(cc1OC(C)C)[C@H](c1ccc(Cl)cc1)N(c1ccc(N(C)CC3CCC(N4CCNC(=O)C4)CC3)cn1)C(=O)C2,1.211981569592821,-1.1226649682267935,-0.7808828289898957,1.7004111039805143,-0.35685935418425,-0.1480716567676245,-0.4420566082970548,-0.8469390142573326,0.3614732236140878,0.7152928615897459,-0.2587547527231835,0.0740015637345005,0.8757345707017398,-0.0270442419133242,-0.1937931831822406,0.879711960590953,-1.014292678516372,0.9277634561461188,-1.083273594061667,0.827075784088895,1.7609133094409934,1.0557108623554268,0.2380014835333582,0.7116384690661673,0.5880188475050144,0.7308278759568785,-0.141145282901256,1.1723854240772775,-0.4846205918201708,0.0568707881256285,1.3993694839519566,-1.5830436363963525,2.013174464948396,-0.6712372382961617,-0.9657690337241568,0.0088502302539102,1.5442892143701985,-1.1390151557611083,-0.3590587710335545,1.3213356215294023,0.7639290296439762,-0.4453480022077192,0.5406791559995491,-0.3248447885676767,0.0952093049271134,1.171481056550136,0.983735121153639,-0.1248430565732269,0.4130092756301644,1.2133087872262975,8.327902142,8.176130211184043
COc1ncc(-c2nc3c(n2C(C)C)C(c2ccc(Cl)cc2)N(c2cc(C)nn2C)C3=O)c(OC)n1,1.6678575932686004,-1.3638205273585458,-0.7808828289898957,1.5148232395610586,0.1493459731931928,-1.4113481952511815,-0.2795023961846579,-0.9370723834131268,0.2337705347698764,0.0988413565294039,-0.1819399171019716,1.4712378563469393,-0.0748486822176446,-0.8888931777651856,-0.7048469762767968,0.0306215188917555,0.0783697098367916,-0.4505056763446068,-1.083273594061667,0.8046314663989869,0.8593867229755956,0.6863978138826526,0.3982283854964381,-0.5379962356614727,-1.8629236532507247,0.6982695771988676,1.570438726047635,0.3278522255831188,-0.4791947616975907,0.91343358848748,-0.7668755972571919,-0.1022337224983584,-0.2393937281990451,-0.4672567456366429,-0.8675353966771501,-1.8611445508996245,-0.4750347450892352,0.5957481524837033,1.087233273720546,0.1600229876341986,0.7639290296439762,-0.4453480022077192,0.2219861834377309,1.5036216780017622,-0.1966147823827504,0.8379402940995619,-0.7669718234630633,0.0483015204410081,-0.0015097075512116,-0.443053109986997,8.785156152,8.585536635405159
CC(C)(C)C[C@H]1N[C@@H](C(=O)N[C@H]2C[C@@](C)(O)C2)[C@H](c2cccc(Cl)c2F)[C@@]12C(=O)Nc1cc(Cl)ccc12,0.5281675340791524,-1.1226649682267935,-0.7808828289898957,0.426410105940819,-0.409915225596213,0.6231602572173106,-0.3366181454803106,-0.3289009606720583,0.3013591208718202,-0.0700127513784288,1.0222871000684086,1.370147779747818,0.2546282267135619,1.0391819501228463,-1.6191987528791163,0.4516023278110467,1.3626644274384505,0.0303464541740038,0.2717610788561916,0.3750630952075843,-0.5137074460326531,0.426022181059688,-0.2807690515378866,0.5086478384711236,0.8483580555901069,-0.7697635695018122,0.891780146024047,-1.7195762806189785,0.3821896201734997,0.8065995971952166,0.9274940124613196,-0.0561966446002113,0.7246889389727401,0.2963188336215108,0.8095513436109204,-0.2944640844973342,0.1112193941476775,0.235737356695751,0.3708846205521105,0.007976683765062,-0.7741748215988297,-0.4453480022077192,-0.7004714418447449,2.4502567169884286,0.5693959476315619,-0.2139959567060948,0.96165200790906,-1.6890013973188622,-0.0921743100104908,-0.0219595072055065,7.382999659,7.450848842241481
CC(C)OC1=C(C=CC(=C1)OC)C2=N[C@@H]([C@@H](N2C(=O)NCCC(=O)O)C3=CC=C(C=C3)Cl)C4=CC=C(C=C4)Cl,-0.8394605369481851,1.288890623090729,1.147602843917827,-0.7703660157459702,0.0418601502431921,-0.4290411112775903,-0.4595582049384365,0.1028861198476352,-0.1755818419514989,-0.1334447178411598,-0.2952585427470073,1.8265761585025853,-0.8807239235792653,-1.2844020652667925,0.8251795652537509,0.264548853885671,0.8043405495442251,-0.1552249088239662,1.590347277829803,0.4631159286628194,-0.4812091799703841,-0.9359428159769004,0.2579383627294986,0.007286691701301,-1.1248183854111766,-0.5949408362896408,-0.1131293309004097,0.2763831302804884,-1.1913235941989833,0.4049020825698226,1.4886279219978988,0.953958475536116,-0.242665309313273,0.1564936193129403,-1.5814436077141876,1.2300749420585035,-0.0242766627906389,0.0088603349011846,-0.5093980254940799,0.9133339180984,0.7639290296439762,1.2197217672405445,-0.5014153563417099,-0.4149647793580294,-1.135765151438961,0.093887824017512,-0.2918972595177878,-0.756542839089363,0.0642415460512068,0.0226288011877518,5.970616222,6.004271114511173
C[C@@]1(C[C@@H]([C@H](N(C1=O)[C@H]2CC[C@H]([C@H]2O)O)C3=CC=C(C=C3)Cl)C4=CC(=CC=C4)Cl)CC(=O)O,-0.8394605369481851,0.32426838656372,1.147602843917827,-0.7703660157459702,-0.3059875395673236,0.4016705603716943,-0.4729843766661811,1.7066621085543083,-0.5009166652918022,-0.5104628847041515,-0.1919204009452936,-1.089059156173292,0.0386089652851543,-0.0253808826944486,0.2159522865685675,-0.1460097749951454,-0.3030652627173371,-0.6461873946946447,-0.1682540479402371,0.3961927441854916,-1.070569303238336,-0.9940757349083844,-1.2202985677430094,-0.9067017972846068,-0.0629503695385584,-0.2170045304879579,-0.9134183903649812,0.3516498617223472,-0.2169216595343386,-0.1666372215972352,-0.7668755972571919,-0.2464663975315951,-0.2042945196768168,0.7198664302688839,0.5811336893121455,0.5731270666664527,0.3357930690117764,-0.0671534792633908,0.3554338973121911,0.3327096012115769,-0.0544682387816085,-0.4453480022077192,-1.0036366916765214,-0.2267170347763352,-0.3616676790480278,-0.983705408515112,-0.5694543320541539,1.185180010365861,-0.3864678421513668,-0.5618567420731306,7.301029996,7.388707514164694
CC1(CC(C1)NC(=O)[C@H]2[C@@H]([C@]3([C@@H](N2)CC(C)(C)C)C4=C(C=C(C=C4)Cl)NC3=O)C5=C(C(=CC=C5)Cl)F)O,-0.8394605369481851,0.32426838656372,-0.7808828289898957,-0.7703660157459702,-0.4196833136675908,1.2417942910521365,-0.3611505500749478,-0.3289009606720583,0.3137282739904986,-0.0700127513784288,1.0222871000684086,1.3814712478204467,0.1857379279869588,1.0391819501228463,-1.7946334681576213,0.4024127825088439,1.3626644274384505,-0.0365061421047224,0.2717610788561916,0.3750630952075843,-0.4431653340895016,0.426022181059688,-0.6729002162973662,0.4953795636257418,0.8191256001925304,-0.7697635695018122,0.891780146024047,-1.7195762806189785,0.3821896201734997,0.8065995971952166,0.9274940124613196,-0.0561966446002113,0.6910055775004288,0.2963188336215108,0.8095513436109204,-0.2944640844973342,0.1112193941476775,0.235737356695751,0.3708846205521105,-0.0305634744262026,-0.7741748215988297,-0.4453480022077192,-0.7004714418447449,2.4502567169884286,0.5693959476315619,-0.6758216277915052,0.7271980798643757,-1.6890013973188622,-0.0921743100104908,-0.0219595072055065,7.036212173,6.916986736852952
C[C@]1(CC(=O)O)C[C@H](c2cccc(Cl)c2)[C@@H](c2ccc(Cl)cc2)N([C@H](CS(=O)(=O)C(F)(F)F)C2CC2)C1=O,0.5281675340791524,-0.6403538499632889,1.147602843917827,0.5227092233648359,0.6287445102749422,0.1060539370735979,0.692901158443836,1.703379963207191,0.9416912781694284,0.1417249394901234,-0.063553491683934,-0.5559215836900262,0.7236617813859135,0.4236495743859752,0.2077346499760378,1.2892160705778206,0.8181339271691538,2.102522908344689,0.9813714473329348,-3.1689506152307643,-0.4141496051198,-1.3531217619816889,0.6811216579183642,1.52387086946381,-0.0892953768317302,-0.3283240640795703,0.9864107649259688,0.4796081326610368,0.3840338431094242,-0.5887717548160264,-0.7668755972571919,0.1433437032574048,-0.7522732919105698,2.257635016608301,0.1099399603944373,0.5259818607382218,-0.165161886587326,1.8456072988233156,0.0727935809245854,-1.0918324108774635,-4.24151747916997,-0.4453480022077192,1.2043464229892455,-0.6149661713124048,0.2064222690723292,0.0682308422905447,-0.7630871681430199,-0.4946098328598107,-0.5611515528476863,-0.248751320172075,9.522878745,9.356978898720692
CC1(CC(C1)NC(=O)[C@H]2[C@@H]([C@]3([C@@H](N2)CC(C)(C)C)C4=CC(=C(C=C4NC3=O)Cl)F)C5=C(C(=CC=C5)Cl)F)O,-0.8394605369481851,0.32426838656372,-0.7808828289898957,-0.7703660157459702,-0.377766956618885,1.348111573244312,-0.3481853571451457,-0.3289009606720583,0.3249276005476847,-0.0628654875516423,1.0255789824241317,1.2868209880103538,0.2222868624023921,1.1905792353096,-0.9024871611628306,0.4277197010856036,2.188461919491432,0.0211984701289351,0.2844313872377286,0.2339468963791496,-0.4169530164165876,0.2390447374914756,-0.5820047755834006,0.5004624212665298,0.804145673404152,-0.7685260194303868,1.0617660257993518,-1.262684248880554,0.6061268965413721,1.341163680465774,1.0868244442949877,0.1333826278785702,0.7486734724000923,1.2346856143226008,0.5477520095584453,-0.2609519256072935,0.2193465498849047,0.7403287323367322,0.4069108362333739,0.0050007366002225,-1.0671365498526453,-0.4453480022077192,-0.777601237165176,2.388083116210294,0.3585915459103448,-0.5988506826106035,0.5741458484626197,-1.9795568547411648,-0.0965015446301009,-0.0280286327842118,7.0,6.9168433927030915
CC[C@@H](C(=O)OCC)N1[C@@H]([C@H](C[C@@H](C1=O)CC(=O)NCCCN2CCOCC2)C3=CC(=CC=C3)Cl)C4=CC=C(C=C4)Cl,-0.8394605369481851,0.5654239456954723,-0.7808828289898957,-0.7703660157459702,-0.5361412973208001,0.6892674410633621,-0.4802119346381498,-0.1972680958206383,-0.5856785514927637,0.338274694726754,0.019390891797076,-0.7078172000903663,-0.4011413973869647,-0.7043113160333101,0.0989510270188456,0.7247873459038723,-0.8049371776304322,0.5758507420440385,-1.083273594061667,0.6086042299573292,1.279330447069234,0.26455503356553,-0.6836168606374742,0.5215852517963104,1.007941037740841,0.258624500043472,-1.1186796031808144,0.285666121619661,-0.8562407087216029,0.0179755323378541,0.8344152156328919,-1.088838067679047,1.5021211708619606,0.3338648867441465,0.1905260332974347,-0.4788422947107036,1.3586813406831857,-0.3673110354085155,0.1313944313820868,1.1547916159178675,0.7639290296439762,-0.4453480022077192,-0.0127944525688248,-0.9231863478044624,0.0300013620331654,-0.1883389749791276,0.4686629219096196,1.1006565000185282,1.1925325059627914,0.7568030060968619,5.679853714,6.192171407233112
CC(C)OC1=C(C=CC(=C1)OC)C2=NC(C(N2C(=O)N3CCN(CC3)C(=O)C)C4=CC=C(C=C4)Cl)C5=CC=C(C=C5)Cl,-0.8394605369481851,1.288890623090729,-0.7808828289898957,-0.7703660157459702,0.0601940559044211,0.0418403035651767,-0.4574292656261373,-0.7310532537081498,0.2369442201865382,0.1310040437499436,0.1955893479031217,0.8138605910474319,0.0878764390859808,-0.6068695837006092,-0.253686931654164,0.3450477889924914,-0.3494684855030721,0.0049675918588211,-1.083273594061667,0.8195006459684394,0.6985929997472808,0.8076755371194518,0.323153064262595,0.3439082370531396,0.5301400643083802,-0.7062651363826995,0.3304114463319158,-0.2811476667612193,-0.7858587951827206,0.3399042943178726,-0.7668755972571919,0.6460899475055681,0.544292056685251,-0.2203857983664601,-1.3611967361543118,-1.8611445508996245,-0.5121818371652225,0.0860999705803697,-0.7843832774212772,0.9508424197722636,0.7639290296439762,1.2197217672405445,0.1118544797955346,-3.6095890315521535e-06,-1.0813915681106288,0.3761146230141516,0.8842813090392742,-0.6463970768231344,-0.1076396260865504,0.5152634385328272,5.320572103,5.741421547688657
Cc1cc(Cl)ccc1C1c2c(nn(CC(C)(C)O)c2C(C)C)C(=O)N1c1cccc(Cl)c1F,1.0980125636738765,-1.3638205273585458,-0.7808828289898957,1.2758080865966,0.470707422446201,-0.4502043209334452,-0.3286089009806687,-0.7310532537081498,-1.2691464145977578,-0.8490645084981654,0.6696784601681061,0.58982314019506,-1.2159562796848915,-0.5206493430288258,0.0377635510125321,-0.0276007264570376,0.144707643285839,-0.5676439315237013,0.1249917302854834,0.4583609786105797,0.5808427795788083,0.394855440470006,0.7144478080004079,-0.4466742131675054,-0.6500691499001546,-0.5221893766435199,1.6570960329831024,1.4658517361657375,-0.1889983888063436,1.050400186113167,-0.7668755972571919,0.4777138842831616,-0.5822988684509273,-0.8433331492327903,-1.4741270566308384,-0.4641576547564447,-0.7700899957428985,1.0022550368691645,1.0439320452104883,-1.1545712095017002,0.0275779933587287,-0.4453480022077192,-0.5024265922572418,0.243286858758204,0.7727740419785807,-0.1370250115251931,0.0983864963709231,0.5044349537876391,-1.417016242767113,-0.5793131133707191,8.397940009,8.356928178247058
C1CC1CN2[C@@H]([C@H](C[C@H](C2=O)CC(=O)O)C3=CC(=CC=C3)Cl)C4=CC=C(C=C4)Cl,-0.8394605369481851,0.32426838656372,1.147602843917827,-0.7703660157459702,-0.5344131497394514,-0.5782974320083546,-0.4819389267354529,0.2372937209997085,-0.5563064734751398,-0.9071360270908068,-0.5743003214368079,-0.6128208976975414,-0.1231005448618943,-1.3513345775684793,0.524478887040649,0.0767825022582837,-0.9222859594082298,-0.5921550156292138,1.2603654256905017,0.5160660540917252,-1.3366258366207064,-0.7462514794383444,-0.4781709471905239,-0.9014730607994168,-0.0593759085543405,-0.0283617372355832,-1.4591886476223226,0.3033977149378284,-1.0617963889883912,-0.5757236383527493,-0.7668755972571919,-0.5584666549907249,-0.7522732919105698,-0.0189690107357479,0.9941568066038218,0.848552511417918,-0.8395058410280621,-0.6916971639836723,0.6064965785209514,-1.234590296830412,0.7639290296439762,-0.4453480022077192,-0.6659192854828364,-0.7537791583223181,-0.4446542271019452,-1.2402752257847844,-1.6880601205824055,1.943412828450467,0.3252033651670249,-0.9925363051900308,5.954677021,5.645833517742711
COc1ncc(-c2nc3c(n2C2CC2)C(c2ccc(Cl)cc2)N(c2cc(Cl)ccc2C)C3=O)c(OC)n1,1.781826599187545,-1.3638205273585458,-0.7808828289898957,2.2802131753835413,0.634674450571772,-1.5824360375216695,-0.2578050501132763,-0.9370723834131268,0.5438211840334094,0.2105173538229442,-0.0701231365811923,1.6587621281530949,0.4484843286026188,-0.8630088479628927,-0.3859412452205126,-0.0191348403174558,0.1004505332295571,-0.4664714774073575,-1.083273594061667,0.8615444682673971,0.7528482620428674,0.8842743194834728,0.9624989172385194,0.8427031871899912,-1.1361030163747132,1.9213092096745736,0.2472742365913353,0.7123808979054971,-0.5974497927583033,1.4493222177755567,-0.7668755972571919,1.0528858720278458,-0.4467862526820149,-0.6037720244525632,-1.0024006062132524,-1.8611445508996245,-0.7528441857987463,0.380515658244669,0.9082558157992744,-1.137041792610998,0.7639290296439762,-0.4453480022077192,-0.1173610433927452,1.7762202198263468,-1.0577125321337737,1.0431961479153,-1.9701035392809652,0.0580160921878313,0.2947836568582435,-0.3601572225491474,8.879426069,8.681833820142328
CCC(CC)CN1[C@@H]([C@H](C[C@@H](C1=O)CC(=O)O)C2=CC(=CC=C2)Cl)C3=CC=C(C=C3)Cl,-0.8394605369481851,0.32426838656372,1.147602843917827,-0.7703660157459702,-0.6856044667481849,0.1743331345422246,-0.4836298578097941,0.2372937209997085,-1.5867496715172995,-1.0411472238430548,-0.4453121972349636,-0.5675491339329737,-0.7079160508416021,-0.9382718509760356,0.3299168241293428,0.0099863810622361,-0.961662366592554,-0.5900888283038281,1.1747141155072214,0.5114047159004499,-1.2931456755176658,-0.7629505045001156,0.1924034687740448,-0.9178635579698085,0.2888238158282392,-0.1699617716635068,-0.6187960602680912,-0.0669292734437464,-1.0617963889883912,-0.5757236383527493,-0.7668755972571919,-0.7364019475594639,-0.0212254534645922,-0.9652467639252464,0.3103836984354211,0.7495231380241326,-0.8302567085455282,-0.6850061698143036,0.3240510577478849,-0.2418811067740937,0.7639290296439762,-0.4453480022077192,-0.6603007963642415,-1.4314079112713611,-0.7329196854854536,-1.18896126233085,0.1459306384736279,1.7959249888426343,0.2164012300333148,-0.5768046579169466,7.22184875,6.994205114369533
C1[C@@H](C=C[C@@H]1OC2(C3=CC=CC=C3C(=O)N2CC4=CC=C(C=C4)[N+](=O)[O-])C5=CC=C(C=C5)Cl)O,-0.8394605369481851,1.288890623090729,-0.7808828289898957,-0.7703660157459702,-0.3281346149205057,-1.402548755446905,-0.444648498041809,0.1774143094253319,-0.0406103573904601,-0.2960449699005544,-0.3523711559605384,0.7553238207303145,0.7167657119130872,-1.1735526795499824,-0.0736573758261068,-0.2956564792415803,-0.0864224847585204,-0.7076763339550449,0.6454983781673932,0.335641729148093,0.1260107294757128,0.6947218734652191,-1.4761323132061628,-0.7114424868032677,0.1100138355020262,-0.07319108941549,-1.5090713168943568,0.3479657474677931,-0.8587199192536048,-1.3692528217660007,-0.7668755972571919,1.2753352439043797,0.0431004220431489,-0.5158246151715136,0.3102371691542431,0.1376480511544889,-0.1390380878145613,0.0007997078262332,-2.5890261348432504,0.1874620271850654,-0.1343801533153533,-0.4453480022077192,-0.3955039190846479,0.9782995928776406,-0.0748750915269244,-0.1370250115251931,-1.1249053891506366,-1.238177127200794,0.0769444127030491,-0.7454212436214152,5.721246399,5.968031688063244
C1=CC=C2C(=C1)C(=O)N(C2(C3=CC=C(C=C3)Cl)OCCCCO)CC4=CC=C(C=C4)C#N,-0.8394605369481851,0.8065795048272245,-0.7808828289898957,-0.7703660157459702,-0.5142148036518637,-1.3688546979685048,-0.4496753203902468,-0.7768352828519521,-1.967780906667568,-0.195089868347194,-0.4269627655298822,0.288829783324445,-1.500638395042717,-1.490421425936252,-1.046702954610346,-2.18056265286191,-0.5531720548861558,-1.0536269218589716,1.23690859386564,0.4235803638240204,0.1399099357020602,0.8837885080166371,-1.3053259922268423,-0.6466895040495801,-2.057202285306885,0.129419612437185,-1.5021074991199896,-0.0128005122976679,-0.8587199192536048,-1.9031002795213097,-0.7668755972571919,0.3267928819762701,-0.8481191473840131,-1.3986054348325492,0.489082223330907,0.821431906345459,-0.6816398214337028,-0.6712086900155094,-1.987358335133504,-0.6751049115721629,-0.0183235578297687,-0.4453480022077192,-0.5331796605636394,-0.0235052923995114,0.1966467185804903,-0.4449087922488,0.3191170241727186,-0.4683767049694548,0.3676228073421769,-0.7603691594652311,5.455931956,5.69455419787087
CC[C@@H](CS(=O)(=O)C1CC1)N2[C@@H]([C@H](C[C@](C2=O)(C)CC(=O)O)C3=CC(=CC=C3)Cl)C4=CC=C(C=C4)Cl,-0.8394605369481851,0.8065795048272245,1.147602843917827,-0.7703660157459702,0.4804550251464388,0.6913280693719585,0.6833936189220351,1.703379963207191,0.7614569614574145,0.2578679766754052,-0.0359231642612977,-0.1773240166219997,0.5286513554028498,0.4601790512874957,-0.54415297183982,1.312172614633873,-0.2090667280322278,2.2450357544667434,0.9103667638623608,-1.8702405085368483,-1.1057591788898375,-0.9909848441078184,0.4475772257747896,0.2945273953290347,-0.2270231288850253,-0.0918368889439777,-0.8855988566690628,0.0229882926814209,0.3088282121554621,-0.7896773591857215,-0.7668755972571919,-0.3910525972687602,-0.2556006475629022,0.4758132501772007,0.1957726882052016,0.4438868023314252,0.3226364495063051,-0.4664027876901127,-0.0835988976532498,-0.8932912542474358,-0.0603314770154866,-0.4453480022077192,1.757214359286137,-1.168247732664247,0.2261952125712129,-0.5218797374297017,0.1508861424140483,0.192456525707703,-0.7082843641912356,-0.0595370311325779,9.698970004,9.412542456979665
CC[C@]1(CC(=O)O)C[C@H](c2cccc(Cl)c2)[C@@H](c2ccc(Cl)cc2)N([C@H](CNS(=O)(=O)C2CCCC2)C2CC2)C1=O,0.5281675340791524,-0.6403538499632889,1.147602843917827,0.8335363568538249,0.629298297909333,0.8152999238296752,0.655860374071749,1.5175572886501276,1.0785085633525715,-0.242440491199655,0.2972938385801019,-0.7503323642593714,1.2323862232947298,0.9138807457946094,0.996116278513274,1.2945534803762162,-0.935849519804103,2.0638788793786174,0.6902070901611091,-1.9852445234925549,-1.0974490933602308,-0.9092471916209468,0.8885932785271642,1.6857878208537822,0.4316373249356846,0.4357217052615247,-0.9633618857427316,0.2789259255202952,0.2905508275073927,-0.3953331808583161,-0.1058654417400608,-0.3974400674995277,1.4364041594317147,-0.4222267310990492,0.090402784738075,0.18933991347985,0.61016599523622,-0.355516684819747,-0.7780440489696325,0.9362412606709224,-0.0111674309333641,-0.4453480022077192,2.296592744340885,-0.1340599415066623,0.0330339379572869,0.1452017874714465,-0.2778539448482979,-0.133777772697023,0.6947596491829964,0.6484373877709481,9.15490196,9.000651382571702
CCCCN1[C@@H]([C@H](CCC1=O)C2=CC(=CC=C2)Cl)C3=CC=C(C=C3)Cl,-0.8394605369481851,0.0831128274319677,-0.7808828289898957,-0.7703660157459702,-1.002553084259905,-0.7628628972702026,-0.489202281070946,-0.9370723834131268,-2.6831975719597057,-1.3118498412825963,-0.9919429736019192,0.1963535503692102,-2.029061819145853,-1.738069848522632,0.4502410748250107,-2.072114949428032,-1.296667708406036,-1.0675269656997897,-1.083273594061667,1.120906905343908,0.0902085225427006,1.712788989610868,-0.0277451579443951,-2.2507998923133994,0.3196236846899599,0.2965249350621483,-0.9588099048869664,0.3174407797905598,-1.1967105550798522,-1.6294169476105758,-0.7668755972571919,-1.1025837580480151,-1.6042819238391934,-1.468425162701523,1.2082591814183945,-1.8611445508996245,-1.3783553500576189,-1.5337737909253433,0.7320279226559006,-1.3378468676374309,0.7639290296439762,-0.4453480022077192,-0.5110326461097987,-1.3806433840682215,-0.5418462864790633,-1.7021008968701947,-0.4464258536433316,-0.0935782588296687,0.8599376804990488,-1.275780222974287,5.568636236,5.726286395251641
CC[C@@H](CN1CCN(C(=O)C2CC2)CC1)N1C(=O)[C@@](C)(CC(=O)O)C[C@H](c2cccc(Cl)c2)[C@H]1c1ccc(Cl)cc1,0.5281675340791524,-0.8815094090950412,1.147602843917827,0.9040765079986204,-0.3513662586805584,0.5818919983883944,-0.4456863749055443,0.3691407715789209,0.7220475905781442,0.0202214544347515,0.1540513005655149,-0.8292298823436056,0.6913567130561475,0.4946925389040791,0.8520223103962576,0.5191109560304235,-1.4588199153772494,0.2167177453260206,0.8038156860463898,0.4566141029810695,0.1746758678062916,-0.8390970663907145,-0.2737052146283397,1.0180500877543943,0.840019001955433,-0.0862462661646741,-0.553433713318789,-0.1002018683362711,-0.1848788887498403,-0.7901181866655468,-0.7668755972571919,-1.3638898768633945,-0.0129501585138056,-0.6220678262493298,0.2598451366204477,0.3206932814387599,0.6834012046144738,-1.240904954593455,-0.3815428184701422,1.107178040447245,0.0252725625427418,-0.4453480022077192,-0.1510113886049638,-0.3690796627207489,0.1503286065801864,0.1708587691984137,0.6604083852197575,0.5539607363213006,1.6235341112329629,0.6387523141754706,8.397940009,8.243382669816144
CC(C)(C)C[C@@H]1N[C@@H](C(=O)N[C@H]2C[C@@](C)(O)C2)[C@H](c2cccc(Cl)c2F)[C@]12C(=O)Nc1cc(F)c(F)cc12,0.5281675340791524,-1.1226649682267935,-0.7808828289898957,-1.3253808166242365,-0.6223251483212467,0.5223565480670554,-0.3617518359598452,-0.3289009606720583,-0.1683800273848056,-0.1361249417762049,0.9835208910796562,1.345632343385322,0.2620662978060407,0.9881931703777208,-1.0430819386199488,0.5177635750022681,2.6484817192874446,0.1501377431776477,0.3177456270710048,0.1292610007216248,-0.4311563962173715,-1.2161774234108629,-0.5259449635140179,0.5105549538816052,0.8131442211438652,0.0632476264192361,0.9063775048573948,-1.0957282444758665,0.4568353810528719,1.341163680465774,1.4366432544367609,0.0182106240638835,0.7268805585031842,1.509651107741341,0.5680527467077936,0.0410265324115555,0.2193465498849047,1.2074386511267376,0.6266262660134453,0.0087124073466084,-1.2961293942981005,-0.4453480022077192,-0.7072014203634747,2.388083116210294,0.8642803998970456,-0.0857110480712586,0.900321998930543,-2.498507544867734,-0.3098184167992006,-0.1177446512392955,7.455931956,7.333288925777731
CC[C@@H](C)OC1=C(C=C2CC(=O)N([C@H](C2=C1)C3=CC=C(C=C3)Cl)C4=CC=C(C=C4)N(C)CC5CCC(CC5)N(C)C)OC,-0.8394605369481851,0.8065795048272245,-0.7808828289898957,-0.7703660157459702,-0.4863650843742202,0.6159759044657178,-0.477603125481744,-0.9370723834131268,-0.1029203854183991,-0.0467841439413726,-0.2435925562102168,-0.1205898869893856,0.7657707140839775,0.1821994690459069,0.1078259948217836,0.8421730138348129,-1.317914439068619,0.8192769840515556,-1.083273594061667,0.8758389182783196,2.348064216690372,1.2252996591467609,1.6265257248928509,0.3326040645246556,0.5018713310110852,0.2593662662858925,0.2114299629581982,1.0187488022781437,-0.0494679876692524,-0.0152672623096114,-0.7668755972571919,-1.4924947098478183,1.3882133018292455,-1.1845600425175786,-0.8808019457429005,-1.8611445508996245,1.2192109966836264,-1.4016727414196644,-0.8169019363416826,1.4185433620218486,0.7639290296439762,-0.4453480022077192,0.4984793731854932,-0.7398059583366748,-0.232111105868447,0.0169168788366103,0.8189655952305082,0.1406945488611848,-0.1433065986293205,1.1210823785912265,8.721246399,8.28237914954315
CC(c1ccccc1C#N)c1nc2nc(-c3noc(=O)[nH]3)nc(-c3cncc(Cl)c3)c2n1C[C@H]1CC[C@H](C)CC1,2.1237336169443792,-1.3638205273585458,-0.7808828289898957,1.0549585259502912,0.4577128849370349,-1.3150555913170427,-0.1884336567092491,-0.9370723834131268,1.0051399205373863,0.1363644916200333,-1.6187061794069173,-0.549469617023202,1.0879455011219583,-0.7035640361415083,0.2580634932756006,1.0869168686021455,-0.2597285595210604,1.3996612109699351,-1.083273594061667,0.63298073612488,-0.2512638215601638,1.3371270972998466,0.482687305067107,1.546130716248912,-0.2671910032834987,-0.3405764188933555,0.0546815697384912,-0.3800787879279741,-0.9140741713233675,1.0726993838034038,-0.7668755972571919,1.2160122210272977,0.7404910346142737,-0.0247394139768022,-0.5164717775370934,1.2591509167689034,0.337372175361995,-0.2454074857342434,0.5975606306849753,0.6039823485780116,0.7639290296439762,-0.4453480022077192,0.0243199987251946,0.9650099484706242,-0.3770226959245207,1.7102776728164482,-0.3759150754300738,0.7084106626703571,0.3121291663302929,-0.0005650283375071,8.62378815,8.223262550789409
CC[C@@H](CN1CC(C1)(C(F)(F)F)O)N2[C@@H]([C@H](C[C@](C2=O)(C)CC(=O)O)C3=CC(=CC=C3)Cl)C4=CC=C(C=C4)Cl,-0.8394605369481851,0.32426838656372,1.147602843917827,-0.7703660157459702,-0.1854767331519305,0.9882256237808036,-0.475360465610777,0.4962678044102169,0.6539602447521958,-0.7400687351396702,-0.0146915333857282,-0.6817174365608765,0.4637166339765889,0.6936384624008599,0.161233642755414,0.3766881748467385,-0.747336828777113,-0.0223648646077285,0.5997689852056163,-1.6577286276985173,0.0075977010910228,-1.1086210001304029,-0.2378959396382222,0.1259439365494863,0.7519938319015157,-0.1399126346803914,0.6546613308705385,-0.1510574782892651,0.2454472829704051,-1.011252821616036,-0.7668755972571919,-0.7482240868569076,-0.0502079799958609,0.666224059003806,0.1504364868707493,0.4733038292523248,0.5255606672930612,-0.3917222395216321,0.0100938810696254,1.0093849554571392,-5.696485129432241,-0.4453480022077192,-0.7740898357306905,1.0315522787198532,-0.1945167589695068,-0.547536719156669,0.5525456004369391,0.5491508765745363,1.1690366167805295,-0.0137116587978491,7.397940009,7.522785932003015
CC(C)(C)C[C@@H]1[C@]2([C@H]([C@@H](N1)C(=O)NC[C@@H](CO)O)C3=CC(=CC=C3)Cl)C4=CC(=C(C=C4NC2=O)Cl)F,-0.8394605369481851,0.32426838656372,-0.7808828289898957,-0.7703660157459702,-0.4854367578443049,0.8349037390898352,-0.3567733899114171,0.4952830288508292,-1.2167011929842393,-0.0101544168290915,0.4749664753400827,0.1993117294648601,-0.860931258175532,0.3263232775067261,-1.2177424374622323,0.3182944645257377,1.2189502323387948,-0.1665002092656275,0.7178638553936351,0.3382547222013529,-0.1755682051079605,0.2977191661231365,-1.692419027238625,0.0292580261077039,0.8680291411365499,-0.4657103178611706,0.0082077235679065,-1.202930270147656,0.3367792788745047,0.5672974479739097,1.1096640631895474,-0.1483030184482971,0.6393338559494107,0.7080712438880613,0.5966070527124507,0.80005098433728,0.5682371552015478,0.4040364874895246,0.5351455935481265,-0.0589124649857192,-0.2697198864721027,-0.4453480022077192,-1.0331344901023418,0.4356310867454861,0.0238860303668422,-0.7527925729724069,-0.177166036743773,-0.2266163664305654,-0.3707410415410225,-0.2459226398908779,6.723538196,6.534292195031681
CN1[C@@H]([C@@H](O[C@H](C1=O)CC2=CC=CC=C2)C3=CC=C(C=C3)Br)C4=CC=C(C=C4)Br,-0.8394605369481851,0.8065795048272245,-0.7808828289898957,-0.7703660157459702,0.0640199375318848,-0.6985378784478025,4.043943468128307,-0.9370723834131268,0.3995011541242098,-0.6596620170883214,-0.6781737520940099,0.2888922033897548,-0.7968346591373556,-1.1878858138409136,0.0478684764249536,-0.4071641264685129,-0.5737063123835764,-0.8539954992326955,-1.083273594061667,0.7534030626135858,2.499397983546036,1.1605226644947746,-0.3466306724549289,-1.570065431226778,0.051213417415407,-2.5935564051066717,-0.9042894567016888,0.6610691319382875,-1.1812501966221862,-1.0138361059812837,-0.7668755972571919,0.0439555897748652,-1.414835604262581,-1.8983045877302345,0.5342110159083373,-1.8611445508996245,-2.86634427694666,-0.8322753578289419,-1.6981100857480662,-1.1013317352943082,0.7639290296439762,-0.4453480022077192,-0.6925646571671429,-0.9231863478044624,-3.710856669733772,-0.983705408515112,-0.8897748195723405,0.2013273891405196,0.4593294260029662,-0.9171143756740884,5.218963061,5.53531971119768
CC[C@@H](CCC(C)(O)C(F)(F)F)N1C(=O)[C@@](C)(CC(=O)O)C[C@H](c2cccc(Cl)c2)[C@H]1c1ccc(Cl)cc1,0.5281675340791524,-1.1226649682267935,1.147602843917827,0.6621839699503036,-0.4105500492074406,0.8399160782188541,-0.44574436194503,0.5758343786591609,-0.0039087873381459,-0.9759284414236272,-0.0714958745235313,-0.8992540704975216,-0.036591264980449,0.6142772448065837,0.6965518720907683,0.5028067857684964,-0.5393232973306429,0.1277141933711943,0.3418834938759608,-1.7027216061890575,-0.7416809771312787,-1.1705776011575837,0.7321564093185132,-0.0373770517624526,0.4869056649665447,-0.2979026662339534,1.281353922120947,0.9597362771278182,0.4725819008999895,-1.011252821616036,-0.7668755972571919,-0.7171152984483143,-0.0440845108240999,0.8024646406747007,-0.2675031205461049,0.4933477210300338,0.4853317757619957,0.0945988598399838,0.0698423571059937,0.7018680707100278,-5.904110850543082,-0.4453480022077192,-0.914843990189062,-1.4616695904183243,-0.170759567739589,-0.3166238836139638,0.5519122036079616,-0.2627999648040044,-0.6630570987409358,-0.0376584284878497,9.0,8.594112400811891
COc1ccc(C(=O)N2CCOCC2)cc1-c1nc2c(n1C(C)C)C(c1ccc(Cl)cc1C)N(c1cccc(Cl)c1)C2=O,1.781826599187545,-1.1226649682267935,-0.7808828289898957,2.428196221206586,0.675625320446207,-0.6973126399940431,-0.2692865747614619,-0.7768352828519521,0.9272732208218882,0.5794948488808009,0.0553638046172929,0.7727952904920794,0.8636239618684058,-0.1767286426416939,-1.636180520557332,-0.6036274030844161,-0.0706874394989019,-0.6837843096142026,-1.083273594061667,0.8233145161619384,1.805690802528776,0.8042774254791486,1.5277953716399892,0.6785840311774634,-0.2609283564437132,-0.1226432035352478,0.5460077034185662,0.0024229218743972,-0.0645413842971139,2.019694759425932,-0.7668755972571919,0.9921150375128284,-0.2923565375999915,-0.2480218077542533,-0.8665338011871024,-1.8611445508996245,0.7160242998149513,0.0122687907420258,0.3318822552350472,1.2809599816704986,0.7639290296439762,-0.4453480022077192,0.1203136862791248,1.115705064790961,0.5952613548172672,1.4537078555467755,0.4932757206225668,-0.4521887243750403,-0.8242747067492333,0.5388347055035637,9.26760624,9.118772082400264
Cc1cc(Cl)ccc1C1c2c(nn(CCCO)c2C(C)C)C(=O)N1c1cccc(Cl)c1F,1.0980125636738765,-1.3638205273585458,-0.7808828289898957,1.3595448717631056,0.4530012495740881,-0.9470942065901164,-0.3300740665921028,-0.7568056451015386,-1.5893679929618705,-0.7784852782086482,0.6377005699043908,0.5781195046810453,-2.0970822417191832,-0.8088996108478959,0.9689505327370218,-0.0057953260069818,0.083702893074802,-0.5764477982004313,1.1538369169947635,0.774528008599198,0.7028460468692591,0.4207599762359664,0.4605809588460182,-0.5738306973229258,-0.4653140162785926,-0.6430793393503791,0.4371160764065858,0.1859632182158697,-0.1889983888063436,1.050400186113167,-0.7668755972571919,0.2593302879647334,-0.601398079022687,0.1565090145645937,-0.6441472206833004,0.7253850847651416,-0.3153793409652322,0.5131442170706477,1.2341904831485069,-1.1546110615307863,0.7639290296439762,-0.4453480022077192,-0.5456643025682809,0.243286858758204,0.6393376890369293,-0.1883389749791276,-0.3114030309992616,1.1206317743347836,-0.0557870070513444,-0.7503200256741005,8.22184875,8.150393026890978
CC[C@@H]([C@H](C)S(=O)(=O)CC)N1C(=O)[C@@](C)(CC(=O)O)C[C@H](c2cccc(Cl)c2)[C@H]1c1ccc(Cl)cc1,0.5281675340791524,-0.6403538499632889,1.147602843917827,0.7727929602040805,0.6281368309994292,0.5375049507680886,0.6569649529440411,1.703379963207191,0.7687169942758078,0.123856779923157,-0.005329685752277,-0.3134153728711852,0.5443836969944653,0.9344402432196104,-0.5810125279569263,1.3180768649531978,-0.3775424812894545,2.2707017924080763,0.8928886889853125,-1.93316857921624,-1.0731297982058643,-1.0123520352511273,0.6083268908764107,-0.182347960620526,-0.4889642692644765,-0.5725484506035131,0.0417357742143243,0.4653071035957676,0.7979380141516026,-0.5887717548160264,-0.7668755972571919,-0.9575582337844796,0.3702866724626003,-0.0982069629262966,-0.2090696698118756,0.4236787891731907,0.3682856267832969,-0.4597387679070384,-0.2061880985931004,0.4200963717139573,-0.0763822371888438,-0.4453480022077192,1.7782300932731685,-1.4616695904183243,0.1692791229923074,-0.1626819932521603,0.4040419964693725,0.2793855532724872,-1.6759715533815382,0.0141807915337448,10.0,9.808886487459203
COc1ccccc1-n1nc2c(c1C(C)C)C(c1ccc(Cl)cn1)N(c1cc(Cl)ccc1C)C2=O,1.781826599187545,-1.3638205273585458,-0.7808828289898957,2.3783912587460323,0.5970110056329047,-1.370024243765276,-0.2740409263033159,-0.9370723834131268,0.4055924119289261,-0.1012820306206202,-0.1316672477890738,0.080143798456069,0.4905314320524047,-0.7819165022722173,0.910001129685442,-0.0652129858343108,-0.087994400904624,-0.5469142255172342,-1.083273594061667,0.8242310174489526,1.8744771178293853,0.8716894525837204,1.709266060645564,-0.4225985630367935,-2.0125598974478733,1.4784893234996164,0.6623534001701281,0.5306883239757249,-0.39134273859736,1.2306105314177955,-0.7668755972571919,0.8750401564514305,-0.3946177491071544,-0.9944768267026632,-1.131328414726252,-1.8611445508996245,-0.0900918341846078,0.1645820970986053,1.0157815616138754,-1.2306338406065245,0.7639290296439762,-0.4453480022077192,-0.177129128941968,0.6836302921287717,-0.9019623847056092,0.6839984037377586,0.2643475872191562,0.2298233630343646,0.3257176705513396,-0.4284368614942166,8.721246399,8.80505418093574
C1CC1CN2[C@@H]([C@H](C[C@@H](C2=O)CC3=NN=CO3)C4=CC(=CC=C4)Cl)C5=CC=C(C=C5)Cl,-0.8394605369481851,0.5654239456954723,-0.7808828289898957,-0.7703660157459702,-0.4660418548390901,-0.6569911563339403,-0.4814297893159712,-0.9370723834131268,-0.1797702791578178,-0.470259525678477,-0.3440923499026919,-0.4459895766092367,0.0873524059392882,-1.2844193365718182,0.4925588520462031,-0.0706181408346184,-0.9513867707397312,-0.645728177687338,-1.083273594061667,0.9452837793751796,-0.0278908253360382,1.5374179017855767,-0.3794994047907483,0.0259940878028681,0.3241850242886605,0.0036749051622426,-1.52641615331551,0.2104822184928939,-1.0617963889883912,-0.5757236383527493,-0.7668755972571919,-0.3451576432925209,-0.7522732919105698,-0.1766374899295117,0.91378848420084,-1.8611445508996245,-0.5453543362882387,-1.267003902161085,0.5084252163568435,-1.257945903448317,0.7639290296439762,2.8847915366888084,-0.2250231622357527,-0.2455575898758852,-0.4411158788747248,-0.8810774816072431,-1.6980120098160438,0.652989486504055,0.6727140613025189,-0.8179687227617173,5.723538196,5.813381187990483
COc1nc(N(C)C)ncc1-c1nc2c(n1[C@H](C)CO)C(c1ccc(Cl)cc1)N(c1cc(Cl)ccc1C)C2=O,1.781826599187545,-1.3638205273585458,-0.7808828289898957,2.076335854562267,0.6313958020957886,-1.1142278702143795,-0.2752638768498447,-0.7310532537081498,0.575813148590024,0.5705607690973179,-0.0310988269961294,1.1630024936831005,0.1459138135411034,-0.4513645508198944,-1.4526610817257546,-0.2947038128852768,0.2422613422903749,-0.6055389130798311,0.4689535507298104,0.7835136604210653,0.9917971765853376,0.7074750808290644,0.754040581205722,-0.3641868115343918,-0.8969964110364761,1.7704159863524795,1.0581344942881352,0.6942591443081363,-0.2332110445546882,1.4493222177755567,-0.7668755972571919,0.6288319720706935,-0.3878499471908416,-0.397312491302766,-1.1440131422006743,-0.0664716943537433,-0.0261637722660249,1.3108169137770016,0.8024913578853862,0.0239503069765155,0.7639290296439762,-0.4453480022077192,-0.2196909850878621,0.607483501324062,-0.944620091476914,1.145824074823169,-0.1019498898951385,0.1951635716402924,-0.177254519815707,-0.0177678952231207,9.958607315,9.236148228682652
COC1=CC=C(C=C1)/C=C/C(=O)C2=NC3=CC=CC=C3N2,-0.8394605369481851,0.5654239456954723,-0.7808828289898957,-0.7703660157459702,-2.613492712589818,-3.286464263416894,-0.6206694045305888,-0.9370723834131268,-4.546215789594612,-1.0259592882111337,-1.3908965347895983,-0.2640409921947653,-4.331244337717097,-2.7946073180290574,0.0681955317840106,-0.1233592350271566,1.1396441438691332,-0.9088490965730914,-1.083273594061667,0.9308425245309502,1.2211676429846814,0.739665738038347,-1.4592862710666517,-3.3437029245396968,-0.2428130366300372,1.077073734324857,-1.410049827332786,0.2450340526277123,-1.895063943973658,-2.1330827214666663,1.941985754645634,-0.2323034477473897,-2.8653325376214083,-0.8230663814021325,-1.181976787997228,0.4772596466989754,-1.9519611424655916,1.138306179856994,2.7345650832420256,-2.4428155389064323,0.7639290296439762,1.2197217672405445,-0.5107605439914581,-0.7030146261396444,0.540052437824891,-1.5738159882353586,-3.2060639452690323,1.0436980384706425,0.3286889720007505,-2.13253984166182,5.130181792,5.342994032462164
CC(C)C1=C(SC2=NC(C(N12)C3=CC=C(C=C3)Cl)(C)C4=CC=C(C=C4)Cl)C(=O)N(C)C,-0.8394605369481851,0.5654239456954723,-0.7808828289898957,-0.7703660157459702,0.4750442681576329,0.1206454132047401,-0.24762168470697,-0.9370723834131268,-0.84184539652434,-0.3156999454242173,-0.7640202440627377,0.1262981208404243,-1.6861487090171243,0.2650661615672638,0.656065236793858,-0.9271873911568465,-1.214337804240307,-0.9570770219055964,-1.083273594061667,0.0165953719825839,1.0217984912192863,1.432144154503114,-0.2444370134092274,-0.6318761783239436,-0.3277111152081559,0.6542924522736154,1.9278373739182435,3.1445262253453854,0.7383055746936336,-0.6075747349443662,-0.7668755972571919,0.1235867016353165,-1.3913039304297663,-2.142260966516807,-2.7159805518023643,-1.8611445508996245,-2.497315118239111,-1.3256302303719365,-0.7036890864160738,-0.2733177997941052,0.5092751063325415,1.2197217672405445,0.0653652541959249,0.4622214102069898,2.7942164839721544,-0.9067344633342104,-0.9501605907127316,0.5091276040672442,-2.9253945698586388,-0.628277883016673,7.37675071,6.973837052396877
C1CC1CN2[C@@H]([C@H](O[C@H](C2=O)CC(=O)O)C3=CC(=CC=C3)Cl)C4=CC=C(C=C4)Cl,-0.8394605369481851,0.32426838656372,1.147602843917827,-0.7703660157459702,-0.5835381006266892,-0.8836602702795414,-0.4867396312637437,0.2372937209997085,-0.6218597194998409,-0.741855551096367,-0.653305548537505,-0.019844103259774,-0.5400231315862289,-1.6732341707950142,0.5458371947582863,-0.5495177372216246,-0.4335052652176566,-0.8993109913932373,1.4316680460570617,0.4452719745066162,0.2638590273270392,-0.9998679433605476,-1.13469610380678,-0.9365986346575356,0.1798309346596101,-0.4287848789315787,-1.5313815106674349,0.3190582007205645,-1.3055762345478348,-0.5757236383527493,-0.7668755972571919,0.1269891900643349,-0.7545556966495539,0.1715788600662082,0.6363971755354091,1.0466112582054887,-0.9996922396152303,-0.3306223160635289,-1.33371582863904,-1.6320736892164385,0.7639290296439762,-0.4453480022077192,-0.6506080519301102,-0.7537791583223181,-0.5354489263403936,-1.18896126233085,-1.7797943636618605,2.3992158235491914,0.392945026512409,-1.119210348238343,5.552841969,5.743080663372711
C[C@@]1(C[C@@H]([C@H](N(C1=O)C2=NC=CN=C2)C3=CC=C(C=C3)Cl)C4=CC(=CC=C4)Cl)CC(=O)O,-0.8394605369481851,1.0477350639589769,1.147602843917827,-0.7703660157459702,-0.2732799245312017,-0.7816870153325164,-0.4715319601227085,0.2372937209997085,-0.483234888840947,-0.3809187278436447,-0.2638659168852363,-0.3716964097914459,-0.3210986720072844,-0.6473292791115637,0.5378971766342378,-0.0723134009318127,-0.0842398702939987,-0.622735554047389,1.1316645636081968,0.422183749549018,-0.9397561540019028,-0.9336948550004844,-0.1502743030793753,-0.913117953940078,-0.3754230442244023,0.2023270227290253,-0.7977132567112182,0.0469976300954599,-0.6753799575354351,-1.011252821616036,-0.7668755972571919,0.6470413056412861,-1.2408025380926389,0.8779616152478186,1.304922595222058,0.69974958359372,-0.3214376385138491,0.4456070193837222,0.9328144608916308,-0.9969218317049684,-0.0201667328865645,2.8847915366888084,-0.6873538995826958,-0.9534480269514252,-0.3131646721544719,-0.5218797374297017,-0.2983778853742543,1.030490165406199,0.6188427663085649,-0.8473536761729699,6.958607315,6.779543053382716
CC[C@@H](CCS(=O)(=O)CC1CC1)N1C(=O)[C@@](C)(CC(=O)O)C[C@H](c2cccc(Cl)c2)[C@H]1c1ccc(Cl)cc1,0.5281675340791524,-0.6403538499632889,1.147602843917827,0.825032617317099,0.628480652286406,0.4557481303081025,0.6490014913951219,1.5175572886501276,0.8168015367817899,0.2578679766754052,0.01587510862775,-0.4391400680122544,0.6719137649022339,0.2076267153289658,0.4795927031483895,1.350129864085906,-1.0208959237240534,2.3509201426929125,0.865342867894867,-1.76861617760953,-1.1998256357641397,-0.9453142121378116,0.8642847925849682,1.1567091640526983,0.3010233339056557,0.1718918087970642,-1.458967002206884,0.3481983297905275,-0.5153497527854671,-0.910756812459089,-0.7668755972571919,-0.8635722263698042,0.0332489547962516,-0.3436445443565717,0.4088114866350652,0.3918305267663813,0.5940343474096529,-0.2859174040786897,-0.2385216285969149,0.1481558341826469,-0.0298236635074632,-0.4453480022077192,1.9249209965859344,-0.0858595407141711,0.1848220122129573,-0.0087401028903569,0.3911757422323268,-0.2152945543351324,0.8019854443256725,0.2824767934741847,8.045757491,8.440346450428738
CCN(CC)C(=O)N1CC(C1)NC(=O)[C@H]2[C@@H]([C@@]3([C@H](N2)CC(C)(C)C)C4=C(C=C(C=C4)Cl)NC3=O)C5=C(C(=CC=C5)Cl)F,-0.8394605369481851,0.5654239456954723,-0.7808828289898957,-0.7703660157459702,-0.404690035004083,1.2502595749144785,-0.3611829857334175,-0.3774270966344741,0.4352151495992988,0.0568511815470327,1.1268802683444985,0.3008344594512144,0.1542468598713022,1.0835758838964789,-0.9161133168552402,0.3472356163334139,0.4909513598052696,0.0076108198190165,-1.083273594061667,0.3589161283761841,0.0851418248558101,0.4035933412537421,-0.5209068337663211,0.519846886353032,1.0962556086706998,-0.7202776257906492,1.0560075223962868,-1.4395590615594884,0.638171253697568,0.95024884243685,0.910991938617684,-0.9530168337751284,0.8352386541529259,0.4562928062659836,0.8319891057204468,-0.4127380142756057,0.2628210645423531,-0.0096061735203343,0.2040715616251833,1.1879117300014157,-0.2274866197433296,-0.4453480022077192,-0.2533293958308262,1.8550833165820253,0.9006008728377044,-0.1113680297982259,0.7258954559389269,-1.6066049039380732,0.7742901290055343,0.6126725917509614,6.0,6.044303255711034
CC[C@@H](C(=O)OC(C)(C)C)N1[C@@H]([C@H](C[C@](C1=O)(C)CC(=O)O)C2=CC(=CC=C2)Cl)C3=CC=C(C=C3)Cl,-0.8394605369481851,0.5654239456954723,1.147602843917827,-0.7703660157459702,-0.3845320327688117,1.0764427924515243,-0.4745961307196355,0.7866613246664154,-0.7406738540269373,-0.7624039345983782,-0.0553180942580669,-0.7185734149519204,-0.5295703732233287,-0.0589135352257295,0.9375351848564742,-1.6669310617981088,-0.5784581157681319,-1.005991352799174,0.955960497996504,0.3659480068887195,-0.9309209974130284,-1.0254276236324569,0.2408897498738023,-0.0059548262704731,0.5147640027146705,-0.0605171651035452,1.339713613234487,0.7362184314473403,-0.4883937925783259,-0.5887717548160264,-0.7668755972571919,-0.3790083753298672,-0.0569003383221946,-0.0073741121553621,-0.0442951076859234,0.4966019203176582,-0.4845369097155107,-0.0231133185663208,-0.7186507128699461,1.074322890083773,-0.6238905636718122,-0.4453480022077192,-0.560322697563318,-1.4616695904183243,0.6084902013543279,-0.7014786095184724,0.4994855156263159,0.0903955621853869,-0.2236506398121857,-0.0488360051629866,7.701146924,7.2201445976551195
CC1(CC(C1)NC(=O)[C@H]2[C@@H]([C@]3([C@@H](N2C)CC(C)(C)C)C4=C(C=C(C=C4)Cl)NC3=O)C5=C(C(=CC=C5)Cl)F)O,-0.8394605369481851,0.32426838656372,-0.7808828289898957,-0.7703660157459702,-0.3544693152758383,1.5251028371556434,-0.3552619543132531,-0.3289009606720583,0.334060929110419,-0.0852006870103502,1.1084583351226125,1.596998221654134,0.2631627336923042,1.4801019389551036,-1.415605642750393,0.3713231270243626,1.1904562459401553,-0.0525484546167684,0.2188898997835813,0.3799793504196876,0.0142080765329633,0.4478144110782818,-0.4492882837860862,0.5496399969643795,0.8171881998687213,-0.1344885880743737,1.300577071661252,-1.3412518126004844,0.9015403129750256,0.8065995971952166,0.8478287965444856,-0.0335690053648293,0.8374124182941431,-0.1453066263755186,0.7633161642384675,-0.3555933272718749,0.2201484711577958,-0.282717321204637,-0.097297201781809,0.3471736213729817,-0.7678844408985763,-0.4453480022077192,-0.5217585847923634,2.5393503511165925,0.3450738037965604,-0.5988506826106035,0.7288558738650363,-1.4604737909914598,0.8194295494452447,0.1490474050978747,7.0,6.98902087045356
CCC(CC)N1[C@@H]([C@H](C[C@](C1=O)(C)CC(=O)O)C2=CC(=CC=C2)Cl)C3=CC=C(C=C3)Cl,-0.8394605369481851,0.32426838656372,1.147602843917827,-0.7703660157459702,-0.4567754737764493,0.5300978273885392,-0.4763723729629044,0.2372937209997085,-1.6721094889978818,-1.0768835429769876,-0.2470723762001674,-0.462765707065993,-1.095746243695676,-0.2989407339327122,0.4567948724145211,-0.1116764932526806,-1.1585893330571708,-0.6715625220309921,1.0221477192432542,0.503283789973904,-1.3317781408204306,-0.7920433400781057,0.2855206528268134,-1.0233531510600136,-0.4768743317518282,-0.1799357774590801,0.0969330540844494,0.9357634135614536,-0.5153497527854671,-1.011252821616036,-0.7668755972571919,-1.0776158947358072,-0.0865217282424402,-1.0979500824842916,0.1254750612178755,0.5731270666664527,-1.001536647351721,-1.0939165121958851,-0.0064494261783002,-0.2418811067740937,0.087402937569734,-0.4453480022077192,-0.6603007963642415,-1.4616695904183243,-0.2094380745862248,-1.18896126233085,0.3637848373345545,0.8529171285259387,-0.6198705817975962,-0.5768046579169466,7.440093375,7.558711061027671
CC[C@@H](CN(C)S(=O)(=O)C1CC1)N1C(=O)[C@@](C)(CC(=O)NC[C@@H](O)CO)C[C@H](c2cccc(Cl)c2)[C@H]1c1ccc(Cl)cc1,0.5281675340791524,-0.6403538499632889,-0.7808828289898957,0.7991690919630146,0.6284968539094196,0.860243898019872,0.6881252739595335,1.9936133892941623,0.8494301605533171,0.5321442260283399,0.2907219183323023,-1.6236131678419274,0.7094425405215627,0.9904460709732512,1.3410293411692022,1.2945669321161055,-0.8259859699024238,2.029292990196091,0.7144964869814759,-1.9515271174136628,-0.1744021951513434,0.3019491174468555,-0.7079906919719884,0.5838594395987555,-0.3761118147059474,0.1084257260102869,0.0346799881750827,-0.5203707804952077,0.8480433071376925,-0.683592723342432,1.1156670391918446,-1.0345902273303618,0.6466797260919771,-0.1122567779927544,0.3960178114488707,0.7786484986830441,1.51148216633068,-0.3904865617346734,-0.7479413089945742,0.8727217395220044,-0.0272519111691355,-0.4453480022077192,2.17132678961596,-0.753286562895249,0.0088288191536413,0.2991436778332499,0.3559714200615164,0.8668777402242283,2.4465352390906627,0.864152672048662,7.193820026,7.899003550830599
CC(C)(C)S(=O)(=O)C[C@H](C1CC1)N1C(=O)[C@@H](CC(=O)O)O[C@H](c2cccc(Cl)c2)[C@H]1c1ccc(Cl)cc1,0.5281675340791524,-0.6403538499632889,1.147602843917827,0.6418398758965976,0.6278107994567225,0.1548407045960424,0.6700521585728931,1.703379963207191,0.7275326106906792,0.3883055415142601,-0.1681622650724809,0.070516993499958,0.834421903535363,1.0034528388518975,-0.1906032225225199,1.3337720550643966,0.2883576138598335,2.310233881186295,1.1647077213273085,-2.041302061596664,0.1125793935471724,-1.2180475120874883,-0.0481982657398453,0.9501787807426748,-0.7687133153915411,-0.1225136088387053,-0.0192888813240327,1.362052772453492,3.4431679373563595,0.0179755323378541,-0.7668755972571919,0.2989218985395933,-0.660667740974351,0.1504881503294323,-0.879071541421997,0.7379538235157195,-0.8627476361379723,0.0949922046065573,-2.0440243490400536,0.1267387571777061,0.1495698393008562,-0.4453480022077192,1.7837621908265453,-0.584704492165442,-0.144529346565913,-0.0087401028903569,-0.1476934081336803,1.3041890539869183,-1.7037342499103536,-0.0152041618775086,9.397940009,9.210580486315402
C=CCN1C2=C(C(N3C1=NC=N3)C4=CC=C(C=C4)Br)C(OC5=CC=CC=C52)C6=CC=C(C=C6)Br,-0.8394605369481851,1.5300461822224811,-0.7808828289898957,-0.7703660157459702,0.951952519659261,-0.6347140935383038,4.043942696074444,-0.9370723834131268,0.3927780709639024,-0.1280842699710697,-4.757075218361667,0.2709882219620773,-0.1323496994247332,-0.8517143513961263,0.1454525847711952,-2.7179286338827846,-0.5804094814557331,-1.0611695892595818,-1.083273594061667,0.8906142435878793,0.8394179077268752,2.735622384888822,0.9245724515373076,-0.3811735405251908,-1.4114200071522818,-3.107153558844669,-1.1964772478247805,1.8926156415141804,-0.902291975537614,0.2645975690827442,-0.7668755972571919,1.7275243969603686,-1.319446013400308,-1.6729060041549324,-0.9799939330990552,-1.8611445508996245,-0.5270711206674541,-0.7236895319735015,-1.594339439009867,-0.3955587338239435,0.7639290296439762,2.8847915366888084,-0.6178546249079993,-0.1543907964565051,-3.739825314676577,-0.1113680297982259,-0.2832014686165309,0.0955411920437538,0.3895277463635587,-0.524021844281656,5.619788758,5.954630235076696
C[C@H]1CNC2(CC2)CN1C(=O)[C@@H]3C[C@H](CN3C(=O)C4=C(N5[C@@H]([C@](N=C5S4)(C)C6=CN=C(C=C6)Cl)C7=CC(=C(C=C7)Cl)F)C(C)C)F,-0.8394605369481851,0.8065795048272245,-0.7808828289898957,-0.7703660157459702,0.4721626499962245,1.486841981804138,-0.2425603282169428,-0.6486456021145858,1.3852347319826577,0.6429268153435316,0.5523997196361116,-1.1177222032413874,1.071115588090021,2.09953123509664,1.5074555479991447,-0.0283314135557974,-0.6374816766816884,-0.2819872503237503,-1.083273594061667,-0.2973132787272952,0.7260161898679441,0.6284018316102327,-0.4826275029465934,1.479438620681924,-0.0711345175349007,1.2149145170436284,1.8683505819749893,1.9872271830486856,1.6394177639573588,1.20786799085859,0.04627268763115,0.2647362516901175,0.9547654481144392,0.480472273254349,-1.3460636358080602,-1.1592004069819877,1.930824799042216,-0.2610786296565743,-0.910905369831718,0.6152868141890572,0.2131480774493228,2.8847915366888084,0.4150463076018134,2.658144555555558,1.7881349090866676,0.4274285864680861,0.4887749997203637,2.1011597992916493,-1.433305004707894,0.941101432215096,8.657577319,8.029607590069839
CC(C)(C)C[C@@H]1[C@]2([C@H]([C@@H](N1)C(=O)NCC3CC(C(C3)O)O)C4=CC(=CC=C4)Cl)C5=CC(=C(C=C5NC2=O)Cl)F,-0.8394605369481851,0.32426838656372,-0.7808828289898957,-0.7703660157459702,-0.4679693673619106,1.2710329359714092,-0.356736047874134,0.3192888069253032,0.1265267764498301,0.205156905952854,0.5500020437223868,0.1543280987712706,0.2290229773972588,0.9137174373594764,-0.2504637812717999,0.5301671524667557,0.815412290255276,0.1911537185306503,0.5026277059336075,0.3563195940968988,-0.3933203522763867,0.4364549763246358,-1.1836398026527617,0.5514921391618096,0.8727222084184219,-0.2493570962149549,0.0117443883301091,-1.3320919755188856,0.545787411844844,1.0728985310714647,0.9689211506136596,-0.2530331252311135,0.936613121630812,0.3200214278614085,0.5764672560399519,-0.0275379000864832,0.5168830487362569,0.5864978635056218,0.3087142165419412,0.4279252300838742,-0.2332421943040609,-0.4453480022077192,-0.8652149984486787,1.7327572431656093,0.1312766941285288,-0.547536719156669,0.4126719379007597,-0.7805784458413055,-0.2970514288908614,0.1933802743529441,6.0,6.278086734088042
C[C@@H](C(=O)OC1CCC(CC1)NC(=O)[C@H]2[C@@H]([C@@]3([C@H](N2)CC(C)(C)C)C4=C(C=C(C=C4)Cl)NC3=O)C5=C(C(=CC=C5)Cl)F)N,-0.8394605369481851,0.5654239456954723,-0.7808828289898957,-0.7703660157459702,-0.494091475397397,1.5479925191781605,-0.3613777797779414,-0.4502754814272186,0.0296012617423788,0.1604865070354381,1.1510758277178863,0.2247563671139429,0.1764374063025237,0.9630757836507028,-0.8097103325484978,0.4951700211863045,0.8443605697060523,0.2219808842011752,-1.083273594061667,0.3591469340662107,-0.0978081567890325,0.1958281045131754,-0.4845747956376618,0.5424187078156731,1.0664994261051726,-0.022495653213428,0.8161296489980517,-1.0063689864896674,0.556363055955124,1.3035610211963131,0.8811134983524593,-0.5634923203742078,0.9545106507960588,-0.3164200697957309,0.2672886177331857,0.4295316677627283,0.9745924309830236,-0.2684007565056638,0.1353702828163869,0.8493388776547092,-0.2289778120313189,-0.4453480022077192,-0.5255953260961882,0.8366190615083752,0.6256687662409169,-0.1370250115251931,0.727518225992138,-1.6037524483951455,0.3767616657606843,0.7303477809530879,7.0,6.403770053716882
CC[C@@H](CNC1=NC=CS1)N2[C@@H]([C@H](C[C@@H](C2=O)CC(=O)O)C3=CC(=CC=C3)Cl)C4=CC=C(C=C4)Cl,-0.8394605369481851,0.8065795048272245,1.147602843917827,-0.7703660157459702,0.4805503333182671,0.0304233088824124,-0.4612012655411601,0.2372937209997085,0.5898301504931683,-0.3210603932943074,-0.210161222584575,-1.025295172112945,-0.1100715817367994,-0.8474386703616268,1.1407674104282934,0.289493819952323,-0.9806557114409684,-0.2255494929794321,1.0936718265193035,0.3493866018874331,-1.128056237325574,-0.8019774279862603,0.5263772343707429,0.1215811497919989,0.6165997734176947,-0.2557431639710267,-0.8905619379724274,0.7102614004357579,-0.8831966751989879,-0.2109265855619067,0.5194009704733424,-0.434155981238114,-0.1737802003279533,0.1469813350503748,-0.1722937824731164,0.6558226788052585,0.6988202440914218,-0.6489969541092164,0.214114025094478,-0.7438939222819305,0.7639290296439762,1.2197217672405445,-0.2971494715828071,-0.9231863478044624,-0.6021100260642046,-0.5218797374297017,-0.0685321690342439,1.4498123812880293,0.2847706948652675,-0.2713161425660952,7.0,7.031343827001676
CC[C@@H](C1CCCO1)N2[C@@H]([C@H](C[C@](C2=O)(C)CC(=O)O)C3=CC(=CC=C3)Cl)C4=CC=C(C=C4)Cl,-0.8394605369481851,0.32426838656372,1.147602843917827,-0.7703660157459702,-0.3787121464890038,0.7401148368944017,-0.4748158606945286,0.2372937209997085,-0.6190936515119801,-0.8124347813858842,-0.0307449594237369,-0.6761419781036321,-0.0869680331472618,-0.1201141314012753,0.689010387553247,-0.5825718262063915,-1.100444671410099,-0.8275715769857657,0.936496409059974,0.4741571987232624,-0.3477648439408073,-0.8190621103587987,0.1345727965728519,-0.6036965410606688,0.1128383087252332,-0.3312598035630686,-0.4720168895571748,0.1938598083145676,-0.3674330572367665,-0.5887717548160264,-0.7668755972571919,-0.7937751688966991,-0.0253952200733815,-0.7161145401614484,0.1442008448199121,0.4740976932726674,0.5368185012121363,-0.9410418449678336,-0.5715436731543536,0.5389453797216961,0.0484249798348641,-0.4453480022077192,-0.4502884748596411,-1.0467084206493258,-0.0200164490507131,-0.9323914450611775,0.3108914012667507,0.949658928714821,0.4778760290654548,-0.2641757867214372,7.698970004,7.528609505812146
CC[C@@H](CS(=O)(=O)[C@H](C)CC)N1C(=O)[C@@](C)(CC(=O)O)C[C@H](c2cccc(Cl)c2)[C@H]1c1ccc(Cl)cc1,0.5281675340791524,-0.6403538499632889,1.147602843917827,0.7769841715938218,0.6281146112327002,0.6375846553774858,0.6580815354529762,1.703379963207191,0.7633560975627004,0.123856779923157,-0.00184606087059,-0.1176683183263124,0.5704607272716734,0.9036831713612332,-0.7042292906910698,1.326240290701435,-0.3200256363554387,2.2780312323141265,0.8806267275076398,-1.961027360639334,-1.0759840578395543,-1.0067188463507757,0.8632392663078845,-0.0331108299152224,-0.1326286774700152,-0.1046130658305739,0.0418611700368659,0.0154330891707213,0.6502139028729318,-0.7896773591857215,-0.7668755972571919,-0.620635266578235,-0.0238883059679105,0.1695914583083825,0.0417758512179008,0.4095016054370136,0.2983713160087775,-0.5290427344688845,-0.1556513290157767,1.1583040118969088,-0.0730916138404413,-0.4453480022077192,1.8518832706559705,-1.4616695904183243,0.2756845548636962,-0.1113680297982259,0.5500137184415668,-0.3041822904652582,-0.6739521632214363,0.1851877038371261,10.0,9.899517020928243
CC[C@@H](C)Oc1cc2c(cc1OC)CC(=O)N(c1ccc(N(C)C[C@H]3CC[C@H](N(C)CC)CC3)cc1)C2c1ccc(Cl)cc1,1.211981569592821,-1.3638205273585458,-0.7808828289898957,1.9439888127795455,-0.3126717469110739,0.187365216277672,-0.4405707287780022,-0.9370723834131268,-0.0244607187071329,-0.0467841439413726,-0.2298434535095911,-0.1108537603872149,0.8345709283055585,0.2204577388257834,-0.1753541066428385,0.905414744412568,-1.4266727410149287,0.9638168879722192,-1.083273594061667,0.8756056138404601,2.557495136263337,1.2274696807404155,1.8814381003243248,0.335644187277982,0.614977040330087,0.2473146362926758,0.2050049821933379,0.994538618694331,-0.2865606557695173,-0.0152672623096114,-0.7668755972571919,-1.7431998075703876,1.890811749181833,-1.2308469351194495,-0.8418271510973014,-1.8611445508996245,1.504961882746248,-1.5345891004062986,-0.8364618747296729,1.444882007433325,0.7639290296439762,-0.4453480022077192,0.5251376598774485,-0.7398059583366748,-0.2288467633075926,0.735312367191693,1.0335949588007358,0.169822649902821,0.230916038879969,1.2920892908946076,8.638272164,8.600251709992033
C[C@@]1(C[C@@H](C(N(C1=O)[C@H](CO)C2CC2)C3=CC=C(C=C3)Cl)C4=CC(=CC=C4)Cl)CC(=O)O,-0.8394605369481851,0.32426838656372,1.147602843917827,-0.7703660157459702,-0.272988768967177,0.2556444137462976,-0.4726617677733876,0.7866613246664154,-0.2692631115689823,-0.7498962229015018,-0.2077453312256906,-0.785103752850232,0.2872770506343668,-0.2026126061749521,1.044064505183656,-0.0536284151471093,-0.7791362610153834,-0.6101863811089011,0.2326416673028853,0.4484722724123511,-1.1093703996079225,-0.890815738870235,-0.6408809740616771,-0.8085979203355678,-0.2270834473149356,-0.2546223883508725,-1.0073071103395463,0.87312117438219,-0.2277596318371444,-0.5887717548160264,-0.7668755972571919,-0.5349719281769367,-0.7522732919105698,-0.164066802792546,0.3430857158252458,0.5731270666664527,-0.1688164347261989,-0.4869275195760271,0.2142111369256579,-1.097302440001298,0.0145274203159137,-0.4453480022077192,-0.7955402424005246,-0.321544313558328,-0.1720405995916823,-1.0606763536960138,-0.8423283812150819,0.9235046803702088,-0.3726329003848917,-0.6061896113281992,8.0,7.555763925042326
CC[C@@H](CNS(=O)(=O)C1CC1)N2[C@@H]([C@H](C[C@](C2=O)(C)CC(=O)O)C3=CC(=CC=C3)Cl)C4=CC=C(C=C4)Cl,-0.8394605369481851,0.8065795048272245,1.147602843917827,-0.7703660157459702,0.4808079293725419,0.7120457377719001,0.676967073880849,1.5175572886501276,0.8081905258746462,-0.3416087767963189,-0.0279443442109624,-1.0605523595861064,0.567125387925406,0.3014258808656231,1.3109954645695048,1.2534776040755429,-0.8421836020736464,1.9822821958387973,0.9127196695915782,-1.8878444786921955,-1.1401577701060237,-0.9783313181589528,0.1238561522327438,0.3759747889991049,0.4427295191151585,0.1156224374049422,-0.5369492841229035,0.2023562730973908,0.1215070406092028,-0.8559307894962702,0.2830999718621577,-0.6614781379782756,-0.210899010292082,0.0811777866040611,0.5365240417984461,0.4466072134905828,0.5580366211124703,-0.0122087124034146,-0.0032802956404322,-0.864909379001286,-0.048747113785905,-0.4453480022077192,1.97627975353164,-1.1023026776070368,-0.1077761714881571,-0.5218797374297017,0.1911388806907228,0.6685959354469472,1.2523483284754078,0.0381275612237454,9.301029996,9.110654128029202
O=C(N[C@H]1CC[C@@H](C(=O)O)CC1)[C@@H]1NC2(CCCCC2)[C@@]2(C(=O)Nc3cc(Cl)ccc32)[C@H]1c1cccc(Cl)c1F,0.5281675340791524,-0.8815094090950412,1.147602843917827,0.4514459062203241,-0.2978439393379675,0.4665525057639865,-0.3224757129172247,0.3118522155793163,0.1390628485184057,0.1872887463858876,1.151136718626517,0.5913737594911315,0.6087440869091969,1.1675129116688494,-0.124182428632749,0.6082734431213159,1.2436763884088902,0.3360918117336291,1.2100621200054065,0.3806824217155686,-0.9373406312990232,-0.5474719003906535,0.2825016957017341,0.2615682414691823,0.9571037960130336,-0.1568374661408032,-0.669617276266227,-1.4464937807583005,1.4786906968448663,0.5151054357760285,0.8302555671597834,-0.4026386318283366,0.1320320217976788,0.1077731990954627,1.5646168802416789,0.7903922237238783,0.4939284300014253,-0.14235077221535,-0.0002447900784418,0.0887030477398637,-0.5846591276967857,-0.4453480022077192,-0.6752594238932623,1.3210981617749946,0.3090554610800388,0.1708587691984137,0.9405268028710916,-1.9382853311572208,0.7767534069440138,0.2169515413236806,7.698970004,7.707138023253432
CC(C)NC(=O)N1CC(C1)NC(=O)[C@H]2[C@@H]([C@@]3([C@H](N2)CC(C)(C)C)C4=C(C=C(C=C4)Cl)NC3=O)C5=C(C(=CC=C5)Cl)F,-0.8394605369481851,0.5654239456954723,-0.7808828289898957,-0.7703660157459702,-0.4239065390546157,1.146002921030899,-0.3611876744337582,-0.3774270966344741,0.360260952018063,0.0371962060233698,1.1009996981283434,0.538314403731793,0.141333623063717,0.8877139274581615,-1.1596390989073042,0.384956552057504,0.8519229337457629,0.0328378877494943,-1.083273594061667,0.3580346152223589,-0.3209116018407597,0.3952093267391044,-0.7455642925546846,0.5003570564546898,1.144591098972291,-0.2951872203315274,0.9894140722907094,-1.5884672748925497,0.525287702285625,1.087219240808157,1.2502509708796228,-0.3470616186205836,0.8405009283463781,0.5484647760246356,0.8915025207919867,-0.1198752051261859,0.3984388328142089,0.0573036378106842,0.256298915928232,1.2672972278242234,-0.2294024707505779,-0.4453480022077192,-0.430250267840834,1.917256912380626,0.9593460801628294,-0.1883389749791276,0.725552427004536,-1.911658873436456,0.6238752455416346,0.4416656794475801,5.522878745,5.97431499997364
C1CC1(CO)COC2(C3=CC=CC=C3C(=O)N2CC4=CC=C(C=C4)Br)C5=CC=C(C=C5)Cl,-0.8394605369481851,0.8065795048272245,-0.7808828289898957,-0.7703660157459702,0.0999909885140454,-0.5148078030407901,4.043942476829939,-0.7568056451015386,0.5647336414226205,-0.3666242001900716,-0.3516614172431934,0.3274042226612149,1.04967747981382,-0.5310911855190669,0.4706177551138324,-0.9791897610595977,-0.5052158561531793,-0.9548323218723892,0.6430350079434326,0.4511223864828296,0.3701679520563447,1.031606973049338,-0.72321616838202,-0.7800791450876224,-2.117443719898108,-2.3174665158240777,-0.9893151704636288,1.53015971007045,-0.8587199192536048,-1.9031002795213097,-0.7668755972571919,1.1748681763829325,-0.7522732919105698,-1.0284533433813705,-1.8479750543819644,0.1347999218124657,-1.2822153561831942,-0.5966780076221225,-2.635178191911541,-1.0275316335039713,-0.1200881506944874,-0.4453480022077192,-0.7249682103471639,0.2877155861721209,-3.11012000039126,-0.7271355912454397,-1.0341254212035886,-0.1301469184494743,-1.3540363634639143,-0.6525772703787166,5.920818754,6.103742121616879
CC[C@@H](C(C)(C(F)(F)F)O)N1[C@@H]([C@H](C[C@](C1=O)(C)CC(=O)O)C2=CC(=CC=C2)Cl)C3=CC=C(C=C3)Cl,-0.8394605369481851,0.32426838656372,1.147602843917827,-0.7703660157459702,-0.2874360543282606,1.1641030345523535,-0.4731776062445583,0.7866613246664154,-0.2159520503783675,-1.0357867759729646,-0.1053351911419206,-0.7207287236908746,-0.2557547586876527,0.6373332603011361,-0.0070150369592345,-0.6974009879905346,1.109634775611404,-0.8328722881165751,-0.1462464191534149,-1.8129514117047607,-0.5670086725569603,-1.3817802945822002,0.2223316584555661,-0.893619625886251,-0.0474497287331072,-0.2463810203338148,1.2624970041143386,0.4355293348660334,0.948151311920262,-1.011252821616036,-0.7668755972571919,-0.6805355180516967,-0.0870166820694326,1.957959982297778,0.2642314616967899,0.5862698489857824,0.2131357727715612,1.1246034395225306,0.3018653575148895,-0.2856635065877745,-6.433257012486615,-0.4453480022077192,-0.9696196426355044,-1.4616695904183243,-0.0983154713942515,-0.8297635181533086,0.3204743295720933,-0.4249515890067866,-2.3039201296952925,-0.3796722530946124,8.0,7.729692207575531
CC[C@@H](CS(=O)(=O)CC(C)C)N1C(=O)[C@@](C)(CC(=O)O)C[C@H](c2cccc(Cl)c2)[C@H]1c1ccc(Cl)cc1,0.5281675340791524,-0.6403538499632889,1.147602843917827,0.7772641730689215,0.6281078338555781,0.6023312035033901,0.6473338895021372,1.703379963207191,0.7624406069955306,0.123856779923157,-0.0127132614603814,0.1597739994131793,0.5616764067508279,0.2793274575495747,-0.6027455312373629,1.312973558224067,-0.3483285867949037,2.222051703233545,0.8862797910659156,-1.927997406416956,-1.1312582644692828,-1.0063382877453992,0.7701220822551159,0.0388574501717485,0.0242458927609861,-0.2424561882924492,-0.5559912178330653,-0.2619811292248996,-0.5153497527854671,-0.8559307894962702,-0.7668755972571919,-0.7431062228837393,-0.0290914227583154,0.1879355891084174,0.1925655942862378,0.4160376332074397,0.1947494567175071,-0.5295731887031685,-0.1296323982141959,1.2315731773349647,-0.0718491445716773,-0.4453480022077192,1.8518832706559705,-1.4616695904183243,0.8537674073951876,-0.1113680297982259,0.6285774558558374,-1.2358322818629328,-0.2044924736235072,0.1851877038371261,9.301029996,9.418138674523432
CC(C)CCn1nc2c(c1C(C)C)C(c1ccc(F)c(F)c1)N(c1cccc(Cl)c1F)C2=O,1.0980125636738765,-1.3638205273585458,-0.7808828289898957,-0.6402689813976227,-0.2949373709557398,-0.8994769848644444,-0.344165742486269,-0.9370723834131268,-1.647572501181467,-1.1456759573098083,0.5801432141460469,0.3720433996861042,-0.9820356849261126,-0.8589215162263323,1.023696137923894,0.5479267990685467,0.7112832639618312,0.0747765462426016,-1.083273594061667,0.4447577517983787,1.1436542973680406,-1.0017101220525513,1.2842465599325696,-0.4252963209696024,-0.1695394368480804,0.3521641710956362,0.8188411263016875,0.0815009168218011,-0.397954804805295,1.1300218862323597,-0.7668755972571919,0.4056716758814279,-0.3368262985704295,0.3538626831425523,-0.5817313467466081,-1.8611445508996245,-0.5606194488103408,1.650661301904637,1.2146813425874274,-0.6672538059587113,0.7639290296439762,-0.4453480022077192,-0.2992176694933692,0.243286858758204,0.3809313697794618,-0.0857110480712586,0.4194624130854051,0.5302218527421095,-0.7911551144936846,-0.7194311266595766,7.779891912,7.859031407865664
CCOC1=C(C=CC(=C1)C(C)(C)C)C2=N[C@@]([C@@](N2C(=O)N3CCNCC3)(C)C4=CC=C(C=C4)Cl)(C)C5=CC=C(C=C5)Cl,-0.8394605369481851,1.0477350639589769,-0.7808828289898957,-0.7703660157459702,0.158695514693125,1.2448016945295473,-0.4150186821983126,-0.9370723834131268,0.4076959232801871,-0.6953983362222543,0.3283297210792129,0.6156335741985802,-0.0728190045919956,1.8547966850385211,-1.0775276370022695,-2.257916595667324,-0.7112945312149844,-1.0153424939855429,-1.083273594061667,0.5697542185610058,0.8106487705211439,1.0200640173645346,0.9698764120311912,0.6640260627079686,-0.7040635023955742,-0.3963926052503381,1.7228967803335198,-0.5827386483875194,3.7511127183126014,-1.3725615537653566,0.6474731981151264,0.2059583428417307,1.1551956733887954,-1.2232084791455178,-0.6154917232741162,-0.6402185859572167,-0.5320933442875609,-0.9626860074736616,-1.5173279845386431,0.9775798486690674,-0.414348418266321,1.2197217672405445,0.0748079618385308,0.454224253613543,-0.9764637044694588,0.1195448057444792,0.783961082872639,-0.1216095749139682,-1.920344913687148,0.842329347295774,6.22184875,6.159215144227595
COc1ncc(-c2nc3c(n2[C@H](C)CO)[C@@H](c2ccc(Cl)cc2)N(c2cccc(Cl)c2F)C3=O)c(OC)n1,1.781826599187545,-1.3638205273585458,-0.7808828289898957,0.6841404648073105,0.6356482335899868,-1.5624980663195749,-0.2732843824222598,-0.7310532537081498,0.4788093221009811,0.354356038337024,0.7485707413961405,1.2199762577156807,0.0130711144417932,-0.8159620518551959,-1.8639221799985703,-0.0861985919479498,1.1074143281634825,-0.4937673108120793,0.5899979651086522,0.6408766999879048,0.7568079593115262,0.1897217667087986,0.4885945285326298,-0.3803806071957347,-1.5270297952161431,0.2343677355063816,0.0785743184257484,0.4957965478850523,-0.4768785524250696,1.5023746350583786,-0.7668755972571919,1.2560790018731591,-0.3893859753311375,1.0427485946378308,-0.8181585360695496,0.0734789086563478,0.3357930690117764,2.2828517934464405,1.17344878743834,-1.136445035708752,0.7639290296439762,-0.4453480022077192,-0.4856071913333262,0.607483501324062,-0.707601544018541,1.145824074823169,-0.2719946210202218,0.7273165893879486,0.2570011597708007,-0.4191825685098427,7.387788518,7.91414482255131
CC(C)(C)C[C@@H]1[C@]2([C@H]([C@@H](N1)C(=O)NC3CCN(CC3)CCC(F)(F)F)C4=C(C(=CC=C4)Cl)F)C5=C(C=C(C=C5)Cl)NC2=O,-0.8394605369481851,0.32426838656372,-0.7808828289898957,-0.7703660157459702,-0.4967190289846985,1.481217023448239,-0.3613815805380361,-0.6967167318502979,-0.0106371608436443,-0.1816887486719691,1.1259484554143997,1.3677394439441404,0.1411971311364193,0.9400170039379112,-0.3955870088225491,0.6485620847686111,1.4863308177699788,0.4583817892187077,-1.083273594061667,-1.3626526605163167,0.2111373715165864,0.32531829000162,0.3095024118074209,0.5265676033532853,1.1332811621080243,0.0271944669228007,1.1020345618842189,-1.6588034157238074,0.3821896201734997,0.8065995971952166,0.9237743473243388,-0.5688677677864393,0.8244348639322694,0.4527549948813101,0.463021187507203,-0.4017036960540153,0.3018506963697678,0.3861229304790065,0.191370184267883,0.4907704689376951,-3.428976248877159,-0.4453480022077192,-0.4852673892058055,0.8366190615083752,-0.1478803145541762,-0.2396529384330621,0.7273450340085382,-1.1173828093274758,0.6045493659428319,0.526185576069775,6.0,6.318830304582238
C[C@]1(CC(=O)O)C[C@H](c2cccc(Cl)c2)[C@@H](c2ccc(Cl)cc2)N([C@H](CN(C(F)F)S(=O)(=O)C2CC2)C2CC2)C1=O,0.5281675340791524,-0.6403538499632889,1.147602843917827,0.6505429702887762,0.6293149871134316,0.5412920514433469,0.6924090296998399,1.5175572886501276,1.044213228148238,-0.2388668592862617,0.1437298933662074,-0.9929456073798694,1.2384588657848692,0.8766399966874778,1.5801688057383942,1.2735088222316002,-0.2349689271145016,1.9891340478820128,0.85241593962289,-2.4308292424740547,-1.3551729773237868,-1.1830929609147671,0.7348355704035403,1.575216152199413,0.162998539084478,0.3199648875470185,-0.5336896439810809,0.011865109794364,0.9084695343878308,-0.0471791911165403,-0.7668755972571919,-0.2623737559009111,-0.7522732919105698,0.7782822827932677,0.2490385021363342,0.3768845136354556,0.5304076186844534,1.090282371182511,-0.3734246280893226,-1.031014544391598,-0.1871270176928887,-0.4453480022077192,1.9518444965478448,-0.0365738504739247,-0.1923065579391729,0.2221727326523482,-0.5301645901415779,-0.2786957073985616,1.7295971381314454,0.2942853120067748,10.0,9.676046531555153
CC(C)(C)C[C@@H]1[C@]2([C@H]([C@@H](N1)C(=O)N3CCN(CC3)C(=O)CCN(C)C)C4=CC(=CC=C4)Cl)C5=CC(=C(C=C5NC2=O)Cl)F,-0.8394605369481851,0.5654239456954723,-0.7808828289898957,-0.7703660157459702,-0.4019290165420873,1.2955933977035987,-0.3559703912518341,-0.3774270966344741,0.0707861588741158,0.4401232042584626,0.6417677084321894,1.066743277175812,0.0437759199210285,1.1470311543405314,-0.6147920645999565,0.4935901066714495,0.2069749238835212,0.2197462050840486,-1.083273594061667,0.3656130421525756,1.299435113523498,0.471363947546461,-0.9389213084228542,0.5409719461091048,1.084092468104037,-0.194776410237092,0.994535308927214,-0.9302462721671,0.6931256773971176,0.4043261838565329,0.909277301639936,-0.6381076380851023,0.8856234698543094,-0.2181544775061688,0.0924351053473958,-0.4142181617565046,0.0544144799108026,-0.0660555734429352,-0.1377281341761142,1.1828028767977627,-0.2143094735123832,-0.4453480022077192,-0.0786604325900856,0.8505922614940181,0.1877877438474662,-0.0343970846173241,0.6042110666932703,-0.6889533430944853,-1.0746642551931629,0.7836795040543421,5.0,5.674844585815999
C1CCC2(CC1)[C@@]3([C@H]([C@@H](N2)C(=O)NCC4CCC(CC4)C(=O)O)C5=C(C(=CC=C5)Cl)F)C6=C(C=C(C=C6)Cl)NC3=O,-0.8394605369481851,0.5654239456954723,1.147602843917827,-0.7703660157459702,-0.3320046365673273,1.1267889543696628,-0.3451144745343049,0.2321523939259478,0.1683880633703821,0.1872887463858876,1.1567574285808613,0.5767599202737581,0.5456497896661178,1.291042965420217,-2.2993430657715304,0.7180459604692919,1.1392818072513902,0.5470949966242428,1.2319695281941834,0.3877503548033076,-0.7961034813530089,-0.4656603136322193,-0.1006706157709845,0.3263231948096451,0.990641827935086,-0.1749863119687339,-0.7160777595983376,-1.4070973945523089,1.4786906968448663,0.3370668099630774,0.8176727790883236,-0.5507401866599003,0.3421685097841808,-0.0008965428890915,1.7491750981642948,0.8157213973345809,0.7291882122268216,0.1703265749698341,-0.0168241373748183,0.2940187056995098,-0.5660033861915568,-0.4453480022077192,-0.6272167373104939,1.3210981617749946,0.1772275390710041,-0.2396529384330621,0.6934470059095611,-1.4644911939151617,0.3293158407332371,0.387958453627062,7.761953897,7.605727466675721
C[C@@H]1CC[C@H](N1C(=O)C2=C(N3[C@@H]([C@](N=C3S2)(C)C4=CC=C(C=C4)Cl)C5=CC=C(C=C5)Cl)C(C)C)C(=O)N6CCN(C(C6)(C)C)C,-0.8394605369481851,0.8065795048272245,-0.7808828289898957,-0.7703660157459702,0.4757301206124525,1.893843919080416,-0.2438392722439952,-0.6486456021145858,0.8963430260997153,0.5196365143314636,0.3174107562646254,-0.4574684284823941,0.7513535862264857,3.0489874765012184,1.1008185198403104,-0.1334391926256741,-1.2196489234049464,-0.3820113109178601,-1.083273594061667,-0.1608706881200094,1.4580991538604626,1.27572422622854,0.2401578814798436,1.3488556740770676,0.1432044186322513,2.4763270482828568,3.034782066330277,1.155365109248106,3.7064356820334674,0.5064181299718659,-0.7668755972571919,-0.1686927161477949,1.5659803000965975,-1.469101874663569,-1.329655909841042,-1.8611445508996245,0.7498690183885712,-1.184917341973906,-1.2959044160437303,1.2713457728682105,0.3852415836362369,1.2197217672405445,0.8214817842292989,1.7880807180408265,1.1806047796566432,0.2478297143793154,0.6003902218728845,0.7115784685836674,-2.22586467487318,1.2713067382892689,7.744727495,7.682215603042996
C1CC1CN2[C@H]([C@@H](C[C@@H](C2=O)CC(=O)O)C3=CC(=CC=C3)Cl)C4=CC=C(C=C4)Cl,-0.8394605369481851,0.32426838656372,1.147602843917827,-0.7703660157459702,-0.5344131497394514,-0.5782974320083546,-0.4819389267354529,0.2372937209997085,-0.5563064734751398,-0.9071360270908068,-0.5743003214368079,-0.6128208976975414,-0.1231005448618943,-1.3513345775684793,0.524478887040649,0.0767825022582837,-0.9222859594082298,-0.5921550156292138,1.2603654256905017,0.5160660540917252,-1.3366258366207064,-0.7462514794383444,-0.4781709471905239,-0.9014730607994168,-0.0593759085543405,-0.0283617372355832,-1.4591886476223226,0.3033977149378284,-1.0617963889883912,-0.5757236383527493,-0.7668755972571919,-0.5584666549907249,-0.7522732919105698,-0.0189690107357479,0.9941568066038218,0.848552511417918,-0.8395058410280621,-0.6916971639836723,0.6064965785209514,-1.234590296830412,0.7639290296439762,-0.4453480022077192,-0.6659192854828364,-0.7537791583223181,-0.4446542271019452,-1.2402752257847844,-1.6880601205824055,1.943412828450467,0.3252033651670249,-0.9925363051900308,5.537602002,5.645833517742711
CC[C@@H]([C@H](O)CO)N1C(=O)[C@@](C)(CC(=O)O)C[C@H](c2cccc(Cl)c2)[C@H]1c1ccc(Cl)cc1,0.5281675340791524,-1.1226649682267935,1.147602843917827,0.767131930707355,-0.4202695254443395,0.0007391227072264,-0.4454361417558878,1.7066621085543083,-1.4011527462701556,-0.6096311703008153,-0.2036248799706445,-0.9092695679775092,-0.911801424578578,-0.1952230474598941,0.3230012537917435,-0.5948326487313628,-0.3752874323266851,-0.8481808391942696,-0.0718963239840472,0.3857047321224167,-0.931532161430498,-1.0152104388826138,-1.058503376364304,-1.019992475418577,0.1117812321324474,-0.3169260345545438,-0.5724791493300764,0.7261523159523482,-0.3492223754429197,-0.5887717548160264,-0.7668755972571919,-0.916170380585436,-0.1136044992527643,0.1423562612756339,0.1326359066684273,0.5731270666664527,0.1720602811236485,-0.1477855340384687,0.3554338973121911,-0.5828178036836973,-0.0683097428934004,-0.4453480022077192,-1.0481005382051876,-1.4616695904183243,-0.1355124209760953,-0.6245076643375707,0.2713430901268813,0.7492749584901952,-0.8167004862042434,-0.4881389194068086,8.568636236,8.493273900827631
CC(C)(C)C[C@@H]1[C@]2([C@H]([C@@H](N1)C(=O)NC3CCN(CC3)CCO)C4=C(C(=CC=C4)Cl)F)C5=C(C=C(C=C5)Cl)NC2=O,-0.8394605369481851,0.32426838656372,-0.7808828289898957,-0.7703660157459702,-0.4989967431413075,1.3261686663906096,-0.3613822946487099,-0.4502754814272186,-0.1652134664083547,0.1622733229921346,1.1106311115966632,0.95168338664478,0.1197792707909505,0.8316106205398961,-1.9102340685607435,0.5323511940307396,0.9206544115747336,0.2158193926933113,1.1370025930824876,0.3825826996202502,0.4704553040549855,0.4649742592839316,-0.9713326230124492,0.4943273872893375,1.050019993825147,-0.3869113087453111,0.0189395747891735,-1.6185173043597838,0.3821896201734997,0.8065995971952166,0.876560516581325,-0.6128279024217912,0.7593347165889138,0.0378300662287223,0.6708479909403716,0.7059213714258664,0.5684754411258577,-0.1474481383634154,0.2038592685106323,0.2102533375518229,-0.1752903272826027,-0.4453480022077192,-0.5103165727764039,0.8366190615083752,0.2420095052655823,-0.4449087922488,0.727186587486805,-1.1836368145817755,0.3524178032297849,0.4177189097575787,6.301029996,6.362170842074335
CCOC1=C(C=C2C(N(C(=O)CC2=C1)C3=C(C=C(C=C3)C)OCC4=NNN=N4)C5=CC=C(C=C5)Cl)OCC,-0.8394605369481851,1.288890623090729,3.0760885168255494,-0.7703660157459702,-0.448700378689969,-0.5603643964578672,-0.4739004773017233,-0.9370723834131268,-0.3421614842694761,0.3945593973626984,-0.2410765936704767,-0.0968390535017271,-1.271137568702286,-1.362492172483351,-0.3565225401116608,-3.5684156996017284,-0.1427623858081992,-1.0662316201644844,-1.083273594061667,0.8047638450979321,1.6198262542158772,0.98759207312065,-0.4556921322332242,-0.180400608291252,0.0923269923704201,0.7694655524255268,-0.0178401758599055,0.592246560186587,-1.1121002104356938,0.2070191848204725,3.497688037198037,0.7134241464866479,0.3487759026619424,0.2768730108875704,-0.7548987782234456,1.8202079467952008,-0.1377230219798395,-0.4443896988409249,-0.0182238738255274,0.330112471307258,0.7639290296439762,4.549861306137072,0.1232823013615253,-0.7226923604230179,-0.0862099891857885,0.0169168788366103,-1.0003265426652983,-0.0021099998329286,-0.2978394180042797,-0.1547465112007524,6.420216403,6.286247050000999
CC(C)(C)C[C@@H]1[C@]2([C@@H]([C@H](N1)C(=O)NC3=C(C=C(C=C3)C(=O)O)OC)C4=C(C(=CC=C4)Cl)F)C5=C(C=C(S5)Cl)NC2=O,-0.8394605369481851,1.0477350639589769,1.147602843917827,-0.7703660157459702,-0.0365809339749624,0.9413324065959884,-0.1211188832515403,0.3118522155793163,0.6431911561290624,0.3704373819472936,1.1182459577259531,-0.1359590436097141,0.0302307973806548,1.3836845467793817,-0.0359333087293229,-0.0496742144622352,1.533934689778487,-0.4012832826169659,1.5040496471424456,0.0238313838077214,-0.4175682176241526,-1.2149926713455697,0.6192983822465581,0.4399270114989686,0.4259007648831587,0.5408888166832052,2.6302223388539074,-0.3027405553538767,1.1928202717893348,1.8104362540104195,1.2981366069112978,0.6691852601633572,0.2096414004100196,1.3065756203708825,-0.1961803682846474,1.1302982979645575,0.8681094917690452,0.7015037257987377,0.3518821095827797,-0.1373045718424447,-0.1618737801191098,-0.4453480022077192,-0.5363285782338894,1.4792061013057745,0.9999148450986648,0.0682308422905447,-1.2666063119164128,-0.5150184069145785,-0.2249863337015839,0.1768655619428366,7.244125144,7.257328072851576
COCCOCCOCCOCCOCCOCCOCCOC(=O)OC(C)OC(=O)c1ccc(NC(=O)[C@@H]2N[C@@H](CC(C)(C)C)[C@](C#N)(c3ccc(Cl)cc3F)[C@H]2c2cccc(Cl)c2F)c(OC)c1,1.211981569592821,-0.8815094090950412,-0.7808828289898957,-0.5711265885435236,0.1534116611306581,0.7258018240482055,-0.3763559207147131,-0.4170931310616788,0.6573527499320582,1.84724077015707,1.2708238481810312,-0.3793638548116233,0.3720573409237916,0.5956681411201733,-3.765042316735841,0.8224846649434322,1.252597798339269,0.9968149563277552,-1.083273594061667,0.0540482599528846,1.7822147350595916,-1.1581460200486255,1.111211961075215,0.5895624408988989,1.7642707927330776,0.7398416685857044,-0.5771194297476026,-1.25990085660377,0.2526544831044199,1.474695713381363,1.3659701215929356,-0.5966492604675476,1.805081832481997,2.09538272116972,0.6050041654242497,-0.0199815182158258,-0.0049698476551551,1.1590813426975166,0.1229576565761108,1.0165177668116157,-0.796621283664858,-0.4453480022077192,0.6260183839800025,-0.4047637706225027,0.5553511832174239,3.224039594707516,0.952322189951668,-0.4565091510715111,-0.6402161623009879,3.682188974060941,8.28567024,8.095204532791785
CC[C@@H](C)OC1=C(C=C2CC(=O)N(C(C2=C1)C3=CC=C(C=C3)Cl)C4=CC=C(C=C4)N(C)CC5=CC=C(C=C5)F)OC,-0.8394605369481851,1.5300461822224811,-0.7808828289898957,-0.7703660157459702,-0.2845798739687627,-0.4226921483808332,-0.4774913875198128,-0.9370723834131268,0.4024906637947205,0.0934809086593138,-0.3039976269375237,-0.1388391206308942,1.1850962333814083,-0.7654327606610591,0.3419594890890097,0.0081610244576779,-0.5430533457373664,-0.3551986542490017,-1.083273594061667,0.8455986659280774,1.4403788460885207,0.5594828601135327,1.547719181757666,0.3295217096334192,0.1307950484214177,0.7363574913850053,-0.0384657139279246,0.6943216077386679,-0.8589529904882627,-0.0152672623096114,-0.7668755972571919,-0.2126601291652977,0.4876087905211714,-0.4966538571746021,-0.6836956052638097,-1.8611445508996245,0.7535712669847912,-0.8104725973865247,-0.6978360243781975,1.4153559527235873,0.7639290296439762,-0.4453480022077192,0.079570488040919,-0.7398059583366748,-0.2901656510020715,0.3248006595602172,0.8187123180577246,-0.1220621349612519,-0.0587198309004607,0.4541813680504689,6.920818754,6.893705227155645
